trial_id,label,score
evaluation-1007-tar-000,1,0.8852210640907288
evaluation-1007-non-000,0,0.8766902685165405
evaluation-1008-tar-000,1,0.8439821004867554
evaluation-1008-non-000,0,0.8160389065742493
evaluation-1013-tar-000,1,0.8613590002059937
evaluation-1013-non-000,0,0.8576656579971313
evaluation-10178-tar-000,1,0.9212273359298706
evaluation-10178-non-000,0,0.8207623958587646
evaluation-1024-tar-000,1,0.8897064924240112
evaluation-1024-non-000,0,0.7923398017883301
evaluation-10282-tar-000,1,0.8858873844146729
evaluation-10282-non-000,0,0.8672272562980652
evaluation-10346-tar-000,1,0.9037773013114929
evaluation-10346-non-000,0,0.8399814367294312
evaluation-10406-tar-000,1,0.8604912161827087
evaluation-10406-non-000,0,0.8449890613555908
evaluation-10428-tar-000,1,0.906397819519043
evaluation-10428-non-000,0,0.8778817653656006
evaluation-10444-tar-000,1,0.8801847100257874
evaluation-10444-non-000,0,0.7703346014022827
evaluation-10538-tar-000,1,0.8681628704071045
evaluation-10538-non-000,0,0.879895806312561
evaluation-1055-tar-000,1,0.8178322911262512
evaluation-1055-non-000,0,0.7376091480255127
evaluation-1056-tar-000,1,0.882012665271759
evaluation-1056-non-000,0,0.8520506024360657
evaluation-10606-tar-000,1,0.8080658912658691
evaluation-10606-non-000,0,0.7671120166778564
evaluation-1063-tar-000,1,0.9022577404975891
evaluation-1063-non-000,0,0.8496558666229248
evaluation-10642-tar-000,1,0.927971601486206
evaluation-10642-non-000,0,0.8634685277938843
evaluation-10689-tar-000,1,0.8491027355194092
evaluation-10689-non-000,0,0.8496365547180176
evaluation-10711-tar-000,1,0.7782298922538757
evaluation-10711-non-000,0,0.8482053279876709
evaluation-10738-tar-000,1,0.7845720648765564
evaluation-10738-non-000,0,0.8397179841995239
evaluation-10802-tar-000,1,0.912718653678894
evaluation-10802-non-000,0,0.7522315979003906
evaluation-10862-tar-000,1,0.906218945980072
evaluation-10862-non-000,0,0.8741417527198792
evaluation-10966-tar-000,1,0.9228399991989136
evaluation-10966-non-000,0,0.8496630787849426
evaluation-1100-tar-000,1,0.8516383767127991
evaluation-1100-non-000,0,0.7966960668563843
evaluation-11060-tar-000,1,0.8609817028045654
evaluation-11060-non-000,0,0.8947727084159851
evaluation-11126-tar-000,1,0.88569575548172
evaluation-11126-non-000,0,0.8329562544822693
evaluation-11189-tar-000,1,0.8677237033843994
evaluation-11189-non-000,0,0.8337574601173401
evaluation-1122-tar-000,1,0.8993253111839294
evaluation-1122-non-000,0,0.8712695837020874
evaluation-1130-tar-000,1,0.8656131625175476
evaluation-1130-non-000,0,0.8339931964874268
evaluation-11392-tar-000,1,0.885211169719696
evaluation-11392-non-000,0,0.8793339729309082
evaluation-11485-tar-000,1,0.9036179780960083
evaluation-11485-non-000,0,0.8635985851287842
evaluation-11513-tar-000,1,0.9089356064796448
evaluation-11513-non-000,0,0.7396345138549805
evaluation-1162-tar-000,1,0.9153684377670288
evaluation-1162-non-000,0,0.8178850412368774
evaluation-11647-tar-000,1,0.8147804141044617
evaluation-11647-non-000,0,0.8428449630737305
evaluation-1165-tar-000,1,0.8754736185073853
evaluation-1165-non-000,0,0.7105141878128052
evaluation-11664-tar-000,1,0.8671594858169556
evaluation-11664-non-000,0,0.8455618023872375
evaluation-1169-tar-000,1,0.8860427737236023
evaluation-1169-non-000,0,0.7162597179412842
evaluation-11757-tar-000,1,0.8585605621337891
evaluation-11757-non-000,0,0.8373050689697266
evaluation-11845-tar-000,1,0.8001446723937988
evaluation-11845-non-000,0,0.8195861577987671
evaluation-1198-tar-000,1,0.8823072910308838
evaluation-1198-non-000,0,0.8435901403427124
evaluation-1203-tar-000,1,0.8212556838989258
evaluation-1203-non-000,0,0.8548293113708496
evaluation-12106-tar-000,1,0.8702432513237
evaluation-12106-non-000,0,0.845148503780365
evaluation-12112-tar-000,1,0.8748061060905457
evaluation-12112-non-000,0,0.8581745624542236
evaluation-12156-tar-000,1,0.9126261472702026
evaluation-12156-non-000,0,0.8380908966064453
evaluation-12197-tar-000,1,0.7963516712188721
evaluation-12197-non-000,0,0.8319485187530518
evaluation-12210-tar-000,1,0.7786121368408203
evaluation-12210-non-000,0,0.8769276142120361
evaluation-12224-tar-000,1,0.8468186855316162
evaluation-12224-non-000,0,0.8016841411590576
evaluation-12323-tar-000,1,0.9004145860671997
evaluation-12323-non-000,0,0.8073928356170654
evaluation-1235-tar-000,1,0.833303689956665
evaluation-1235-non-000,0,0.8419349789619446
evaluation-1238-tar-000,1,0.8997755646705627
evaluation-1238-non-000,0,0.8391797542572021
evaluation-12395-tar-000,1,0.8919081687927246
evaluation-12395-non-000,0,0.7389679551124573
evaluation-12408-tar-000,1,0.9096077680587769
evaluation-12408-non-000,0,0.8257481455802917
evaluation-12414-tar-000,1,0.8718228340148926
evaluation-12414-non-000,0,0.8181755542755127
evaluation-12661-tar-000,1,0.8896028995513916
evaluation-12661-non-000,0,0.8484933376312256
evaluation-12666-tar-000,1,0.835645318031311
evaluation-12666-non-000,0,0.7623736262321472
evaluation-12669-tar-000,1,0.7911620140075684
evaluation-12669-non-000,0,0.8435665965080261
evaluation-1270-tar-000,1,0.8610410094261169
evaluation-1270-non-000,0,0.8103917837142944
evaluation-1274-tar-000,1,0.9163128733634949
evaluation-1274-non-000,0,0.8203719854354858
evaluation-12796-tar-000,1,0.8813146352767944
evaluation-12796-non-000,0,0.8364155292510986
evaluation-12807-tar-000,1,0.8656060695648193
evaluation-12807-non-000,0,0.7526788711547852
evaluation-12828-tar-000,1,0.8820210099220276
evaluation-12828-non-000,0,0.850378155708313
evaluation-12919-tar-000,1,0.8279204964637756
evaluation-12919-non-000,0,0.833832859992981
evaluation-1297-tar-000,1,0.9151467084884644
evaluation-1297-non-000,0,0.830646276473999
evaluation-1303-tar-000,1,0.8584493398666382
evaluation-1303-non-000,0,0.8432891368865967
evaluation-13194-tar-000,1,0.8415048122406006
evaluation-13194-non-000,0,0.8827810287475586
evaluation-1320-tar-000,1,0.7904735803604126
evaluation-1320-non-000,0,0.8004561066627502
evaluation-13298-tar-000,1,0.9118598103523254
evaluation-13298-non-000,0,0.8865513801574707
evaluation-1334-tar-000,1,0.8425198793411255
evaluation-1334-non-000,0,0.8332260251045227
evaluation-13663-tar-000,1,0.8432799577713013
evaluation-13663-non-000,0,0.7982875108718872
evaluation-13666-tar-000,1,0.845689058303833
evaluation-13666-non-000,0,0.8503644466400146
evaluation-13707-tar-000,1,0.8857851624488831
evaluation-13707-non-000,0,0.857615053653717
evaluation-1372-tar-000,1,0.8630590438842773
evaluation-1372-non-000,0,0.7557494640350342
evaluation-13754-tar-000,1,0.8532086610794067
evaluation-13754-non-000,0,0.8632721304893494
evaluation-13806-tar-000,1,0.9004453420639038
evaluation-13806-non-000,0,0.8314471244812012
evaluation-13839-tar-000,1,0.8686069250106812
evaluation-13839-non-000,0,0.747220516204834
evaluation-13985-tar-000,1,0.8730970621109009
evaluation-13985-non-000,0,0.8519436120986938
evaluation-14001-tar-000,1,0.8328254818916321
evaluation-14001-non-000,0,0.8533225655555725
evaluation-1401-tar-000,1,0.9155446887016296
evaluation-1401-non-000,0,0.8798421025276184
evaluation-14075-tar-000,1,0.8836101293563843
evaluation-14075-non-000,0,0.8229374885559082
evaluation-1409-tar-000,1,0.9201685190200806
evaluation-1409-non-000,0,0.8581551909446716
evaluation-14106-tar-000,1,0.8955507874488831
evaluation-14106-non-000,0,0.813072919845581
evaluation-1414-tar-000,1,0.8921653628349304
evaluation-1414-non-000,0,0.8222487568855286
evaluation-14259-tar-000,1,0.8868061304092407
evaluation-14259-non-000,0,0.7432328462600708
evaluation-14430-tar-000,1,0.9113757610321045
evaluation-14430-non-000,0,0.8292351961135864
evaluation-14737-tar-000,1,0.8908036351203918
evaluation-14737-non-000,0,0.7691856026649475
evaluation-1475-tar-000,1,0.8649366497993469
evaluation-1475-non-000,0,0.7722247838973999
evaluation-14790-tar-000,1,0.8631865978240967
evaluation-14790-non-000,0,0.8049688935279846
evaluation-1480-tar-000,1,0.8608513474464417
evaluation-1480-non-000,0,0.8169777393341064
evaluation-14869-tar-000,1,0.9114530086517334
evaluation-14869-non-000,0,0.862780749797821
evaluation-14875-tar-000,1,0.8023039102554321
evaluation-14875-non-000,0,0.8462324142456055
evaluation-14877-tar-000,1,0.9056940078735352
evaluation-14877-non-000,0,0.7546241283416748
evaluation-14888-tar-000,1,0.7931610345840454
evaluation-14888-non-000,0,0.8155552744865417
evaluation-14987-tar-000,1,0.9046050906181335
evaluation-14987-non-000,0,0.7748616337776184
evaluation-1507-tar-000,1,0.8298823833465576
evaluation-1507-non-000,0,0.7425032258033752
evaluation-15073-tar-000,1,0.8590303659439087
evaluation-15073-non-000,0,0.8808488249778748
evaluation-15133-tar-000,1,0.8899412751197815
evaluation-15133-non-000,0,0.7802921533584595
evaluation-15169-tar-000,1,0.8818790316581726
evaluation-15169-non-000,0,0.8676300644874573
evaluation-15180-tar-000,1,0.8843958377838135
evaluation-15180-non-000,0,0.8679418563842773
evaluation-1522-tar-000,1,0.8987352848052979
evaluation-1522-non-000,0,0.758475661277771
evaluation-1524-tar-000,1,0.8923232555389404
evaluation-1524-non-000,0,0.862589418888092
evaluation-15243-tar-000,1,0.923877477645874
evaluation-15243-non-000,0,0.8149499893188477
evaluation-15298-tar-000,1,0.8822851777076721
evaluation-15298-non-000,0,0.8059977889060974
evaluation-1539-tar-000,1,0.9050003290176392
evaluation-1539-non-000,0,0.7698836326599121
evaluation-15462-tar-000,1,0.8649376630783081
evaluation-15462-non-000,0,0.7496755719184875
evaluation-1548-tar-000,1,0.8731721639633179
evaluation-1548-non-000,0,0.8718916177749634
evaluation-15501-tar-000,1,0.9431135654449463
evaluation-15501-non-000,0,0.8656611442565918
evaluation-15515-tar-000,1,0.8685013055801392
evaluation-15515-non-000,0,0.8001954555511475
evaluation-1554-tar-000,1,0.8703801035881042
evaluation-1554-non-000,0,0.8905549645423889
evaluation-15570-tar-000,1,0.8814957141876221
evaluation-15570-non-000,0,0.8330473899841309
evaluation-15581-tar-000,1,0.876044750213623
evaluation-15581-non-000,0,0.7495819926261902
evaluation-15600-tar-000,1,0.8515154719352722
evaluation-15600-non-000,0,0.8158698081970215
evaluation-15699-tar-000,1,0.8971918821334839
evaluation-15699-non-000,0,0.7750375270843506
evaluation-15817-tar-000,1,0.8943905830383301
evaluation-15817-non-000,0,0.828607439994812
evaluation-15839-tar-000,1,0.8942053914070129
evaluation-15839-non-000,0,0.770739734172821
evaluation-15855-tar-000,1,0.894944429397583
evaluation-15855-non-000,0,0.8889711499214172
evaluation-15866-tar-000,1,0.849574089050293
evaluation-15866-non-000,0,0.8285719156265259
evaluation-15885-tar-000,1,0.9048477411270142
evaluation-15885-non-000,0,0.8075629472732544
evaluation-15993-tar-000,1,0.7594349384307861
evaluation-15993-non-000,0,0.8342645764350891
evaluation-1603-tar-000,1,0.8595244288444519
evaluation-1603-non-000,0,0.8609687089920044
evaluation-16223-tar-000,1,0.8554512858390808
evaluation-16223-non-000,0,0.8550766706466675
evaluation-1631-tar-000,1,0.9258853197097778
evaluation-1631-non-000,0,0.6540979146957397
evaluation-1632-tar-000,1,0.9108140468597412
evaluation-1632-non-000,0,0.820204496383667
evaluation-1633-tar-000,1,0.9084217548370361
evaluation-1633-non-000,0,0.8655120134353638
evaluation-1646-tar-000,1,0.9149217009544373
evaluation-1646-non-000,0,0.8198542594909668
evaluation-16473-tar-000,1,0.8964316844940186
evaluation-16473-non-000,0,0.8590223789215088
evaluation-16490-tar-000,1,0.7937208414077759
evaluation-16490-non-000,0,0.8405213356018066
evaluation-1650-tar-000,1,0.8556854724884033
evaluation-1650-non-000,0,0.7508031725883484
evaluation-16520-tar-000,1,0.8707624077796936
evaluation-16520-non-000,0,0.8401180505752563
evaluation-16608-tar-000,1,0.902886152267456
evaluation-16608-non-000,0,0.802965521812439
evaluation-16635-tar-000,1,0.8532019853591919
evaluation-16635-non-000,0,0.8089571595191956
evaluation-16665-tar-000,1,0.8838512301445007
evaluation-16665-non-000,0,0.7954156398773193
evaluation-1681-tar-000,1,0.9038380980491638
evaluation-1681-non-000,0,0.7735754251480103
evaluation-16849-tar-000,1,0.8970915079116821
evaluation-16849-non-000,0,0.8165971040725708
evaluation-16855-tar-000,1,0.9240753650665283
evaluation-16855-non-000,0,0.8562851548194885
evaluation-16976-tar-000,1,0.8871833086013794
evaluation-16976-non-000,0,0.8181526064872742
evaluation-1707-tar-000,1,0.8841292858123779
evaluation-1707-non-000,0,0.889256477355957
evaluation-17121-tar-000,1,0.8969603180885315
evaluation-17121-non-000,0,0.7799919843673706
evaluation-17163-tar-000,1,0.9054266214370728
evaluation-17163-non-000,0,0.8435251712799072
evaluation-17165-tar-000,1,0.9171451330184937
evaluation-17165-non-000,0,0.8478674292564392
evaluation-17182-tar-000,1,0.8906915783882141
evaluation-17182-non-000,0,0.8348764181137085
evaluation-17717-tar-000,1,0.920395016670227
evaluation-17717-non-000,0,0.8521080017089844
evaluation-1777-tar-000,1,0.8333829045295715
evaluation-1777-non-000,0,0.7714481949806213
evaluation-1778-tar-000,1,0.8569481372833252
evaluation-1778-non-000,0,0.8021931648254395
evaluation-1780-tar-000,1,0.8633260726928711
evaluation-1780-non-000,0,0.8699204325675964
evaluation-17805-tar-000,1,0.8898114562034607
evaluation-17805-non-000,0,0.8601087927818298
evaluation-1781-tar-000,1,0.9025882482528687
evaluation-1781-non-000,0,0.8611360192298889
evaluation-17871-tar-000,1,0.8961025476455688
evaluation-17871-non-000,0,0.7830313444137573
evaluation-1790-tar-000,1,0.8897348046302795
evaluation-1790-non-000,0,0.8565748333930969
evaluation-17918-tar-000,1,0.8387032747268677
evaluation-17918-non-000,0,0.8441550135612488
evaluation-17970-tar-000,1,0.8376137614250183
evaluation-17970-non-000,0,0.8002272844314575
evaluation-1800-tar-000,1,0.9182654023170471
evaluation-1800-non-000,0,0.8354623317718506
evaluation-18041-tar-000,1,0.8510410189628601
evaluation-18041-non-000,0,0.7781285643577576
evaluation-1812-tar-000,1,0.8364423513412476
evaluation-1812-non-000,0,0.8179091215133667
evaluation-18146-tar-000,1,0.8822663426399231
evaluation-18146-non-000,0,0.7991855144500732
evaluation-18176-tar-000,1,0.8890023231506348
evaluation-18176-non-000,0,0.8961421251296997
evaluation-1818-tar-000,1,0.8571719527244568
evaluation-1818-non-000,0,0.744133710861206
evaluation-18245-tar-000,1,0.8577264547348022
evaluation-18245-non-000,0,0.829703688621521
evaluation-18286-tar-000,1,0.8904234170913696
evaluation-18286-non-000,0,0.8747364282608032
evaluation-18294-tar-000,1,0.8188667893409729
evaluation-18294-non-000,0,0.6949712038040161
evaluation-18390-tar-000,1,0.8752229809761047
evaluation-18390-non-000,0,0.8706563115119934
evaluation-18407-tar-000,1,0.902637243270874
evaluation-18407-non-000,0,0.8467958569526672
evaluation-1845-tar-000,1,0.8852577209472656
evaluation-1845-non-000,0,0.8347890377044678
evaluation-1847-tar-000,1,0.85693359375
evaluation-1847-non-000,0,0.7493224143981934
evaluation-1859-tar-000,1,0.8625055551528931
evaluation-1859-non-000,0,0.7897899150848389
evaluation-1868-tar-000,1,0.8530923128128052
evaluation-1868-non-000,0,0.8315856456756592
evaluation-18708-tar-000,1,0.8413181304931641
evaluation-18708-non-000,0,0.754335880279541
evaluation-18835-tar-000,1,0.8595422506332397
evaluation-18835-non-000,0,0.8257082104682922
evaluation-1896-tar-000,1,0.8980498313903809
evaluation-1896-non-000,0,0.8110371828079224
evaluation-1904-tar-000,1,0.897680401802063
evaluation-1904-non-000,0,0.8420524597167969
evaluation-19077-tar-000,1,0.8353021144866943
evaluation-19077-non-000,0,0.7260658740997314
evaluation-19288-tar-000,1,0.8920652866363525
evaluation-19288-non-000,0,0.8306769728660583
evaluation-19371-tar-000,1,0.9132125973701477
evaluation-19371-non-000,0,0.8674725294113159
evaluation-19407-tar-000,1,0.7916842699050903
evaluation-19407-non-000,0,0.8098472356796265
evaluation-19549-tar-000,1,0.8889917135238647
evaluation-19549-non-000,0,0.7700040936470032
evaluation-1958-tar-000,1,0.9033077359199524
evaluation-1958-non-000,0,0.8681563138961792
evaluation-1960-tar-000,1,0.8715691566467285
evaluation-1960-non-000,0,0.8243699073791504
evaluation-19659-tar-000,1,0.8683861494064331
evaluation-19659-non-000,0,0.847051739692688
evaluation-19714-tar-000,1,0.8780889511108398
evaluation-19714-non-000,0,0.8509388566017151
evaluation-19761-tar-000,1,0.8628002405166626
evaluation-19761-non-000,0,0.8332986831665039
evaluation-19819-tar-000,1,0.9138742089271545
evaluation-19819-non-000,0,0.840135395526886
evaluation-19865-tar-000,1,0.6819637417793274
evaluation-19865-non-000,0,0.8385237455368042
evaluation-1994-tar-000,1,0.8269222378730774
evaluation-1994-non-000,0,0.7614283561706543
evaluation-20000-tar-000,1,0.8678313493728638
evaluation-20000-non-000,0,0.7451343536376953
evaluation-2020-tar-000,1,0.91451096534729
evaluation-2020-non-000,0,0.8801931738853455
evaluation-20244-tar-000,1,0.8322493433952332
evaluation-20244-non-000,0,0.7640484571456909
evaluation-2037-tar-000,1,0.864075779914856
evaluation-2037-non-000,0,0.8090766668319702
evaluation-20458-tar-000,1,0.896757185459137
evaluation-20458-non-000,0,0.8036748170852661
evaluation-20461-tar-000,1,0.8736847639083862
evaluation-20461-non-000,0,0.8733553886413574
evaluation-2059-tar-000,1,0.8733970522880554
evaluation-2059-non-000,0,0.8802832365036011
evaluation-20667-tar-000,1,0.9147177934646606
evaluation-20667-non-000,0,0.8091393709182739
evaluation-20673-tar-000,1,0.7924782037734985
evaluation-20673-non-000,0,0.8509198427200317
evaluation-2077-tar-000,1,0.8947051763534546
evaluation-2077-non-000,0,0.780439019203186
evaluation-20870-tar-000,1,0.9351106882095337
evaluation-20870-non-000,0,0.8044735789299011
evaluation-20881-tar-000,1,0.9037151336669922
evaluation-20881-non-000,0,0.7886801958084106
evaluation-2090-tar-000,1,0.8619327545166016
evaluation-2090-non-000,0,0.8410173058509827
evaluation-2092-tar-000,1,0.8858062028884888
evaluation-2092-non-000,0,0.8261743783950806
evaluation-2093-tar-000,1,0.7891457080841064
evaluation-2093-non-000,0,0.8267582654953003
evaluation-2094-tar-000,1,0.8694868087768555
evaluation-2094-non-000,0,0.8610904812812805
evaluation-20947-tar-000,1,0.9052689671516418
evaluation-20947-non-000,0,0.8802661299705505
evaluation-21041-tar-000,1,0.9285376071929932
evaluation-21041-non-000,0,0.7188459634780884
evaluation-21082-tar-000,1,0.91831374168396
evaluation-21082-non-000,0,0.8321799635887146
evaluation-21120-tar-000,1,0.8459814786911011
evaluation-21120-non-000,0,0.8124052286148071
evaluation-21181-tar-000,1,0.8927434682846069
evaluation-21181-non-000,0,0.8428968191146851
evaluation-2124-tar-000,1,0.9148367643356323
evaluation-2124-non-000,0,0.8147307634353638
evaluation-21258-tar-000,1,0.851387619972229
evaluation-21258-non-000,0,0.8029332160949707
evaluation-21280-tar-000,1,0.859224796295166
evaluation-21280-non-000,0,0.8765113353729248
evaluation-2130-tar-000,1,0.8453517556190491
evaluation-2130-non-000,0,0.8195172548294067
evaluation-21403-tar-000,1,0.8630675673484802
evaluation-21403-non-000,0,0.8469452857971191
evaluation-2159-tar-000,1,0.8881133794784546
evaluation-2159-non-000,0,0.8463821411132812
evaluation-21629-tar-000,1,0.8358319401741028
evaluation-21629-non-000,0,0.8730723857879639
evaluation-2168-tar-000,1,0.8860501050949097
evaluation-2168-non-000,0,0.7430578470230103
evaluation-2171-tar-000,1,0.8402823209762573
evaluation-2171-non-000,0,0.8519287705421448
evaluation-2181-tar-000,1,0.837337851524353
evaluation-2181-non-000,0,0.854845404624939
evaluation-2186-tar-000,1,0.8717321157455444
evaluation-2186-non-000,0,0.7910020351409912
evaluation-21928-tar-000,1,0.913338303565979
evaluation-21928-non-000,0,0.8173234462738037
evaluation-2196-tar-000,1,0.8861035108566284
evaluation-2196-non-000,0,0.8139057159423828
evaluation-21969-tar-000,1,0.8601058721542358
evaluation-21969-non-000,0,0.7992367744445801
evaluation-2199-tar-000,1,0.8602242469787598
evaluation-2199-non-000,0,0.7988144755363464
evaluation-21991-tar-000,1,0.895872175693512
evaluation-21991-non-000,0,0.8254063129425049
evaluation-2200-tar-000,1,0.8866426944732666
evaluation-2200-non-000,0,0.871772825717926
evaluation-22062-tar-000,1,0.8727372288703918
evaluation-22062-non-000,0,0.8201143145561218
evaluation-22090-tar-000,1,0.8599730134010315
evaluation-22090-non-000,0,0.795827329158783
evaluation-22134-tar-000,1,0.9136339426040649
evaluation-22134-non-000,0,0.7980700731277466
evaluation-22142-tar-000,1,0.884824812412262
evaluation-22142-non-000,0,0.839499831199646
evaluation-22290-tar-000,1,0.860224723815918
evaluation-22290-non-000,0,0.7770060896873474
evaluation-2233-tar-000,1,0.8623163104057312
evaluation-2233-non-000,0,0.8469846248626709
evaluation-22345-tar-000,1,0.8802980780601501
evaluation-22345-non-000,0,0.8736512660980225
evaluation-22365-tar-000,1,0.7949948310852051
evaluation-22365-non-000,0,0.705262303352356
evaluation-22483-tar-000,1,0.8788864016532898
evaluation-22483-non-000,0,0.8141932487487793
evaluation-22521-tar-000,1,0.9306178092956543
evaluation-22521-non-000,0,0.8637378811836243
evaluation-22595-tar-000,1,0.8599331974983215
evaluation-22595-non-000,0,0.7592554092407227
evaluation-22738-tar-000,1,0.8173721432685852
evaluation-22738-non-000,0,0.8337433934211731
evaluation-22760-tar-000,1,0.9286447763442993
evaluation-22760-non-000,0,0.7293704748153687
evaluation-2290-tar-000,1,0.888320803642273
evaluation-2290-non-000,0,0.784551203250885
evaluation-2291-tar-000,1,0.896120011806488
evaluation-2291-non-000,0,0.8756126165390015
evaluation-22988-tar-000,1,0.9008892774581909
evaluation-22988-non-000,0,0.8678580522537231
evaluation-2305-tar-000,1,0.8825821876525879
evaluation-2305-non-000,0,0.8344029188156128
evaluation-23051-tar-000,1,0.837916374206543
evaluation-23051-non-000,0,0.8430201411247253
evaluation-23200-tar-000,1,0.9074257612228394
evaluation-23200-non-000,0,0.7530997395515442
evaluation-23224-tar-000,1,0.9091628789901733
evaluation-23224-non-000,0,0.7895808219909668
evaluation-23246-tar-000,1,0.8951672911643982
evaluation-23246-non-000,0,0.8605517148971558
evaluation-2327-tar-000,1,0.9379595518112183
evaluation-2327-non-000,0,0.7608738541603088
evaluation-23406-tar-000,1,0.8899352550506592
evaluation-23406-non-000,0,0.6921941637992859
evaluation-23422-tar-000,1,0.9153825044631958
evaluation-23422-non-000,0,0.8621043562889099
evaluation-2346-tar-000,1,0.9048711061477661
evaluation-2346-non-000,0,0.8669847846031189
evaluation-23482-tar-000,1,0.8758246302604675
evaluation-23482-non-000,0,0.8214733004570007
evaluation-2349-tar-000,1,0.8310534954071045
evaluation-2349-non-000,0,0.8421483635902405
evaluation-23510-tar-000,1,0.8649904727935791
evaluation-23510-non-000,0,0.8995469808578491
evaluation-23623-tar-000,1,0.9342702627182007
evaluation-23623-non-000,0,0.8565356135368347
evaluation-2363-tar-000,1,0.9163382053375244
evaluation-2363-non-000,0,0.8299546837806702
evaluation-23721-tar-000,1,0.8574644327163696
evaluation-23721-non-000,0,0.8622362613677979
evaluation-23743-tar-000,1,0.886164665222168
evaluation-23743-non-000,0,0.8870023488998413
evaluation-23845-tar-000,1,0.8823529481887817
evaluation-23845-non-000,0,0.854324221611023
evaluation-23878-tar-000,1,0.8405975103378296
evaluation-23878-non-000,0,0.6861735582351685
evaluation-2389-tar-000,1,0.8949497938156128
evaluation-2389-non-000,0,0.8344905972480774
evaluation-23988-tar-000,1,0.8748746514320374
evaluation-23988-non-000,0,0.8070741891860962
evaluation-2400-tar-000,1,0.8916419744491577
evaluation-2400-non-000,0,0.8222247362136841
evaluation-24035-tar-000,1,0.9196275472640991
evaluation-24035-non-000,0,0.8025699257850647
evaluation-24054-tar-000,1,0.9054250121116638
evaluation-24054-non-000,0,0.8321133852005005
evaluation-24117-tar-000,1,0.8269414305686951
evaluation-24117-non-000,0,0.8039470911026001
evaluation-24158-tar-000,1,0.8394739627838135
evaluation-24158-non-000,0,0.8049337863922119
evaluation-2421-tar-000,1,0.9228235483169556
evaluation-2421-non-000,0,0.8296509981155396
evaluation-24241-tar-000,1,0.8662482500076294
evaluation-24241-non-000,0,0.7293448448181152
evaluation-2427-tar-000,1,0.9014471173286438
evaluation-2427-non-000,0,0.8665720224380493
evaluation-2451-tar-000,1,0.8402904272079468
evaluation-2451-non-000,0,0.8118183612823486
evaluation-24512-tar-000,1,0.89829421043396
evaluation-24512-non-000,0,0.8382916450500488
evaluation-24526-tar-000,1,0.8740444183349609
evaluation-24526-non-000,0,0.6992957592010498
evaluation-24534-tar-000,1,0.8554099202156067
evaluation-24534-non-000,0,0.8463495373725891
evaluation-2454-tar-000,1,0.7835128307342529
evaluation-2454-non-000,0,0.8378498554229736
evaluation-2455-tar-000,1,0.8873030543327332
evaluation-2455-non-000,0,0.8235530853271484
evaluation-24584-tar-000,1,0.818343997001648
evaluation-24584-non-000,0,0.8778471946716309
evaluation-24620-tar-000,1,0.8197596073150635
evaluation-24620-non-000,0,0.817033052444458
evaluation-2467-tar-000,1,0.8234472274780273
evaluation-2467-non-000,0,0.8815276026725769
evaluation-24688-tar-000,1,0.8307960033416748
evaluation-24688-non-000,0,0.8525506258010864
evaluation-24699-tar-000,1,0.8915446996688843
evaluation-24699-non-000,0,0.8410593867301941
evaluation-2473-tar-000,1,0.8450397253036499
evaluation-2473-non-000,0,0.8707902431488037
evaluation-2481-tar-000,1,0.8447864055633545
evaluation-2481-non-000,0,0.8437353372573853
evaluation-2487-tar-000,1,0.8668268918991089
evaluation-2487-non-000,0,0.8550351858139038
evaluation-24872-tar-000,1,0.8006727695465088
evaluation-24872-non-000,0,0.7234174609184265
evaluation-24875-tar-000,1,0.8947238922119141
evaluation-24875-non-000,0,0.8420374393463135
evaluation-24916-tar-000,1,0.8778964877128601
evaluation-24916-non-000,0,0.7917190790176392
evaluation-25070-tar-000,1,0.8402456045150757
evaluation-25070-non-000,0,0.8555488586425781
evaluation-2509-tar-000,1,0.7793762683868408
evaluation-2509-non-000,0,0.798456072807312
evaluation-2515-tar-000,1,0.8507991433143616
evaluation-2515-non-000,0,0.6890199184417725
evaluation-25185-tar-000,1,0.8563723564147949
evaluation-25185-non-000,0,0.796549916267395
evaluation-25284-tar-000,1,0.868743896484375
evaluation-25284-non-000,0,0.8067178726196289
evaluation-25295-tar-000,1,0.8987113237380981
evaluation-25295-non-000,0,0.8296995162963867
evaluation-25323-tar-000,1,0.8913780450820923
evaluation-25323-non-000,0,0.8298138380050659
evaluation-2544-tar-000,1,0.8354887962341309
evaluation-2544-non-000,0,0.8112844824790955
evaluation-25485-tar-000,1,0.8793609142303467
evaluation-25485-non-000,0,0.720983624458313
evaluation-25586-tar-000,1,0.9342235326766968
evaluation-25586-non-000,0,0.7773818969726562
evaluation-25619-tar-000,1,0.8185523152351379
evaluation-25619-non-000,0,0.9128208756446838
evaluation-2565-tar-000,1,0.8420346975326538
evaluation-2565-non-000,0,0.8139031529426575
evaluation-25748-tar-000,1,0.9136586785316467
evaluation-25748-non-000,0,0.8816357254981995
evaluation-25960-tar-000,1,0.9052389860153198
evaluation-25960-non-000,0,0.8334885239601135
evaluation-2602-tar-000,1,0.8822402954101562
evaluation-2602-non-000,0,0.7619473934173584
evaluation-2610-tar-000,1,0.8356561064720154
evaluation-2610-non-000,0,0.8271511793136597
evaluation-26125-tar-000,1,0.8960263729095459
evaluation-26125-non-000,0,0.8079127669334412
evaluation-26138-tar-000,1,0.8822543025016785
evaluation-26138-non-000,0,0.8240840435028076
evaluation-26158-tar-000,1,0.9382535219192505
evaluation-26158-non-000,0,0.8399389386177063
evaluation-2618-tar-000,1,0.9363348484039307
evaluation-2618-non-000,0,0.7931677103042603
evaluation-26221-tar-000,1,0.8524417877197266
evaluation-26221-non-000,0,0.843735933303833
evaluation-26287-tar-000,1,0.9057980179786682
evaluation-26287-non-000,0,0.8595996499061584
evaluation-26435-tar-000,1,0.8926526308059692
evaluation-26435-non-000,0,0.8461851477622986
evaluation-26443-tar-000,1,0.8422861099243164
evaluation-26443-non-000,0,0.8341999053955078
evaluation-26454-tar-000,1,0.8713682889938354
evaluation-26454-non-000,0,0.8132132887840271
evaluation-26473-tar-000,1,0.9264633655548096
evaluation-26473-non-000,0,0.8330713510513306
evaluation-26501-tar-000,1,0.9034859538078308
evaluation-26501-non-000,0,0.871070384979248
evaluation-26545-tar-000,1,0.8351494073867798
evaluation-26545-non-000,0,0.8787068128585815
evaluation-26666-tar-000,1,0.913723349571228
evaluation-26666-non-000,0,0.7600820660591125
evaluation-26679-tar-000,1,0.8639530539512634
evaluation-26679-non-000,0,0.7393537759780884
evaluation-2674-tar-000,1,0.7736161351203918
evaluation-2674-non-000,0,0.895004391670227
evaluation-2689-tar-000,1,0.8661186695098877
evaluation-2689-non-000,0,0.8394182324409485
evaluation-26894-tar-000,1,0.8660715818405151
evaluation-26894-non-000,0,0.8112026453018188
evaluation-2699-tar-000,1,0.8672270774841309
evaluation-2699-non-000,0,0.875858724117279
evaluation-2707-tar-000,1,0.881667971611023
evaluation-2707-non-000,0,0.7992458343505859
evaluation-27124-tar-000,1,0.8700129389762878
evaluation-27124-non-000,0,0.8010350465774536
evaluation-27135-tar-000,1,0.8928700685501099
evaluation-27135-non-000,0,0.8717526793479919
evaluation-2714-tar-000,1,0.9068444967269897
evaluation-2714-non-000,0,0.882203996181488
evaluation-27199-tar-000,1,0.8861913084983826
evaluation-27199-non-000,0,0.882943868637085
evaluation-2739-tar-000,1,0.9012939929962158
evaluation-2739-non-000,0,0.8533527851104736
evaluation-2752-tar-000,1,0.8747208118438721
evaluation-2752-non-000,0,0.8501180410385132
evaluation-2762-tar-000,1,0.8891260623931885
evaluation-2762-non-000,0,0.8422092199325562
evaluation-2775-tar-000,1,0.8698491454124451
evaluation-2775-non-000,0,0.8521497249603271
evaluation-27811-tar-000,1,0.9134615659713745
evaluation-27811-non-000,0,0.8230105638504028
evaluation-27932-tar-000,1,0.8206063508987427
evaluation-27932-non-000,0,0.7496710419654846
evaluation-27943-tar-000,1,0.8797612190246582
evaluation-27943-non-000,0,0.8697919845581055
evaluation-27979-tar-000,1,0.8987870216369629
evaluation-27979-non-000,0,0.745841383934021
evaluation-28017-tar-000,1,0.9246095418930054
evaluation-28017-non-000,0,0.8675171136856079
evaluation-28028-tar-000,1,0.9333537220954895
evaluation-28028-non-000,0,0.8121287226676941
evaluation-28053-tar-000,1,0.8937133550643921
evaluation-28053-non-000,0,0.823449969291687
evaluation-2806-tar-000,1,0.7939539551734924
evaluation-2806-non-000,0,0.835507869720459
evaluation-28086-tar-000,1,0.8470158576965332
evaluation-28086-non-000,0,0.8218958377838135
evaluation-28105-tar-000,1,0.8030228614807129
evaluation-28105-non-000,0,0.8026663064956665
evaluation-28152-tar-000,1,0.8558666110038757
evaluation-28152-non-000,0,0.8776705861091614
evaluation-28182-tar-000,1,0.650312066078186
evaluation-28182-non-000,0,0.7718554139137268
evaluation-28248-tar-000,1,0.8953686356544495
evaluation-28248-non-000,0,0.8802973031997681
evaluation-2831-tar-000,1,0.7045331001281738
evaluation-2831-non-000,0,0.7963411808013916
evaluation-28338-tar-000,1,0.8831477165222168
evaluation-28338-non-000,0,0.8047440052032471
evaluation-28679-tar-000,1,0.8676143884658813
evaluation-28679-non-000,0,0.8331151008605957
evaluation-28682-tar-000,1,0.8924400210380554
evaluation-28682-non-000,0,0.8641897439956665
evaluation-28750-tar-000,1,0.8706871867179871
evaluation-28750-non-000,0,0.8453782796859741
evaluation-28781-tar-000,1,0.8291686177253723
evaluation-28781-non-000,0,0.8634954690933228
evaluation-28822-tar-000,1,0.9233309030532837
evaluation-28822-non-000,0,0.8423924446105957
evaluation-2892-tar-000,1,0.7715123891830444
evaluation-2892-non-000,0,0.8337408304214478
evaluation-2901-tar-000,1,0.846699595451355
evaluation-2901-non-000,0,0.8370474576950073
evaluation-2908-tar-000,1,0.8307353258132935
evaluation-2908-non-000,0,0.7878012657165527
evaluation-29102-tar-000,1,0.8225505352020264
evaluation-29102-non-000,0,0.8102887868881226
evaluation-29105-tar-000,1,0.8666779398918152
evaluation-29105-non-000,0,0.8004659414291382
evaluation-29237-tar-000,1,0.8155034184455872
evaluation-29237-non-000,0,0.8560714721679688
evaluation-29278-tar-000,1,0.9053200483322144
evaluation-29278-non-000,0,0.8783814907073975
evaluation-29434-tar-000,1,0.8969714641571045
evaluation-29434-non-000,0,0.8302088379859924
evaluation-2950-tar-000,1,0.8340039253234863
evaluation-2950-non-000,0,0.8115437626838684
evaluation-29500-tar-000,1,0.8772677779197693
evaluation-29500-non-000,0,0.7539150714874268
evaluation-2957-tar-000,1,0.8751426935195923
evaluation-2957-non-000,0,0.8753718137741089
evaluation-29668-tar-000,1,0.8300583362579346
evaluation-29668-non-000,0,0.8521931767463684
evaluation-29778-tar-000,1,0.8325954079627991
evaluation-29778-non-000,0,0.7893815040588379
evaluation-2984-tar-000,1,0.8931924104690552
evaluation-2984-non-000,0,0.8190755844116211
evaluation-2990-tar-000,1,0.8444607257843018
evaluation-2990-non-000,0,0.8519467115402222
evaluation-29904-tar-000,1,0.8179551362991333
evaluation-29904-non-000,0,0.814744770526886
evaluation-30085-tar-000,1,0.8345176577568054
evaluation-30085-non-000,0,0.8365048170089722
evaluation-3015-tar-000,1,0.8711056709289551
evaluation-3015-non-000,0,0.8243206739425659
evaluation-3023-tar-000,1,0.8779956102371216
evaluation-3023-non-000,0,0.8274966478347778
evaluation-30261-tar-000,1,0.9061865210533142
evaluation-30261-non-000,0,0.8944917321205139
evaluation-30302-tar-000,1,0.897013783454895
evaluation-30302-non-000,0,0.8348121643066406
evaluation-30316-tar-000,1,0.8531409502029419
evaluation-30316-non-000,0,0.8977055549621582
evaluation-30610-tar-000,1,0.8983638882637024
evaluation-30610-non-000,0,0.8922511339187622
evaluation-3062-tar-000,1,0.8067022562026978
evaluation-3062-non-000,0,0.8418745994567871
evaluation-30621-tar-000,1,0.8435645699501038
evaluation-30621-non-000,0,0.8191390037536621
evaluation-30659-tar-000,1,0.9145298004150391
evaluation-30659-non-000,0,0.8580472469329834
evaluation-30824-tar-000,1,0.9026257395744324
evaluation-30824-non-000,0,0.8683480024337769
evaluation-30923-tar-000,1,0.8685144186019897
evaluation-30923-non-000,0,0.7137752175331116
evaluation-30967-tar-000,1,0.8637253046035767
evaluation-30967-non-000,0,0.8383708596229553
evaluation-31008-tar-000,1,0.910275399684906
evaluation-31008-non-000,0,0.7692492008209229
evaluation-3124-tar-000,1,0.8578831553459167
evaluation-3124-non-000,0,0.8227359652519226
evaluation-31280-tar-000,1,0.8792622089385986
evaluation-31280-non-000,0,0.8809118270874023
evaluation-31294-tar-000,1,0.7642315626144409
evaluation-31294-non-000,0,0.7564295530319214
evaluation-31307-tar-000,1,0.8173631429672241
evaluation-31307-non-000,0,0.782728374004364
evaluation-31346-tar-000,1,0.7961545586585999
evaluation-31346-non-000,0,0.8295100927352905
evaluation-31360-tar-000,1,0.8880939483642578
evaluation-31360-non-000,0,0.7958855628967285
evaluation-31384-tar-000,1,0.8904027938842773
evaluation-31384-non-000,0,0.7549201250076294
evaluation-3139-tar-000,1,0.8961411714553833
evaluation-3139-non-000,0,0.8804755210876465
evaluation-31390-tar-000,1,0.8543187379837036
evaluation-31390-non-000,0,0.8255280256271362
evaluation-3145-tar-000,1,0.9093139171600342
evaluation-3145-non-000,0,0.7557989358901978
evaluation-31464-tar-000,1,0.8532624244689941
evaluation-31464-non-000,0,0.8593285083770752
evaluation-3161-tar-000,1,0.8872230648994446
evaluation-3161-non-000,0,0.8559122085571289
evaluation-31665-tar-000,1,0.860314130783081
evaluation-31665-non-000,0,0.8326841592788696
evaluation-3167-tar-000,1,0.8439491987228394
evaluation-3167-non-000,0,0.7667031288146973
evaluation-31838-tar-000,1,0.9108361005783081
evaluation-31838-non-000,0,0.7489302158355713
evaluation-31947-tar-000,1,0.9020707011222839
evaluation-31947-non-000,0,0.7776026725769043
evaluation-31950-tar-000,1,0.8943681120872498
evaluation-31950-non-000,0,0.883699893951416
evaluation-31964-tar-000,1,0.9100731611251831
evaluation-31964-non-000,0,0.8797081708908081
evaluation-31986-tar-000,1,0.8683162927627563
evaluation-31986-non-000,0,0.8809959888458252
evaluation-32005-tar-000,1,0.9146362543106079
evaluation-32005-non-000,0,0.7733063101768494
evaluation-32046-tar-000,1,0.8775640726089478
evaluation-32046-non-000,0,0.8708972334861755
evaluation-32057-tar-000,1,0.8921856880187988
evaluation-32057-non-000,0,0.7442846298217773
evaluation-3215-tar-000,1,0.9221749305725098
evaluation-3215-non-000,0,0.7962643504142761
evaluation-32285-tar-000,1,0.9022176265716553
evaluation-32285-non-000,0,0.9037701487541199
evaluation-32368-tar-000,1,0.9198166131973267
evaluation-32368-non-000,0,0.8028654456138611
evaluation-32521-tar-000,1,0.862389326095581
evaluation-32521-non-000,0,0.811119556427002
evaluation-32620-tar-000,1,0.9293146133422852
evaluation-32620-non-000,0,0.8813357949256897
evaluation-32730-tar-000,1,0.9053399562835693
evaluation-32730-non-000,0,0.8182404637336731
evaluation-32785-tar-000,1,0.8796827793121338
evaluation-32785-non-000,0,0.7912738919258118
evaluation-32810-tar-000,1,0.9106638431549072
evaluation-32810-non-000,0,0.8314439058303833
evaluation-3292-tar-000,1,0.9005661010742188
evaluation-3292-non-000,0,0.8500521779060364
evaluation-3301-tar-000,1,0.8581498861312866
evaluation-3301-non-000,0,0.8153207898139954
evaluation-33060-tar-000,1,0.8598511219024658
evaluation-33060-non-000,0,0.9024196863174438
evaluation-33096-tar-000,1,0.7708024382591248
evaluation-33096-non-000,0,0.8156211376190186
evaluation-33120-tar-000,1,0.8729379177093506
evaluation-33120-non-000,0,0.8156287670135498
evaluation-3314-tar-000,1,0.8493452072143555
evaluation-3314-non-000,0,0.7962967157363892
evaluation-33255-tar-000,1,0.8962423205375671
evaluation-33255-non-000,0,0.8054965138435364
evaluation-33258-tar-000,1,0.916351318359375
evaluation-33258-non-000,0,0.8245584964752197
evaluation-33274-tar-000,1,0.9260563850402832
evaluation-33274-non-000,0,0.8356883525848389
evaluation-33598-tar-000,1,0.867263674736023
evaluation-33598-non-000,0,0.8332486748695374
evaluation-3361-tar-000,1,0.8395365476608276
evaluation-3361-non-000,0,0.8414320349693298
evaluation-33623-tar-000,1,0.7778804302215576
evaluation-33623-non-000,0,0.7721118927001953
evaluation-3365-tar-000,1,0.8578221797943115
evaluation-3365-non-000,0,0.7805361151695251
evaluation-3369-tar-000,1,0.8632029294967651
evaluation-3369-non-000,0,0.8743423819541931
evaluation-33711-tar-000,1,0.894653856754303
evaluation-33711-non-000,0,0.8465937972068787
evaluation-33790-tar-000,1,0.8771635890007019
evaluation-33790-non-000,0,0.779277503490448
evaluation-3395-tar-000,1,0.899350643157959
evaluation-3395-non-000,0,0.851920485496521
evaluation-3407-tar-000,1,0.8592877984046936
evaluation-3407-non-000,0,0.7990570068359375
evaluation-3409-tar-000,1,0.8772249817848206
evaluation-3409-non-000,0,0.8036240339279175
evaluation-34158-tar-000,1,0.8894734382629395
evaluation-34158-non-000,0,0.8640791773796082
evaluation-3417-tar-000,1,0.8901141881942749
evaluation-3417-non-000,0,0.8339486122131348
evaluation-3425-tar-000,1,0.8303135633468628
evaluation-3425-non-000,0,0.8523659110069275
evaluation-34257-tar-000,1,0.9116755127906799
evaluation-34257-non-000,0,0.8943092823028564
evaluation-3427-tar-000,1,0.8775795102119446
evaluation-3427-non-000,0,0.8185611963272095
evaluation-34458-tar-000,1,0.8054176568984985
evaluation-34458-non-000,0,0.8361459970474243
evaluation-34485-tar-000,1,0.8784284591674805
evaluation-34485-non-000,0,0.8180299997329712
evaluation-34631-tar-000,1,0.88805091381073
evaluation-34631-non-000,0,0.8555850982666016
evaluation-34647-tar-000,1,0.8902527689933777
evaluation-34647-non-000,0,0.7884254455566406
evaluation-3471-tar-000,1,0.7652873992919922
evaluation-3471-non-000,0,0.8023936152458191
evaluation-34719-tar-000,1,0.8453265428543091
evaluation-34719-non-000,0,0.8713480234146118
evaluation-3473-tar-000,1,0.8460137844085693
evaluation-3473-non-000,0,0.7814794182777405
evaluation-34738-tar-000,1,0.9113866090774536
evaluation-34738-non-000,0,0.8604531288146973
evaluation-34771-tar-000,1,0.836007833480835
evaluation-34771-non-000,0,0.8538039326667786
evaluation-3479-tar-000,1,0.8602272272109985
evaluation-3479-non-000,0,0.8341761827468872
evaluation-34807-tar-000,1,0.9039421081542969
evaluation-34807-non-000,0,0.7984578609466553
evaluation-3482-tar-000,1,0.8989973664283752
evaluation-3482-non-000,0,0.7864980697631836
evaluation-34859-tar-000,1,0.9024754762649536
evaluation-34859-non-000,0,0.856501579284668
evaluation-3497-tar-000,1,0.8513367772102356
evaluation-3497-non-000,0,0.8599094748497009
evaluation-34996-tar-000,1,0.8370139598846436
evaluation-34996-non-000,0,0.8402215242385864
evaluation-35043-tar-000,1,0.7872316837310791
evaluation-35043-non-000,0,0.8026117086410522
evaluation-3507-tar-000,1,0.8574117422103882
evaluation-3507-non-000,0,0.739437460899353
evaluation-35101-tar-000,1,0.8932473659515381
evaluation-35101-non-000,0,0.7467101216316223
evaluation-3518-tar-000,1,0.8842151761054993
evaluation-3518-non-000,0,0.8741587996482849
evaluation-3522-tar-000,1,0.8517458438873291
evaluation-3522-non-000,0,0.8689813613891602
evaluation-35293-tar-000,1,0.906950831413269
evaluation-35293-non-000,0,0.7947715520858765
evaluation-35359-tar-000,1,0.8956049084663391
evaluation-35359-non-000,0,0.7773808240890503
evaluation-3540-tar-000,1,0.8190773725509644
evaluation-3540-non-000,0,0.7874387502670288
evaluation-35416-tar-000,1,0.9222639799118042
evaluation-35416-non-000,0,0.8431041240692139
evaluation-35449-tar-000,1,0.9192782640457153
evaluation-35449-non-000,0,0.7959294319152832
evaluation-35510-tar-000,1,0.8975927829742432
evaluation-35510-non-000,0,0.8597484230995178
evaluation-35562-tar-000,1,0.9175984859466553
evaluation-35562-non-000,0,0.7210699319839478
evaluation-35587-tar-000,1,0.9377110600471497
evaluation-35587-non-000,0,0.8301079869270325
evaluation-3564-tar-000,1,0.9097012281417847
evaluation-3564-non-000,0,0.8304663896560669
evaluation-35683-tar-000,1,0.86037278175354
evaluation-35683-non-000,0,0.8076463341712952
evaluation-35699-tar-000,1,0.8396586179733276
evaluation-35699-non-000,0,0.8632440567016602
evaluation-3571-tar-000,1,0.8794505000114441
evaluation-3571-non-000,0,0.8560609817504883
evaluation-3572-tar-000,1,0.9173470735549927
evaluation-3572-non-000,0,0.8578130006790161
evaluation-35793-tar-000,1,0.8520814180374146
evaluation-35793-non-000,0,0.7784640789031982
evaluation-35823-tar-000,1,0.7385246753692627
evaluation-35823-non-000,0,0.8138235807418823
evaluation-35872-tar-000,1,0.8770475387573242
evaluation-35872-non-000,0,0.8605318069458008
evaluation-3597-tar-000,1,0.8757030367851257
evaluation-3597-non-000,0,0.8214805722236633
evaluation-35996-tar-000,1,0.8783212900161743
evaluation-35996-non-000,0,0.7451801300048828
evaluation-36004-tar-000,1,0.9237688183784485
evaluation-36004-non-000,0,0.7300289869308472
evaluation-36051-tar-000,1,0.8599472045898438
evaluation-36051-non-000,0,0.8275868892669678
evaluation-3619-tar-000,1,0.8798927068710327
evaluation-3619-non-000,0,0.864957332611084
evaluation-36196-tar-000,1,0.8129093050956726
evaluation-36196-non-000,0,0.7730347514152527
evaluation-36298-tar-000,1,0.8932441473007202
evaluation-36298-non-000,0,0.8540021181106567
evaluation-36323-tar-000,1,0.9099502563476562
evaluation-36323-non-000,0,0.8661158680915833
evaluation-36386-tar-000,1,0.9195340275764465
evaluation-36386-non-000,0,0.8251954317092896
evaluation-36395-tar-000,1,0.8384718298912048
evaluation-36395-non-000,0,0.8369959592819214
evaluation-36460-tar-000,1,0.7982988357543945
evaluation-36460-non-000,0,0.7867242097854614
evaluation-36499-tar-000,1,0.9402450323104858
evaluation-36499-non-000,0,0.8322014212608337
evaluation-3656-tar-000,1,0.8517147898674011
evaluation-3656-non-000,0,0.7959372997283936
evaluation-36611-tar-000,1,0.9406300783157349
evaluation-36611-non-000,0,0.814384400844574
evaluation-36619-tar-000,1,0.8254262208938599
evaluation-36619-non-000,0,0.820762038230896
evaluation-36625-tar-000,1,0.8143598437309265
evaluation-36625-non-000,0,0.8543705344200134
evaluation-36633-tar-000,1,0.8607115745544434
evaluation-36633-non-000,0,0.8420768976211548
evaluation-36685-tar-000,1,0.913400411605835
evaluation-36685-non-000,0,0.8522518277168274
evaluation-3669-tar-000,1,0.8062542676925659
evaluation-3669-non-000,0,0.8609964847564697
evaluation-36853-tar-000,1,0.8791694641113281
evaluation-36853-non-000,0,0.8515684008598328
evaluation-3693-tar-000,1,0.8814386129379272
evaluation-3693-non-000,0,0.817286491394043
evaluation-3720-tar-000,1,0.9353017210960388
evaluation-3720-non-000,0,0.8683273196220398
evaluation-37259-tar-000,1,0.7175410985946655
evaluation-37259-non-000,0,0.8897364139556885
evaluation-37301-tar-000,1,0.8648403286933899
evaluation-37301-non-000,0,0.7719566226005554
evaluation-37328-tar-000,1,0.9168657064437866
evaluation-37328-non-000,0,0.8434776663780212
evaluation-37625-tar-000,1,0.8794766664505005
evaluation-37625-non-000,0,0.8530836701393127
evaluation-37658-tar-000,1,0.8521368503570557
evaluation-37658-non-000,0,0.836616039276123
evaluation-3767-tar-000,1,0.9111571311950684
evaluation-3767-non-000,0,0.8180372714996338
evaluation-37696-tar-000,1,0.8246427774429321
evaluation-37696-non-000,0,0.7213051319122314
evaluation-3770-tar-000,1,0.8344699740409851
evaluation-3770-non-000,0,0.8299835920333862
evaluation-37740-tar-000,1,0.8470278382301331
evaluation-37740-non-000,0,0.8928408622741699
evaluation-3778-tar-000,1,0.8503011465072632
evaluation-3778-non-000,0,0.861302375793457
evaluation-37844-tar-000,1,0.8904772400856018
evaluation-37844-non-000,0,0.8374473452568054
evaluation-37921-tar-000,1,0.846615731716156
evaluation-37921-non-000,0,0.8350199460983276
evaluation-37932-tar-000,1,0.8678135871887207
evaluation-37932-non-000,0,0.8715271949768066
evaluation-37946-tar-000,1,0.8575348854064941
evaluation-37946-non-000,0,0.8561102747917175
evaluation-37965-tar-000,1,0.9026415348052979
evaluation-37965-non-000,0,0.7564222812652588
evaluation-37971-tar-000,1,0.8741933107376099
evaluation-37971-non-000,0,0.8800907135009766
evaluation-3805-tar-000,1,0.9063543081283569
evaluation-3805-non-000,0,0.7489234805107117
evaluation-38056-tar-000,1,0.8958790302276611
evaluation-38056-non-000,0,0.8093767762184143
evaluation-38083-tar-000,1,0.8132947087287903
evaluation-38083-non-000,0,0.857427716255188
evaluation-3813-tar-000,1,0.8800885677337646
evaluation-3813-non-000,0,0.7948736548423767
evaluation-38157-tar-000,1,0.9264329671859741
evaluation-38157-non-000,0,0.8360106945037842
evaluation-38166-tar-000,1,0.8770502805709839
evaluation-38166-non-000,0,0.6479563117027283
evaluation-38196-tar-000,1,0.8776262402534485
evaluation-38196-non-000,0,0.7303566932678223
evaluation-3827-tar-000,1,0.8480909466743469
evaluation-3827-non-000,0,0.726055383682251
evaluation-38388-tar-000,1,0.8893823027610779
evaluation-38388-non-000,0,0.8605570197105408
evaluation-3839-tar-000,1,0.9259130954742432
evaluation-3839-non-000,0,0.7766927480697632
evaluation-3840-tar-000,1,0.8464008569717407
evaluation-3840-non-000,0,0.8372251987457275
evaluation-38657-tar-000,1,0.836377739906311
evaluation-38657-non-000,0,0.7382851243019104
evaluation-38792-tar-000,1,0.9016329050064087
evaluation-38792-non-000,0,0.8613175749778748
evaluation-3888-tar-000,1,0.8507573008537292
evaluation-3888-non-000,0,0.7086770534515381
evaluation-3892-tar-000,1,0.90010666847229
evaluation-3892-non-000,0,0.8434763550758362
evaluation-3901-tar-000,1,0.9102375507354736
evaluation-3901-non-000,0,0.7870165109634399
evaluation-39025-tar-000,1,0.8745449781417847
evaluation-39025-non-000,0,0.8655798435211182
evaluation-39031-tar-000,1,0.9213324785232544
evaluation-39031-non-000,0,0.7715786695480347
evaluation-3911-tar-000,1,0.877931535243988
evaluation-3911-non-000,0,0.8292250037193298
evaluation-39163-tar-000,1,0.924206018447876
evaluation-39163-non-000,0,0.8819859623908997
evaluation-39201-tar-000,1,0.8678557276725769
evaluation-39201-non-000,0,0.8715381622314453
evaluation-3921-tar-000,1,0.850430965423584
evaluation-3921-non-000,0,0.8802568912506104
evaluation-3926-tar-000,1,0.9028042554855347
evaluation-3926-non-000,0,0.8279609680175781
evaluation-3928-tar-000,1,0.8829201459884644
evaluation-3928-non-000,0,0.8587908744812012
evaluation-3931-tar-000,1,0.8912370204925537
evaluation-3931-non-000,0,0.8597838878631592
evaluation-3939-tar-000,1,0.8364952802658081
evaluation-3939-non-000,0,0.7339569330215454
evaluation-39421-tar-000,1,0.9259571433067322
evaluation-39421-non-000,0,0.8017996549606323
evaluation-3954-tar-000,1,0.8428539037704468
evaluation-3954-non-000,0,0.794197142124176
evaluation-39720-tar-000,1,0.9347783327102661
evaluation-39720-non-000,0,0.8476543426513672
evaluation-39756-tar-000,1,0.8698678016662598
evaluation-39756-non-000,0,0.8904483914375305
evaluation-39877-tar-000,1,0.8885563611984253
evaluation-39877-non-000,0,0.7574436664581299
evaluation-3989-tar-000,1,0.8992379903793335
evaluation-3989-non-000,0,0.8016148805618286
evaluation-40025-tar-000,1,0.8616113662719727
evaluation-40025-non-000,0,0.7322821617126465
evaluation-4004-tar-000,1,0.860920786857605
evaluation-4004-non-000,0,0.813564658164978
evaluation-40064-tar-000,1,0.922756016254425
evaluation-40064-non-000,0,0.7801245450973511
evaluation-40075-tar-000,1,0.8758509159088135
evaluation-40075-non-000,0,0.8516825437545776
evaluation-4013-tar-000,1,0.843953549861908
evaluation-4013-non-000,0,0.8850901126861572
evaluation-40173-tar-000,1,0.9070729613304138
evaluation-40173-non-000,0,0.8365576267242432
evaluation-40311-tar-000,1,0.9093266725540161
evaluation-40311-non-000,0,0.7679240107536316
evaluation-4044-tar-000,1,0.8818830847740173
evaluation-4044-non-000,0,0.8284599781036377
evaluation-40525-tar-000,1,0.9072443246841431
evaluation-40525-non-000,0,0.7799803018569946
evaluation-40577-tar-000,1,0.9049696922302246
evaluation-40577-non-000,0,0.8301999568939209
evaluation-40588-tar-000,1,0.8848389983177185
evaluation-40588-non-000,0,0.8233286738395691
evaluation-40676-tar-000,1,0.8761332035064697
evaluation-40676-non-000,0,0.9116013646125793
evaluation-4068-tar-000,1,0.8094053864479065
evaluation-4068-non-000,0,0.8153190612792969
evaluation-4077-tar-000,1,0.9116164445877075
evaluation-4077-non-000,0,0.860388994216919
evaluation-40772-tar-000,1,0.8822726011276245
evaluation-40772-non-000,0,0.8289322853088379
evaluation-40929-tar-000,1,0.8859848380088806
evaluation-40929-non-000,0,0.8407157063484192
evaluation-41000-tar-000,1,0.9260757565498352
evaluation-41000-non-000,0,0.8129935264587402
evaluation-41025-tar-000,1,0.835837721824646
evaluation-41025-non-000,0,0.7779000997543335
evaluation-4123-tar-000,1,0.8607118129730225
evaluation-4123-non-000,0,0.8687807321548462
evaluation-41278-tar-000,1,0.8901199698448181
evaluation-41278-non-000,0,0.8190553784370422
evaluation-4134-tar-000,1,0.8714966773986816
evaluation-4134-non-000,0,0.8237452507019043
evaluation-41357-tar-000,1,0.9293497800827026
evaluation-41357-non-000,0,0.8218809366226196
evaluation-41390-tar-000,1,0.9154772758483887
evaluation-41390-non-000,0,0.8742599487304688
evaluation-41404-tar-000,1,0.8668866157531738
evaluation-41404-non-000,0,0.8852483034133911
evaluation-41492-tar-000,1,0.9155470728874207
evaluation-41492-non-000,0,0.8660717010498047
evaluation-41536-tar-000,1,0.8873448371887207
evaluation-41536-non-000,0,0.874911904335022
evaluation-41706-tar-000,1,0.9211302995681763
evaluation-41706-non-000,0,0.813508152961731
evaluation-41750-tar-000,1,0.8405018448829651
evaluation-41750-non-000,0,0.828154444694519
evaluation-41755-tar-000,1,0.8544161319732666
evaluation-41755-non-000,0,0.8461533784866333
evaluation-41854-tar-000,1,0.914911150932312
evaluation-41854-non-000,0,0.7482854723930359
evaluation-41945-tar-000,1,0.9026967883110046
evaluation-41945-non-000,0,0.8126975893974304
evaluation-41994-tar-000,1,0.9429504871368408
evaluation-41994-non-000,0,0.8624643683433533
evaluation-4202-tar-000,1,0.887527585029602
evaluation-4202-non-000,0,0.875670850276947
evaluation-42025-tar-000,1,0.8374245166778564
evaluation-42025-non-000,0,0.8850440979003906
evaluation-4204-tar-000,1,0.9096072912216187
evaluation-4204-non-000,0,0.7611329555511475
evaluation-42173-tar-000,1,0.8762964010238647
evaluation-42173-non-000,0,0.7620822191238403
evaluation-42176-tar-000,1,0.8588669300079346
evaluation-42176-non-000,0,0.8368902206420898
evaluation-42209-tar-000,1,0.9039773941040039
evaluation-42209-non-000,0,0.8584798574447632
evaluation-42250-tar-000,1,0.8438112735748291
evaluation-42250-non-000,0,0.8105679750442505
evaluation-4240-tar-000,1,0.8665421009063721
evaluation-4240-non-000,0,0.8206340074539185
evaluation-42401-tar-000,1,0.8773699998855591
evaluation-42401-non-000,0,0.8317442536354065
evaluation-4246-tar-000,1,0.8967494368553162
evaluation-4246-non-000,0,0.8534669876098633
evaluation-42505-tar-000,1,0.8410773873329163
evaluation-42505-non-000,0,0.8518532514572144
evaluation-4251-tar-000,1,0.9064993858337402
evaluation-4251-non-000,0,0.8664306402206421
evaluation-42546-tar-000,1,0.9047062397003174
evaluation-42546-non-000,0,0.7173110246658325
evaluation-42648-tar-000,1,0.9041894674301147
evaluation-42648-non-000,0,0.8094030618667603
evaluation-42681-tar-000,1,0.9189211130142212
evaluation-42681-non-000,0,0.8144159317016602
evaluation-42717-tar-000,1,0.8954459428787231
evaluation-42717-non-000,0,0.8565950393676758
evaluation-42728-tar-000,1,0.8419108986854553
evaluation-42728-non-000,0,0.8288215398788452
evaluation-42744-tar-000,1,0.8971800804138184
evaluation-42744-non-000,0,0.8080005645751953
evaluation-42772-tar-000,1,0.8771094083786011
evaluation-42772-non-000,0,0.8105955719947815
evaluation-4288-tar-000,1,0.882568359375
evaluation-4288-non-000,0,0.8782250881195068
evaluation-42904-tar-000,1,0.8838814496994019
evaluation-42904-non-000,0,0.8782998323440552
evaluation-4295-tar-000,1,0.9087172746658325
evaluation-4295-non-000,0,0.6787721514701843
evaluation-43042-tar-000,1,0.9018352627754211
evaluation-43042-non-000,0,0.8425003886222839
evaluation-43063-tar-000,1,0.894352376461029
evaluation-43063-non-000,0,0.8127709031105042
evaluation-4308-tar-000,1,0.8229613304138184
evaluation-4308-non-000,0,0.8447290658950806
evaluation-4315-tar-000,1,0.8912360668182373
evaluation-4315-non-000,0,0.8111369609832764
evaluation-43184-tar-000,1,0.882359504699707
evaluation-43184-non-000,0,0.8491626977920532
evaluation-43225-tar-000,1,0.8713124990463257
evaluation-43225-non-000,0,0.9033966064453125
evaluation-43269-tar-000,1,0.8818563222885132
evaluation-43269-non-000,0,0.7368024587631226
evaluation-43288-tar-000,1,0.9064899682998657
evaluation-43288-non-000,0,0.7310973405838013
evaluation-4341-tar-000,1,0.8935489058494568
evaluation-4341-non-000,0,0.8912636637687683
evaluation-43483-tar-000,1,0.8830760717391968
evaluation-43483-non-000,0,0.8602659702301025
evaluation-43604-tar-000,1,0.8614591956138611
evaluation-43604-non-000,0,0.7871993184089661
evaluation-43675-tar-000,1,0.8798105716705322
evaluation-43675-non-000,0,0.7010233402252197
evaluation-4368-tar-000,1,0.8419367074966431
evaluation-4368-non-000,0,0.8158519268035889
evaluation-43744-tar-000,1,0.8707236051559448
evaluation-43744-non-000,0,0.8590319156646729
evaluation-43818-tar-000,1,0.8773806095123291
evaluation-43818-non-000,0,0.8624054193496704
evaluation-43865-tar-000,1,0.9089829921722412
evaluation-43865-non-000,0,0.7462754249572754
evaluation-43958-tar-000,1,0.8883028626441956
evaluation-43958-non-000,0,0.8055758476257324
evaluation-44085-tar-000,1,0.821239709854126
evaluation-44085-non-000,0,0.7712657451629639
evaluation-44175-tar-000,1,0.9007189869880676
evaluation-44175-non-000,0,0.8166146874427795
evaluation-44285-tar-000,1,0.884213924407959
evaluation-44285-non-000,0,0.8045283555984497
evaluation-44392-tar-000,1,0.8360641002655029
evaluation-44392-non-000,0,0.8261604905128479
evaluation-4440-tar-000,1,0.8053913712501526
evaluation-4440-non-000,0,0.8251136541366577
evaluation-44406-tar-000,1,0.8465905785560608
evaluation-44406-non-000,0,0.8520397543907166
evaluation-4442-tar-000,1,0.9075592756271362
evaluation-4442-non-000,0,0.7927089333534241
evaluation-4468-tar-000,1,0.6925874948501587
evaluation-4468-non-000,0,0.8719115257263184
evaluation-44683-tar-000,1,0.8572405576705933
evaluation-44683-non-000,0,0.8642718195915222
evaluation-44727-tar-000,1,0.833987832069397
evaluation-44727-non-000,0,0.704043984413147
evaluation-4477-tar-000,1,0.8861924409866333
evaluation-4477-non-000,0,0.8331979513168335
evaluation-44829-tar-000,1,0.9095951318740845
evaluation-44829-non-000,0,0.8308866620063782
evaluation-4506-tar-000,1,0.9139135479927063
evaluation-4506-non-000,0,0.8072425127029419
evaluation-45084-tar-000,1,0.9105833172798157
evaluation-45084-non-000,0,0.8584592342376709
evaluation-45213-tar-000,1,0.8861349821090698
evaluation-45213-non-000,0,0.8031823635101318
evaluation-45252-tar-000,1,0.8458269834518433
evaluation-45252-non-000,0,0.7855329513549805
evaluation-4529-tar-000,1,0.8865668773651123
evaluation-4529-non-000,0,0.7228639721870422
evaluation-45538-tar-000,1,0.836388111114502
evaluation-45538-non-000,0,0.8714561462402344
evaluation-45617-tar-000,1,0.8486748933792114
evaluation-45617-non-000,0,0.8514586687088013
evaluation-45658-tar-000,1,0.9236470460891724
evaluation-45658-non-000,0,0.8581703901290894
evaluation-45744-tar-000,1,0.7946120500564575
evaluation-45744-non-000,0,0.838785707950592
evaluation-45749-tar-000,1,0.8895734548568726
evaluation-45749-non-000,0,0.8716508746147156
evaluation-45793-tar-000,1,0.8467586040496826
evaluation-45793-non-000,0,0.8294338583946228
evaluation-4581-tar-000,1,0.887303352355957
evaluation-4581-non-000,0,0.8652477860450745
evaluation-45834-tar-000,1,0.8771958351135254
evaluation-45834-non-000,0,0.777398943901062
evaluation-45870-tar-000,1,0.8389495611190796
evaluation-45870-non-000,0,0.8132528066635132
evaluation-4591-tar-000,1,0.9128279685974121
evaluation-4591-non-000,0,0.859279990196228
evaluation-45985-tar-000,1,0.8351333737373352
evaluation-45985-non-000,0,0.8188753128051758
evaluation-46029-tar-000,1,0.9056292772293091
evaluation-46029-non-000,0,0.8375651836395264
evaluation-4603-tar-000,1,0.9278087615966797
evaluation-4603-non-000,0,0.7519568204879761
evaluation-4612-tar-000,1,0.8824822902679443
evaluation-4612-non-000,0,0.8045511245727539
evaluation-4619-tar-000,1,0.8460302352905273
evaluation-4619-non-000,0,0.7362068891525269
evaluation-46202-tar-000,1,0.886327862739563
evaluation-46202-non-000,0,0.8722827434539795
evaluation-46241-tar-000,1,0.9079490900039673
evaluation-46241-non-000,0,0.8892223834991455
evaluation-46298-tar-000,1,0.884185791015625
evaluation-46298-non-000,0,0.8279144167900085
evaluation-46466-tar-000,1,0.9381741285324097
evaluation-46466-non-000,0,0.8064039945602417
evaluation-4649-tar-000,1,0.8442139625549316
evaluation-4649-non-000,0,0.7878643274307251
evaluation-4664-tar-000,1,0.8268070816993713
evaluation-4664-non-000,0,0.7663573622703552
evaluation-46955-tar-000,1,0.8358157873153687
evaluation-46955-non-000,0,0.7026281356811523
evaluation-4709-tar-000,1,0.9014278650283813
evaluation-4709-non-000,0,0.8725342154502869
evaluation-4710-tar-000,1,0.8666716814041138
evaluation-4710-non-000,0,0.8143336772918701
evaluation-47139-tar-000,1,0.8787449598312378
evaluation-47139-non-000,0,0.8354766368865967
evaluation-47142-tar-000,1,0.8946199417114258
evaluation-47142-non-000,0,0.8106984496116638
evaluation-47169-tar-000,1,0.8272343873977661
evaluation-47169-non-000,0,0.8628621697425842
evaluation-47238-tar-000,1,0.8890982866287231
evaluation-47238-non-000,0,0.7608718276023865
evaluation-4728-tar-000,1,0.8933504223823547
evaluation-4728-non-000,0,0.8840371966362
evaluation-47342-tar-000,1,0.8720300197601318
evaluation-47342-non-000,0,0.8234665393829346
evaluation-47504-tar-000,1,0.9047894477844238
evaluation-47504-non-000,0,0.8402824401855469
evaluation-4763-tar-000,1,0.8625223636627197
evaluation-4763-non-000,0,0.8176326751708984
evaluation-47650-tar-000,1,0.899456262588501
evaluation-47650-non-000,0,0.8565386533737183
evaluation-47658-tar-000,1,0.852524995803833
evaluation-47658-non-000,0,0.8132658004760742
evaluation-4773-tar-000,1,0.8619352579116821
evaluation-4773-non-000,0,0.8492505550384521
evaluation-4774-tar-000,1,0.8300716876983643
evaluation-4774-non-000,0,0.8507692813873291
evaluation-47913-tar-000,1,0.9086827635765076
evaluation-47913-non-000,0,0.9010299444198608
evaluation-47998-tar-000,1,0.8162933588027954
evaluation-47998-non-000,0,0.7993621826171875
evaluation-4800-tar-000,1,0.9083691239356995
evaluation-4800-non-000,0,0.8396574854850769
evaluation-48095-tar-000,1,0.8724539279937744
evaluation-48095-non-000,0,0.855247437953949
evaluation-48193-tar-000,1,0.8465521931648254
evaluation-48193-non-000,0,0.8003368377685547
evaluation-4821-tar-000,1,0.8792377710342407
evaluation-4821-non-000,0,0.8662309646606445
evaluation-48232-tar-000,1,0.9062466621398926
evaluation-48232-non-000,0,0.8015610575675964
evaluation-48262-tar-000,1,0.8175250291824341
evaluation-48262-non-000,0,0.8216418027877808
evaluation-48388-tar-000,1,0.8810081481933594
evaluation-48388-non-000,0,0.8142743110656738
evaluation-4841-tar-000,1,0.890297532081604
evaluation-4841-non-000,0,0.790130615234375
evaluation-4842-tar-000,1,0.8231173753738403
evaluation-4842-non-000,0,0.8299695253372192
evaluation-48443-tar-000,1,0.8933095932006836
evaluation-48443-non-000,0,0.809619128704071
evaluation-48454-tar-000,1,0.879737377166748
evaluation-48454-non-000,0,0.8569695949554443
evaluation-48575-tar-000,1,0.9090338945388794
evaluation-48575-non-000,0,0.7869345545768738
evaluation-48578-tar-000,1,0.8811802864074707
evaluation-48578-non-000,0,0.7897683382034302
evaluation-4867-tar-000,1,0.9141496419906616
evaluation-4867-non-000,0,0.8565524816513062
evaluation-48726-tar-000,1,0.9096797704696655
evaluation-48726-non-000,0,0.7374404668807983
evaluation-48759-tar-000,1,0.8160132765769958
evaluation-48759-non-000,0,0.6861146688461304
evaluation-48787-tar-000,1,0.8874996900558472
evaluation-48787-non-000,0,0.752469539642334
evaluation-48833-tar-000,1,0.8832525014877319
evaluation-48833-non-000,0,0.7176910042762756
evaluation-48905-tar-000,1,0.8599862456321716
evaluation-48905-non-000,0,0.8328163623809814
evaluation-4891-tar-000,1,0.8537960052490234
evaluation-4891-non-000,0,0.8399498462677002
evaluation-4894-tar-000,1,0.8626093864440918
evaluation-4894-non-000,0,0.8445279598236084
evaluation-48952-tar-000,1,0.9115848541259766
evaluation-48952-non-000,0,0.8589787483215332
evaluation-49004-tar-000,1,0.8590799570083618
evaluation-49004-non-000,0,0.8781090378761292
evaluation-49037-tar-000,1,0.921576201915741
evaluation-49037-non-000,0,0.8348067402839661
evaluation-49045-tar-000,1,0.8621814846992493
evaluation-49045-non-000,0,0.8738214373588562
evaluation-49097-tar-000,1,0.8702909350395203
evaluation-49097-non-000,0,0.8303214311599731
evaluation-49116-tar-000,1,0.8077324628829956
evaluation-49116-non-000,0,0.8200937509536743
evaluation-49196-tar-000,1,0.8880131840705872
evaluation-49196-non-000,0,0.7472100257873535
evaluation-49207-tar-000,1,0.9079157710075378
evaluation-49207-non-000,0,0.8771252036094666
evaluation-4921-tar-000,1,0.8873080611228943
evaluation-4921-non-000,0,0.8010883331298828
evaluation-49215-tar-000,1,0.9046528339385986
evaluation-49215-non-000,0,0.8470026850700378
evaluation-4934-tar-000,1,0.8708103895187378
evaluation-4934-non-000,0,0.8366013765335083
evaluation-49446-tar-000,1,0.8932894468307495
evaluation-49446-non-000,0,0.8350393772125244
evaluation-49476-tar-000,1,0.8762245178222656
evaluation-49476-non-000,0,0.6775089502334595
evaluation-49484-tar-000,1,0.8768855333328247
evaluation-49484-non-000,0,0.7993689775466919
evaluation-49520-tar-000,1,0.9334976673126221
evaluation-49520-non-000,0,0.7742949724197388
evaluation-49539-tar-000,1,0.8992897868156433
evaluation-49539-non-000,0,0.8226518034934998
evaluation-4958-tar-000,1,0.8733012676239014
evaluation-4958-non-000,0,0.8806432485580444
evaluation-4961-tar-000,1,0.880501389503479
evaluation-4961-non-000,0,0.8261333703994751
evaluation-49677-tar-000,1,0.8679741024971008
evaluation-49677-non-000,0,0.7927456498146057
evaluation-49792-tar-000,1,0.8779176473617554
evaluation-49792-non-000,0,0.8400552272796631
evaluation-49808-tar-000,1,0.9062899947166443
evaluation-49808-non-000,0,0.8251700401306152
evaluation-49872-tar-000,1,0.8027009963989258
evaluation-49872-non-000,0,0.766106128692627
evaluation-50056-tar-000,1,0.8737250566482544
evaluation-50056-non-000,0,0.8562959432601929
evaluation-5008-tar-000,1,0.8970553278923035
evaluation-5008-non-000,0,0.7798621654510498
evaluation-5010-tar-000,1,0.8972551226615906
evaluation-5010-non-000,0,0.8682218790054321
evaluation-50138-tar-000,1,0.9182928800582886
evaluation-50138-non-000,0,0.8831055164337158
evaluation-5018-tar-000,1,0.8936545848846436
evaluation-5018-non-000,0,0.8776592016220093
evaluation-5021-tar-000,1,0.9336817264556885
evaluation-5021-non-000,0,0.751390278339386
evaluation-5024-tar-000,1,0.911624550819397
evaluation-5024-non-000,0,0.830609917640686
evaluation-50374-tar-000,1,0.8438965082168579
evaluation-50374-non-000,0,0.9004001617431641
evaluation-5042-tar-000,1,0.8409767150878906
evaluation-5042-non-000,0,0.8002012968063354
evaluation-50440-tar-000,1,0.9188532829284668
evaluation-50440-non-000,0,0.8425347805023193
evaluation-50490-tar-000,1,0.8783722519874573
evaluation-50490-non-000,0,0.846030592918396
evaluation-50591-tar-000,1,0.8871005177497864
evaluation-50591-non-000,0,0.8487797975540161
evaluation-50608-tar-000,1,0.9194782376289368
evaluation-50608-non-000,0,0.7868419885635376
evaluation-50613-tar-000,1,0.8982093334197998
evaluation-50613-non-000,0,0.8175039291381836
evaluation-50643-tar-000,1,0.8986218571662903
evaluation-50643-non-000,0,0.832275390625
evaluation-50652-tar-000,1,0.850497841835022
evaluation-50652-non-000,0,0.7806781530380249
evaluation-50676-tar-000,1,0.8887332081794739
evaluation-50676-non-000,0,0.8452980518341064
evaluation-50679-tar-000,1,0.841255784034729
evaluation-50679-non-000,0,0.9114633202552795
evaluation-50723-tar-000,1,0.8878732323646545
evaluation-50723-non-000,0,0.8193190097808838
evaluation-50786-tar-000,1,0.8729108572006226
evaluation-50786-non-000,0,0.7881156206130981
evaluation-51050-tar-000,1,0.8749071359634399
evaluation-51050-non-000,0,0.8275485038757324
evaluation-51080-tar-000,1,0.8812700510025024
evaluation-51080-non-000,0,0.8040370941162109
evaluation-51099-tar-000,1,0.8683295249938965
evaluation-51099-non-000,0,0.8443244695663452
evaluation-5135-tar-000,1,0.8684155941009521
evaluation-5135-non-000,0,0.7962220907211304
evaluation-51399-tar-000,1,0.8546147346496582
evaluation-51399-non-000,0,0.8373094797134399
evaluation-51459-tar-000,1,0.865189790725708
evaluation-51459-non-000,0,0.832192599773407
evaluation-5148-tar-000,1,0.8570969104766846
evaluation-5148-non-000,0,0.849321722984314
evaluation-5149-tar-000,1,0.7888697981834412
evaluation-5149-non-000,0,0.7215280532836914
evaluation-51506-tar-000,1,0.9140723943710327
evaluation-51506-non-000,0,0.862159013748169
evaluation-51525-tar-000,1,0.8998157978057861
evaluation-51525-non-000,0,0.7185252904891968
evaluation-5153-tar-000,1,0.9020371437072754
evaluation-5153-non-000,0,0.8576103448867798
evaluation-51531-tar-000,1,0.8614662885665894
evaluation-51531-non-000,0,0.855872392654419
evaluation-51544-tar-000,1,0.8856945037841797
evaluation-51544-non-000,0,0.7365951538085938
evaluation-51624-tar-000,1,0.8797752857208252
evaluation-51624-non-000,0,0.7639902830123901
evaluation-51629-tar-000,1,0.8703086376190186
evaluation-51629-non-000,0,0.8388458490371704
evaluation-5167-tar-000,1,0.7932377457618713
evaluation-5167-non-000,0,0.7797648906707764
evaluation-5171-tar-000,1,0.9003131985664368
evaluation-5171-non-000,0,0.7800641059875488
evaluation-51899-tar-000,1,0.8747338056564331
evaluation-51899-non-000,0,0.8041238784790039
evaluation-51940-tar-000,1,0.908153772354126
evaluation-51940-non-000,0,0.8616196513175964
evaluation-51962-tar-000,1,0.9006580114364624
evaluation-51962-non-000,0,0.8157491683959961
evaluation-5203-tar-000,1,0.9098225831985474
evaluation-5203-non-000,0,0.8314517736434937
evaluation-5215-tar-000,1,0.9009970426559448
evaluation-5215-non-000,0,0.8928096890449524
evaluation-52213-tar-000,1,0.8872858285903931
evaluation-52213-non-000,0,0.8878922462463379
evaluation-5225-tar-000,1,0.8988941311836243
evaluation-5225-non-000,0,0.8064470291137695
evaluation-52371-tar-000,1,0.8810901045799255
evaluation-52371-non-000,0,0.8769829273223877
evaluation-52374-tar-000,1,0.8384560346603394
evaluation-52374-non-000,0,0.9042567610740662
evaluation-5246-tar-000,1,0.8905802965164185
evaluation-5246-non-000,0,0.8224121928215027
evaluation-52486-tar-000,1,0.900576114654541
evaluation-52486-non-000,0,0.8529723286628723
evaluation-5253-tar-000,1,0.9011917114257812
evaluation-5253-non-000,0,0.8194838166236877
evaluation-52530-tar-000,1,0.9194833040237427
evaluation-52530-non-000,0,0.8046536445617676
evaluation-5256-tar-000,1,0.8527698516845703
evaluation-5256-non-000,0,0.8670841455459595
evaluation-5261-tar-000,1,0.8013144731521606
evaluation-5261-non-000,0,0.7433616518974304
evaluation-52651-tar-000,1,0.9292492866516113
evaluation-52651-non-000,0,0.7539772987365723
evaluation-52709-tar-000,1,0.8795536160469055
evaluation-52709-non-000,0,0.8952617645263672
evaluation-5289-tar-000,1,0.8234623074531555
evaluation-5289-non-000,0,0.8196570873260498
evaluation-52912-tar-000,1,0.8651491403579712
evaluation-52912-non-000,0,0.7944176197052002
evaluation-52929-tar-000,1,0.8358017802238464
evaluation-52929-non-000,0,0.7312583327293396
evaluation-5309-tar-000,1,0.8918269276618958
evaluation-5309-non-000,0,0.8382253646850586
evaluation-53170-tar-000,1,0.8505944013595581
evaluation-53170-non-000,0,0.772276759147644
evaluation-5322-tar-000,1,0.8614476919174194
evaluation-5322-non-000,0,0.8459104299545288
evaluation-5325-tar-000,1,0.8347638249397278
evaluation-5325-non-000,0,0.765395998954773
evaluation-53266-tar-000,1,0.8902732133865356
evaluation-53266-non-000,0,0.8756150603294373
evaluation-53269-tar-000,1,0.8925584554672241
evaluation-53269-non-000,0,0.8446776866912842
evaluation-53272-tar-000,1,0.8537130355834961
evaluation-53272-non-000,0,0.9000017642974854
evaluation-5334-tar-000,1,0.8902231454849243
evaluation-5334-non-000,0,0.8770353198051453
evaluation-53354-tar-000,1,0.8836643099784851
evaluation-53354-non-000,0,0.8345764875411987
evaluation-5336-tar-000,1,0.9075114727020264
evaluation-5336-non-000,0,0.7798190116882324
evaluation-5339-tar-000,1,0.8687939047813416
evaluation-5339-non-000,0,0.7509288787841797
evaluation-53390-tar-000,1,0.9164669513702393
evaluation-53390-non-000,0,0.8840402960777283
evaluation-53434-tar-000,1,0.9158153533935547
evaluation-53434-non-000,0,0.7999182343482971
evaluation-53544-tar-000,1,0.8985262513160706
evaluation-53544-non-000,0,0.8533491492271423
evaluation-53588-tar-000,1,0.9112107753753662
evaluation-53588-non-000,0,0.8620032668113708
evaluation-53755-tar-000,1,0.865653395652771
evaluation-53755-non-000,0,0.8091682195663452
evaluation-53972-tar-000,1,0.8828117847442627
evaluation-53972-non-000,0,0.8608672618865967
evaluation-5399-tar-000,1,0.8990616798400879
evaluation-5399-non-000,0,0.8551154136657715
evaluation-54035-tar-000,1,0.8555119037628174
evaluation-54035-non-000,0,0.7824382781982422
evaluation-54085-tar-000,1,0.9088172912597656
evaluation-54085-non-000,0,0.8590990304946899
evaluation-5413-tar-000,1,0.8955091238021851
evaluation-5413-non-000,0,0.8615769147872925
evaluation-54197-tar-000,1,0.886876106262207
evaluation-54197-non-000,0,0.8079681396484375
evaluation-54250-tar-000,1,0.7997094988822937
evaluation-54250-non-000,0,0.7135346531867981
evaluation-54261-tar-000,1,0.907213568687439
evaluation-54261-non-000,0,0.812821626663208
evaluation-5437-tar-000,1,0.8658196926116943
evaluation-5437-non-000,0,0.8725988864898682
evaluation-54376-tar-000,1,0.881555438041687
evaluation-54376-non-000,0,0.8772813081741333
evaluation-5438-tar-000,1,0.8778175711631775
evaluation-5438-non-000,0,0.8374646902084351
evaluation-54568-tar-000,1,0.90445476770401
evaluation-54568-non-000,0,0.8255320191383362
evaluation-54596-tar-000,1,0.8536375761032104
evaluation-54596-non-000,0,0.8235629796981812
evaluation-54637-tar-000,1,0.8296328783035278
evaluation-54637-non-000,0,0.7632113695144653
evaluation-54725-tar-000,1,0.8252331018447876
evaluation-54725-non-000,0,0.7819641828536987
evaluation-5490-tar-000,1,0.8342229127883911
evaluation-5490-non-000,0,0.8763996362686157
evaluation-55027-tar-000,1,0.9284102320671082
evaluation-55027-non-000,0,0.7347621917724609
evaluation-55052-tar-000,1,0.8731876015663147
evaluation-55052-non-000,0,0.8284350633621216
evaluation-55225-tar-000,1,0.8785593509674072
evaluation-55225-non-000,0,0.8771969079971313
evaluation-5532-tar-000,1,0.796929121017456
evaluation-5532-non-000,0,0.6716225147247314
evaluation-55354-tar-000,1,0.9030593037605286
evaluation-55354-non-000,0,0.7680237293243408
evaluation-55362-tar-000,1,0.904338002204895
evaluation-55362-non-000,0,0.7433702945709229
evaluation-5542-tar-000,1,0.9084019660949707
evaluation-5542-non-000,0,0.867392897605896
evaluation-55488-tar-000,1,0.890792727470398
evaluation-55488-non-000,0,0.8623870611190796
evaluation-55656-tar-000,1,0.8581687211990356
evaluation-55656-non-000,0,0.8683521151542664
evaluation-55681-tar-000,1,0.8702024221420288
evaluation-55681-non-000,0,0.8803882598876953
evaluation-55807-tar-000,1,0.873413622379303
evaluation-55807-non-000,0,0.8384838700294495
evaluation-55810-tar-000,1,0.884972333908081
evaluation-55810-non-000,0,0.8764971494674683
evaluation-55870-tar-000,1,0.8852722644805908
evaluation-55870-non-000,0,0.8322032690048218
evaluation-55928-tar-000,1,0.8774762153625488
evaluation-55928-non-000,0,0.8662410974502563
evaluation-5594-tar-000,1,0.8559975028038025
evaluation-5594-non-000,0,0.8645892143249512
evaluation-55953-tar-000,1,0.9186506271362305
evaluation-55953-non-000,0,0.8499924540519714
evaluation-55966-tar-000,1,0.9167282581329346
evaluation-55966-non-000,0,0.7724431753158569
evaluation-5599-tar-000,1,0.7681879997253418
evaluation-5599-non-000,0,0.7867738008499146
evaluation-56043-tar-000,1,0.8767186403274536
evaluation-56043-non-000,0,0.8347093462944031
evaluation-5605-tar-000,1,0.9086747765541077
evaluation-5605-non-000,0,0.8745170831680298
evaluation-56073-tar-000,1,0.8194466829299927
evaluation-56073-non-000,0,0.8119465112686157
evaluation-56098-tar-000,1,0.8761495351791382
evaluation-56098-non-000,0,0.8757309913635254
evaluation-56112-tar-000,1,0.916950523853302
evaluation-56112-non-000,0,0.9032597541809082
evaluation-56170-tar-000,1,0.877816915512085
evaluation-56170-non-000,0,0.8595395088195801
evaluation-56181-tar-000,1,0.8551055192947388
evaluation-56181-non-000,0,0.871446430683136
evaluation-56293-tar-000,1,0.8726626634597778
evaluation-56293-non-000,0,0.8211597800254822
evaluation-5631-tar-000,1,0.8825324773788452
evaluation-5631-non-000,0,0.8294155597686768
evaluation-5645-tar-000,1,0.8820320963859558
evaluation-5645-non-000,0,0.8533223271369934
evaluation-5648-tar-000,1,0.8465218544006348
evaluation-5648-non-000,0,0.8071121573448181
evaluation-5653-tar-000,1,0.8906089067459106
evaluation-5653-non-000,0,0.876004695892334
evaluation-56568-tar-000,1,0.7983293533325195
evaluation-56568-non-000,0,0.792654812335968
evaluation-5671-tar-000,1,0.877831220626831
evaluation-5671-non-000,0,0.87882399559021
evaluation-56722-tar-000,1,0.8467572927474976
evaluation-56722-non-000,0,0.8576771020889282
evaluation-56771-tar-000,1,0.8886593580245972
evaluation-56771-non-000,0,0.8198896050453186
evaluation-56829-tar-000,1,0.8185500502586365
evaluation-56829-non-000,0,0.8272309303283691
evaluation-56853-tar-000,1,0.9114483594894409
evaluation-56853-non-000,0,0.8614379167556763
evaluation-56939-tar-000,1,0.9121713638305664
evaluation-56939-non-000,0,0.8285951614379883
evaluation-5706-tar-000,1,0.7589688301086426
evaluation-5706-non-000,0,0.848230242729187
evaluation-57103-tar-000,1,0.878592848777771
evaluation-57103-non-000,0,0.830622673034668
evaluation-57208-tar-000,1,0.8888521790504456
evaluation-57208-non-000,0,0.7975091934204102
evaluation-57246-tar-000,1,0.9191206097602844
evaluation-57246-non-000,0,0.8147531747817993
evaluation-57263-tar-000,1,0.8884003758430481
evaluation-57263-non-000,0,0.8018983602523804
evaluation-5734-tar-000,1,0.906629204750061
evaluation-5734-non-000,0,0.8386349081993103
evaluation-57364-tar-000,1,0.8495595455169678
evaluation-57364-non-000,0,0.8087527751922607
evaluation-57384-tar-000,1,0.8845429420471191
evaluation-57384-non-000,0,0.7472341060638428
evaluation-57413-tar-000,1,0.9133857488632202
evaluation-57413-non-000,0,0.7230570316314697
evaluation-5745-tar-000,1,0.9209779500961304
evaluation-5745-non-000,0,0.7239220142364502
evaluation-57502-tar-000,1,0.878831148147583
evaluation-57502-non-000,0,0.8074665069580078
evaluation-57587-tar-000,1,0.8470013737678528
evaluation-57587-non-000,0,0.8394217491149902
evaluation-5763-tar-000,1,0.8526352047920227
evaluation-5763-non-000,0,0.712291955947876
evaluation-57661-tar-000,1,0.8780807256698608
evaluation-57661-non-000,0,0.8998315930366516
evaluation-57710-tar-000,1,0.862608790397644
evaluation-57710-non-000,0,0.8658416867256165
evaluation-57719-tar-000,1,0.9332848787307739
evaluation-57719-non-000,0,0.8359161615371704
evaluation-5773-tar-000,1,0.9104105234146118
evaluation-5773-non-000,0,0.8014979958534241
evaluation-57944-tar-000,1,0.8831793069839478
evaluation-57944-non-000,0,0.7868918776512146
evaluation-57980-tar-000,1,0.9148133993148804
evaluation-57980-non-000,0,0.7912248373031616
evaluation-58059-tar-000,1,0.8771882653236389
evaluation-58059-non-000,0,0.8124105930328369
evaluation-58067-tar-000,1,0.9196996092796326
evaluation-58067-non-000,0,0.8086252212524414
evaluation-58081-tar-000,1,0.8779200315475464
evaluation-58081-non-000,0,0.7688243389129639
evaluation-58087-tar-000,1,0.9059399366378784
evaluation-58087-non-000,0,0.8308812975883484
evaluation-58098-tar-000,1,0.8401988744735718
evaluation-58098-non-000,0,0.8343773484230042
evaluation-5814-tar-000,1,0.861724317073822
evaluation-5814-non-000,0,0.905215859413147
evaluation-58144-tar-000,1,0.8628056645393372
evaluation-58144-non-000,0,0.859162449836731
evaluation-5832-tar-000,1,0.8556487560272217
evaluation-5832-non-000,0,0.8690372705459595
evaluation-5836-tar-000,1,0.8873363733291626
evaluation-5836-non-000,0,0.8643866777420044
evaluation-5841-tar-000,1,0.8715192079544067
evaluation-5841-non-000,0,0.8572365641593933
evaluation-58430-tar-000,1,0.8465196490287781
evaluation-58430-non-000,0,0.8530386686325073
evaluation-58587-tar-000,1,0.8444269895553589
evaluation-58587-non-000,0,0.8596106767654419
evaluation-5861-tar-000,1,0.8864251375198364
evaluation-5861-non-000,0,0.8947537541389465
evaluation-5868-tar-000,1,0.900494396686554
evaluation-5868-non-000,0,0.7938175201416016
evaluation-58694-tar-000,1,0.8491101264953613
evaluation-58694-non-000,0,0.8622095584869385
evaluation-58724-tar-000,1,0.861948549747467
evaluation-58724-non-000,0,0.857336163520813
evaluation-58771-tar-000,1,0.8497346639633179
evaluation-58771-non-000,0,0.8256391882896423
evaluation-5884-tar-000,1,0.8657428026199341
evaluation-5884-non-000,0,0.8671250343322754
evaluation-58968-tar-000,1,0.9430555105209351
evaluation-58968-non-000,0,0.7352919578552246
evaluation-5900-tar-000,1,0.8369050025939941
evaluation-5900-non-000,0,0.8869054317474365
evaluation-59029-tar-000,1,0.9040908813476562
evaluation-59029-non-000,0,0.8220404386520386
evaluation-59235-tar-000,1,0.9085534811019897
evaluation-59235-non-000,0,0.7925424575805664
evaluation-59284-tar-000,1,0.9065432548522949
evaluation-59284-non-000,0,0.7882170081138611
evaluation-59443-tar-000,1,0.8691742420196533
evaluation-59443-non-000,0,0.8852756023406982
evaluation-5946-tar-000,1,0.8814411759376526
evaluation-5946-non-000,0,0.8483124375343323
evaluation-5949-tar-000,1,0.8829176425933838
evaluation-5949-non-000,0,0.8587163686752319
evaluation-59496-tar-000,1,0.9298572540283203
evaluation-59496-non-000,0,0.8361557126045227
evaluation-59564-tar-000,1,0.8818837404251099
evaluation-59564-non-000,0,0.8836521506309509
evaluation-59663-tar-000,1,0.8397164344787598
evaluation-59663-non-000,0,0.8606702089309692
evaluation-59779-tar-000,1,0.8545817136764526
evaluation-59779-non-000,0,0.7715944051742554
evaluation-59820-tar-000,1,0.9026291966438293
evaluation-59820-non-000,0,0.8092108964920044
evaluation-59963-tar-000,1,0.8746587634086609
evaluation-59963-non-000,0,0.8809083700180054
evaluation-59971-tar-000,1,0.941639244556427
evaluation-59971-non-000,0,0.8684625625610352
evaluation-6006-tar-000,1,0.8619695901870728
evaluation-6006-non-000,0,0.7931782603263855
evaluation-6010-tar-000,1,0.826819896697998
evaluation-6010-non-000,0,0.8776072859764099
evaluation-60240-tar-000,1,0.8402631282806396
evaluation-60240-non-000,0,0.7883363962173462
evaluation-60627-tar-000,1,0.8563560247421265
evaluation-60627-non-000,0,0.8675893545150757
evaluation-60646-tar-000,1,0.916332483291626
evaluation-60646-non-000,0,0.80654376745224
evaluation-60699-tar-000,1,0.8854163885116577
evaluation-60699-non-000,0,0.7530510425567627
evaluation-60748-tar-000,1,0.8804833889007568
evaluation-60748-non-000,0,0.8439062237739563
evaluation-60803-tar-000,1,0.9012323617935181
evaluation-60803-non-000,0,0.7573493719100952
evaluation-6081-tar-000,1,0.9089837074279785
evaluation-6081-non-000,0,0.7646644115447998
evaluation-6086-tar-000,1,0.808286190032959
evaluation-6086-non-000,0,0.8247251510620117
evaluation-6089-tar-000,1,0.8507288098335266
evaluation-6089-non-000,0,0.8201181292533875
evaluation-6097-tar-000,1,0.8529125452041626
evaluation-6097-non-000,0,0.8276108503341675
evaluation-61015-tar-000,1,0.8985607624053955
evaluation-61015-non-000,0,0.8262791633605957
evaluation-61078-tar-000,1,0.9121971130371094
evaluation-61078-non-000,0,0.8319188952445984
evaluation-6108-tar-000,1,0.9099376201629639
evaluation-6108-non-000,0,0.7611926794052124
evaluation-61119-tar-000,1,0.898642361164093
evaluation-61119-non-000,0,0.7146323919296265
evaluation-61122-tar-000,1,0.9061855673789978
evaluation-61122-non-000,0,0.8107203245162964
evaluation-61133-tar-000,1,0.8945692777633667
evaluation-61133-non-000,0,0.85816490650177
evaluation-61174-tar-000,1,0.9105049967765808
evaluation-61174-non-000,0,0.8496673703193665
evaluation-61207-tar-000,1,0.88889479637146
evaluation-61207-non-000,0,0.8448377847671509
evaluation-61292-tar-000,1,0.8745784759521484
evaluation-61292-non-000,0,0.781486988067627
evaluation-61410-tar-000,1,0.8448752164840698
evaluation-61410-non-000,0,0.8273248076438904
evaluation-61421-tar-000,1,0.8548985719680786
evaluation-61421-non-000,0,0.8526585102081299
evaluation-6163-tar-000,1,0.8918551206588745
evaluation-6163-non-000,0,0.861333966255188
evaluation-61663-tar-000,1,0.902961790561676
evaluation-61663-non-000,0,0.8091685771942139
evaluation-61712-tar-000,1,0.8514537811279297
evaluation-61712-non-000,0,0.8565491437911987
evaluation-61775-tar-000,1,0.8488496541976929
evaluation-61775-non-000,0,0.693710446357727
evaluation-61800-tar-000,1,0.8999171853065491
evaluation-61800-non-000,0,0.8035649061203003
evaluation-6186-tar-000,1,0.9006375074386597
evaluation-6186-non-000,0,0.8962507247924805
evaluation-6194-tar-000,1,0.8907362818717957
evaluation-6194-non-000,0,0.7769002318382263
evaluation-61979-tar-000,1,0.8968849778175354
evaluation-61979-non-000,0,0.825408935546875
evaluation-62012-tar-000,1,0.8481713533401489
evaluation-62012-non-000,0,0.8989486694335938
evaluation-6202-tar-000,1,0.8969606161117554
evaluation-6202-non-000,0,0.8144906759262085
evaluation-62066-tar-000,1,0.8182784914970398
evaluation-62066-non-000,0,0.7927419543266296
evaluation-62086-tar-000,1,0.9023941159248352
evaluation-62086-non-000,0,0.897384524345398
evaluation-6209-tar-000,1,0.7819246649742126
evaluation-6209-non-000,0,0.7904921770095825
evaluation-62138-tar-000,1,0.8957566618919373
evaluation-62138-non-000,0,0.8569733500480652
evaluation-62179-tar-000,1,0.9274880886077881
evaluation-62179-non-000,0,0.8150872588157654
evaluation-62223-tar-000,1,0.9151507616043091
evaluation-62223-non-000,0,0.7799422740936279
evaluation-62292-tar-000,1,0.8517613410949707
evaluation-62292-non-000,0,0.7658053636550903
evaluation-6231-tar-000,1,0.7124059200286865
evaluation-6231-non-000,0,0.7442624568939209
evaluation-62325-tar-000,1,0.8545505404472351
evaluation-62325-non-000,0,0.8916318416595459
evaluation-62404-tar-000,1,0.869353175163269
evaluation-62404-non-000,0,0.8194175958633423
evaluation-6246-tar-000,1,0.8689621686935425
evaluation-6246-non-000,0,0.7693952322006226
evaluation-62544-tar-000,1,0.885300874710083
evaluation-62544-non-000,0,0.7461445331573486
evaluation-6257-tar-000,1,0.8970695734024048
evaluation-6257-non-000,0,0.7895334362983704
evaluation-62572-tar-000,1,0.9044778943061829
evaluation-62572-non-000,0,0.8278210163116455
evaluation-62660-tar-000,1,0.8697009086608887
evaluation-62660-non-000,0,0.8493326902389526
evaluation-62748-tar-000,1,0.910179853439331
evaluation-62748-non-000,0,0.8781909942626953
evaluation-6287-tar-000,1,0.8551253080368042
evaluation-6287-non-000,0,0.7658548951148987
evaluation-6292-tar-000,1,0.8314543962478638
evaluation-6292-non-000,0,0.8190256357192993
evaluation-6296-tar-000,1,0.8346965312957764
evaluation-6296-non-000,0,0.8021365404129028
evaluation-63077-tar-000,1,0.8749604225158691
evaluation-63077-non-000,0,0.8892704248428345
evaluation-6310-tar-000,1,0.7833730578422546
evaluation-6310-non-000,0,0.8860794305801392
evaluation-63132-tar-000,1,0.8505975008010864
evaluation-63132-non-000,0,0.8759744763374329
evaluation-63138-tar-000,1,0.8998365998268127
evaluation-63138-non-000,0,0.8516073822975159
evaluation-63415-tar-000,1,0.861197829246521
evaluation-63415-non-000,0,0.7914437651634216
evaluation-63478-tar-000,1,0.9110057353973389
evaluation-63478-non-000,0,0.7855714559555054
evaluation-63536-tar-000,1,0.9273055791854858
evaluation-63536-non-000,0,0.8564833402633667
evaluation-6358-tar-000,1,0.8538714647293091
evaluation-6358-non-000,0,0.768627405166626
evaluation-6359-tar-000,1,0.9046565294265747
evaluation-6359-non-000,0,0.7297261953353882
evaluation-63627-tar-000,1,0.8805707693099976
evaluation-63627-non-000,0,0.8484091758728027
evaluation-63629-tar-000,1,0.9121869802474976
evaluation-63629-non-000,0,0.9121300578117371
evaluation-63714-tar-000,1,0.823832094669342
evaluation-63714-non-000,0,0.8190873861312866
evaluation-63739-tar-000,1,0.7958999872207642
evaluation-63739-non-000,0,0.8738105893135071
evaluation-63805-tar-000,1,0.8659548759460449
evaluation-63805-non-000,0,0.8653714656829834
evaluation-63838-tar-000,1,0.8983458280563354
evaluation-63838-non-000,0,0.9068610072135925
evaluation-63852-tar-000,1,0.8667570352554321
evaluation-63852-non-000,0,0.8721848726272583
evaluation-63984-tar-000,1,0.8770335912704468
evaluation-63984-non-000,0,0.8547431230545044
evaluation-6401-tar-000,1,0.9110929369926453
evaluation-6401-non-000,0,0.8969679474830627
evaluation-64082-tar-000,1,0.9045076370239258
evaluation-64082-non-000,0,0.8063703775405884
evaluation-6410-tar-000,1,0.8117773532867432
evaluation-6410-non-000,0,0.8512923717498779
evaluation-64291-tar-000,1,0.9291026592254639
evaluation-64291-non-000,0,0.8398027420043945
evaluation-64354-tar-000,1,0.8139266967773438
evaluation-64354-non-000,0,0.8429900407791138
evaluation-64431-tar-000,1,0.8572520017623901
evaluation-64431-non-000,0,0.8528060913085938
evaluation-64456-tar-000,1,0.8998037576675415
evaluation-64456-non-000,0,0.8574944138526917
evaluation-64489-tar-000,1,0.892206072807312
evaluation-64489-non-000,0,0.8026236891746521
evaluation-64494-tar-000,1,0.8363545536994934
evaluation-64494-non-000,0,0.8350253105163574
evaluation-64541-tar-000,1,0.9167482852935791
evaluation-64541-non-000,0,0.8908092379570007
evaluation-64593-tar-000,1,0.9098848700523376
evaluation-64593-non-000,0,0.7494124174118042
evaluation-64626-tar-000,1,0.8246716856956482
evaluation-64626-non-000,0,0.9002030491828918
evaluation-64747-tar-000,1,0.8709276914596558
evaluation-64747-non-000,0,0.8141036629676819
evaluation-6478-tar-000,1,0.8398540019989014
evaluation-6478-non-000,0,0.8332926034927368
evaluation-6494-tar-000,1,0.9001718163490295
evaluation-6494-non-000,0,0.7603275775909424
evaluation-64961-tar-000,1,0.9418380260467529
evaluation-64961-non-000,0,0.8288795948028564
evaluation-64967-tar-000,1,0.8587377667427063
evaluation-64967-non-000,0,0.7685905694961548
evaluation-65079-tar-000,1,0.8685480356216431
evaluation-65079-non-000,0,0.842528760433197
evaluation-65159-tar-000,1,0.9021216630935669
evaluation-65159-non-000,0,0.7521712183952332
evaluation-6527-tar-000,1,0.7929456233978271
evaluation-6527-non-000,0,0.799727201461792
evaluation-65368-tar-000,1,0.8933073282241821
evaluation-65368-non-000,0,0.85828697681427
evaluation-65404-tar-000,1,0.874372124671936
evaluation-65404-non-000,0,0.7683163285255432
evaluation-65423-tar-000,1,0.9217654466629028
evaluation-65423-non-000,0,0.8587522506713867
evaluation-65511-tar-000,1,0.7419575452804565
evaluation-65511-non-000,0,0.8571678996086121
evaluation-65513-tar-000,1,0.8999769687652588
evaluation-65513-non-000,0,0.8425166606903076
evaluation-6552-tar-000,1,0.817502498626709
evaluation-6552-non-000,0,0.8356367945671082
evaluation-65538-tar-000,1,0.850445032119751
evaluation-65538-non-000,0,0.8087502717971802
evaluation-65541-tar-000,1,0.8993765711784363
evaluation-65541-non-000,0,0.7691539525985718
evaluation-65761-tar-000,1,0.9123058319091797
evaluation-65761-non-000,0,0.7482459545135498
evaluation-65807-tar-000,1,0.9098614454269409
evaluation-65807-non-000,0,0.8561495542526245
evaluation-65868-tar-000,1,0.9276817440986633
evaluation-65868-non-000,0,0.869053065776825
evaluation-65945-tar-000,1,0.8462135791778564
evaluation-65945-non-000,0,0.8473371267318726
evaluation-6595-tar-000,1,0.8862674236297607
evaluation-6595-non-000,0,0.8127914071083069
evaluation-65986-tar-000,1,0.8703752756118774
evaluation-65986-non-000,0,0.8393825888633728
evaluation-66002-tar-000,1,0.9018124938011169
evaluation-66002-non-000,0,0.7220730185508728
evaluation-66030-tar-000,1,0.9022589921951294
evaluation-66030-non-000,0,0.8999471664428711
evaluation-66230-tar-000,1,0.878330647945404
evaluation-66230-non-000,0,0.822772741317749
evaluation-6625-tar-000,1,0.8231131434440613
evaluation-6625-non-000,0,0.8358966112136841
evaluation-6634-tar-000,1,0.8851578235626221
evaluation-6634-non-000,0,0.873224139213562
evaluation-66436-tar-000,1,0.9225903153419495
evaluation-66436-non-000,0,0.7137959003448486
evaluation-66466-tar-000,1,0.8382737636566162
evaluation-66466-non-000,0,0.8172442317008972
evaluation-66508-tar-000,1,0.8066930174827576
evaluation-66508-non-000,0,0.794695258140564
evaluation-6661-tar-000,1,0.8133058547973633
evaluation-6661-non-000,0,0.8068829774856567
evaluation-66749-tar-000,1,0.9452520608901978
evaluation-66749-non-000,0,0.7747365236282349
evaluation-66782-tar-000,1,0.8540143966674805
evaluation-66782-non-000,0,0.8428586721420288
evaluation-6682-tar-000,1,0.8835739493370056
evaluation-6682-non-000,0,0.8540555834770203
evaluation-66944-tar-000,1,0.8992254734039307
evaluation-66944-non-000,0,0.8091937303543091
evaluation-67057-tar-000,1,0.9029209613800049
evaluation-67057-non-000,0,0.7971048355102539
evaluation-67087-tar-000,1,0.8892031908035278
evaluation-67087-non-000,0,0.8211046457290649
evaluation-67137-tar-000,1,0.836320698261261
evaluation-67137-non-000,0,0.8052059412002563
evaluation-67288-tar-000,1,0.8640472888946533
evaluation-67288-non-000,0,0.8513768911361694
evaluation-6731-tar-000,1,0.910592794418335
evaluation-6731-non-000,0,0.8162990808486938
evaluation-67370-tar-000,1,0.8193371295928955
evaluation-67370-non-000,0,0.8223311901092529
evaluation-67488-tar-000,1,0.88081955909729
evaluation-67488-non-000,0,0.8885224461555481
evaluation-6749-tar-000,1,0.8878567814826965
evaluation-6749-non-000,0,0.8388858437538147
evaluation-67521-tar-000,1,0.8495328426361084
evaluation-67521-non-000,0,0.8655502796173096
evaluation-67529-tar-000,1,0.8808598518371582
evaluation-67529-non-000,0,0.812117338180542
evaluation-67538-tar-000,1,0.8888137340545654
evaluation-67538-non-000,0,0.767230749130249
evaluation-67686-tar-000,1,0.8694720268249512
evaluation-67686-non-000,0,0.8410545587539673
evaluation-67697-tar-000,1,0.9401202201843262
evaluation-67697-non-000,0,0.8911031484603882
evaluation-67859-tar-000,1,0.8986814618110657
evaluation-67859-non-000,0,0.8691784739494324
evaluation-6789-tar-000,1,0.9105876684188843
evaluation-6789-non-000,0,0.770362138748169
evaluation-67991-tar-000,1,0.885076642036438
evaluation-67991-non-000,0,0.732706606388092
evaluation-68068-tar-000,1,0.9056008458137512
evaluation-68068-non-000,0,0.7683939933776855
evaluation-68131-tar-000,1,0.917255699634552
evaluation-68131-non-000,0,0.8268500566482544
evaluation-6818-tar-000,1,0.8530638217926025
evaluation-6818-non-000,0,0.7979570627212524
evaluation-68227-tar-000,1,0.8876739740371704
evaluation-68227-non-000,0,0.8124064207077026
evaluation-68268-tar-000,1,0.8837054371833801
evaluation-68268-non-000,0,0.8491692543029785
evaluation-68334-tar-000,1,0.9194537401199341
evaluation-68334-non-000,0,0.9017586708068848
evaluation-68378-tar-000,1,0.8810414671897888
evaluation-68378-non-000,0,0.8853740692138672
evaluation-68430-tar-000,1,0.8113246560096741
evaluation-68430-non-000,0,0.8042781352996826
evaluation-68785-tar-000,1,0.7923213243484497
evaluation-68785-non-000,0,0.8814090490341187
evaluation-68886-tar-000,1,0.8511174917221069
evaluation-68886-non-000,0,0.8618931770324707
evaluation-68908-tar-000,1,0.8608589172363281
evaluation-68908-non-000,0,0.8485519289970398
evaluation-6898-tar-000,1,0.8847199082374573
evaluation-6898-non-000,0,0.8175016641616821
evaluation-69035-tar-000,1,0.8546074628829956
evaluation-69035-non-000,0,0.8078618049621582
evaluation-69087-tar-000,1,0.9140622615814209
evaluation-69087-non-000,0,0.8277736902236938
evaluation-69155-tar-000,1,0.9075272083282471
evaluation-69155-non-000,0,0.7507849335670471
evaluation-69166-tar-000,1,0.8652412295341492
evaluation-69166-non-000,0,0.7979083061218262
evaluation-69169-tar-000,1,0.8533532619476318
evaluation-69169-non-000,0,0.8071310520172119
evaluation-69235-tar-000,1,0.8900785446166992
evaluation-69235-non-000,0,0.8254655003547668
evaluation-69279-tar-000,1,0.8741722106933594
evaluation-69279-non-000,0,0.8075396418571472
evaluation-69315-tar-000,1,0.8426564335823059
evaluation-69315-non-000,0,0.6848779320716858
evaluation-6932-tar-000,1,0.8778752684593201
evaluation-6932-non-000,0,0.8506103754043579
evaluation-69361-tar-000,1,0.8940253257751465
evaluation-69361-non-000,0,0.8448969125747681
evaluation-69425-tar-000,1,0.9133242964744568
evaluation-69425-non-000,0,0.8713709115982056
evaluation-69526-tar-000,1,0.8575634956359863
evaluation-69526-non-000,0,0.8077713251113892
evaluation-69529-tar-000,1,0.8578405976295471
evaluation-69529-non-000,0,0.8238264918327332
evaluation-6957-tar-000,1,0.8551651239395142
evaluation-6957-non-000,0,0.7983697652816772
evaluation-69573-tar-000,1,0.8908808827400208
evaluation-69573-non-000,0,0.8804919719696045
evaluation-69617-tar-000,1,0.894681453704834
evaluation-69617-non-000,0,0.8559862375259399
evaluation-69672-tar-000,1,0.8612605333328247
evaluation-69672-non-000,0,0.9235314130783081
evaluation-69724-tar-000,1,0.841072678565979
evaluation-69724-non-000,0,0.8323096036911011
evaluation-69848-tar-000,1,0.7623937129974365
evaluation-69848-non-000,0,0.8521162867546082
evaluation-69927-tar-000,1,0.8134889006614685
evaluation-69927-non-000,0,0.839876115322113
evaluation-6993-tar-000,1,0.8831055164337158
evaluation-6993-non-000,0,0.8825675249099731
evaluation-6994-tar-000,1,0.9131945371627808
evaluation-6994-non-000,0,0.7722525596618652
evaluation-7006-tar-000,1,0.8722028136253357
evaluation-7006-non-000,0,0.7570288181304932
evaluation-70130-tar-000,1,0.8611802458763123
evaluation-70130-non-000,0,0.8685535192489624
evaluation-70169-tar-000,1,0.8979699611663818
evaluation-70169-non-000,0,0.8151164650917053
evaluation-70191-tar-000,1,0.9082571268081665
evaluation-70191-non-000,0,0.8315603733062744
evaluation-7029-tar-000,1,0.8406699895858765
evaluation-7029-non-000,0,0.7352756261825562
evaluation-70290-tar-000,1,0.870499849319458
evaluation-70290-non-000,0,0.8359125852584839
evaluation-70320-tar-000,1,0.8951701521873474
evaluation-70320-non-000,0,0.7062073945999146
evaluation-70347-tar-000,1,0.8941535949707031
evaluation-70347-non-000,0,0.7668300867080688
evaluation-7036-tar-000,1,0.8105267286300659
evaluation-7036-non-000,0,0.8024275898933411
evaluation-70501-tar-000,1,0.882509708404541
evaluation-70501-non-000,0,0.7754798531532288
evaluation-7055-tar-000,1,0.8188976049423218
evaluation-7055-non-000,0,0.8807597756385803
evaluation-70592-tar-000,1,0.8672791719436646
evaluation-70592-non-000,0,0.8466516137123108
evaluation-70641-tar-000,1,0.8385004997253418
evaluation-70641-non-000,0,0.8123539686203003
evaluation-70671-tar-000,1,0.8704211115837097
evaluation-70671-non-000,0,0.8312318921089172
evaluation-7077-tar-000,1,0.8785253763198853
evaluation-7077-non-000,0,0.8087264895439148
evaluation-7078-tar-000,1,0.8380613327026367
evaluation-7078-non-000,0,0.7370538115501404
evaluation-70781-tar-000,1,0.8306013345718384
evaluation-70781-non-000,0,0.823684573173523
evaluation-70801-tar-000,1,0.8486535549163818
evaluation-70801-non-000,0,0.8745973706245422
evaluation-7092-tar-000,1,0.8640801906585693
evaluation-7092-non-000,0,0.8257919549942017
evaluation-70952-tar-000,1,0.8705813884735107
evaluation-70952-non-000,0,0.8532387614250183
evaluation-71001-tar-000,1,0.900233268737793
evaluation-71001-non-000,0,0.7994667291641235
evaluation-71015-tar-000,1,0.8344713449478149
evaluation-71015-non-000,0,0.8634429574012756
evaluation-71042-tar-000,1,0.860876202583313
evaluation-71042-non-000,0,0.7679471969604492
evaluation-7108-tar-000,1,0.8904829025268555
evaluation-7108-non-000,0,0.8565819263458252
evaluation-7123-tar-000,1,0.8978075981140137
evaluation-7123-non-000,0,0.8107126951217651
evaluation-71300-tar-000,1,0.9119411706924438
evaluation-71300-non-000,0,0.8227475881576538
evaluation-7131-tar-000,1,0.9128379821777344
evaluation-7131-non-000,0,0.7292996048927307
evaluation-7140-tar-000,1,0.8508378863334656
evaluation-7140-non-000,0,0.8503941893577576
evaluation-71402-tar-000,1,0.7938652634620667
evaluation-71402-non-000,0,0.8730137348175049
evaluation-71441-tar-000,1,0.8736659288406372
evaluation-71441-non-000,0,0.8520344495773315
evaluation-71457-tar-000,1,0.9221413135528564
evaluation-71457-non-000,0,0.847341775894165
evaluation-7149-tar-000,1,0.8296492099761963
evaluation-7149-non-000,0,0.806952714920044
evaluation-71528-tar-000,1,0.9080080986022949
evaluation-71528-non-000,0,0.868078351020813
evaluation-71594-tar-000,1,0.9001233577728271
evaluation-71594-non-000,0,0.792888343334198
evaluation-7174-tar-000,1,0.9005632400512695
evaluation-7174-non-000,0,0.8375637531280518
evaluation-7177-tar-000,1,0.9021872282028198
evaluation-7177-non-000,0,0.8206685781478882
evaluation-71798-tar-000,1,0.8927438259124756
evaluation-71798-non-000,0,0.7884972095489502
evaluation-71839-tar-000,1,0.8708785772323608
evaluation-71839-non-000,0,0.8372354507446289
evaluation-71924-tar-000,1,0.8790804147720337
evaluation-71924-non-000,0,0.7922981977462769
evaluation-72009-tar-000,1,0.8902164697647095
evaluation-72009-non-000,0,0.8018229007720947
evaluation-72017-tar-000,1,0.8832910060882568
evaluation-72017-non-000,0,0.822062075138092
evaluation-72078-tar-000,1,0.8813883066177368
evaluation-72078-non-000,0,0.8551631569862366
evaluation-7211-tar-000,1,0.8598719835281372
evaluation-7211-non-000,0,0.8702260851860046
evaluation-7214-tar-000,1,0.8659861087799072
evaluation-7214-non-000,0,0.8289121389389038
evaluation-72182-tar-000,1,0.8948447704315186
evaluation-72182-non-000,0,0.8593540787696838
evaluation-72221-tar-000,1,0.902606725692749
evaluation-72221-non-000,0,0.8388170003890991
evaluation-7225-tar-000,1,0.920876145362854
evaluation-7225-non-000,0,0.8127180337905884
evaluation-72267-tar-000,1,0.9024596214294434
evaluation-72267-non-000,0,0.8237941265106201
evaluation-7228-tar-000,1,0.8658936023712158
evaluation-7228-non-000,0,0.8442783355712891
evaluation-72328-tar-000,1,0.8847144246101379
evaluation-72328-non-000,0,0.8663079738616943
evaluation-72355-tar-000,1,0.9124909043312073
evaluation-72355-non-000,0,0.8733322620391846
evaluation-72531-tar-000,1,0.9145665168762207
evaluation-72531-non-000,0,0.8031651973724365
evaluation-7259-tar-000,1,0.829798698425293
evaluation-7259-non-000,0,0.8515506386756897
evaluation-72646-tar-000,1,0.9216921329498291
evaluation-72646-non-000,0,0.7834407091140747
evaluation-72685-tar-000,1,0.8899370431900024
evaluation-72685-non-000,0,0.8706248998641968
evaluation-72718-tar-000,1,0.8485740423202515
evaluation-72718-non-000,0,0.8496444225311279
evaluation-72731-tar-000,1,0.8910856246948242
evaluation-72731-non-000,0,0.8806414604187012
evaluation-72800-tar-000,1,0.8948937654495239
evaluation-72800-non-000,0,0.7986252307891846
evaluation-7285-tar-000,1,0.867990255355835
evaluation-7285-non-000,0,0.7894041538238525
evaluation-7290-tar-000,1,0.8796083927154541
evaluation-7290-non-000,0,0.8539777994155884
evaluation-7302-tar-000,1,0.8003448247909546
evaluation-7302-non-000,0,0.9016684293746948
evaluation-73086-tar-000,1,0.936698317527771
evaluation-73086-non-000,0,0.7916961908340454
evaluation-7314-tar-000,1,0.9243499636650085
evaluation-7314-non-000,0,0.898986279964447
evaluation-73366-tar-000,1,0.8781900405883789
evaluation-73366-non-000,0,0.8139348030090332
evaluation-73396-tar-000,1,0.8649686574935913
evaluation-73396-non-000,0,0.8565444350242615
evaluation-7343-tar-000,1,0.8664075136184692
evaluation-7343-non-000,0,0.8072891235351562
evaluation-73465-tar-000,1,0.8827344179153442
evaluation-73465-non-000,0,0.7795816659927368
evaluation-7350-tar-000,1,0.9124594926834106
evaluation-7350-non-000,0,0.7858010530471802
evaluation-7353-tar-000,1,0.8834664821624756
evaluation-7353-non-000,0,0.7823502421379089
evaluation-7354-tar-000,1,0.8939222097396851
evaluation-7354-non-000,0,0.8316033482551575
evaluation-73660-tar-000,1,0.9154047966003418
evaluation-73660-non-000,0,0.828715443611145
evaluation-73814-tar-000,1,0.9255784749984741
evaluation-73814-non-000,0,0.8523877263069153
evaluation-73858-tar-000,1,0.9082431793212891
evaluation-73858-non-000,0,0.7957016229629517
evaluation-73923-tar-000,1,0.8949998617172241
evaluation-73923-non-000,0,0.8474113941192627
evaluation-73995-tar-000,1,0.89400714635849
evaluation-73995-non-000,0,0.8626270294189453
evaluation-74014-tar-000,1,0.8474826812744141
evaluation-74014-non-000,0,0.7740843296051025
evaluation-74028-tar-000,1,0.8421792984008789
evaluation-74028-non-000,0,0.8017706274986267
evaluation-74033-tar-000,1,0.9049748778343201
evaluation-74033-non-000,0,0.8661618232727051
evaluation-7406-tar-000,1,0.8447772264480591
evaluation-7406-non-000,0,0.8401165008544922
evaluation-7408-tar-000,1,0.8218015432357788
evaluation-7408-non-000,0,0.8473554849624634
evaluation-74110-tar-000,1,0.8610628247261047
evaluation-74110-non-000,0,0.7595115900039673
evaluation-74179-tar-000,1,0.9044681191444397
evaluation-74179-non-000,0,0.8399718999862671
evaluation-74195-tar-000,1,0.893101692199707
evaluation-74195-non-000,0,0.8453822135925293
evaluation-74234-tar-000,1,0.8675413131713867
evaluation-74234-non-000,0,0.782812237739563
evaluation-74250-tar-000,1,0.820061445236206
evaluation-74250-non-000,0,0.8577374815940857
evaluation-7428-tar-000,1,0.8798689842224121
evaluation-7428-non-000,0,0.8236457109451294
evaluation-74324-tar-000,1,0.8510594964027405
evaluation-74324-non-000,0,0.7902163863182068
evaluation-74335-tar-000,1,0.7907068729400635
evaluation-74335-non-000,0,0.8637057542800903
evaluation-74357-tar-000,1,0.8858832120895386
evaluation-74357-non-000,0,0.7919690608978271
evaluation-7438-tar-000,1,0.854190468788147
evaluation-7438-non-000,0,0.8701305985450745
evaluation-74388-tar-000,1,0.8789252638816833
evaluation-74388-non-000,0,0.7606201171875
evaluation-74481-tar-000,1,0.9120800495147705
evaluation-74481-non-000,0,0.907023549079895
evaluation-74599-tar-000,1,0.8474389910697937
evaluation-74599-non-000,0,0.9101543426513672
evaluation-74720-tar-000,1,0.8947601914405823
evaluation-74720-non-000,0,0.7469483613967896
evaluation-74745-tar-000,1,0.7879688739776611
evaluation-74745-non-000,0,0.8527589440345764
evaluation-74783-tar-000,1,0.894087553024292
evaluation-74783-non-000,0,0.7152603268623352
evaluation-74953-tar-000,1,0.8841891884803772
evaluation-74953-non-000,0,0.8512599468231201
evaluation-7500-tar-000,1,0.8062307238578796
evaluation-7500-non-000,0,0.7312483787536621
evaluation-75011-tar-000,1,0.8533921837806702
evaluation-75011-non-000,0,0.7090388536453247
evaluation-7511-tar-000,1,0.8463677167892456
evaluation-7511-non-000,0,0.8364576101303101
evaluation-75157-tar-000,1,0.9083515405654907
evaluation-75157-non-000,0,0.9079550504684448
evaluation-7516-tar-000,1,0.8941104412078857
evaluation-7516-non-000,0,0.7986149787902832
evaluation-75176-tar-000,1,0.8915480971336365
evaluation-75176-non-000,0,0.8163420557975769
evaluation-75192-tar-000,1,0.7106342911720276
evaluation-75192-non-000,0,0.8050620555877686
evaluation-7536-tar-000,1,0.854000449180603
evaluation-7536-non-000,0,0.8326522707939148
evaluation-7544-tar-000,1,0.9214826822280884
evaluation-7544-non-000,0,0.7768959403038025
evaluation-75442-tar-000,1,0.8805439472198486
evaluation-75442-non-000,0,0.8863564729690552
evaluation-75448-tar-000,1,0.8387765884399414
evaluation-75448-non-000,0,0.8392218351364136
evaluation-75451-tar-000,1,0.853604793548584
evaluation-75451-non-000,0,0.7967606782913208
evaluation-75555-tar-000,1,0.862490177154541
evaluation-75555-non-000,0,0.8371981978416443
evaluation-75690-tar-000,1,0.8619968891143799
evaluation-75690-non-000,0,0.7913278341293335
evaluation-75753-tar-000,1,0.8509664535522461
evaluation-75753-non-000,0,0.8004646301269531
evaluation-75802-tar-000,1,0.883072018623352
evaluation-75802-non-000,0,0.7788455486297607
evaluation-75849-tar-000,1,0.8800995945930481
evaluation-75849-non-000,0,0.8748577237129211
evaluation-75860-tar-000,1,0.8733514547348022
evaluation-75860-non-000,0,0.8293195366859436
evaluation-75874-tar-000,1,0.9116733074188232
evaluation-75874-non-000,0,0.846427321434021
evaluation-75945-tar-000,1,0.897458016872406
evaluation-75945-non-000,0,0.7439557313919067
evaluation-7604-tar-000,1,0.8457851409912109
evaluation-7604-non-000,0,0.8158501982688904
evaluation-76085-tar-000,1,0.8614321947097778
evaluation-76085-non-000,0,0.8621402978897095
evaluation-76101-tar-000,1,0.9079444408416748
evaluation-76101-non-000,0,0.8751909136772156
evaluation-7617-tar-000,1,0.8821654319763184
evaluation-7617-non-000,0,0.8177350759506226
evaluation-76192-tar-000,1,0.888214111328125
evaluation-76192-non-000,0,0.8071051836013794
evaluation-76247-tar-000,1,0.7899854183197021
evaluation-76247-non-000,0,0.7950437068939209
evaluation-76299-tar-000,1,0.8796175718307495
evaluation-76299-non-000,0,0.8253775238990784
evaluation-76420-tar-000,1,0.8869968056678772
evaluation-76420-non-000,0,0.8469061851501465
evaluation-7645-tar-000,1,0.9129756093025208
evaluation-7645-non-000,0,0.8651041984558105
evaluation-76453-tar-000,1,0.8673649430274963
evaluation-76453-non-000,0,0.7479667067527771
evaluation-7646-tar-000,1,0.913145899772644
evaluation-7646-non-000,0,0.8138324022293091
evaluation-7654-tar-000,1,0.8228000402450562
evaluation-7654-non-000,0,0.8658714890480042
evaluation-7655-tar-000,1,0.8790795803070068
evaluation-7655-non-000,0,0.8481049537658691
evaluation-76585-tar-000,1,0.9157373309135437
evaluation-76585-non-000,0,0.8430634140968323
evaluation-76695-tar-000,1,0.8355940580368042
evaluation-76695-non-000,0,0.8470814228057861
evaluation-76719-tar-000,1,0.832516074180603
evaluation-76719-non-000,0,0.8557800054550171
evaluation-76725-tar-000,1,0.876191258430481
evaluation-76725-non-000,0,0.7942903637886047
evaluation-7679-tar-000,1,0.882371187210083
evaluation-7679-non-000,0,0.8362940549850464
evaluation-76862-tar-000,1,0.871423602104187
evaluation-76862-non-000,0,0.7968623638153076
evaluation-77101-tar-000,1,0.8714962005615234
evaluation-77101-non-000,0,0.756689190864563
evaluation-7712-tar-000,1,0.8582128286361694
evaluation-7712-non-000,0,0.8938165903091431
evaluation-77175-tar-000,1,0.9143427610397339
evaluation-77175-non-000,0,0.79300457239151
evaluation-7721-tar-000,1,0.8956944942474365
evaluation-7721-non-000,0,0.8081949949264526
evaluation-7726-tar-000,1,0.9011580348014832
evaluation-7726-non-000,0,0.7880309224128723
evaluation-7728-tar-000,1,0.86368727684021
evaluation-7728-non-000,0,0.7924952507019043
evaluation-7735-tar-000,1,0.8609665632247925
evaluation-7735-non-000,0,0.8361568450927734
evaluation-77351-tar-000,1,0.8244561553001404
evaluation-77351-non-000,0,0.8728812336921692
evaluation-77376-tar-000,1,0.9113783836364746
evaluation-77376-non-000,0,0.8064391613006592
evaluation-77486-tar-000,1,0.865138053894043
evaluation-77486-non-000,0,0.7626694440841675
evaluation-7750-tar-000,1,0.8717111945152283
evaluation-7750-non-000,0,0.8181012868881226
evaluation-77571-tar-000,1,0.8876243829727173
evaluation-77571-non-000,0,0.8685191869735718
evaluation-77656-tar-000,1,0.8999483585357666
evaluation-77656-non-000,0,0.8875061273574829
evaluation-77851-tar-000,1,0.898143470287323
evaluation-77851-non-000,0,0.6748368740081787
evaluation-77854-tar-000,1,0.915526807308197
evaluation-77854-non-000,0,0.8894832730293274
evaluation-77879-tar-000,1,0.8515703678131104
evaluation-77879-non-000,0,0.8035993576049805
evaluation-7789-tar-000,1,0.8646789789199829
evaluation-7789-non-000,0,0.8624459505081177
evaluation-7790-tar-000,1,0.8861098885536194
evaluation-7790-non-000,0,0.8134363889694214
evaluation-7810-tar-000,1,0.8756000399589539
evaluation-7810-non-000,0,0.7852663993835449
evaluation-78247-tar-000,1,0.9253702759742737
evaluation-78247-non-000,0,0.7443302869796753
evaluation-78249-tar-000,1,0.8878086805343628
evaluation-78249-non-000,0,0.8104825615882874
evaluation-7827-tar-000,1,0.8688230514526367
evaluation-7827-non-000,0,0.840801477432251
evaluation-78370-tar-000,1,0.8869031667709351
evaluation-78370-non-000,0,0.8636189699172974
evaluation-78400-tar-000,1,0.9105527997016907
evaluation-78400-non-000,0,0.8201119899749756
evaluation-78436-tar-000,1,0.9128860235214233
evaluation-78436-non-000,0,0.8259219527244568
evaluation-78444-tar-000,1,0.8667768239974976
evaluation-78444-non-000,0,0.8100095987319946
evaluation-7846-tar-000,1,0.8475686311721802
evaluation-7846-non-000,0,0.8171200752258301
evaluation-7848-tar-000,1,0.8648641705513
evaluation-7848-non-000,0,0.8393470048904419
evaluation-7849-tar-000,1,0.8811656832695007
evaluation-7849-non-000,0,0.8594717979431152
evaluation-78540-tar-000,1,0.8625799417495728
evaluation-78540-non-000,0,0.8933130502700806
evaluation-78571-tar-000,1,0.9169013500213623
evaluation-78571-non-000,0,0.868042528629303
evaluation-78576-tar-000,1,0.8916672468185425
evaluation-78576-non-000,0,0.827793300151825
evaluation-78584-tar-000,1,0.8209433555603027
evaluation-78584-non-000,0,0.8586766123771667
evaluation-78615-tar-000,1,0.8694835305213928
evaluation-78615-non-000,0,0.8412674069404602
evaluation-78675-tar-000,1,0.934736430644989
evaluation-78675-non-000,0,0.8356350660324097
evaluation-78752-tar-000,1,0.9190484285354614
evaluation-78752-non-000,0,0.8576363325119019
evaluation-7878-tar-000,1,0.8817514181137085
evaluation-7878-non-000,0,0.8327814936637878
evaluation-78782-tar-000,1,0.8567289113998413
evaluation-78782-non-000,0,0.7083042860031128
evaluation-78815-tar-000,1,0.8573858737945557
evaluation-78815-non-000,0,0.8124605417251587
evaluation-78826-tar-000,1,0.8693737387657166
evaluation-78826-non-000,0,0.7944276332855225
evaluation-78887-tar-000,1,0.8522534966468811
evaluation-78887-non-000,0,0.7764546871185303
evaluation-78963-tar-000,1,0.8480387926101685
evaluation-78963-non-000,0,0.8116266131401062
evaluation-78972-tar-000,1,0.7764886617660522
evaluation-78972-non-000,0,0.8545287251472473
evaluation-79095-tar-000,1,0.8702374696731567
evaluation-79095-non-000,0,0.8962792754173279
evaluation-79255-tar-000,1,0.9009711742401123
evaluation-79255-non-000,0,0.8496105670928955
evaluation-79474-tar-000,1,0.8543157577514648
evaluation-79474-non-000,0,0.7942779064178467
evaluation-79521-tar-000,1,0.901742696762085
evaluation-79521-non-000,0,0.8635287284851074
evaluation-79581-tar-000,1,0.8052563667297363
evaluation-79581-non-000,0,0.8068574666976929
evaluation-7964-tar-000,1,0.8952512145042419
evaluation-7964-non-000,0,0.90904700756073
evaluation-7972-tar-000,1,0.9056110382080078
evaluation-7972-non-000,0,0.8804605007171631
evaluation-79776-tar-000,1,0.8864859342575073
evaluation-79776-non-000,0,0.7907617092132568
evaluation-79798-tar-000,1,0.76814866065979
evaluation-79798-non-000,0,0.8880321979522705
evaluation-79807-tar-000,1,0.8877511024475098
evaluation-79807-non-000,0,0.8213732838630676
evaluation-7983-tar-000,1,0.9023361206054688
evaluation-7983-non-000,0,0.8209400177001953
evaluation-79843-tar-000,1,0.8527734279632568
evaluation-79843-non-000,0,0.9068917036056519
evaluation-7989-tar-000,1,0.8383589386940002
evaluation-7989-non-000,0,0.8551886081695557
evaluation-79980-tar-000,1,0.866402804851532
evaluation-79980-non-000,0,0.8775639533996582
evaluation-79991-tar-000,1,0.9173555970191956
evaluation-79991-non-000,0,0.7794787287712097
evaluation-80153-tar-000,1,0.8713802099227905
evaluation-80153-non-000,0,0.788462221622467
evaluation-80180-tar-000,1,0.8741878867149353
evaluation-80180-non-000,0,0.853397786617279
evaluation-8019-tar-000,1,0.894400417804718
evaluation-8019-non-000,0,0.86495041847229
evaluation-80210-tar-000,1,0.827628493309021
evaluation-80210-non-000,0,0.7903017997741699
evaluation-80221-tar-000,1,0.8816303014755249
evaluation-80221-non-000,0,0.8455513715744019
evaluation-8023-tar-000,1,0.8921393156051636
evaluation-8023-non-000,0,0.8164304494857788
evaluation-8027-tar-000,1,0.8673272132873535
evaluation-8027-non-000,0,0.8775277137756348
evaluation-8028-tar-000,1,0.9007768630981445
evaluation-8028-non-000,0,0.797705888748169
evaluation-80353-tar-000,1,0.8784464597702026
evaluation-80353-non-000,0,0.8822844624519348
evaluation-8041-tar-000,1,0.8734564185142517
evaluation-8041-non-000,0,0.8105281591415405
evaluation-80449-tar-000,1,0.9046833515167236
evaluation-80449-non-000,0,0.8745524883270264
evaluation-80504-tar-000,1,0.8993713855743408
evaluation-80504-non-000,0,0.8598172068595886
evaluation-8068-tar-000,1,0.8875954151153564
evaluation-8068-non-000,0,0.8294191360473633
evaluation-80710-tar-000,1,0.8273144364356995
evaluation-80710-non-000,0,0.8245935440063477
evaluation-80773-tar-000,1,0.8695393800735474
evaluation-80773-non-000,0,0.889602780342102
evaluation-80793-tar-000,1,0.8785638213157654
evaluation-80793-non-000,0,0.8301637172698975
evaluation-80798-tar-000,1,0.8821179866790771
evaluation-80798-non-000,0,0.8572025299072266
evaluation-80806-tar-000,1,0.8447054028511047
evaluation-80806-non-000,0,0.8126083016395569
evaluation-80900-tar-000,1,0.9089568853378296
evaluation-80900-non-000,0,0.7363042831420898
evaluation-80935-tar-000,1,0.8392049074172974
evaluation-80935-non-000,0,0.8658708930015564
evaluation-80938-tar-000,1,0.8627005219459534
evaluation-80938-non-000,0,0.8788851499557495
evaluation-8097-tar-000,1,0.8749164938926697
evaluation-8097-non-000,0,0.8024687767028809
evaluation-81034-tar-000,1,0.8931525945663452
evaluation-81034-non-000,0,0.7770061492919922
evaluation-81103-tar-000,1,0.8712748289108276
evaluation-81103-non-000,0,0.743696391582489
evaluation-81106-tar-000,1,0.8964092135429382
evaluation-81106-non-000,0,0.7932167649269104
evaluation-81111-tar-000,1,0.9191714525222778
evaluation-81111-non-000,0,0.8549968004226685
evaluation-81119-tar-000,1,0.9014092087745667
evaluation-81119-non-000,0,0.8203170299530029
evaluation-81128-tar-000,1,0.879932165145874
evaluation-81128-non-000,0,0.853649377822876
evaluation-81174-tar-000,1,0.9191674590110779
evaluation-81174-non-000,0,0.8525433540344238
evaluation-81271-tar-000,1,0.8653712868690491
evaluation-81271-non-000,0,0.8619096279144287
evaluation-81276-tar-000,1,0.8455943465232849
evaluation-81276-non-000,0,0.8767608404159546
evaluation-81309-tar-000,1,0.912407636642456
evaluation-81309-non-000,0,0.7685115933418274
evaluation-8143-tar-000,1,0.9183181524276733
evaluation-8143-non-000,0,0.7761900424957275
evaluation-81441-tar-000,1,0.8926741480827332
evaluation-81441-non-000,0,0.8882218599319458
evaluation-81455-tar-000,1,0.8940490484237671
evaluation-81455-non-000,0,0.6958867311477661
evaluation-81823-tar-000,1,0.8667335510253906
evaluation-81823-non-000,0,0.8448461294174194
evaluation-8185-tar-000,1,0.8670026063919067
evaluation-8185-non-000,0,0.8313140869140625
evaluation-81858-tar-000,1,0.8915277719497681
evaluation-81858-non-000,0,0.8308092355728149
evaluation-8191-tar-000,1,0.8786901235580444
evaluation-8191-non-000,0,0.8311818242073059
evaluation-81913-tar-000,1,0.9309896230697632
evaluation-81913-non-000,0,0.8719311952590942
evaluation-81963-tar-000,1,0.8954803347587585
evaluation-81963-non-000,0,0.8729943037033081
evaluation-8203-tar-000,1,0.8486409783363342
evaluation-8203-non-000,0,0.8848697543144226
evaluation-82040-tar-000,1,0.90049147605896
evaluation-82040-non-000,0,0.8537318706512451
evaluation-8210-tar-000,1,0.8854745626449585
evaluation-8210-non-000,0,0.8286184072494507
evaluation-8215-tar-000,1,0.8920632004737854
evaluation-8215-non-000,0,0.8546244502067566
evaluation-8216-tar-000,1,0.9037692546844482
evaluation-8216-non-000,0,0.7514398097991943
evaluation-8219-tar-000,1,0.9077472686767578
evaluation-8219-non-000,0,0.7780014276504517
evaluation-82273-tar-000,1,0.873013973236084
evaluation-82273-non-000,0,0.8619484305381775
evaluation-82342-tar-000,1,0.8835095167160034
evaluation-82342-non-000,0,0.7736356258392334
evaluation-8236-tar-000,1,0.7879571914672852
evaluation-8236-non-000,0,0.847139835357666
evaluation-82421-tar-000,1,0.9074736833572388
evaluation-82421-non-000,0,0.7153587341308594
evaluation-82603-tar-000,1,0.8960270881652832
evaluation-82603-non-000,0,0.8748435974121094
evaluation-82641-tar-000,1,0.8602113127708435
evaluation-82641-non-000,0,0.8554646372795105
evaluation-82842-tar-000,1,0.8963818550109863
evaluation-82842-non-000,0,0.8108203411102295
evaluation-82847-tar-000,1,0.8843527436256409
evaluation-82847-non-000,0,0.8426356911659241
evaluation-8299-tar-000,1,0.893873393535614
evaluation-8299-non-000,0,0.8173534870147705
evaluation-83006-tar-000,1,0.8753318786621094
evaluation-83006-non-000,0,0.8103950023651123
evaluation-83028-tar-000,1,0.8617734909057617
evaluation-83028-non-000,0,0.8463299870491028
evaluation-83094-tar-000,1,0.8415737152099609
evaluation-83094-non-000,0,0.8392656445503235
evaluation-83204-tar-000,1,0.9227439761161804
evaluation-83204-non-000,0,0.7275774478912354
evaluation-8328-tar-000,1,0.8182870149612427
evaluation-8328-non-000,0,0.8172366619110107
evaluation-8335-tar-000,1,0.8977841138839722
evaluation-8335-non-000,0,0.8181291818618774
evaluation-83355-tar-000,1,0.8724007606506348
evaluation-83355-non-000,0,0.7935574650764465
evaluation-83674-tar-000,1,0.8957483172416687
evaluation-83674-non-000,0,0.8675180673599243
evaluation-83696-tar-000,1,0.8842813968658447
evaluation-83696-non-000,0,0.8100671768188477
evaluation-8383-tar-000,1,0.8741933107376099
evaluation-8383-non-000,0,0.8346771001815796
evaluation-83839-tar-000,1,0.9154794216156006
evaluation-83839-non-000,0,0.8004758358001709
evaluation-83905-tar-000,1,0.9078307151794434
evaluation-83905-non-000,0,0.8919585943222046
evaluation-83918-tar-000,1,0.9066264629364014
evaluation-83918-non-000,0,0.8960962295532227
evaluation-83927-tar-000,1,0.8772951364517212
evaluation-83927-non-000,0,0.8314105868339539
evaluation-83995-tar-000,1,0.8817378282546997
evaluation-83995-non-000,0,0.8298742175102234
evaluation-8407-tar-000,1,0.8825674057006836
evaluation-8407-non-000,0,0.8240878582000732
evaluation-84075-tar-000,1,0.7947933673858643
evaluation-84075-non-000,0,0.773310661315918
evaluation-84160-tar-000,1,0.9005107879638672
evaluation-84160-non-000,0,0.8296872973442078
evaluation-84187-tar-000,1,0.9120908975601196
evaluation-84187-non-000,0,0.7884796261787415
evaluation-84300-tar-000,1,0.8075563907623291
evaluation-84300-non-000,0,0.8972805738449097
evaluation-84457-tar-000,1,0.9256482124328613
evaluation-84457-non-000,0,0.7772713899612427
evaluation-84512-tar-000,1,0.9053601026535034
evaluation-84512-non-000,0,0.8453038334846497
evaluation-8452-tar-000,1,0.9085322618484497
evaluation-8452-non-000,0,0.8599416017532349
evaluation-8453-tar-000,1,0.8586453199386597
evaluation-8453-non-000,0,0.5872106552124023
evaluation-84544-tar-000,1,0.8336141705513
evaluation-84544-non-000,0,0.7737385034561157
evaluation-84547-tar-000,1,0.8501659631729126
evaluation-84547-non-000,0,0.7049551606178284
evaluation-84649-tar-000,1,0.8769822120666504
evaluation-84649-non-000,0,0.8577848672866821
evaluation-84693-tar-000,1,0.8215442895889282
evaluation-84693-non-000,0,0.8928015828132629
evaluation-84704-tar-000,1,0.8726106882095337
evaluation-84704-non-000,0,0.853529155254364
evaluation-84753-tar-000,1,0.9290051460266113
evaluation-84753-non-000,0,0.8846652507781982
evaluation-84929-tar-000,1,0.895737886428833
evaluation-84929-non-000,0,0.8034846782684326
evaluation-8494-tar-000,1,0.9051594138145447
evaluation-8494-non-000,0,0.849243700504303
evaluation-8502-tar-000,1,0.8999010920524597
evaluation-8502-non-000,0,0.8787000179290771
evaluation-85201-tar-000,1,0.8678048849105835
evaluation-85201-non-000,0,0.7566037178039551
evaluation-8522-tar-000,1,0.8990391492843628
evaluation-8522-non-000,0,0.8401355147361755
evaluation-8527-tar-000,1,0.911461353302002
evaluation-8527-non-000,0,0.8408209085464478
evaluation-85286-tar-000,1,0.881760835647583
evaluation-85286-non-000,0,0.8801171779632568
evaluation-85319-tar-000,1,0.9150042533874512
evaluation-85319-non-000,0,0.837035596370697
evaluation-85396-tar-000,1,0.9006998538970947
evaluation-85396-non-000,0,0.8118178844451904
evaluation-85421-tar-000,1,0.8905425667762756
evaluation-85421-non-000,0,0.8551583290100098
evaluation-8557-tar-000,1,0.8370819687843323
evaluation-8557-non-000,0,0.8323884010314941
evaluation-85676-tar-000,1,0.8206980228424072
evaluation-85676-non-000,0,0.8575702905654907
evaluation-85750-tar-000,1,0.9175059795379639
evaluation-85750-non-000,0,0.7571106553077698
evaluation-85778-tar-000,1,0.8651522397994995
evaluation-85778-non-000,0,0.80260169506073
evaluation-85871-tar-000,1,0.8998684883117676
evaluation-85871-non-000,0,0.8444643616676331
evaluation-8602-tar-000,1,0.8459610939025879
evaluation-8602-non-000,0,0.7822769284248352
evaluation-86107-tar-000,1,0.8202256560325623
evaluation-86107-non-000,0,0.8164685964584351
evaluation-8614-tar-000,1,0.8700830936431885
evaluation-8614-non-000,0,0.8662624359130859
evaluation-86151-tar-000,1,0.8550703525543213
evaluation-86151-non-000,0,0.7828371524810791
evaluation-86198-tar-000,1,0.8924319744110107
evaluation-86198-non-000,0,0.8811920881271362
evaluation-86245-tar-000,1,0.924797534942627
evaluation-86245-non-000,0,0.8149384260177612
evaluation-8628-tar-000,1,0.9158015251159668
evaluation-8628-non-000,0,0.8475357890129089
evaluation-8630-tar-000,1,0.8744050860404968
evaluation-8630-non-000,0,0.8158156275749207
evaluation-86376-tar-000,1,0.8832811117172241
evaluation-86376-non-000,0,0.8208874464035034
evaluation-8639-tar-000,1,0.8505840301513672
evaluation-8639-non-000,0,0.8450345993041992
evaluation-8640-tar-000,1,0.8969780206680298
evaluation-8640-non-000,0,0.8416885137557983
evaluation-86470-tar-000,1,0.8562167882919312
evaluation-86470-non-000,0,0.8475449681282043
evaluation-86478-tar-000,1,0.9136319160461426
evaluation-86478-non-000,0,0.7465330362319946
evaluation-86519-tar-000,1,0.9015657901763916
evaluation-86519-non-000,0,0.8333534002304077
evaluation-86577-tar-000,1,0.7292913198471069
evaluation-86577-non-000,0,0.7021281719207764
evaluation-86591-tar-000,1,0.9302923679351807
evaluation-86591-non-000,0,0.7724677324295044
evaluation-86799-tar-000,1,0.886393129825592
evaluation-86799-non-000,0,0.8102338314056396
evaluation-86926-tar-000,1,0.840717077255249
evaluation-86926-non-000,0,0.8139700293540955
evaluation-86945-tar-000,1,0.8049873113632202
evaluation-86945-non-000,0,0.8196147084236145
evaluation-8697-tar-000,1,0.8562965393066406
evaluation-8697-non-000,0,0.8777443170547485
evaluation-87016-tar-000,1,0.898021936416626
evaluation-87016-non-000,0,0.8029576539993286
evaluation-87176-tar-000,1,0.8806230425834656
evaluation-87176-non-000,0,0.876235842704773
evaluation-8724-tar-000,1,0.8870002031326294
evaluation-8724-non-000,0,0.7691011428833008
evaluation-87313-tar-000,1,0.8909456729888916
evaluation-87313-non-000,0,0.8605916500091553
evaluation-87338-tar-000,1,0.879853367805481
evaluation-87338-non-000,0,0.8807722926139832
evaluation-87362-tar-000,1,0.9152006506919861
evaluation-87362-non-000,0,0.7716697454452515
evaluation-87450-tar-000,1,0.8803130388259888
evaluation-87450-non-000,0,0.8465001583099365
evaluation-8746-tar-000,1,0.8611654043197632
evaluation-8746-non-000,0,0.8299189805984497
evaluation-8756-tar-000,1,0.9268519878387451
evaluation-8756-non-000,0,0.796700656414032
evaluation-87577-tar-000,1,0.8868021368980408
evaluation-87577-non-000,0,0.9078837037086487
evaluation-87601-tar-000,1,0.8689848184585571
evaluation-87601-non-000,0,0.8503893613815308
evaluation-8765-tar-000,1,0.894500732421875
evaluation-8765-non-000,0,0.7630343437194824
evaluation-87711-tar-000,1,0.8823122978210449
evaluation-87711-non-000,0,0.7036171555519104
evaluation-87720-tar-000,1,0.8171970844268799
evaluation-87720-non-000,0,0.8083901405334473
evaluation-87722-tar-000,1,0.8805633187294006
evaluation-87722-non-000,0,0.7722321152687073
evaluation-87876-tar-000,1,0.9150028228759766
evaluation-87876-non-000,0,0.8517812490463257
evaluation-87923-tar-000,1,0.9395070672035217
evaluation-87923-non-000,0,0.7645139098167419
evaluation-8796-tar-000,1,0.8939720392227173
evaluation-8796-non-000,0,0.7665079832077026
evaluation-8804-tar-000,1,0.9028464555740356
evaluation-8804-non-000,0,0.8952857851982117
evaluation-88060-tar-000,1,0.8791833519935608
evaluation-88060-non-000,0,0.7924555540084839
evaluation-8814-tar-000,1,0.8766589164733887
evaluation-8814-non-000,0,0.8496303558349609
evaluation-88156-tar-000,1,0.8996350169181824
evaluation-88156-non-000,0,0.83005690574646
evaluation-88170-tar-000,1,0.8478859663009644
evaluation-88170-non-000,0,0.8515002727508545
evaluation-88313-tar-000,1,0.9070100784301758
evaluation-88313-non-000,0,0.8597863912582397
evaluation-8836-tar-000,1,0.8861266374588013
evaluation-8836-non-000,0,0.8341209888458252
evaluation-88458-tar-000,1,0.8635066151618958
evaluation-88458-non-000,0,0.790560781955719
evaluation-88524-tar-000,1,0.9270927906036377
evaluation-88524-non-000,0,0.8410481214523315
evaluation-88576-tar-000,1,0.8879507780075073
evaluation-88576-non-000,0,0.8704690337181091
evaluation-88582-tar-000,1,0.911005973815918
evaluation-88582-non-000,0,0.8593671321868896
evaluation-88689-tar-000,1,0.804176390171051
evaluation-88689-non-000,0,0.8523330092430115
evaluation-88747-tar-000,1,0.9113906621932983
evaluation-88747-non-000,0,0.8639386892318726
evaluation-88780-tar-000,1,0.8913038372993469
evaluation-88780-non-000,0,0.8380303382873535
evaluation-88791-tar-000,1,0.9104408621788025
evaluation-88791-non-000,0,0.8708983063697815
evaluation-8896-tar-000,1,0.8848087191581726
evaluation-8896-non-000,0,0.8522071838378906
evaluation-89005-tar-000,1,0.8740551471710205
evaluation-89005-non-000,0,0.811398983001709
evaluation-89027-tar-000,1,0.9280329942703247
evaluation-89027-non-000,0,0.8226808905601501
evaluation-89054-tar-000,1,0.8984931707382202
evaluation-89054-non-000,0,0.8480349779129028
evaluation-89120-tar-000,1,0.9010485410690308
evaluation-89120-non-000,0,0.797855794429779
evaluation-89255-tar-000,1,0.8887057304382324
evaluation-89255-non-000,0,0.8667545318603516
evaluation-89335-tar-000,1,0.8792266845703125
evaluation-89335-non-000,0,0.8082586526870728
evaluation-89340-tar-000,1,0.9169884920120239
evaluation-89340-non-000,0,0.7500643730163574
evaluation-89346-tar-000,1,0.8312400579452515
evaluation-89346-non-000,0,0.8325141072273254
evaluation-89381-tar-000,1,0.8774300813674927
evaluation-89381-non-000,0,0.8171247243881226
evaluation-89557-tar-000,1,0.8452788591384888
evaluation-89557-non-000,0,0.8709827065467834
evaluation-89604-tar-000,1,0.922959566116333
evaluation-89604-non-000,0,0.8491106033325195
evaluation-89615-tar-000,1,0.8796877861022949
evaluation-89615-non-000,0,0.7285373210906982
evaluation-89631-tar-000,1,0.8750393390655518
evaluation-89631-non-000,0,0.7026795148849487
evaluation-89757-tar-000,1,0.8646899461746216
evaluation-89757-non-000,0,0.850558876991272
evaluation-89766-tar-000,1,0.8838021755218506
evaluation-89766-non-000,0,0.8209240436553955
evaluation-89782-tar-000,1,0.7798869013786316
evaluation-89782-non-000,0,0.815762996673584
evaluation-89818-tar-000,1,0.8162314891815186
evaluation-89818-non-000,0,0.8578394055366516
evaluation-89822-tar-000,1,0.8780801892280579
evaluation-89822-non-000,0,0.8468619585037231
evaluation-8983-tar-000,1,0.9105497002601624
evaluation-8983-non-000,0,0.6989480257034302
evaluation-90024-tar-000,1,0.9231971502304077
evaluation-90024-non-000,0,0.8172017335891724
evaluation-90032-tar-000,1,0.8683805465698242
evaluation-90032-non-000,0,0.812393307685852
evaluation-90038-tar-000,1,0.8863921165466309
evaluation-90038-non-000,0,0.8532803654670715
evaluation-90117-tar-000,1,0.8866673707962036
evaluation-90117-non-000,0,0.8410682678222656
evaluation-90145-tar-000,1,0.815330982208252
evaluation-90145-non-000,0,0.7961053848266602
evaluation-90148-tar-000,1,0.9327989816665649
evaluation-90148-non-000,0,0.8677095174789429
evaluation-90169-tar-000,1,0.89734947681427
evaluation-90169-non-000,0,0.8514271974563599
evaluation-90257-tar-000,1,0.8115679621696472
evaluation-90257-non-000,0,0.807458758354187
evaluation-90301-tar-000,1,0.9263297319412231
evaluation-90301-non-000,0,0.8344177007675171
evaluation-90304-tar-000,1,0.8603626489639282
evaluation-90304-non-000,0,0.7672707438468933
evaluation-90381-tar-000,1,0.8578482270240784
evaluation-90381-non-000,0,0.7667015790939331
evaluation-90414-tar-000,1,0.8808532953262329
evaluation-90414-non-000,0,0.84444260597229
evaluation-90469-tar-000,1,0.8862384557723999
evaluation-90469-non-000,0,0.821713924407959
evaluation-90562-tar-000,1,0.8795943260192871
evaluation-90562-non-000,0,0.7850778102874756
evaluation-90631-tar-000,1,0.9220553040504456
evaluation-90631-non-000,0,0.8306704759597778
evaluation-90862-tar-000,1,0.865082323551178
evaluation-90862-non-000,0,0.7810361385345459
evaluation-90875-tar-000,1,0.8320708870887756
evaluation-90875-non-000,0,0.8596445918083191
evaluation-90939-tar-000,1,0.858031690120697
evaluation-90939-non-000,0,0.8803532123565674
evaluation-9109-tar-000,1,0.8984135985374451
evaluation-9109-non-000,0,0.817622721195221
evaluation-91106-tar-000,1,0.9029567837715149
evaluation-91106-non-000,0,0.8875874280929565
evaluation-91166-tar-000,1,0.8056721091270447
evaluation-91166-non-000,0,0.8188026547431946
evaluation-91205-tar-000,1,0.8580061793327332
evaluation-91205-non-000,0,0.765899658203125
evaluation-9125-tar-000,1,0.9154094457626343
evaluation-9125-non-000,0,0.7526955008506775
evaluation-91433-tar-000,1,0.837594747543335
evaluation-91433-non-000,0,0.8266267776489258
evaluation-91441-tar-000,1,0.8719392418861389
evaluation-91441-non-000,0,0.8342351913452148
evaluation-91466-tar-000,1,0.879671573638916
evaluation-91466-non-000,0,0.8022579550743103
evaluation-9148-tar-000,1,0.8563681244850159
evaluation-9148-non-000,0,0.8044871091842651
evaluation-91496-tar-000,1,0.8810770511627197
evaluation-91496-non-000,0,0.7971653938293457
evaluation-91543-tar-000,1,0.8789349794387817
evaluation-91543-non-000,0,0.8690246343612671
evaluation-91642-tar-000,1,0.9182625412940979
evaluation-91642-non-000,0,0.8777360916137695
evaluation-9165-tar-000,1,0.8395463228225708
evaluation-9165-non-000,0,0.8118884563446045
evaluation-91719-tar-000,1,0.8161782026290894
evaluation-91719-non-000,0,0.8012666702270508
evaluation-9179-tar-000,1,0.8648627996444702
evaluation-9179-non-000,0,0.8574917912483215
evaluation-91798-tar-000,1,0.889794111251831
evaluation-91798-non-000,0,0.8019284605979919
evaluation-91823-tar-000,1,0.850096583366394
evaluation-91823-non-000,0,0.8525785803794861
evaluation-91886-tar-000,1,0.8578038811683655
evaluation-91886-non-000,0,0.7893909215927124
evaluation-9195-tar-000,1,0.8555078506469727
evaluation-9195-non-000,0,0.7025195360183716
evaluation-9197-tar-000,1,0.8105573058128357
evaluation-9197-non-000,0,0.8486967086791992
evaluation-91974-tar-000,1,0.9211589097976685
evaluation-91974-non-000,0,0.748346745967865
evaluation-92007-tar-000,1,0.8969491720199585
evaluation-92007-non-000,0,0.8060524463653564
evaluation-9210-tar-000,1,0.907007098197937
evaluation-9210-non-000,0,0.8032716512680054
evaluation-92133-tar-000,1,0.8711827993392944
evaluation-92133-non-000,0,0.7445903420448303
evaluation-92260-tar-000,1,0.8901541233062744
evaluation-92260-non-000,0,0.747873067855835
evaluation-9229-tar-000,1,0.825527548789978
evaluation-9229-non-000,0,0.7290546298027039
evaluation-9240-tar-000,1,0.9016092419624329
evaluation-9240-non-000,0,0.761682391166687
evaluation-9241-tar-000,1,0.8971990346908569
evaluation-9241-non-000,0,0.8557009696960449
evaluation-92438-tar-000,1,0.8740596771240234
evaluation-92438-non-000,0,0.8121594190597534
evaluation-92488-tar-000,1,0.9354873895645142
evaluation-92488-non-000,0,0.8944469094276428
evaluation-92630-tar-000,1,0.9063941240310669
evaluation-92630-non-000,0,0.8253730535507202
evaluation-92652-tar-000,1,0.88822340965271
evaluation-92652-non-000,0,0.8406304121017456
evaluation-92787-tar-000,1,0.8755048513412476
evaluation-92787-non-000,0,0.7668893337249756
evaluation-92825-tar-000,1,0.8176888227462769
evaluation-92825-non-000,0,0.7999216318130493
evaluation-92845-tar-000,1,0.858748197555542
evaluation-92845-non-000,0,0.8260821104049683
evaluation-92853-tar-000,1,0.9205197691917419
evaluation-92853-non-000,0,0.7680168151855469
evaluation-9286-tar-000,1,0.8510019779205322
evaluation-9286-non-000,0,0.7905542850494385
evaluation-9291-tar-000,1,0.7918745279312134
evaluation-9291-non-000,0,0.8919278383255005
evaluation-9303-tar-000,1,0.8452982306480408
evaluation-9303-non-000,0,0.8158485889434814
evaluation-93034-tar-000,1,0.8839808702468872
evaluation-93034-non-000,0,0.8037934303283691
evaluation-93042-tar-000,1,0.8678913116455078
evaluation-93042-non-000,0,0.796424925327301
evaluation-93169-tar-000,1,0.8585520386695862
evaluation-93169-non-000,0,0.5922511219978333
evaluation-93210-tar-000,1,0.9070197343826294
evaluation-93210-non-000,0,0.8294874429702759
evaluation-93279-tar-000,1,0.9185144901275635
evaluation-93279-non-000,0,0.801490306854248
evaluation-93375-tar-000,1,0.8522511720657349
evaluation-93375-non-000,0,0.7791060209274292
evaluation-93449-tar-000,1,0.8995365500450134
evaluation-93449-non-000,0,0.7949095368385315
evaluation-9355-tar-000,1,0.8832517862319946
evaluation-9355-non-000,0,0.7436496019363403
evaluation-93660-tar-000,1,0.8305383920669556
evaluation-93660-non-000,0,0.7991069555282593
evaluation-93718-tar-000,1,0.8776509761810303
evaluation-93718-non-000,0,0.8061102628707886
evaluation-93735-tar-000,1,0.8416266441345215
evaluation-93735-non-000,0,0.8664039373397827
evaluation-93740-tar-000,1,0.8037834167480469
evaluation-93740-non-000,0,0.7921484112739563
evaluation-93811-tar-000,1,0.8245612382888794
evaluation-93811-non-000,0,0.8551645278930664
evaluation-93853-tar-000,1,0.8629012107849121
evaluation-93853-non-000,0,0.8335483074188232
evaluation-93886-tar-000,1,0.8677416443824768
evaluation-93886-non-000,0,0.857795000076294
evaluation-93930-tar-000,1,0.8920614719390869
evaluation-93930-non-000,0,0.7691503763198853
evaluation-9403-tar-000,1,0.8616414070129395
evaluation-9403-non-000,0,0.7949931025505066
evaluation-9410-tar-000,1,0.847877025604248
evaluation-9410-non-000,0,0.8406027555465698
evaluation-94105-tar-000,1,0.8815380334854126
evaluation-94105-non-000,0,0.7959190607070923
evaluation-94125-tar-000,1,0.8719183802604675
evaluation-94125-non-000,0,0.7709261178970337
evaluation-94226-tar-000,1,0.9227453470230103
evaluation-94226-non-000,0,0.8139881491661072
evaluation-94267-tar-000,1,0.7897676229476929
evaluation-94267-non-000,0,0.6858570575714111
evaluation-94270-tar-000,1,0.870269238948822
evaluation-94270-non-000,0,0.8775702714920044
evaluation-94314-tar-000,1,0.8386095762252808
evaluation-94314-non-000,0,0.7593984007835388
evaluation-94421-tar-000,1,0.8284506797790527
evaluation-94421-non-000,0,0.7730372548103333
evaluation-94528-tar-000,1,0.8884724974632263
evaluation-94528-non-000,0,0.7676786780357361
evaluation-94550-tar-000,1,0.894449770450592
evaluation-94550-non-000,0,0.7980488538742065
evaluation-94586-tar-000,1,0.934999942779541
evaluation-94586-non-000,0,0.8877936005592346
evaluation-94633-tar-000,1,0.8868783712387085
evaluation-94633-non-000,0,0.8645983934402466
evaluation-94663-tar-000,1,0.8812277317047119
evaluation-94663-non-000,0,0.8542169332504272
evaluation-94668-tar-000,1,0.9377985596656799
evaluation-94668-non-000,0,0.84039306640625
evaluation-9469-tar-000,1,0.9291907548904419
evaluation-9469-non-000,0,0.8310887813568115
evaluation-94740-tar-000,1,0.8658599853515625
evaluation-94740-non-000,0,0.8631421327590942
evaluation-94828-tar-000,1,0.9005997776985168
evaluation-94828-non-000,0,0.8699913024902344
evaluation-9485-tar-000,1,0.8580498099327087
evaluation-9485-non-000,0,0.8117595314979553
evaluation-94855-tar-000,1,0.8509236574172974
evaluation-94855-non-000,0,0.8360915184020996
evaluation-94971-tar-000,1,0.825934886932373
evaluation-94971-non-000,0,0.8356096148490906
evaluation-95006-tar-000,1,0.8647785782814026
evaluation-95006-non-000,0,0.8756684064865112
evaluation-95020-tar-000,1,0.8759618401527405
evaluation-95020-non-000,0,0.7813855409622192
evaluation-95031-tar-000,1,0.8521032333374023
evaluation-95031-non-000,0,0.876686692237854
evaluation-95045-tar-000,1,0.9205183982849121
evaluation-95045-non-000,0,0.8541566133499146
evaluation-95072-tar-000,1,0.87815922498703
evaluation-95072-non-000,0,0.7962582111358643
evaluation-9512-tar-000,1,0.9024291634559631
evaluation-9512-non-000,0,0.8749899864196777
evaluation-95166-tar-000,1,0.8768680691719055
evaluation-95166-non-000,0,0.7982719540596008
evaluation-95174-tar-000,1,0.8834381103515625
evaluation-95174-non-000,0,0.7877352237701416
evaluation-95198-tar-000,1,0.8940959572792053
evaluation-95198-non-000,0,0.7840707302093506
evaluation-9522-tar-000,1,0.8948961496353149
evaluation-9522-non-000,0,0.8313148021697998
evaluation-95229-tar-000,1,0.9127306938171387
evaluation-95229-non-000,0,0.8898862600326538
evaluation-95295-tar-000,1,0.9094444513320923
evaluation-95295-non-000,0,0.8129212856292725
evaluation-95300-tar-000,1,0.8942080140113831
evaluation-95300-non-000,0,0.8355662822723389
evaluation-95303-tar-000,1,0.9311962127685547
evaluation-95303-non-000,0,0.8358948826789856
evaluation-95328-tar-000,1,0.9045045971870422
evaluation-95328-non-000,0,0.8440076112747192
evaluation-95388-tar-000,1,0.8947902917861938
evaluation-95388-non-000,0,0.8180204033851624
evaluation-9539-tar-000,1,0.8642488718032837
evaluation-9539-non-000,0,0.872541069984436
evaluation-95424-tar-000,1,0.8351101875305176
evaluation-95424-non-000,0,0.7605974078178406
evaluation-95459-tar-000,1,0.9110206365585327
evaluation-95459-non-000,0,0.8544305562973022
evaluation-9549-tar-000,1,0.8656129837036133
evaluation-9549-non-000,0,0.7754965424537659
evaluation-95789-tar-000,1,0.8380920886993408
evaluation-95789-non-000,0,0.8971039652824402
evaluation-95962-tar-000,1,0.8887694478034973
evaluation-95962-non-000,0,0.8185701966285706
evaluation-96017-tar-000,1,0.8951377868652344
evaluation-96017-non-000,0,0.8738124370574951
evaluation-96130-tar-000,1,0.8679900169372559
evaluation-96130-non-000,0,0.7713763117790222
evaluation-9620-tar-000,1,0.9094339609146118
evaluation-9620-non-000,0,0.8519333600997925
evaluation-96371-tar-000,1,0.8502382636070251
evaluation-96371-non-000,0,0.8425031900405884
evaluation-96418-tar-000,1,0.9071665406227112
evaluation-96418-non-000,0,0.7982882261276245
evaluation-96443-tar-000,1,0.9070729613304138
evaluation-96443-non-000,0,0.8709646463394165
evaluation-96577-tar-000,1,0.8717023730278015
evaluation-96577-non-000,0,0.8170559406280518
evaluation-96613-tar-000,1,0.8930491209030151
evaluation-96613-non-000,0,0.7947748899459839
evaluation-96643-tar-000,1,0.8898903131484985
evaluation-96643-non-000,0,0.8095667958259583
evaluation-9666-tar-000,1,0.8827431201934814
evaluation-9666-non-000,0,0.7062458992004395
evaluation-96665-tar-000,1,0.8876178860664368
evaluation-96665-non-000,0,0.7954086661338806
evaluation-96676-tar-000,1,0.8504823446273804
evaluation-96676-non-000,0,0.787797212600708
evaluation-96701-tar-000,1,0.8640110492706299
evaluation-96701-non-000,0,0.822888970375061
evaluation-96706-tar-000,1,0.8787508010864258
evaluation-96706-non-000,0,0.8719418048858643
evaluation-96712-tar-000,1,0.9253599643707275
evaluation-96712-non-000,0,0.8707300424575806
evaluation-96767-tar-000,1,0.875272274017334
evaluation-96767-non-000,0,0.8085557222366333
evaluation-96844-tar-000,1,0.8563364744186401
evaluation-96844-non-000,0,0.8366180658340454
evaluation-9696-tar-000,1,0.8468896150588989
evaluation-9696-non-000,0,0.7156734466552734
evaluation-96984-tar-000,1,0.9228241443634033
evaluation-96984-non-000,0,0.8469943404197693
evaluation-9705-tar-000,1,0.894981861114502
evaluation-9705-non-000,0,0.8293958902359009
evaluation-9706-tar-000,1,0.8936790227890015
evaluation-9706-non-000,0,0.9010833501815796
evaluation-97072-tar-000,1,0.9123733639717102
evaluation-97072-non-000,0,0.8505207300186157
evaluation-9737-tar-000,1,0.83180171251297
evaluation-9737-non-000,0,0.8088800311088562
evaluation-97434-tar-000,1,0.8941882252693176
evaluation-97434-non-000,0,0.8473309278488159
evaluation-9752-tar-000,1,0.8025189638137817
evaluation-9752-non-000,0,0.8295186758041382
evaluation-97550-tar-000,1,0.9130460023880005
evaluation-97550-non-000,0,0.7992382645606995
evaluation-97588-tar-000,1,0.8893798589706421
evaluation-97588-non-000,0,0.9179101586341858
evaluation-97624-tar-000,1,0.8594251871109009
evaluation-97624-non-000,0,0.8030994534492493
evaluation-9767-tar-000,1,0.8597357869148254
evaluation-9767-non-000,0,0.8389991521835327
evaluation-97695-tar-000,1,0.855566143989563
evaluation-97695-non-000,0,0.8513922691345215
evaluation-97860-tar-000,1,0.8691816329956055
evaluation-97860-non-000,0,0.8323470950126648
evaluation-97937-tar-000,1,0.8334379196166992
evaluation-97937-non-000,0,0.878347635269165
evaluation-97953-tar-000,1,0.8747833371162415
evaluation-97953-non-000,0,0.7697495818138123
evaluation-9817-tar-000,1,0.8894113302230835
evaluation-9817-non-000,0,0.8262565732002258
evaluation-9830-tar-000,1,0.9379239082336426
evaluation-9830-non-000,0,0.8565766215324402
evaluation-98327-tar-000,1,0.906671404838562
evaluation-98327-non-000,0,0.866776704788208
evaluation-9835-tar-000,1,0.8261069059371948
evaluation-9835-non-000,0,0.8496599793434143
evaluation-98459-tar-000,1,0.8582167625427246
evaluation-98459-non-000,0,0.8114904761314392
evaluation-98514-tar-000,1,0.8704186081886292
evaluation-98514-non-000,0,0.7670050859451294
evaluation-98588-tar-000,1,0.9140578508377075
evaluation-98588-non-000,0,0.8201866745948792
evaluation-9859-tar-000,1,0.8539263010025024
evaluation-9859-non-000,0,0.7785535454750061
evaluation-9863-tar-000,1,0.8713124990463257
evaluation-9863-non-000,0,0.7812527418136597
evaluation-9871-tar-000,1,0.8456696271896362
evaluation-9871-non-000,0,0.7829002141952515
evaluation-9872-tar-000,1,0.8734018802642822
evaluation-9872-non-000,0,0.7375016808509827
evaluation-98731-tar-000,1,0.851176381111145
evaluation-98731-non-000,0,0.8781638145446777
evaluation-98744-tar-000,1,0.8196325302124023
evaluation-98744-non-000,0,0.7697169780731201
evaluation-98821-tar-000,1,0.8851211071014404
evaluation-98821-non-000,0,0.8239061832427979
evaluation-99038-tar-000,1,0.8956661224365234
evaluation-99038-non-000,0,0.8502936959266663
evaluation-9904-tar-000,1,0.843481183052063
evaluation-9904-non-000,0,0.8917851448059082
evaluation-99123-tar-000,1,0.853173017501831
evaluation-99123-non-000,0,0.8328448534011841
evaluation-99148-tar-000,1,0.786563515663147
evaluation-99148-non-000,0,0.8703246116638184
evaluation-9915-tar-000,1,0.8567302227020264
evaluation-9915-non-000,0,0.8890683054924011
evaluation-99195-tar-000,1,0.9033877849578857
evaluation-99195-non-000,0,0.8715070486068726
evaluation-99206-tar-000,1,0.9015841484069824
evaluation-99206-non-000,0,0.7895658016204834
evaluation-99230-tar-000,1,0.8946347236633301
evaluation-99230-non-000,0,0.7563700079917908
evaluation-99241-tar-000,1,0.8950530290603638
evaluation-99241-non-000,0,0.7880338430404663
evaluation-9928-tar-000,1,0.9033259749412537
evaluation-9928-non-000,0,0.8361409902572632
evaluation-9932-tar-000,1,0.8856770396232605
evaluation-9932-non-000,0,0.7874940037727356
evaluation-99321-tar-000,1,0.9333145618438721
evaluation-99321-non-000,0,0.8466395735740662
evaluation-99349-tar-000,1,0.9156737327575684
evaluation-99349-non-000,0,0.9008339643478394
evaluation-9946-tar-000,1,0.863933801651001
evaluation-9946-non-000,0,0.8833142518997192
evaluation-99461-tar-000,1,0.8228363394737244
evaluation-99461-non-000,0,0.8766441345214844
evaluation-9948-tar-000,1,0.8791918754577637
evaluation-9948-non-000,0,0.80990070104599
evaluation-9949-tar-000,1,0.8671795129776001
evaluation-9949-non-000,0,0.8648051023483276
evaluation-99497-tar-000,1,0.8769669532775879
evaluation-99497-non-000,0,0.787359356880188
evaluation-99640-tar-000,1,0.8677718639373779
evaluation-99640-non-000,0,0.8216384053230286
evaluation-99692-tar-000,1,0.9193544983863831
evaluation-99692-non-000,0,0.7955784797668457
evaluation-9971-tar-000,1,0.8295813798904419
evaluation-9971-non-000,0,0.8607439994812012
evaluation-9972-tar-000,1,0.8907017707824707
evaluation-9972-non-000,0,0.739938497543335
evaluation-9979-tar-000,1,0.9009169936180115
evaluation-9979-non-000,0,0.8013579845428467
evaluation-9985-tar-000,1,0.8543336391448975
evaluation-9985-non-000,0,0.825518786907196
evaluation-9993-tar-000,1,0.8884856104850769
evaluation-9993-non-000,0,0.8522921204566956
evaluation-9994-tar-000,1,0.7887284755706787
evaluation-9994-non-000,0,0.8603739738464355
evaluation-99945-tar-000,1,0.9222472310066223
evaluation-99945-non-000,0,0.8532549142837524
evaluation-99967-tar-000,1,0.8524302244186401
evaluation-99967-non-000,0,0.8432544469833374
evaluation-9997-tar-000,1,0.8327013254165649
evaluation-9997-non-000,0,0.8292524814605713
