trial_id,label,score
evaluation-1007-tar-000,1,0.3125157356262207
evaluation-1007-non-000,0,0.5521649122238159
evaluation-1008-tar-000,1,0.14368470013141632
evaluation-1008-non-000,0,0.4160749316215515
evaluation-1013-tar-000,1,0.1351807415485382
evaluation-1013-non-000,0,0.5141507387161255
evaluation-10178-tar-000,1,0.6292896866798401
evaluation-10178-non-000,0,0.6181246638298035
evaluation-1024-tar-000,1,0.36619892716407776
evaluation-1024-non-000,0,0.272117018699646
evaluation-10282-tar-000,1,0.27357572317123413
evaluation-10282-non-000,0,0.5171278715133667
evaluation-10346-tar-000,1,0.28688257932662964
evaluation-10346-non-000,0,0.14789941906929016
evaluation-10406-tar-000,1,0.24274897575378418
evaluation-10406-non-000,0,0.4968002438545227
evaluation-10428-tar-000,1,0.6060225367546082
evaluation-10428-non-000,0,0.26807525753974915
evaluation-10444-tar-000,1,0.426242470741272
evaluation-10444-non-000,0,0.2150351107120514
evaluation-10538-tar-000,1,0.3359985053539276
evaluation-10538-non-000,0,0.4950428009033203
evaluation-1055-tar-000,1,0.3290356993675232
evaluation-1055-non-000,0,0.13358889520168304
evaluation-1056-tar-000,1,0.37962761521339417
evaluation-1056-non-000,0,0.2698882222175598
evaluation-10606-tar-000,1,0.4271705150604248
evaluation-10606-non-000,0,0.3626245856285095
evaluation-1063-tar-000,1,0.4878053367137909
evaluation-1063-non-000,0,0.07311193645000458
evaluation-10642-tar-000,1,0.4731842875480652
evaluation-10642-non-000,0,0.12195330858230591
evaluation-10689-tar-000,1,0.11287827044725418
evaluation-10689-non-000,0,0.5572598576545715
evaluation-10711-tar-000,1,-0.0910521000623703
evaluation-10711-non-000,0,0.02381419576704502
evaluation-10738-tar-000,1,0.3407217860221863
evaluation-10738-non-000,0,0.26615583896636963
evaluation-10802-tar-000,1,0.19787631928920746
evaluation-10802-non-000,0,0.4605465233325958
evaluation-10862-tar-000,1,0.15136924386024475
evaluation-10862-non-000,0,0.510866641998291
evaluation-10966-tar-000,1,0.43330642580986023
evaluation-10966-non-000,0,0.3631560206413269
evaluation-1100-tar-000,1,0.6475172638893127
evaluation-1100-non-000,0,0.1945248246192932
evaluation-11060-tar-000,1,0.21399933099746704
evaluation-11060-non-000,0,0.5243029594421387
evaluation-11126-tar-000,1,0.46589717268943787
evaluation-11126-non-000,0,0.2848619222640991
evaluation-11189-tar-000,1,0.3966776728630066
evaluation-11189-non-000,0,0.003403646871447563
evaluation-1122-tar-000,1,0.5315666198730469
evaluation-1122-non-000,0,0.5299654603004456
evaluation-1130-tar-000,1,0.5467393398284912
evaluation-1130-non-000,0,0.15763723850250244
evaluation-11392-tar-000,1,0.3053567409515381
evaluation-11392-non-000,0,0.6936085224151611
evaluation-11485-tar-000,1,0.6907143592834473
evaluation-11485-non-000,0,0.2474711686372757
evaluation-11513-tar-000,1,0.4350168704986572
evaluation-11513-non-000,0,-0.06898243725299835
evaluation-1162-tar-000,1,0.2696309983730316
evaluation-1162-non-000,0,0.5351392030715942
evaluation-11647-tar-000,1,0.3555103838443756
evaluation-11647-non-000,0,0.46525174379348755
evaluation-1165-tar-000,1,0.26182493567466736
evaluation-1165-non-000,0,0.3961588740348816
evaluation-11664-tar-000,1,0.2166701853275299
evaluation-11664-non-000,0,0.04664960503578186
evaluation-1169-tar-000,1,0.5126741528511047
evaluation-1169-non-000,0,0.5163801908493042
evaluation-11757-tar-000,1,0.07285293936729431
evaluation-11757-non-000,0,0.13494156301021576
evaluation-11845-tar-000,1,0.2894514799118042
evaluation-11845-non-000,0,0.6292356252670288
evaluation-1198-tar-000,1,0.2726770043373108
evaluation-1198-non-000,0,0.7243545055389404
evaluation-1203-tar-000,1,0.27885398268699646
evaluation-1203-non-000,0,0.5247479677200317
evaluation-12106-tar-000,1,0.3577743172645569
evaluation-12106-non-000,0,0.6092486381530762
evaluation-12112-tar-000,1,0.3146059513092041
evaluation-12112-non-000,0,0.305316686630249
evaluation-12156-tar-000,1,0.4090602695941925
evaluation-12156-non-000,0,0.49999770522117615
evaluation-12197-tar-000,1,0.6165711879730225
evaluation-12197-non-000,0,0.29128775000572205
evaluation-12210-tar-000,1,0.14209316670894623
evaluation-12210-non-000,0,0.4975307583808899
evaluation-12224-tar-000,1,0.05261440947651863
evaluation-12224-non-000,0,0.35107889771461487
evaluation-12323-tar-000,1,0.46489304304122925
evaluation-12323-non-000,0,0.42811083793640137
evaluation-1235-tar-000,1,0.30319440364837646
evaluation-1235-non-000,0,0.2853308320045471
evaluation-1238-tar-000,1,0.14263664186000824
evaluation-1238-non-000,0,0.2708272337913513
evaluation-12395-tar-000,1,0.589887261390686
evaluation-12395-non-000,0,0.34442466497421265
evaluation-12408-tar-000,1,0.28705474734306335
evaluation-12408-non-000,0,0.34912875294685364
evaluation-12414-tar-000,1,0.42637044191360474
evaluation-12414-non-000,0,0.44258618354797363
evaluation-12661-tar-000,1,0.39111191034317017
evaluation-12661-non-000,0,0.156426802277565
evaluation-12666-tar-000,1,0.35652896761894226
evaluation-12666-non-000,0,0.11463242769241333
evaluation-12669-tar-000,1,0.4329405725002289
evaluation-12669-non-000,0,0.24708475172519684
evaluation-1270-tar-000,1,0.22492191195487976
evaluation-1270-non-000,0,0.12514153122901917
evaluation-1274-tar-000,1,0.6067898273468018
evaluation-1274-non-000,0,0.41316306591033936
evaluation-12796-tar-000,1,0.2477058321237564
evaluation-12796-non-000,0,0.44695329666137695
evaluation-12807-tar-000,1,0.5161823034286499
evaluation-12807-non-000,0,0.11988475918769836
evaluation-12828-tar-000,1,0.44606852531433105
evaluation-12828-non-000,0,0.1306779682636261
evaluation-12919-tar-000,1,0.27771496772766113
evaluation-12919-non-000,0,0.3251460790634155
evaluation-1297-tar-000,1,0.35394221544265747
evaluation-1297-non-000,0,0.17764458060264587
evaluation-1303-tar-000,1,0.44622838497161865
evaluation-1303-non-000,0,0.4666560888290405
evaluation-13194-tar-000,1,0.32471954822540283
evaluation-13194-non-000,0,0.5700433850288391
evaluation-1320-tar-000,1,0.3838028013706207
evaluation-1320-non-000,0,0.08022227883338928
evaluation-13298-tar-000,1,0.5579092502593994
evaluation-13298-non-000,0,0.23682910203933716
evaluation-1334-tar-000,1,0.43130379915237427
evaluation-1334-non-000,0,0.4057525396347046
evaluation-13663-tar-000,1,0.3376196026802063
evaluation-13663-non-000,0,0.1360028088092804
evaluation-13666-tar-000,1,0.5575388073921204
evaluation-13666-non-000,0,0.13356009125709534
evaluation-13707-tar-000,1,0.08631964027881622
evaluation-13707-non-000,0,0.11150851100683212
evaluation-1372-tar-000,1,0.32315248250961304
evaluation-1372-non-000,0,0.1277819275856018
evaluation-13754-tar-000,1,0.24885423481464386
evaluation-13754-non-000,0,0.21479067206382751
evaluation-13806-tar-000,1,0.36958473920822144
evaluation-13806-non-000,0,0.03220852464437485
evaluation-13839-tar-000,1,0.40849971771240234
evaluation-13839-non-000,0,0.4129980802536011
evaluation-13985-tar-000,1,0.22849977016448975
evaluation-13985-non-000,0,0.323911190032959
evaluation-14001-tar-000,1,0.3490344285964966
evaluation-14001-non-000,0,0.15845432877540588
evaluation-1401-tar-000,1,0.598565399646759
evaluation-1401-non-000,0,0.5129458904266357
evaluation-14075-tar-000,1,0.21202890574932098
evaluation-14075-non-000,0,0.2727031111717224
evaluation-1409-tar-000,1,0.30105504393577576
evaluation-1409-non-000,0,0.16268208622932434
evaluation-14106-tar-000,1,0.313019335269928
evaluation-14106-non-000,0,0.4250982999801636
evaluation-1414-tar-000,1,0.5878943800926208
evaluation-1414-non-000,0,0.5080306529998779
evaluation-14259-tar-000,1,0.27301231026649475
evaluation-14259-non-000,0,0.22933557629585266
evaluation-14430-tar-000,1,0.4154036045074463
evaluation-14430-non-000,0,0.48967576026916504
evaluation-14737-tar-000,1,0.38213396072387695
evaluation-14737-non-000,0,0.18550841510295868
evaluation-1475-tar-000,1,0.3595711588859558
evaluation-1475-non-000,0,0.2755209803581238
evaluation-14790-tar-000,1,0.026265889406204224
evaluation-14790-non-000,0,0.22838345170021057
evaluation-1480-tar-000,1,0.04547356069087982
evaluation-1480-non-000,0,0.07699669152498245
evaluation-14869-tar-000,1,0.4437718391418457
evaluation-14869-non-000,0,0.46378540992736816
evaluation-14875-tar-000,1,0.5513436198234558
evaluation-14875-non-000,0,0.44031205773353577
evaluation-14877-tar-000,1,0.23527111113071442
evaluation-14877-non-000,0,0.15861651301383972
evaluation-14888-tar-000,1,0.4555692970752716
evaluation-14888-non-000,0,0.07199563086032867
evaluation-14987-tar-000,1,0.008560443297028542
evaluation-14987-non-000,0,-0.09721153974533081
evaluation-1507-tar-000,1,0.3869017958641052
evaluation-1507-non-000,0,0.3512526750564575
evaluation-15073-tar-000,1,0.38947415351867676
evaluation-15073-non-000,0,0.17085331678390503
evaluation-15133-tar-000,1,-0.06221401318907738
evaluation-15133-non-000,0,0.15982335805892944
evaluation-15169-tar-000,1,0.3249322772026062
evaluation-15169-non-000,0,0.4473841190338135
evaluation-15180-tar-000,1,0.26798415184020996
evaluation-15180-non-000,0,0.3618674874305725
evaluation-1522-tar-000,1,0.41298532485961914
evaluation-1522-non-000,0,0.2223575860261917
evaluation-1524-tar-000,1,0.31792834401130676
evaluation-1524-non-000,0,0.18853729963302612
evaluation-15243-tar-000,1,0.49808335304260254
evaluation-15243-non-000,0,0.4597759544849396
evaluation-15298-tar-000,1,0.6590262651443481
evaluation-15298-non-000,0,0.44756898283958435
evaluation-1539-tar-000,1,0.0463884137570858
evaluation-1539-non-000,0,0.548856258392334
evaluation-15462-tar-000,1,0.4672413468360901
evaluation-15462-non-000,0,0.017146168276667595
evaluation-1548-tar-000,1,0.13257092237472534
evaluation-1548-non-000,0,0.07901925593614578
evaluation-15501-tar-000,1,0.126969575881958
evaluation-15501-non-000,0,0.4309613108634949
evaluation-15515-tar-000,1,0.4147404432296753
evaluation-15515-non-000,0,0.29303744435310364
evaluation-1554-tar-000,1,0.4977054297924042
evaluation-1554-non-000,0,-0.06302575021982193
evaluation-15570-tar-000,1,0.32796579599380493
evaluation-15570-non-000,0,0.16505107283592224
evaluation-15581-tar-000,1,0.3726738691329956
evaluation-15581-non-000,0,0.08452771604061127
evaluation-15600-tar-000,1,0.40289512276649475
evaluation-15600-non-000,0,0.14269113540649414
evaluation-15699-tar-000,1,0.47209376096725464
evaluation-15699-non-000,0,0.2846430242061615
evaluation-15817-tar-000,1,0.37649959325790405
evaluation-15817-non-000,0,0.3990951180458069
evaluation-15839-tar-000,1,0.48078498244285583
evaluation-15839-non-000,0,0.11667332798242569
evaluation-15855-tar-000,1,0.2606995105743408
evaluation-15855-non-000,0,0.20983970165252686
evaluation-15866-tar-000,1,0.3474242091178894
evaluation-15866-non-000,0,0.3211319148540497
evaluation-15885-tar-000,1,0.09852488338947296
evaluation-15885-non-000,0,0.33294034004211426
evaluation-15993-tar-000,1,0.2588041126728058
evaluation-15993-non-000,0,0.2035621851682663
evaluation-1603-tar-000,1,0.46566930413246155
evaluation-1603-non-000,0,0.2656819224357605
evaluation-16223-tar-000,1,0.3589681386947632
evaluation-16223-non-000,0,0.22757773101329803
evaluation-1631-tar-000,1,0.48724162578582764
evaluation-1631-non-000,0,0.18258623778820038
evaluation-1632-tar-000,1,0.38718152046203613
evaluation-1632-non-000,0,0.29344242811203003
evaluation-1633-tar-000,1,0.35960620641708374
evaluation-1633-non-000,0,0.04817948490381241
evaluation-1646-tar-000,1,0.08620014786720276
evaluation-1646-non-000,0,0.3908972144126892
evaluation-16473-tar-000,1,0.2968282699584961
evaluation-16473-non-000,0,0.1357087939977646
evaluation-16490-tar-000,1,0.1509801298379898
evaluation-16490-non-000,0,0.5943773984909058
evaluation-1650-tar-000,1,0.4648541808128357
evaluation-1650-non-000,0,0.12788650393486023
evaluation-16520-tar-000,1,0.40528905391693115
evaluation-16520-non-000,0,0.18609710037708282
evaluation-16608-tar-000,1,0.3904759883880615
evaluation-16608-non-000,0,0.6381667852401733
evaluation-16635-tar-000,1,0.339826762676239
evaluation-16635-non-000,0,0.2374376356601715
evaluation-16665-tar-000,1,0.47212618589401245
evaluation-16665-non-000,0,0.37386012077331543
evaluation-1681-tar-000,1,0.35002100467681885
evaluation-1681-non-000,0,0.4239024221897125
evaluation-16849-tar-000,1,0.31863367557525635
evaluation-16849-non-000,0,0.2949037551879883
evaluation-16855-tar-000,1,0.6297051906585693
evaluation-16855-non-000,0,0.14289693534374237
evaluation-16976-tar-000,1,0.6022258996963501
evaluation-16976-non-000,0,0.27096089720726013
evaluation-1707-tar-000,1,0.49457234144210815
evaluation-1707-non-000,0,0.40562963485717773
evaluation-17121-tar-000,1,0.4582994282245636
evaluation-17121-non-000,0,0.3808763921260834
evaluation-17163-tar-000,1,0.23485133051872253
evaluation-17163-non-000,0,0.24264837801456451
evaluation-17165-tar-000,1,0.28629159927368164
evaluation-17165-non-000,0,0.32169222831726074
evaluation-17182-tar-000,1,0.038642942905426025
evaluation-17182-non-000,0,0.36407360434532166
evaluation-17717-tar-000,1,0.6064013242721558
evaluation-17717-non-000,0,0.3759085536003113
evaluation-1777-tar-000,1,0.7640648484230042
evaluation-1777-non-000,0,0.3833349943161011
evaluation-1778-tar-000,1,0.3177083730697632
evaluation-1778-non-000,0,0.1982795000076294
evaluation-1780-tar-000,1,0.4352864623069763
evaluation-1780-non-000,0,0.3089806139469147
evaluation-17805-tar-000,1,0.1917465478181839
evaluation-17805-non-000,0,0.522216796875
evaluation-1781-tar-000,1,0.3903331458568573
evaluation-1781-non-000,0,0.519917368888855
evaluation-17871-tar-000,1,0.3636193871498108
evaluation-17871-non-000,0,0.23375940322875977
evaluation-1790-tar-000,1,0.3393813669681549
evaluation-1790-non-000,0,0.3959313929080963
evaluation-17918-tar-000,1,0.5368868112564087
evaluation-17918-non-000,0,0.4120609164237976
evaluation-17970-tar-000,1,0.4839344620704651
evaluation-17970-non-000,0,0.32775264978408813
evaluation-1800-tar-000,1,0.46304336190223694
evaluation-1800-non-000,0,0.33950236439704895
evaluation-18041-tar-000,1,0.24150051176548004
evaluation-18041-non-000,0,0.2601885199546814
evaluation-1812-tar-000,1,0.2873379588127136
evaluation-1812-non-000,0,0.23435582220554352
evaluation-18146-tar-000,1,-0.03113463707268238
evaluation-18146-non-000,0,0.5617272257804871
evaluation-18176-tar-000,1,0.23121434450149536
evaluation-18176-non-000,0,0.41354936361312866
evaluation-1818-tar-000,1,0.35705095529556274
evaluation-1818-non-000,0,0.1594424545764923
evaluation-18245-tar-000,1,0.2614601254463196
evaluation-18245-non-000,0,0.15432636439800262
evaluation-18286-tar-000,1,0.32625994086265564
evaluation-18286-non-000,0,0.7507197856903076
evaluation-18294-tar-000,1,0.5719091296195984
evaluation-18294-non-000,0,0.14138853549957275
evaluation-18390-tar-000,1,0.3210286498069763
evaluation-18390-non-000,0,0.33211585879325867
evaluation-18407-tar-000,1,0.3975483775138855
evaluation-18407-non-000,0,0.36948615312576294
evaluation-1845-tar-000,1,0.360978364944458
evaluation-1845-non-000,0,0.2116948366165161
evaluation-1847-tar-000,1,0.16051697731018066
evaluation-1847-non-000,0,0.1962822675704956
evaluation-1859-tar-000,1,0.1986125409603119
evaluation-1859-non-000,0,0.28219908475875854
evaluation-1868-tar-000,1,0.2563128173351288
evaluation-1868-non-000,0,0.45955556631088257
evaluation-18708-tar-000,1,0.17845198512077332
evaluation-18708-non-000,0,0.4501338005065918
evaluation-18835-tar-000,1,0.5405898094177246
evaluation-18835-non-000,0,0.009717058390378952
evaluation-1896-tar-000,1,0.3034254312515259
evaluation-1896-non-000,0,0.14850306510925293
evaluation-1904-tar-000,1,0.24454139173030853
evaluation-1904-non-000,0,0.2640115022659302
evaluation-19077-tar-000,1,0.321539968252182
evaluation-19077-non-000,0,0.35385721921920776
evaluation-19288-tar-000,1,0.5261420607566833
evaluation-19288-non-000,0,0.3410377502441406
evaluation-19371-tar-000,1,0.46504029631614685
evaluation-19371-non-000,0,-0.08330003917217255
evaluation-19407-tar-000,1,0.34612590074539185
evaluation-19407-non-000,0,0.010075785219669342
evaluation-19549-tar-000,1,0.20962093770503998
evaluation-19549-non-000,0,0.35797613859176636
evaluation-1958-tar-000,1,0.41073110699653625
evaluation-1958-non-000,0,0.12666915357112885
evaluation-1960-tar-000,1,0.47042378783226013
evaluation-1960-non-000,0,0.1265270709991455
evaluation-19659-tar-000,1,0.3574081361293793
evaluation-19659-non-000,0,0.2066100537776947
evaluation-19714-tar-000,1,0.42556560039520264
evaluation-19714-non-000,0,0.2896083891391754
evaluation-19761-tar-000,1,0.35723844170570374
evaluation-19761-non-000,0,0.4651753604412079
evaluation-19819-tar-000,1,0.5114834308624268
evaluation-19819-non-000,0,0.3068583607673645
evaluation-19865-tar-000,1,0.010558871552348137
evaluation-19865-non-000,0,0.17580865323543549
evaluation-1994-tar-000,1,0.1604074239730835
evaluation-1994-non-000,0,0.38791269063949585
evaluation-20000-tar-000,1,0.47791606187820435
evaluation-20000-non-000,0,0.22152623534202576
evaluation-2020-tar-000,1,0.5240141749382019
evaluation-2020-non-000,0,0.44700661301612854
evaluation-20244-tar-000,1,0.6059280633926392
evaluation-20244-non-000,0,0.2650580108165741
evaluation-2037-tar-000,1,0.5583913922309875
evaluation-2037-non-000,0,0.6389914751052856
evaluation-20458-tar-000,1,0.34625479578971863
evaluation-20458-non-000,0,0.04046325758099556
evaluation-20461-tar-000,1,0.13988783955574036
evaluation-20461-non-000,0,0.08839812874794006
evaluation-2059-tar-000,1,0.2700713276863098
evaluation-2059-non-000,0,0.3835920989513397
evaluation-20667-tar-000,1,0.37253791093826294
evaluation-20667-non-000,0,0.6162884831428528
evaluation-20673-tar-000,1,0.13796007633209229
evaluation-20673-non-000,0,0.39618000388145447
evaluation-2077-tar-000,1,0.4094799757003784
evaluation-2077-non-000,0,0.1943855583667755
evaluation-20870-tar-000,1,0.46966952085494995
evaluation-20870-non-000,0,0.4441673755645752
evaluation-20881-tar-000,1,0.2201809287071228
evaluation-20881-non-000,0,0.41328510642051697
evaluation-2090-tar-000,1,0.3484289050102234
evaluation-2090-non-000,0,0.43251848220825195
evaluation-2092-tar-000,1,0.45837464928627014
evaluation-2092-non-000,0,0.4720880389213562
evaluation-2093-tar-000,1,0.2667043209075928
evaluation-2093-non-000,0,0.41216129064559937
evaluation-2094-tar-000,1,0.3829891085624695
evaluation-2094-non-000,0,0.4111323952674866
evaluation-20947-tar-000,1,0.27753332257270813
evaluation-20947-non-000,0,0.4339483976364136
evaluation-21041-tar-000,1,0.24796248972415924
evaluation-21041-non-000,0,0.44110751152038574
evaluation-21082-tar-000,1,0.7157140970230103
evaluation-21082-non-000,0,0.6574927568435669
evaluation-21120-tar-000,1,0.4505082666873932
evaluation-21120-non-000,0,0.2750825881958008
evaluation-21181-tar-000,1,0.23811033368110657
evaluation-21181-non-000,0,0.24822595715522766
evaluation-2124-tar-000,1,0.458914577960968
evaluation-2124-non-000,0,0.2300378978252411
evaluation-21258-tar-000,1,0.39375659823417664
evaluation-21258-non-000,0,0.198442280292511
evaluation-21280-tar-000,1,0.33943885564804077
evaluation-21280-non-000,0,0.195235475897789
evaluation-2130-tar-000,1,0.1069038137793541
evaluation-2130-non-000,0,0.10618792474269867
evaluation-21403-tar-000,1,0.25512129068374634
evaluation-21403-non-000,0,0.4077993631362915
evaluation-2159-tar-000,1,0.5639362335205078
evaluation-2159-non-000,0,0.3009653389453888
evaluation-21629-tar-000,1,0.506163477897644
evaluation-21629-non-000,0,0.504919707775116
evaluation-2168-tar-000,1,0.41698262095451355
evaluation-2168-non-000,0,0.212214395403862
evaluation-2171-tar-000,1,0.48169124126434326
evaluation-2171-non-000,0,0.24585506319999695
evaluation-2181-tar-000,1,0.5415607690811157
evaluation-2181-non-000,0,0.3497316837310791
evaluation-2186-tar-000,1,0.3664917051792145
evaluation-2186-non-000,0,0.030704904347658157
evaluation-21928-tar-000,1,0.3786073327064514
evaluation-21928-non-000,0,0.17859476804733276
evaluation-2196-tar-000,1,0.6199360489845276
evaluation-2196-non-000,0,0.4470122158527374
evaluation-21969-tar-000,1,0.5853134393692017
evaluation-21969-non-000,0,0.3519447445869446
evaluation-2199-tar-000,1,0.21487009525299072
evaluation-2199-non-000,0,0.3247802257537842
evaluation-21991-tar-000,1,0.36828097701072693
evaluation-21991-non-000,0,0.3584209680557251
evaluation-2200-tar-000,1,0.563868522644043
evaluation-2200-non-000,0,0.41982972621917725
evaluation-22062-tar-000,1,0.3768137991428375
evaluation-22062-non-000,0,0.49886155128479004
evaluation-22090-tar-000,1,0.3966559171676636
evaluation-22090-non-000,0,0.18637877702713013
evaluation-22134-tar-000,1,0.23482298851013184
evaluation-22134-non-000,0,0.3085128962993622
evaluation-22142-tar-000,1,0.2627578377723694
evaluation-22142-non-000,0,0.2823939621448517
evaluation-22290-tar-000,1,0.3449026644229889
evaluation-22290-non-000,0,0.2528553009033203
evaluation-2233-tar-000,1,0.24675965309143066
evaluation-2233-non-000,0,0.06196585297584534
evaluation-22345-tar-000,1,0.4559541344642639
evaluation-22345-non-000,0,0.309489905834198
evaluation-22365-tar-000,1,0.16689874231815338
evaluation-22365-non-000,0,0.42351382970809937
evaluation-22483-tar-000,1,0.5994476079940796
evaluation-22483-non-000,0,0.08246257901191711
evaluation-22521-tar-000,1,0.30489057302474976
evaluation-22521-non-000,0,0.2831241488456726
evaluation-22595-tar-000,1,0.0910334587097168
evaluation-22595-non-000,0,0.01396086998283863
evaluation-22738-tar-000,1,0.4075526297092438
evaluation-22738-non-000,0,0.41717636585235596
evaluation-22760-tar-000,1,0.5698583126068115
evaluation-22760-non-000,0,0.29481425881385803
evaluation-2290-tar-000,1,0.33156564831733704
evaluation-2290-non-000,0,0.12844708561897278
evaluation-2291-tar-000,1,0.10584677010774612
evaluation-2291-non-000,0,0.4066091775894165
evaluation-22988-tar-000,1,0.47726187109947205
evaluation-22988-non-000,0,0.24658000469207764
evaluation-2305-tar-000,1,0.34991541504859924
evaluation-2305-non-000,0,0.27312976121902466
evaluation-23051-tar-000,1,0.16793310642242432
evaluation-23051-non-000,0,0.2858549952507019
evaluation-23200-tar-000,1,0.3705931305885315
evaluation-23200-non-000,0,0.4567868709564209
evaluation-23224-tar-000,1,-0.06978151202201843
evaluation-23224-non-000,0,0.35558509826660156
evaluation-23246-tar-000,1,0.42179903388023376
evaluation-23246-non-000,0,0.24922850728034973
evaluation-2327-tar-000,1,0.7950795292854309
evaluation-2327-non-000,0,0.16118761897087097
evaluation-23406-tar-000,1,0.4462738633155823
evaluation-23406-non-000,0,0.37147605419158936
evaluation-23422-tar-000,1,0.23035934567451477
evaluation-23422-non-000,0,0.2282663732767105
evaluation-2346-tar-000,1,0.31523796916007996
evaluation-2346-non-000,0,0.3257049322128296
evaluation-23482-tar-000,1,0.15057848393917084
evaluation-23482-non-000,0,0.5804205536842346
evaluation-2349-tar-000,1,0.15783345699310303
evaluation-2349-non-000,0,0.5775207281112671
evaluation-23510-tar-000,1,0.47807878255844116
evaluation-23510-non-000,0,0.40727612376213074
evaluation-23623-tar-000,1,0.36876171827316284
evaluation-23623-non-000,0,0.4029160737991333
evaluation-2363-tar-000,1,0.25035423040390015
evaluation-2363-non-000,0,0.5019012093544006
evaluation-23721-tar-000,1,0.3433520197868347
evaluation-23721-non-000,0,0.4898144602775574
evaluation-23743-tar-000,1,0.43705618381500244
evaluation-23743-non-000,0,0.36383214592933655
evaluation-23845-tar-000,1,0.42294320464134216
evaluation-23845-non-000,0,0.08182354271411896
evaluation-23878-tar-000,1,0.41036760807037354
evaluation-23878-non-000,0,0.05464305356144905
evaluation-2389-tar-000,1,0.4021550416946411
evaluation-2389-non-000,0,0.29978233575820923
evaluation-23988-tar-000,1,0.2952435314655304
evaluation-23988-non-000,0,0.23699437081813812
evaluation-2400-tar-000,1,0.056961990892887115
evaluation-2400-non-000,0,0.18496593832969666
evaluation-24035-tar-000,1,0.5789911150932312
evaluation-24035-non-000,0,0.33655595779418945
evaluation-24054-tar-000,1,0.3755822479724884
evaluation-24054-non-000,0,0.25109800696372986
evaluation-24117-tar-000,1,0.13034555315971375
evaluation-24117-non-000,0,-0.03910867124795914
evaluation-24158-tar-000,1,0.2440641224384308
evaluation-24158-non-000,0,0.3292004466056824
evaluation-2421-tar-000,1,0.5630918741226196
evaluation-2421-non-000,0,0.2599865198135376
evaluation-24241-tar-000,1,-0.027727767825126648
evaluation-24241-non-000,0,0.4100358784198761
evaluation-2427-tar-000,1,0.5651467442512512
evaluation-2427-non-000,0,0.6843696236610413
evaluation-2451-tar-000,1,0.24636757373809814
evaluation-2451-non-000,0,0.3480321168899536
evaluation-24512-tar-000,1,0.3924548625946045
evaluation-24512-non-000,0,0.4869888424873352
evaluation-24526-tar-000,1,0.5082916021347046
evaluation-24526-non-000,0,0.2526037395000458
evaluation-24534-tar-000,1,0.6505544185638428
evaluation-24534-non-000,0,0.2803686261177063
evaluation-2454-tar-000,1,0.3677520751953125
evaluation-2454-non-000,0,0.15820403397083282
evaluation-2455-tar-000,1,0.35576146841049194
evaluation-2455-non-000,0,0.22264865040779114
evaluation-24584-tar-000,1,0.4483964443206787
evaluation-24584-non-000,0,0.16052189469337463
evaluation-24620-tar-000,1,-0.07843916118144989
evaluation-24620-non-000,0,0.2850841283798218
evaluation-2467-tar-000,1,0.08680491894483566
evaluation-2467-non-000,0,0.332896888256073
evaluation-24688-tar-000,1,0.633508026599884
evaluation-24688-non-000,0,-0.1227690652012825
evaluation-24699-tar-000,1,0.25541529059410095
evaluation-24699-non-000,0,0.5556575059890747
evaluation-2473-tar-000,1,0.253231406211853
evaluation-2473-non-000,0,0.46084073185920715
evaluation-2481-tar-000,1,0.28704845905303955
evaluation-2481-non-000,0,0.18308359384536743
evaluation-2487-tar-000,1,0.3980380892753601
evaluation-2487-non-000,0,0.45637232065200806
evaluation-24872-tar-000,1,0.1834298074245453
evaluation-24872-non-000,0,0.14391228556632996
evaluation-24875-tar-000,1,0.3909188210964203
evaluation-24875-non-000,0,0.5513018369674683
evaluation-24916-tar-000,1,0.20940634608268738
evaluation-24916-non-000,0,0.2961817681789398
evaluation-25070-tar-000,1,0.567023754119873
evaluation-25070-non-000,0,0.13549691438674927
evaluation-2509-tar-000,1,0.44358932971954346
evaluation-2509-non-000,0,0.44626614451408386
evaluation-2515-tar-000,1,0.30089104175567627
evaluation-2515-non-000,0,0.11936866492033005
evaluation-25185-tar-000,1,0.04990842565894127
evaluation-25185-non-000,0,0.28530073165893555
evaluation-25284-tar-000,1,0.2587448060512543
evaluation-25284-non-000,0,0.06384126842021942
evaluation-25295-tar-000,1,0.623408854007721
evaluation-25295-non-000,0,0.35680699348449707
evaluation-25323-tar-000,1,0.08860373497009277
evaluation-25323-non-000,0,0.3615722954273224
evaluation-2544-tar-000,1,0.12257888913154602
evaluation-2544-non-000,0,0.2091253101825714
evaluation-25485-tar-000,1,0.5983697772026062
evaluation-25485-non-000,0,0.22928738594055176
evaluation-25586-tar-000,1,0.4515390992164612
evaluation-25586-non-000,0,0.4290093183517456
evaluation-25619-tar-000,1,0.3117995858192444
evaluation-25619-non-000,0,0.36998140811920166
evaluation-2565-tar-000,1,0.40443921089172363
evaluation-2565-non-000,0,0.13474240899085999
evaluation-25748-tar-000,1,0.2839023470878601
evaluation-25748-non-000,0,0.4214170575141907
evaluation-25960-tar-000,1,0.339289128780365
evaluation-25960-non-000,0,0.2607958912849426
evaluation-2602-tar-000,1,0.23795852065086365
evaluation-2602-non-000,0,0.19115476310253143
evaluation-2610-tar-000,1,0.37591737508773804
evaluation-2610-non-000,0,0.4078827500343323
evaluation-26125-tar-000,1,0.3555523157119751
evaluation-26125-non-000,0,0.327706515789032
evaluation-26138-tar-000,1,0.12765146791934967
evaluation-26138-non-000,0,0.474517285823822
evaluation-26158-tar-000,1,0.14657212793827057
evaluation-26158-non-000,0,0.25166749954223633
evaluation-2618-tar-000,1,0.4825887382030487
evaluation-2618-non-000,0,0.46565043926239014
evaluation-26221-tar-000,1,0.5310003161430359
evaluation-26221-non-000,0,0.6045033931732178
evaluation-26287-tar-000,1,0.3252323865890503
evaluation-26287-non-000,0,0.2847137451171875
evaluation-26435-tar-000,1,0.3917035460472107
evaluation-26435-non-000,0,0.13157467544078827
evaluation-26443-tar-000,1,0.2470884770154953
evaluation-26443-non-000,0,0.44448602199554443
evaluation-26454-tar-000,1,0.23701459169387817
evaluation-26454-non-000,0,0.13487815856933594
evaluation-26473-tar-000,1,0.4580736756324768
evaluation-26473-non-000,0,0.40709829330444336
evaluation-26501-tar-000,1,0.4495351314544678
evaluation-26501-non-000,0,0.013708102516829967
evaluation-26545-tar-000,1,0.5210902690887451
evaluation-26545-non-000,0,0.4366566836833954
evaluation-26666-tar-000,1,0.5689095258712769
evaluation-26666-non-000,0,0.39176854491233826
evaluation-26679-tar-000,1,0.4799331724643707
evaluation-26679-non-000,0,0.4089028835296631
evaluation-2674-tar-000,1,0.2211969941854477
evaluation-2674-non-000,0,0.41607406735420227
evaluation-2689-tar-000,1,0.39063164591789246
evaluation-2689-non-000,0,0.47191381454467773
evaluation-26894-tar-000,1,0.5340043306350708
evaluation-26894-non-000,0,0.35484418272972107
evaluation-2699-tar-000,1,0.4246364235877991
evaluation-2699-non-000,0,0.2974013686180115
evaluation-2707-tar-000,1,0.5665668845176697
evaluation-2707-non-000,0,0.3868623971939087
evaluation-27124-tar-000,1,0.3434898853302002
evaluation-27124-non-000,0,0.14036579430103302
evaluation-27135-tar-000,1,0.4437781572341919
evaluation-27135-non-000,0,0.22174179553985596
evaluation-2714-tar-000,1,0.5804475545883179
evaluation-2714-non-000,0,0.30546826124191284
evaluation-27199-tar-000,1,0.4418523907661438
evaluation-27199-non-000,0,0.31869077682495117
evaluation-2739-tar-000,1,0.536510705947876
evaluation-2739-non-000,0,0.4491545557975769
evaluation-2752-tar-000,1,0.44577205181121826
evaluation-2752-non-000,0,0.134659081697464
evaluation-2762-tar-000,1,0.3608059287071228
evaluation-2762-non-000,0,0.5226444602012634
evaluation-2775-tar-000,1,0.5742274522781372
evaluation-2775-non-000,0,0.25950586795806885
evaluation-27811-tar-000,1,0.4350775480270386
evaluation-27811-non-000,0,0.379799485206604
evaluation-27932-tar-000,1,0.58115154504776
evaluation-27932-non-000,0,0.4667656123638153
evaluation-27943-tar-000,1,0.3074977397918701
evaluation-27943-non-000,0,0.21031200885772705
evaluation-27979-tar-000,1,0.27827996015548706
evaluation-27979-non-000,0,0.41474688053131104
evaluation-28017-tar-000,1,0.27929699420928955
evaluation-28017-non-000,0,0.08210339397192001
evaluation-28028-tar-000,1,0.35819530487060547
evaluation-28028-non-000,0,0.37647515535354614
evaluation-28053-tar-000,1,0.5458674430847168
evaluation-28053-non-000,0,0.28293728828430176
evaluation-2806-tar-000,1,0.3921564221382141
evaluation-2806-non-000,0,0.20140832662582397
evaluation-28086-tar-000,1,0.1984109878540039
evaluation-28086-non-000,0,0.21496129035949707
evaluation-28105-tar-000,1,0.2654615044593811
evaluation-28105-non-000,0,0.49828964471817017
evaluation-28152-tar-000,1,0.25765037536621094
evaluation-28152-non-000,0,0.44289106130599976
evaluation-28182-tar-000,1,0.19517803192138672
evaluation-28182-non-000,0,0.4298650622367859
evaluation-28248-tar-000,1,0.3791692852973938
evaluation-28248-non-000,0,0.3316236138343811
evaluation-2831-tar-000,1,0.22401174902915955
evaluation-2831-non-000,0,0.04720703139901161
evaluation-28338-tar-000,1,0.5186794996261597
evaluation-28338-non-000,0,0.3026999533176422
evaluation-28679-tar-000,1,0.32285556197166443
evaluation-28679-non-000,0,0.4186983108520508
evaluation-28682-tar-000,1,0.563542902469635
evaluation-28682-non-000,0,0.3465357720851898
evaluation-28750-tar-000,1,0.2118978649377823
evaluation-28750-non-000,0,0.4609012305736542
evaluation-28781-tar-000,1,0.3215893507003784
evaluation-28781-non-000,0,0.5105557441711426
evaluation-28822-tar-000,1,0.409816712141037
evaluation-28822-non-000,0,0.1364198476076126
evaluation-2892-tar-000,1,0.45564940571784973
evaluation-2892-non-000,0,0.28654366731643677
evaluation-2901-tar-000,1,0.2614358365535736
evaluation-2901-non-000,0,0.47766363620758057
evaluation-2908-tar-000,1,0.22551384568214417
evaluation-2908-non-000,0,0.4345567524433136
evaluation-29102-tar-000,1,0.24612420797348022
evaluation-29102-non-000,0,0.5179536938667297
evaluation-29105-tar-000,1,0.2737838923931122
evaluation-29105-non-000,0,0.3799702525138855
evaluation-29237-tar-000,1,0.1793864667415619
evaluation-29237-non-000,0,0.2233756184577942
evaluation-29278-tar-000,1,0.5652456879615784
evaluation-29278-non-000,0,0.26805204153060913
evaluation-29434-tar-000,1,0.1934865415096283
evaluation-29434-non-000,0,0.621222972869873
evaluation-2950-tar-000,1,0.37625652551651
evaluation-2950-non-000,0,0.36064496636390686
evaluation-29500-tar-000,1,0.39272600412368774
evaluation-29500-non-000,0,0.5372825860977173
evaluation-2957-tar-000,1,0.5816250443458557
evaluation-2957-non-000,0,0.37452542781829834
evaluation-29668-tar-000,1,0.5346587896347046
evaluation-29668-non-000,0,0.30101197957992554
evaluation-29778-tar-000,1,0.31596094369888306
evaluation-29778-non-000,0,0.20258508622646332
evaluation-2984-tar-000,1,0.09501634538173676
evaluation-2984-non-000,0,0.2793130874633789
evaluation-2990-tar-000,1,0.3766855001449585
evaluation-2990-non-000,0,0.33841055631637573
evaluation-29904-tar-000,1,0.242827907204628
evaluation-29904-non-000,0,0.07164964079856873
evaluation-30085-tar-000,1,0.5925902128219604
evaluation-30085-non-000,0,0.3971533179283142
evaluation-3015-tar-000,1,0.17256954312324524
evaluation-3015-non-000,0,0.25048282742500305
evaluation-3023-tar-000,1,0.23963789641857147
evaluation-3023-non-000,0,0.3008480966091156
evaluation-30261-tar-000,1,0.23444601893424988
evaluation-30261-non-000,0,0.21058452129364014
evaluation-30302-tar-000,1,0.24692696332931519
evaluation-30302-non-000,0,0.347082257270813
evaluation-30316-tar-000,1,0.2437629997730255
evaluation-30316-non-000,0,0.3572545051574707
evaluation-30610-tar-000,1,0.29219549894332886
evaluation-30610-non-000,0,0.31405705213546753
evaluation-3062-tar-000,1,0.15971998870372772
evaluation-3062-non-000,0,0.4087567925453186
evaluation-30621-tar-000,1,0.271339476108551
evaluation-30621-non-000,0,0.18972276151180267
evaluation-30659-tar-000,1,0.18414750695228577
evaluation-30659-non-000,0,0.7041749954223633
evaluation-30824-tar-000,1,0.4161624312400818
evaluation-30824-non-000,0,0.3109944462776184
evaluation-30923-tar-000,1,0.28131717443466187
evaluation-30923-non-000,0,-0.058183424174785614
evaluation-30967-tar-000,1,0.24192041158676147
evaluation-30967-non-000,0,0.16425952315330505
evaluation-31008-tar-000,1,0.3141840696334839
evaluation-31008-non-000,0,0.12700022757053375
evaluation-3124-tar-000,1,0.18397760391235352
evaluation-3124-non-000,0,0.2775431275367737
evaluation-31280-tar-000,1,0.3264623284339905
evaluation-31280-non-000,0,0.509888768196106
evaluation-31294-tar-000,1,0.23497562110424042
evaluation-31294-non-000,0,0.44991907477378845
evaluation-31307-tar-000,1,0.30509623885154724
evaluation-31307-non-000,0,0.1126103475689888
evaluation-31346-tar-000,1,0.0732821524143219
evaluation-31346-non-000,0,0.2097899317741394
evaluation-31360-tar-000,1,0.32665354013442993
evaluation-31360-non-000,0,0.3932179808616638
evaluation-31384-tar-000,1,0.3808278441429138
evaluation-31384-non-000,0,0.11617683619260788
evaluation-3139-tar-000,1,0.4152411222457886
evaluation-3139-non-000,0,0.36902984976768494
evaluation-31390-tar-000,1,0.22169886529445648
evaluation-31390-non-000,0,0.36834436655044556
evaluation-3145-tar-000,1,0.313648521900177
evaluation-3145-non-000,0,0.23282431066036224
evaluation-31464-tar-000,1,0.20537716150283813
evaluation-31464-non-000,0,0.35009607672691345
evaluation-3161-tar-000,1,0.4852917790412903
evaluation-3161-non-000,0,0.2875944674015045
evaluation-31665-tar-000,1,0.1650344729423523
evaluation-31665-non-000,0,0.48442167043685913
evaluation-3167-tar-000,1,0.4506869912147522
evaluation-3167-non-000,0,0.20106293261051178
evaluation-31838-tar-000,1,0.2277257740497589
evaluation-31838-non-000,0,0.14125320315361023
evaluation-31947-tar-000,1,0.19483643770217896
evaluation-31947-non-000,0,0.5452703833580017
evaluation-31950-tar-000,1,0.29764801263809204
evaluation-31950-non-000,0,0.2671906650066376
evaluation-31964-tar-000,1,0.3222567141056061
evaluation-31964-non-000,0,0.14247779548168182
evaluation-31986-tar-000,1,0.28772246837615967
evaluation-31986-non-000,0,0.23513522744178772
evaluation-32005-tar-000,1,0.44549429416656494
evaluation-32005-non-000,0,0.4205136001110077
evaluation-32046-tar-000,1,0.3573251962661743
evaluation-32046-non-000,0,0.1656520664691925
evaluation-32057-tar-000,1,0.4372849762439728
evaluation-32057-non-000,0,0.23741857707500458
evaluation-3215-tar-000,1,0.40347984433174133
evaluation-3215-non-000,0,0.5526182651519775
evaluation-32285-tar-000,1,0.4564253091812134
evaluation-32285-non-000,0,0.44288894534111023
evaluation-32368-tar-000,1,0.10486389696598053
evaluation-32368-non-000,0,0.2087719738483429
evaluation-32521-tar-000,1,0.41825729608535767
evaluation-32521-non-000,0,0.26358723640441895
evaluation-32620-tar-000,1,0.13600042462348938
evaluation-32620-non-000,0,0.5574452877044678
evaluation-32730-tar-000,1,0.21738076210021973
evaluation-32730-non-000,0,0.19242042303085327
evaluation-32785-tar-000,1,0.5148506164550781
evaluation-32785-non-000,0,0.1752638965845108
evaluation-32810-tar-000,1,0.3956376910209656
evaluation-32810-non-000,0,0.5009034872055054
evaluation-3292-tar-000,1,0.3995386064052582
evaluation-3292-non-000,0,0.3094181418418884
evaluation-3301-tar-000,1,0.17638173699378967
evaluation-3301-non-000,0,0.1365574151277542
evaluation-33060-tar-000,1,0.31286701560020447
evaluation-33060-non-000,0,0.6636092662811279
evaluation-33096-tar-000,1,0.08099281042814255
evaluation-33096-non-000,0,0.22130173444747925
evaluation-33120-tar-000,1,0.3174934387207031
evaluation-33120-non-000,0,0.5801556706428528
evaluation-3314-tar-000,1,0.35295525193214417
evaluation-3314-non-000,0,0.36789798736572266
evaluation-33255-tar-000,1,0.19614489376544952
evaluation-33255-non-000,0,0.20407548546791077
evaluation-33258-tar-000,1,0.44423651695251465
evaluation-33258-non-000,0,0.5291879773139954
evaluation-33274-tar-000,1,0.47040489315986633
evaluation-33274-non-000,0,0.2961064279079437
evaluation-33598-tar-000,1,0.45695674419403076
evaluation-33598-non-000,0,0.3593592643737793
evaluation-3361-tar-000,1,0.35539454221725464
evaluation-3361-non-000,0,0.6952781677246094
evaluation-33623-tar-000,1,0.2035706341266632
evaluation-33623-non-000,0,0.2863840162754059
evaluation-3365-tar-000,1,0.338314950466156
evaluation-3365-non-000,0,0.5181747674942017
evaluation-3369-tar-000,1,0.5488695502281189
evaluation-3369-non-000,0,0.3356545567512512
evaluation-33711-tar-000,1,0.42622482776641846
evaluation-33711-non-000,0,0.317043662071228
evaluation-33790-tar-000,1,0.6100864410400391
evaluation-33790-non-000,0,0.5848991870880127
evaluation-3395-tar-000,1,0.23821790516376495
evaluation-3395-non-000,0,0.33535563945770264
evaluation-3407-tar-000,1,0.35136815905570984
evaluation-3407-non-000,0,-0.05824385955929756
evaluation-3409-tar-000,1,0.3643360137939453
evaluation-3409-non-000,0,0.498900443315506
evaluation-34158-tar-000,1,0.3631276488304138
evaluation-34158-non-000,0,0.22940343618392944
evaluation-3417-tar-000,1,0.06352925300598145
evaluation-3417-non-000,0,0.5562981963157654
evaluation-3425-tar-000,1,0.47873276472091675
evaluation-3425-non-000,0,0.44647422432899475
evaluation-34257-tar-000,1,0.05341063439846039
evaluation-34257-non-000,0,0.38065576553344727
evaluation-3427-tar-000,1,0.6506960391998291
evaluation-3427-non-000,0,0.5508010387420654
evaluation-34458-tar-000,1,0.1380559504032135
evaluation-34458-non-000,0,0.23748968541622162
evaluation-34485-tar-000,1,0.2417588233947754
evaluation-34485-non-000,0,0.5966521501541138
evaluation-34631-tar-000,1,0.39999255537986755
evaluation-34631-non-000,0,0.3477873206138611
evaluation-34647-tar-000,1,0.5356956720352173
evaluation-34647-non-000,0,0.3097309470176697
evaluation-3471-tar-000,1,0.19201049208641052
evaluation-3471-non-000,0,0.3609476685523987
evaluation-34719-tar-000,1,0.5358906984329224
evaluation-34719-non-000,0,0.25070807337760925
evaluation-3473-tar-000,1,0.6212660074234009
evaluation-3473-non-000,0,0.5777776837348938
evaluation-34738-tar-000,1,0.5026887059211731
evaluation-34738-non-000,0,0.4956732988357544
evaluation-34771-tar-000,1,0.37092965841293335
evaluation-34771-non-000,0,0.3270634412765503
evaluation-3479-tar-000,1,0.4303710460662842
evaluation-3479-non-000,0,0.10730056464672089
evaluation-34807-tar-000,1,0.3521870970726013
evaluation-34807-non-000,0,0.4840226173400879
evaluation-3482-tar-000,1,0.18013979494571686
evaluation-3482-non-000,0,0.13234031200408936
evaluation-34859-tar-000,1,0.3085133135318756
evaluation-34859-non-000,0,0.46795859932899475
evaluation-3497-tar-000,1,0.2156807780265808
evaluation-3497-non-000,0,0.3436790704727173
evaluation-34996-tar-000,1,0.1328875720500946
evaluation-34996-non-000,0,0.2224024534225464
evaluation-35043-tar-000,1,0.39354053139686584
evaluation-35043-non-000,0,0.35620179772377014
evaluation-3507-tar-000,1,0.36750227212905884
evaluation-3507-non-000,0,0.3927406370639801
evaluation-35101-tar-000,1,0.39272403717041016
evaluation-35101-non-000,0,0.22717030346393585
evaluation-3518-tar-000,1,0.13352489471435547
evaluation-3518-non-000,0,0.20833149552345276
evaluation-3522-tar-000,1,0.37399351596832275
evaluation-3522-non-000,0,0.1213509738445282
evaluation-35293-tar-000,1,0.3551797866821289
evaluation-35293-non-000,0,0.37256795167922974
evaluation-35359-tar-000,1,0.28147202730178833
evaluation-35359-non-000,0,0.48677974939346313
evaluation-3540-tar-000,1,0.34618809819221497
evaluation-3540-non-000,0,0.3884444832801819
evaluation-35416-tar-000,1,0.50324547290802
evaluation-35416-non-000,0,0.348332941532135
evaluation-35449-tar-000,1,0.3318520784378052
evaluation-35449-non-000,0,0.39034655690193176
evaluation-35510-tar-000,1,0.5880882740020752
evaluation-35510-non-000,0,0.4776662290096283
evaluation-35562-tar-000,1,0.5196479558944702
evaluation-35562-non-000,0,0.24542997777462006
evaluation-35587-tar-000,1,0.26384449005126953
evaluation-35587-non-000,0,0.3373603820800781
evaluation-3564-tar-000,1,0.3896085321903229
evaluation-3564-non-000,0,0.3901534080505371
evaluation-35683-tar-000,1,0.29073572158813477
evaluation-35683-non-000,0,0.26812565326690674
evaluation-35699-tar-000,1,0.5444308519363403
evaluation-35699-non-000,0,0.3926892876625061
evaluation-3571-tar-000,1,0.17878369987010956
evaluation-3571-non-000,0,0.36670199036598206
evaluation-3572-tar-000,1,0.2202601581811905
evaluation-3572-non-000,0,0.14918509125709534
evaluation-35793-tar-000,1,0.01744478940963745
evaluation-35793-non-000,0,0.5228804349899292
evaluation-35823-tar-000,1,0.28059104084968567
evaluation-35823-non-000,0,0.12164712697267532
evaluation-35872-tar-000,1,0.1838097721338272
evaluation-35872-non-000,0,0.2608872652053833
evaluation-3597-tar-000,1,0.096134714782238
evaluation-3597-non-000,0,0.3061942756175995
evaluation-35996-tar-000,1,0.21380195021629333
evaluation-35996-non-000,0,0.3062973916530609
evaluation-36004-tar-000,1,0.41907596588134766
evaluation-36004-non-000,0,0.18141958117485046
evaluation-36051-tar-000,1,0.4500693380832672
evaluation-36051-non-000,0,0.20952895283699036
evaluation-3619-tar-000,1,0.5637896060943604
evaluation-3619-non-000,0,0.4135461449623108
evaluation-36196-tar-000,1,0.20892465114593506
evaluation-36196-non-000,0,0.22298496961593628
evaluation-36298-tar-000,1,0.49496960639953613
evaluation-36298-non-000,0,0.624801754951477
evaluation-36323-tar-000,1,0.46624884009361267
evaluation-36323-non-000,0,0.23529140651226044
evaluation-36386-tar-000,1,0.543795645236969
evaluation-36386-non-000,0,0.1712881624698639
evaluation-36395-tar-000,1,0.34627601504325867
evaluation-36395-non-000,0,0.1789577752351761
evaluation-36460-tar-000,1,0.22591452300548553
evaluation-36460-non-000,0,-0.022850308567285538
evaluation-36499-tar-000,1,0.6092126369476318
evaluation-36499-non-000,0,0.4453304409980774
evaluation-3656-tar-000,1,0.5499119162559509
evaluation-3656-non-000,0,0.3536907434463501
evaluation-36611-tar-000,1,0.2338317483663559
evaluation-36611-non-000,0,0.47079455852508545
evaluation-36619-tar-000,1,0.3370077908039093
evaluation-36619-non-000,0,0.43597212433815
evaluation-36625-tar-000,1,0.06850530952215195
evaluation-36625-non-000,0,0.3050624132156372
evaluation-36633-tar-000,1,0.4504070281982422
evaluation-36633-non-000,0,0.18174849450588226
evaluation-36685-tar-000,1,0.5685703754425049
evaluation-36685-non-000,0,0.3486887812614441
evaluation-3669-tar-000,1,0.23272542655467987
evaluation-3669-non-000,0,0.4412940740585327
evaluation-36853-tar-000,1,0.5974084138870239
evaluation-36853-non-000,0,0.675787091255188
evaluation-3693-tar-000,1,0.38663560152053833
evaluation-3693-non-000,0,0.2477419674396515
evaluation-3720-tar-000,1,0.5030412673950195
evaluation-3720-non-000,0,0.29088878631591797
evaluation-37259-tar-000,1,0.2222391963005066
evaluation-37259-non-000,0,0.5175938606262207
evaluation-37301-tar-000,1,0.32752636075019836
evaluation-37301-non-000,0,0.1885773241519928
evaluation-37328-tar-000,1,0.4939992129802704
evaluation-37328-non-000,0,0.3648003339767456
evaluation-37625-tar-000,1,0.5641981363296509
evaluation-37625-non-000,0,0.3839553892612457
evaluation-37658-tar-000,1,0.4520605206489563
evaluation-37658-non-000,0,0.4564865827560425
evaluation-3767-tar-000,1,0.528884768486023
evaluation-3767-non-000,0,0.12865065038204193
evaluation-37696-tar-000,1,0.0926605612039566
evaluation-37696-non-000,0,0.22442546486854553
evaluation-3770-tar-000,1,0.20028486847877502
evaluation-3770-non-000,0,0.14780229330062866
evaluation-37740-tar-000,1,0.19253508746623993
evaluation-37740-non-000,0,0.49573567509651184
evaluation-3778-tar-000,1,0.34834524989128113
evaluation-3778-non-000,0,0.18495848774909973
evaluation-37844-tar-000,1,0.12575119733810425
evaluation-37844-non-000,0,0.2225714921951294
evaluation-37921-tar-000,1,0.47138988971710205
evaluation-37921-non-000,0,0.40059155225753784
evaluation-37932-tar-000,1,0.4847314953804016
evaluation-37932-non-000,0,0.003059942275285721
evaluation-37946-tar-000,1,0.26351398229599
evaluation-37946-non-000,0,0.03425373509526253
evaluation-37965-tar-000,1,0.6147569417953491
evaluation-37965-non-000,0,0.3104942739009857
evaluation-37971-tar-000,1,0.37424689531326294
evaluation-37971-non-000,0,0.24059829115867615
evaluation-3805-tar-000,1,0.15939682722091675
evaluation-3805-non-000,0,0.30419421195983887
evaluation-38056-tar-000,1,0.23943890631198883
evaluation-38056-non-000,0,0.34852030873298645
evaluation-38083-tar-000,1,0.54853755235672
evaluation-38083-non-000,0,0.3838837444782257
evaluation-3813-tar-000,1,0.3442584276199341
evaluation-3813-non-000,0,0.1214909628033638
evaluation-38157-tar-000,1,0.34629637002944946
evaluation-38157-non-000,0,0.37778931856155396
evaluation-38166-tar-000,1,0.22922199964523315
evaluation-38166-non-000,0,0.24302446842193604
evaluation-38196-tar-000,1,0.4560418128967285
evaluation-38196-non-000,0,0.010777685791254044
evaluation-3827-tar-000,1,0.41699665784835815
evaluation-3827-non-000,0,0.3776770234107971
evaluation-38388-tar-000,1,0.39651328325271606
evaluation-38388-non-000,0,0.5784043073654175
evaluation-3839-tar-000,1,0.6122579574584961
evaluation-3839-non-000,0,0.1775568276643753
evaluation-3840-tar-000,1,0.5171439051628113
evaluation-3840-non-000,0,0.13227279484272003
evaluation-38657-tar-000,1,0.15688061714172363
evaluation-38657-non-000,0,0.3201697766780853
evaluation-38792-tar-000,1,0.4715006351470947
evaluation-38792-non-000,0,0.2245190590620041
evaluation-3888-tar-000,1,0.29396262764930725
evaluation-3888-non-000,0,0.3772713243961334
evaluation-3892-tar-000,1,0.29567936062812805
evaluation-3892-non-000,0,0.4386293292045593
evaluation-3901-tar-000,1,0.5995809435844421
evaluation-3901-non-000,0,0.24708926677703857
evaluation-39025-tar-000,1,0.6065022945404053
evaluation-39025-non-000,0,0.31444865465164185
evaluation-39031-tar-000,1,0.6893123984336853
evaluation-39031-non-000,0,0.36772239208221436
evaluation-3911-tar-000,1,0.31249040365219116
evaluation-3911-non-000,0,0.5338641405105591
evaluation-39163-tar-000,1,0.4510834813117981
evaluation-39163-non-000,0,0.34999752044677734
evaluation-39201-tar-000,1,0.3923451006412506
evaluation-39201-non-000,0,0.450996994972229
evaluation-3921-tar-000,1,0.6147902011871338
evaluation-3921-non-000,0,0.49101102352142334
evaluation-3926-tar-000,1,0.5333241820335388
evaluation-3926-non-000,0,0.32028645277023315
evaluation-3928-tar-000,1,0.5010543465614319
evaluation-3928-non-000,0,0.2356857806444168
evaluation-3931-tar-000,1,0.3398326635360718
evaluation-3931-non-000,0,0.4255669414997101
evaluation-3939-tar-000,1,0.346057653427124
evaluation-3939-non-000,0,0.14914262294769287
evaluation-39421-tar-000,1,0.43876057863235474
evaluation-39421-non-000,0,0.26926296949386597
evaluation-3954-tar-000,1,0.18363511562347412
evaluation-3954-non-000,0,0.601665735244751
evaluation-39720-tar-000,1,0.5414475798606873
evaluation-39720-non-000,0,0.5162943601608276
evaluation-39756-tar-000,1,0.512054979801178
evaluation-39756-non-000,0,0.31084293127059937
evaluation-39877-tar-000,1,0.4821796417236328
evaluation-39877-non-000,0,0.4761773943901062
evaluation-3989-tar-000,1,0.19023440778255463
evaluation-3989-non-000,0,0.46810802817344666
evaluation-40025-tar-000,1,0.4667069613933563
evaluation-40025-non-000,0,0.28538575768470764
evaluation-4004-tar-000,1,0.40679484605789185
evaluation-4004-non-000,0,0.3623131513595581
evaluation-40064-tar-000,1,0.7163386344909668
evaluation-40064-non-000,0,0.14262723922729492
evaluation-40075-tar-000,1,0.5297616720199585
evaluation-40075-non-000,0,0.29214656352996826
evaluation-4013-tar-000,1,0.4057079553604126
evaluation-4013-non-000,0,0.47631216049194336
evaluation-40173-tar-000,1,0.3150414228439331
evaluation-40173-non-000,0,0.23299628496170044
evaluation-40311-tar-000,1,0.3848147690296173
evaluation-40311-non-000,0,0.4067074656486511
evaluation-4044-tar-000,1,0.7546092867851257
evaluation-4044-non-000,0,0.365395724773407
evaluation-40525-tar-000,1,0.41785499453544617
evaluation-40525-non-000,0,0.39493855834007263
evaluation-40577-tar-000,1,0.151106595993042
evaluation-40577-non-000,0,0.3284034729003906
evaluation-40588-tar-000,1,0.2223125696182251
evaluation-40588-non-000,0,0.4644903242588043
evaluation-40676-tar-000,1,0.2712814211845398
evaluation-40676-non-000,0,0.2143842875957489
evaluation-4068-tar-000,1,0.28468239307403564
evaluation-4068-non-000,0,0.49520444869995117
evaluation-4077-tar-000,1,0.5713965892791748
evaluation-4077-non-000,0,0.4728417694568634
evaluation-40772-tar-000,1,0.10740292817354202
evaluation-40772-non-000,0,0.2007635086774826
evaluation-40929-tar-000,1,0.1515354961156845
evaluation-40929-non-000,0,0.306565523147583
evaluation-41000-tar-000,1,0.4926854372024536
evaluation-41000-non-000,0,0.3414614498615265
evaluation-41025-tar-000,1,0.6493558883666992
evaluation-41025-non-000,0,0.5044565200805664
evaluation-4123-tar-000,1,0.3272356390953064
evaluation-4123-non-000,0,0.40550845861434937
evaluation-41278-tar-000,1,0.454772412776947
evaluation-41278-non-000,0,0.3302302658557892
evaluation-4134-tar-000,1,0.26384851336479187
evaluation-4134-non-000,0,0.4603337049484253
evaluation-41357-tar-000,1,0.25092393159866333
evaluation-41357-non-000,0,0.14874762296676636
evaluation-41390-tar-000,1,0.36354130506515503
evaluation-41390-non-000,0,0.3662177324295044
evaluation-41404-tar-000,1,0.4037374258041382
evaluation-41404-non-000,0,0.31084585189819336
evaluation-41492-tar-000,1,0.220164954662323
evaluation-41492-non-000,0,0.19194698333740234
evaluation-41536-tar-000,1,0.12919491529464722
evaluation-41536-non-000,0,0.4436413645744324
evaluation-41706-tar-000,1,0.44984734058380127
evaluation-41706-non-000,0,0.40743616223335266
evaluation-41750-tar-000,1,0.28145909309387207
evaluation-41750-non-000,0,0.5372251272201538
evaluation-41755-tar-000,1,0.2719295024871826
evaluation-41755-non-000,0,0.5274070501327515
evaluation-41854-tar-000,1,0.5998772382736206
evaluation-41854-non-000,0,0.19181370735168457
evaluation-41945-tar-000,1,0.3556728959083557
evaluation-41945-non-000,0,0.2584923505783081
evaluation-41994-tar-000,1,0.3493109941482544
evaluation-41994-non-000,0,0.26937445998191833
evaluation-4202-tar-000,1,0.24052077531814575
evaluation-4202-non-000,0,0.2630716562271118
evaluation-42025-tar-000,1,0.49902328848838806
evaluation-42025-non-000,0,0.40784353017807007
evaluation-4204-tar-000,1,0.31587836146354675
evaluation-4204-non-000,0,0.2756426930427551
evaluation-42173-tar-000,1,0.23088887333869934
evaluation-42173-non-000,0,0.37526702880859375
evaluation-42176-tar-000,1,0.30328047275543213
evaluation-42176-non-000,0,0.33884066343307495
evaluation-42209-tar-000,1,0.45714879035949707
evaluation-42209-non-000,0,0.13662958145141602
evaluation-42250-tar-000,1,0.18928974866867065
evaluation-42250-non-000,0,0.12641334533691406
evaluation-4240-tar-000,1,0.2682746946811676
evaluation-4240-non-000,0,0.2864297926425934
evaluation-42401-tar-000,1,0.3494138717651367
evaluation-42401-non-000,0,0.2646462917327881
evaluation-4246-tar-000,1,0.05636546015739441
evaluation-4246-non-000,0,0.18285822868347168
evaluation-42505-tar-000,1,0.438662052154541
evaluation-42505-non-000,0,0.49490809440612793
evaluation-4251-tar-000,1,0.37713494896888733
evaluation-4251-non-000,0,0.33347606658935547
evaluation-42546-tar-000,1,0.47507810592651367
evaluation-42546-non-000,0,0.378315806388855
evaluation-42648-tar-000,1,0.30523020029067993
evaluation-42648-non-000,0,0.1365816593170166
evaluation-42681-tar-000,1,0.27122384309768677
evaluation-42681-non-000,0,0.2784145176410675
evaluation-42717-tar-000,1,0.43454456329345703
evaluation-42717-non-000,0,0.2687753140926361
evaluation-42728-tar-000,1,0.4888988137245178
evaluation-42728-non-000,0,0.4041858911514282
evaluation-42744-tar-000,1,0.21300539374351501
evaluation-42744-non-000,0,0.4692825973033905
evaluation-42772-tar-000,1,0.6502782106399536
evaluation-42772-non-000,0,0.12077605724334717
evaluation-4288-tar-000,1,0.5451055765151978
evaluation-4288-non-000,0,0.3836636543273926
evaluation-42904-tar-000,1,0.4154866933822632
evaluation-42904-non-000,0,0.4362943172454834
evaluation-4295-tar-000,1,0.32355886697769165
evaluation-4295-non-000,0,0.15487882494926453
evaluation-43042-tar-000,1,0.5848177075386047
evaluation-43042-non-000,0,0.5212082862854004
evaluation-43063-tar-000,1,0.2492958903312683
evaluation-43063-non-000,0,0.4678229093551636
evaluation-4308-tar-000,1,0.1271047741174698
evaluation-4308-non-000,0,0.14843180775642395
evaluation-4315-tar-000,1,0.4657813012599945
evaluation-4315-non-000,0,0.5559439659118652
evaluation-43184-tar-000,1,0.38928043842315674
evaluation-43184-non-000,0,0.31115269660949707
evaluation-43225-tar-000,1,0.3262529969215393
evaluation-43225-non-000,0,0.534148097038269
evaluation-43269-tar-000,1,0.20417018234729767
evaluation-43269-non-000,0,0.406452476978302
evaluation-43288-tar-000,1,0.4010300934314728
evaluation-43288-non-000,0,0.1532316505908966
evaluation-4341-tar-000,1,-0.02392016164958477
evaluation-4341-non-000,0,0.5184707045555115
evaluation-43483-tar-000,1,0.2980124056339264
evaluation-43483-non-000,0,0.47494012117385864
evaluation-43604-tar-000,1,0.27449578046798706
evaluation-43604-non-000,0,0.16109341382980347
evaluation-43675-tar-000,1,0.4281739592552185
evaluation-43675-non-000,0,0.326292484998703
evaluation-4368-tar-000,1,0.4076443910598755
evaluation-4368-non-000,0,0.07157042622566223
evaluation-43744-tar-000,1,0.3506532907485962
evaluation-43744-non-000,0,0.08569837361574173
evaluation-43818-tar-000,1,0.5341293811798096
evaluation-43818-non-000,0,0.39631223678588867
evaluation-43865-tar-000,1,0.5912374258041382
evaluation-43865-non-000,0,0.423897922039032
evaluation-43958-tar-000,1,0.1148204505443573
evaluation-43958-non-000,0,-0.005672335624694824
evaluation-44085-tar-000,1,0.44692790508270264
evaluation-44085-non-000,0,0.15687984228134155
evaluation-44175-tar-000,1,0.10102137923240662
evaluation-44175-non-000,0,0.10012020915746689
evaluation-44285-tar-000,1,0.16201607882976532
evaluation-44285-non-000,0,0.15356823801994324
evaluation-44392-tar-000,1,0.34480249881744385
evaluation-44392-non-000,0,0.46559640765190125
evaluation-4440-tar-000,1,0.39961308240890503
evaluation-4440-non-000,0,0.3355467915534973
evaluation-44406-tar-000,1,0.4357336163520813
evaluation-44406-non-000,0,0.2961854040622711
evaluation-4442-tar-000,1,0.3872665762901306
evaluation-4442-non-000,0,0.23962101340293884
evaluation-4468-tar-000,1,0.24406331777572632
evaluation-4468-non-000,0,0.027124907821416855
evaluation-44683-tar-000,1,0.2646922469139099
evaluation-44683-non-000,0,0.22341813147068024
evaluation-44727-tar-000,1,0.6479174494743347
evaluation-44727-non-000,0,0.663899302482605
evaluation-4477-tar-000,1,0.4755454659461975
evaluation-4477-non-000,0,0.4890100359916687
evaluation-44829-tar-000,1,0.5897161364555359
evaluation-44829-non-000,0,0.29747119545936584
evaluation-4506-tar-000,1,0.30732935667037964
evaluation-4506-non-000,0,0.29214268922805786
evaluation-45084-tar-000,1,0.32927387952804565
evaluation-45084-non-000,0,0.4805842638015747
evaluation-45213-tar-000,1,0.4087910056114197
evaluation-45213-non-000,0,0.2176710069179535
evaluation-45252-tar-000,1,0.022860422730445862
evaluation-45252-non-000,0,0.3438771963119507
evaluation-4529-tar-000,1,0.4685812294483185
evaluation-4529-non-000,0,0.08054417371749878
evaluation-45538-tar-000,1,0.10545767098665237
evaluation-45538-non-000,0,0.23851580917835236
evaluation-45617-tar-000,1,0.06168387830257416
evaluation-45617-non-000,0,0.20213943719863892
evaluation-45658-tar-000,1,0.6163356304168701
evaluation-45658-non-000,0,0.14812202751636505
evaluation-45744-tar-000,1,0.5739008188247681
evaluation-45744-non-000,0,0.04479966685175896
evaluation-45749-tar-000,1,0.318339467048645
evaluation-45749-non-000,0,0.3725178837776184
evaluation-45793-tar-000,1,0.21758051216602325
evaluation-45793-non-000,0,0.31284332275390625
evaluation-4581-tar-000,1,0.5330374836921692
evaluation-4581-non-000,0,0.32373636960983276
evaluation-45834-tar-000,1,0.3793652653694153
evaluation-45834-non-000,0,0.30598971247673035
evaluation-45870-tar-000,1,0.2438785880804062
evaluation-45870-non-000,0,0.3135480284690857
evaluation-4591-tar-000,1,0.29921433329582214
evaluation-4591-non-000,0,0.513134241104126
evaluation-45985-tar-000,1,0.3614034652709961
evaluation-45985-non-000,0,0.32695743441581726
evaluation-46029-tar-000,1,0.47716426849365234
evaluation-46029-non-000,0,0.25929397344589233
evaluation-4603-tar-000,1,0.4512239694595337
evaluation-4603-non-000,0,0.3087589740753174
evaluation-4612-tar-000,1,0.5693153142929077
evaluation-4612-non-000,0,0.3140641450881958
evaluation-4619-tar-000,1,0.3909940719604492
evaluation-4619-non-000,0,0.1096949577331543
evaluation-46202-tar-000,1,0.5793781876564026
evaluation-46202-non-000,0,0.11985985189676285
evaluation-46241-tar-000,1,0.4927748143672943
evaluation-46241-non-000,0,0.1752624362707138
evaluation-46298-tar-000,1,0.27606046199798584
evaluation-46298-non-000,0,0.4521152675151825
evaluation-46466-tar-000,1,0.4173229932785034
evaluation-46466-non-000,0,0.2622719407081604
evaluation-4649-tar-000,1,0.32781049609184265
evaluation-4649-non-000,0,0.3774740397930145
evaluation-4664-tar-000,1,0.18953052163124084
evaluation-4664-non-000,0,0.24013756215572357
evaluation-46955-tar-000,1,0.03973161801695824
evaluation-46955-non-000,0,0.061018697917461395
evaluation-4709-tar-000,1,0.6678478717803955
evaluation-4709-non-000,0,0.07999330013990402
evaluation-4710-tar-000,1,0.3864210844039917
evaluation-4710-non-000,0,0.4489153027534485
evaluation-47139-tar-000,1,0.20685581862926483
evaluation-47139-non-000,0,0.14706270396709442
evaluation-47142-tar-000,1,0.1606084704399109
evaluation-47142-non-000,0,0.14263588190078735
evaluation-47169-tar-000,1,0.4463387429714203
evaluation-47169-non-000,0,0.3000352680683136
evaluation-47238-tar-000,1,0.3130457103252411
evaluation-47238-non-000,0,0.3096964359283447
evaluation-4728-tar-000,1,-0.003952007740736008
evaluation-4728-non-000,0,0.3951227366924286
evaluation-47342-tar-000,1,0.38730478286743164
evaluation-47342-non-000,0,0.25444290041923523
evaluation-47504-tar-000,1,0.1259315311908722
evaluation-47504-non-000,0,0.24776147305965424
evaluation-4763-tar-000,1,0.19309496879577637
evaluation-4763-non-000,0,0.13768823444843292
evaluation-47650-tar-000,1,0.262840211391449
evaluation-47650-non-000,0,0.10901834070682526
evaluation-47658-tar-000,1,0.26914674043655396
evaluation-47658-non-000,0,0.5884947180747986
evaluation-4773-tar-000,1,0.1087857261300087
evaluation-4773-non-000,0,0.37093520164489746
evaluation-4774-tar-000,1,0.1369410902261734
evaluation-4774-non-000,0,0.26691609621047974
evaluation-47913-tar-000,1,0.3305181860923767
evaluation-47913-non-000,0,0.17939507961273193
evaluation-47998-tar-000,1,0.21276509761810303
evaluation-47998-non-000,0,0.4818059206008911
evaluation-4800-tar-000,1,0.2764347791671753
evaluation-4800-non-000,0,0.3775230646133423
evaluation-48095-tar-000,1,0.28491419553756714
evaluation-48095-non-000,0,0.22764842212200165
evaluation-48193-tar-000,1,0.43526697158813477
evaluation-48193-non-000,0,0.5709652900695801
evaluation-4821-tar-000,1,0.18636873364448547
evaluation-4821-non-000,0,0.469049870967865
evaluation-48232-tar-000,1,0.33687812089920044
evaluation-48232-non-000,0,0.2576235234737396
evaluation-48262-tar-000,1,0.3378337025642395
evaluation-48262-non-000,0,0.0806567519903183
evaluation-48388-tar-000,1,0.3808087110519409
evaluation-48388-non-000,0,0.06383171677589417
evaluation-4841-tar-000,1,0.1948559582233429
evaluation-4841-non-000,0,0.19195403158664703
evaluation-4842-tar-000,1,0.4509040415287018
evaluation-4842-non-000,0,0.0525752529501915
evaluation-48443-tar-000,1,0.2355245053768158
evaluation-48443-non-000,0,0.21568837761878967
evaluation-48454-tar-000,1,0.5636340379714966
evaluation-48454-non-000,0,0.4924964904785156
evaluation-48575-tar-000,1,0.2951844036579132
evaluation-48575-non-000,0,0.3020657002925873
evaluation-48578-tar-000,1,0.30234798789024353
evaluation-48578-non-000,0,0.3628520369529724
evaluation-4867-tar-000,1,0.22740450501441956
evaluation-4867-non-000,0,0.09180077165365219
evaluation-48726-tar-000,1,0.31008830666542053
evaluation-48726-non-000,0,0.3735191524028778
evaluation-48759-tar-000,1,0.48570477962493896
evaluation-48759-non-000,0,0.29574155807495117
evaluation-48787-tar-000,1,0.2452079951763153
evaluation-48787-non-000,0,0.654139518737793
evaluation-48833-tar-000,1,0.3706129193305969
evaluation-48833-non-000,0,0.2954915761947632
evaluation-48905-tar-000,1,0.44757765531539917
evaluation-48905-non-000,0,0.5024121999740601
evaluation-4891-tar-000,1,0.14865513145923615
evaluation-4891-non-000,0,0.4412688612937927
evaluation-4894-tar-000,1,0.03994603455066681
evaluation-4894-non-000,0,0.6270461082458496
evaluation-48952-tar-000,1,0.6768893003463745
evaluation-48952-non-000,0,0.543873131275177
evaluation-49004-tar-000,1,0.39643198251724243
evaluation-49004-non-000,0,0.24724677205085754
evaluation-49037-tar-000,1,0.24309596419334412
evaluation-49037-non-000,0,0.36885252594947815
evaluation-49045-tar-000,1,0.21036306023597717
evaluation-49045-non-000,0,0.5141562223434448
evaluation-49097-tar-000,1,0.5655831694602966
evaluation-49097-non-000,0,0.40388596057891846
evaluation-49116-tar-000,1,0.32705533504486084
evaluation-49116-non-000,0,0.1882113516330719
evaluation-49196-tar-000,1,0.21346259117126465
evaluation-49196-non-000,0,0.3904024660587311
evaluation-49207-tar-000,1,0.11096026748418808
evaluation-49207-non-000,0,0.2872810363769531
evaluation-4921-tar-000,1,0.4664708077907562
evaluation-4921-non-000,0,0.4519171118736267
evaluation-49215-tar-000,1,0.5168830752372742
evaluation-49215-non-000,0,0.26585614681243896
evaluation-4934-tar-000,1,0.32645002007484436
evaluation-4934-non-000,0,0.2664768695831299
evaluation-49446-tar-000,1,0.16552725434303284
evaluation-49446-non-000,0,0.26631638407707214
evaluation-49476-tar-000,1,0.2637781798839569
evaluation-49476-non-000,0,0.31984251737594604
evaluation-49484-tar-000,1,0.5796747207641602
evaluation-49484-non-000,0,0.3307720124721527
evaluation-49520-tar-000,1,0.609626293182373
evaluation-49520-non-000,0,0.3146233558654785
evaluation-49539-tar-000,1,0.5392073392868042
evaluation-49539-non-000,0,0.14121544361114502
evaluation-4958-tar-000,1,0.3493080139160156
evaluation-4958-non-000,0,0.38165122270584106
evaluation-4961-tar-000,1,0.09168411791324615
evaluation-4961-non-000,0,0.7041174173355103
evaluation-49677-tar-000,1,0.29462844133377075
evaluation-49677-non-000,0,0.21461883187294006
evaluation-49792-tar-000,1,0.29812535643577576
evaluation-49792-non-000,0,0.2069707214832306
evaluation-49808-tar-000,1,0.28442949056625366
evaluation-49808-non-000,0,0.3834291696548462
evaluation-49872-tar-000,1,0.3137894868850708
evaluation-49872-non-000,0,0.19077099859714508
evaluation-50056-tar-000,1,0.4214916527271271
evaluation-50056-non-000,0,0.10656985640525818
evaluation-5008-tar-000,1,0.3017086386680603
evaluation-5008-non-000,0,0.3916693925857544
evaluation-5010-tar-000,1,0.31577834486961365
evaluation-5010-non-000,0,0.39921385049819946
evaluation-50138-tar-000,1,0.5458619594573975
evaluation-50138-non-000,0,0.12591063976287842
evaluation-5018-tar-000,1,0.36612722277641296
evaluation-5018-non-000,0,0.5287693738937378
evaluation-5021-tar-000,1,0.38792356848716736
evaluation-5021-non-000,0,0.3945442736148834
evaluation-5024-tar-000,1,0.3289775848388672
evaluation-5024-non-000,0,0.31347036361694336
evaluation-50374-tar-000,1,0.24619852006435394
evaluation-50374-non-000,0,0.20705348253250122
evaluation-5042-tar-000,1,0.01653684675693512
evaluation-5042-non-000,0,0.3000692129135132
evaluation-50440-tar-000,1,0.31492096185684204
evaluation-50440-non-000,0,0.42229509353637695
evaluation-50490-tar-000,1,0.3728110194206238
evaluation-50490-non-000,0,0.06340071558952332
evaluation-50591-tar-000,1,0.13604532182216644
evaluation-50591-non-000,0,0.478630930185318
evaluation-50608-tar-000,1,0.3518345057964325
evaluation-50608-non-000,0,0.5465340614318848
evaluation-50613-tar-000,1,0.19343140721321106
evaluation-50613-non-000,0,0.3746165633201599
evaluation-50643-tar-000,1,0.21243491768836975
evaluation-50643-non-000,0,0.16935215890407562
evaluation-50652-tar-000,1,0.22016122937202454
evaluation-50652-non-000,0,0.18694114685058594
evaluation-50676-tar-000,1,0.0781727284193039
evaluation-50676-non-000,0,0.1673671007156372
evaluation-50679-tar-000,1,0.39922794699668884
evaluation-50679-non-000,0,0.06182446330785751
evaluation-50723-tar-000,1,0.3386671543121338
evaluation-50723-non-000,0,0.18306691944599152
evaluation-50786-tar-000,1,0.32260310649871826
evaluation-50786-non-000,0,0.5182455778121948
evaluation-51050-tar-000,1,0.014724308624863625
evaluation-51050-non-000,0,0.17049986124038696
evaluation-51080-tar-000,1,0.22741971909999847
evaluation-51080-non-000,0,0.19081932306289673
evaluation-51099-tar-000,1,0.45273908972740173
evaluation-51099-non-000,0,0.11899411678314209
evaluation-5135-tar-000,1,0.2774733006954193
evaluation-5135-non-000,0,0.2645590901374817
evaluation-51399-tar-000,1,0.4584653079509735
evaluation-51399-non-000,0,0.5282314419746399
evaluation-51459-tar-000,1,0.4157148599624634
evaluation-51459-non-000,0,0.3315117359161377
evaluation-5148-tar-000,1,0.2666347026824951
evaluation-5148-non-000,0,0.43124938011169434
evaluation-5149-tar-000,1,0.47870784997940063
evaluation-5149-non-000,0,0.35176175832748413
evaluation-51506-tar-000,1,0.6412028074264526
evaluation-51506-non-000,0,0.3044939637184143
evaluation-51525-tar-000,1,0.5159976482391357
evaluation-51525-non-000,0,0.2796468138694763
evaluation-5153-tar-000,1,0.4274314045906067
evaluation-5153-non-000,0,0.30264025926589966
evaluation-51531-tar-000,1,0.5082391500473022
evaluation-51531-non-000,0,0.2212628424167633
evaluation-51544-tar-000,1,0.395682156085968
evaluation-51544-non-000,0,0.1676497459411621
evaluation-51624-tar-000,1,0.18420201539993286
evaluation-51624-non-000,0,0.18280114233493805
evaluation-51629-tar-000,1,0.49191391468048096
evaluation-51629-non-000,0,0.30511438846588135
evaluation-5167-tar-000,1,0.311543732881546
evaluation-5167-non-000,0,0.027334250509738922
evaluation-5171-tar-000,1,0.25434938073158264
evaluation-5171-non-000,0,0.458416223526001
evaluation-51899-tar-000,1,0.7327938079833984
evaluation-51899-non-000,0,0.2892179489135742
evaluation-51940-tar-000,1,0.3321961760520935
evaluation-51940-non-000,0,0.06643976271152496
evaluation-51962-tar-000,1,0.7389111518859863
evaluation-51962-non-000,0,0.20713038742542267
evaluation-5203-tar-000,1,0.40503108501434326
evaluation-5203-non-000,0,0.4705246090888977
evaluation-5215-tar-000,1,0.0792146697640419
evaluation-5215-non-000,0,0.29855039715766907
evaluation-52213-tar-000,1,0.1903945803642273
evaluation-52213-non-000,0,0.4637818932533264
evaluation-5225-tar-000,1,0.35195302963256836
evaluation-5225-non-000,0,0.36979952454566956
evaluation-52371-tar-000,1,0.40151676535606384
evaluation-52371-non-000,0,0.3361521363258362
evaluation-52374-tar-000,1,0.15882724523544312
evaluation-52374-non-000,0,0.29368728399276733
evaluation-5246-tar-000,1,0.105699323117733
evaluation-5246-non-000,0,0.5042620897293091
evaluation-52486-tar-000,1,0.3693121373653412
evaluation-52486-non-000,0,0.28907865285873413
evaluation-5253-tar-000,1,0.17791053652763367
evaluation-5253-non-000,0,0.4461401104927063
evaluation-52530-tar-000,1,0.29724082350730896
evaluation-52530-non-000,0,0.2524365782737732
evaluation-5256-tar-000,1,0.33923065662384033
evaluation-5256-non-000,0,0.5371475219726562
evaluation-5261-tar-000,1,0.46799126267433167
evaluation-5261-non-000,0,0.1839805543422699
evaluation-52651-tar-000,1,0.6789235472679138
evaluation-52651-non-000,0,0.29246997833251953
evaluation-52709-tar-000,1,0.45356160402297974
evaluation-52709-non-000,0,0.19899523258209229
evaluation-5289-tar-000,1,0.25601503252983093
evaluation-5289-non-000,0,0.6192172169685364
evaluation-52912-tar-000,1,0.30908310413360596
evaluation-52912-non-000,0,0.4035506844520569
evaluation-52929-tar-000,1,0.09121409058570862
evaluation-52929-non-000,0,0.3803359568119049
evaluation-5309-tar-000,1,0.2870592474937439
evaluation-5309-non-000,0,0.19180326163768768
evaluation-53170-tar-000,1,0.26058948040008545
evaluation-53170-non-000,0,0.11197420954704285
evaluation-5322-tar-000,1,0.2183207869529724
evaluation-5322-non-000,0,0.310452401638031
evaluation-5325-tar-000,1,0.28772425651550293
evaluation-5325-non-000,0,0.37176936864852905
evaluation-53266-tar-000,1,0.25168460607528687
evaluation-53266-non-000,0,0.44423216581344604
evaluation-53269-tar-000,1,0.3293817639350891
evaluation-53269-non-000,0,0.11893503367900848
evaluation-53272-tar-000,1,0.14410792291164398
evaluation-53272-non-000,0,0.1934596449136734
evaluation-5334-tar-000,1,0.15723386406898499
evaluation-5334-non-000,0,0.5127220153808594
evaluation-53354-tar-000,1,0.32225900888442993
evaluation-53354-non-000,0,0.07583807408809662
evaluation-5336-tar-000,1,0.403666615486145
evaluation-5336-non-000,0,0.461292564868927
evaluation-5339-tar-000,1,0.16329574584960938
evaluation-5339-non-000,0,0.3674117624759674
evaluation-53390-tar-000,1,0.6233285069465637
evaluation-53390-non-000,0,0.3139275312423706
evaluation-53434-tar-000,1,0.14075204730033875
evaluation-53434-non-000,0,0.47456496953964233
evaluation-53544-tar-000,1,0.19596117734909058
evaluation-53544-non-000,0,0.2897990345954895
evaluation-53588-tar-000,1,0.36214008927345276
evaluation-53588-non-000,0,0.273137629032135
evaluation-53755-tar-000,1,0.5761443376541138
evaluation-53755-non-000,0,0.5891350507736206
evaluation-53972-tar-000,1,0.46076273918151855
evaluation-53972-non-000,0,0.6639435291290283
evaluation-5399-tar-000,1,0.19014210999011993
evaluation-5399-non-000,0,0.341541588306427
evaluation-54035-tar-000,1,0.16620087623596191
evaluation-54035-non-000,0,0.1896655112504959
evaluation-54085-tar-000,1,0.40887463092803955
evaluation-54085-non-000,0,0.2033585160970688
evaluation-5413-tar-000,1,0.15572921931743622
evaluation-5413-non-000,0,0.2589876353740692
evaluation-54197-tar-000,1,0.683722734451294
evaluation-54197-non-000,0,0.32331377267837524
evaluation-54250-tar-000,1,0.3578346371650696
evaluation-54250-non-000,0,0.1734134703874588
evaluation-54261-tar-000,1,0.566068172454834
evaluation-54261-non-000,0,0.012515336275100708
evaluation-5437-tar-000,1,0.3351875841617584
evaluation-5437-non-000,0,0.22617682814598083
evaluation-54376-tar-000,1,0.16698381304740906
evaluation-54376-non-000,0,0.18123851716518402
evaluation-5438-tar-000,1,0.5939067602157593
evaluation-5438-non-000,0,0.08449316024780273
evaluation-54568-tar-000,1,0.34700560569763184
evaluation-54568-non-000,0,0.3443412780761719
evaluation-54596-tar-000,1,0.25757673382759094
evaluation-54596-non-000,0,0.6217619180679321
evaluation-54637-tar-000,1,0.5404552221298218
evaluation-54637-non-000,0,0.22628670930862427
evaluation-54725-tar-000,1,0.4041667878627777
evaluation-54725-non-000,0,0.44214189052581787
evaluation-5490-tar-000,1,0.0677691400051117
evaluation-5490-non-000,0,0.3661702871322632
evaluation-55027-tar-000,1,0.07847847789525986
evaluation-55027-non-000,0,0.28399184346199036
evaluation-55052-tar-000,1,0.08069206774234772
evaluation-55052-non-000,0,0.3209705352783203
evaluation-55225-tar-000,1,0.36570626497268677
evaluation-55225-non-000,0,0.40080851316452026
evaluation-5532-tar-000,1,0.06034993752837181
evaluation-5532-non-000,0,0.1272970587015152
evaluation-55354-tar-000,1,0.13251422345638275
evaluation-55354-non-000,0,0.23021695017814636
evaluation-55362-tar-000,1,0.4256399869918823
evaluation-55362-non-000,0,0.4247286915779114
evaluation-5542-tar-000,1,0.4283108115196228
evaluation-5542-non-000,0,0.4421195685863495
evaluation-55488-tar-000,1,0.18510353565216064
evaluation-55488-non-000,0,0.20153027772903442
evaluation-55656-tar-000,1,0.15741229057312012
evaluation-55656-non-000,0,0.18429477512836456
evaluation-55681-tar-000,1,0.23986724019050598
evaluation-55681-non-000,0,0.4539699852466583
evaluation-55807-tar-000,1,0.38729673624038696
evaluation-55807-non-000,0,0.5277221202850342
evaluation-55810-tar-000,1,0.3475154638290405
evaluation-55810-non-000,0,0.29478222131729126
evaluation-55870-tar-000,1,0.21379657089710236
evaluation-55870-non-000,0,0.2626715302467346
evaluation-55928-tar-000,1,0.34891003370285034
evaluation-55928-non-000,0,0.18603377044200897
evaluation-5594-tar-000,1,0.17830252647399902
evaluation-5594-non-000,0,0.3686026930809021
evaluation-55953-tar-000,1,0.2640707492828369
evaluation-55953-non-000,0,0.024599522352218628
evaluation-55966-tar-000,1,0.5706809759140015
evaluation-55966-non-000,0,0.6313222646713257
evaluation-5599-tar-000,1,0.3849061131477356
evaluation-5599-non-000,0,0.3372418284416199
evaluation-56043-tar-000,1,0.36337918043136597
evaluation-56043-non-000,0,0.6224276423454285
evaluation-5605-tar-000,1,0.24278303980827332
evaluation-5605-non-000,0,0.3304201364517212
evaluation-56073-tar-000,1,0.43634259700775146
evaluation-56073-non-000,0,0.09543018043041229
evaluation-56098-tar-000,1,0.22850069403648376
evaluation-56098-non-000,0,0.21632468700408936
evaluation-56112-tar-000,1,0.17628085613250732
evaluation-56112-non-000,0,0.13520598411560059
evaluation-56170-tar-000,1,0.6094594597816467
evaluation-56170-non-000,0,0.4121277332305908
evaluation-56181-tar-000,1,0.34771963953971863
evaluation-56181-non-000,0,0.1939009726047516
evaluation-56293-tar-000,1,0.5116196870803833
evaluation-56293-non-000,0,0.28413107991218567
evaluation-5631-tar-000,1,0.3889838457107544
evaluation-5631-non-000,0,0.4397178590297699
evaluation-5645-tar-000,1,0.19885200262069702
evaluation-5645-non-000,0,0.320426344871521
evaluation-5648-tar-000,1,0.3527670204639435
evaluation-5648-non-000,0,0.31049710512161255
evaluation-5653-tar-000,1,0.5164227485656738
evaluation-5653-non-000,0,0.5462185740470886
evaluation-56568-tar-000,1,0.19408349692821503
evaluation-56568-non-000,0,0.3228411078453064
evaluation-5671-tar-000,1,0.2062642127275467
evaluation-5671-non-000,0,0.4319736957550049
evaluation-56722-tar-000,1,0.39257434010505676
evaluation-56722-non-000,0,0.2485954612493515
evaluation-56771-tar-000,1,0.179218128323555
evaluation-56771-non-000,0,0.3463301956653595
evaluation-56829-tar-000,1,0.3359706699848175
evaluation-56829-non-000,0,0.5662211179733276
evaluation-56853-tar-000,1,0.5873644948005676
evaluation-56853-non-000,0,0.6121156215667725
evaluation-56939-tar-000,1,0.23063427209854126
evaluation-56939-non-000,0,0.28111976385116577
evaluation-5706-tar-000,1,0.07252954691648483
evaluation-5706-non-000,0,0.3507172167301178
evaluation-57103-tar-000,1,0.2034182846546173
evaluation-57103-non-000,0,0.29447755217552185
evaluation-57208-tar-000,1,0.24749156832695007
evaluation-57208-non-000,0,0.3912055492401123
evaluation-57246-tar-000,1,0.3893779218196869
evaluation-57246-non-000,0,0.20173077285289764
evaluation-57263-tar-000,1,0.3752758502960205
evaluation-57263-non-000,0,0.2056482583284378
evaluation-5734-tar-000,1,0.2905251979827881
evaluation-5734-non-000,0,0.4355572760105133
evaluation-57364-tar-000,1,0.5256601572036743
evaluation-57364-non-000,0,0.19121389091014862
evaluation-57384-tar-000,1,0.2891210913658142
evaluation-57384-non-000,0,0.42480161786079407
evaluation-57413-tar-000,1,0.16471342742443085
evaluation-57413-non-000,0,0.31400978565216064
evaluation-5745-tar-000,1,0.5028163194656372
evaluation-5745-non-000,0,0.06513049453496933
evaluation-57502-tar-000,1,0.50152188539505
evaluation-57502-non-000,0,0.28266873955726624
evaluation-57587-tar-000,1,0.4017133116722107
evaluation-57587-non-000,0,0.36709925532341003
evaluation-5763-tar-000,1,0.3601832389831543
evaluation-5763-non-000,0,0.45318371057510376
evaluation-57661-tar-000,1,0.2879570722579956
evaluation-57661-non-000,0,0.44377046823501587
evaluation-57710-tar-000,1,0.2593079209327698
evaluation-57710-non-000,0,0.32458704710006714
evaluation-57719-tar-000,1,0.15478982031345367
evaluation-57719-non-000,0,0.5156530141830444
evaluation-5773-tar-000,1,0.5351701974868774
evaluation-5773-non-000,0,0.3345525562763214
evaluation-57944-tar-000,1,0.18018758296966553
evaluation-57944-non-000,0,0.3172457814216614
evaluation-57980-tar-000,1,0.3840670585632324
evaluation-57980-non-000,0,0.5891673564910889
evaluation-58059-tar-000,1,0.1634131371974945
evaluation-58059-non-000,0,0.45117706060409546
evaluation-58067-tar-000,1,0.2511445879936218
evaluation-58067-non-000,0,0.4960753321647644
evaluation-58081-tar-000,1,0.3481876254081726
evaluation-58081-non-000,0,0.2028985321521759
evaluation-58087-tar-000,1,0.23171404004096985
evaluation-58087-non-000,0,0.5056077241897583
evaluation-58098-tar-000,1,0.4934166967868805
evaluation-58098-non-000,0,0.11160901188850403
evaluation-5814-tar-000,1,0.3018772602081299
evaluation-5814-non-000,0,0.4117981195449829
evaluation-58144-tar-000,1,0.423675000667572
evaluation-58144-non-000,0,0.01869770884513855
evaluation-5832-tar-000,1,0.14958366751670837
evaluation-5832-non-000,0,0.3068944215774536
evaluation-5836-tar-000,1,0.5301376581192017
evaluation-5836-non-000,0,0.3097298741340637
evaluation-5841-tar-000,1,0.247891366481781
evaluation-5841-non-000,0,0.2355310469865799
evaluation-58430-tar-000,1,0.4087454080581665
evaluation-58430-non-000,0,0.3445338308811188
evaluation-58587-tar-000,1,0.3933861255645752
evaluation-58587-non-000,0,0.3255694806575775
evaluation-5861-tar-000,1,0.1428038626909256
evaluation-5861-non-000,0,0.25978338718414307
evaluation-5868-tar-000,1,0.4330412745475769
evaluation-5868-non-000,0,0.15311820805072784
evaluation-58694-tar-000,1,0.41384124755859375
evaluation-58694-non-000,0,0.2565898299217224
evaluation-58724-tar-000,1,0.2968069314956665
evaluation-58724-non-000,0,0.4025689363479614
evaluation-58771-tar-000,1,0.5449771285057068
evaluation-58771-non-000,0,0.46030014753341675
evaluation-5884-tar-000,1,0.49103525280952454
evaluation-5884-non-000,0,0.39731889963150024
evaluation-58968-tar-000,1,0.34582197666168213
evaluation-58968-non-000,0,0.03221854567527771
evaluation-5900-tar-000,1,0.30473995208740234
evaluation-5900-non-000,0,0.3916538655757904
evaluation-59029-tar-000,1,0.4524584412574768
evaluation-59029-non-000,0,0.3127923905849457
evaluation-59235-tar-000,1,0.24936918914318085
evaluation-59235-non-000,0,0.3540928363800049
evaluation-59284-tar-000,1,0.3816137909889221
evaluation-59284-non-000,0,0.6413278579711914
evaluation-59443-tar-000,1,0.39296430349349976
evaluation-59443-non-000,0,0.38503843545913696
evaluation-5946-tar-000,1,0.4321996569633484
evaluation-5946-non-000,0,0.38016098737716675
evaluation-5949-tar-000,1,0.2857658863067627
evaluation-5949-non-000,0,0.38745030760765076
evaluation-59496-tar-000,1,0.2976562976837158
evaluation-59496-non-000,0,0.251277357339859
evaluation-59564-tar-000,1,0.3661472201347351
evaluation-59564-non-000,0,0.31670284271240234
evaluation-59663-tar-000,1,0.5151467323303223
evaluation-59663-non-000,0,0.5488947033882141
evaluation-59779-tar-000,1,0.19390952587127686
evaluation-59779-non-000,0,0.6250064373016357
evaluation-59820-tar-000,1,0.2177736759185791
evaluation-59820-non-000,0,0.3526170551776886
evaluation-59963-tar-000,1,0.35455483198165894
evaluation-59963-non-000,0,0.22804272174835205
evaluation-59971-tar-000,1,0.2867234945297241
evaluation-59971-non-000,0,0.5718122720718384
evaluation-6006-tar-000,1,0.38471126556396484
evaluation-6006-non-000,0,0.27954643964767456
evaluation-6010-tar-000,1,0.2895362377166748
evaluation-6010-non-000,0,0.7403070330619812
evaluation-60240-tar-000,1,0.314089298248291
evaluation-60240-non-000,0,0.47268688678741455
evaluation-60627-tar-000,1,0.34945225715637207
evaluation-60627-non-000,0,0.47716978192329407
evaluation-60646-tar-000,1,0.2847965359687805
evaluation-60646-non-000,0,0.5190234184265137
evaluation-60699-tar-000,1,0.4782353639602661
evaluation-60699-non-000,0,0.3387370705604553
evaluation-60748-tar-000,1,0.35608890652656555
evaluation-60748-non-000,0,0.5079741477966309
evaluation-60803-tar-000,1,0.346605122089386
evaluation-60803-non-000,0,0.3543701767921448
evaluation-6081-tar-000,1,0.3501605689525604
evaluation-6081-non-000,0,0.6094803810119629
evaluation-6086-tar-000,1,0.6738151907920837
evaluation-6086-non-000,0,0.2120162844657898
evaluation-6089-tar-000,1,0.31551897525787354
evaluation-6089-non-000,0,0.2677660286426544
evaluation-6097-tar-000,1,0.10676247626543045
evaluation-6097-non-000,0,0.04625183343887329
evaluation-61015-tar-000,1,0.5784734487533569
evaluation-61015-non-000,0,0.3263348937034607
evaluation-61078-tar-000,1,0.4019757807254791
evaluation-61078-non-000,0,0.6100912094116211
evaluation-6108-tar-000,1,0.4199066162109375
evaluation-6108-non-000,0,0.11215201765298843
evaluation-61119-tar-000,1,0.3898743987083435
evaluation-61119-non-000,0,-0.00687798485159874
evaluation-61122-tar-000,1,0.5476728081703186
evaluation-61122-non-000,0,-0.0014086998999118805
evaluation-61133-tar-000,1,0.3657665550708771
evaluation-61133-non-000,0,0.12645457684993744
evaluation-61174-tar-000,1,0.12831665575504303
evaluation-61174-non-000,0,0.22501781582832336
evaluation-61207-tar-000,1,0.38125985860824585
evaluation-61207-non-000,0,0.42997267842292786
evaluation-61292-tar-000,1,0.6271631121635437
evaluation-61292-non-000,0,0.32659024000167847
evaluation-61410-tar-000,1,0.27917248010635376
evaluation-61410-non-000,0,0.36319437623023987
evaluation-61421-tar-000,1,0.6006299257278442
evaluation-61421-non-000,0,0.22899824380874634
evaluation-6163-tar-000,1,0.2711803913116455
evaluation-6163-non-000,0,0.2622813284397125
evaluation-61663-tar-000,1,0.32390642166137695
evaluation-61663-non-000,0,0.08576418459415436
evaluation-61712-tar-000,1,0.15450239181518555
evaluation-61712-non-000,0,0.557411253452301
evaluation-61775-tar-000,1,0.30680403113365173
evaluation-61775-non-000,0,0.27386271953582764
evaluation-61800-tar-000,1,0.240159809589386
evaluation-61800-non-000,0,0.4804244637489319
evaluation-6186-tar-000,1,0.3294592499732971
evaluation-6186-non-000,0,0.3067491948604584
evaluation-6194-tar-000,1,0.5083280801773071
evaluation-6194-non-000,0,0.08469805121421814
evaluation-61979-tar-000,1,0.31233692169189453
evaluation-61979-non-000,0,0.28344160318374634
evaluation-62012-tar-000,1,0.06384854018688202
evaluation-62012-non-000,0,0.5185681581497192
evaluation-6202-tar-000,1,0.3206273913383484
evaluation-6202-non-000,0,0.33178919553756714
evaluation-62066-tar-000,1,0.20159420371055603
evaluation-62066-non-000,0,0.05392732471227646
evaluation-62086-tar-000,1,0.2158777117729187
evaluation-62086-non-000,0,0.26139819622039795
evaluation-6209-tar-000,1,0.16789430379867554
evaluation-6209-non-000,0,0.213589608669281
evaluation-62138-tar-000,1,0.48646223545074463
evaluation-62138-non-000,0,0.23885439336299896
evaluation-62179-tar-000,1,0.46170714497566223
evaluation-62179-non-000,0,0.5204166173934937
evaluation-62223-tar-000,1,0.2886757254600525
evaluation-62223-non-000,0,0.21526937186717987
evaluation-62292-tar-000,1,0.38684481382369995
evaluation-62292-non-000,0,0.16983318328857422
evaluation-6231-tar-000,1,0.22874228656291962
evaluation-6231-non-000,0,0.23116014897823334
evaluation-62325-tar-000,1,0.37197622656822205
evaluation-62325-non-000,0,0.4892323613166809
evaluation-62404-tar-000,1,0.5297579765319824
evaluation-62404-non-000,0,0.5643874406814575
evaluation-6246-tar-000,1,0.46493130922317505
evaluation-6246-non-000,0,0.36158880591392517
evaluation-62544-tar-000,1,0.20932650566101074
evaluation-62544-non-000,0,0.37654104828834534
evaluation-6257-tar-000,1,0.44789987802505493
evaluation-6257-non-000,0,0.2942611873149872
evaluation-62572-tar-000,1,0.2418546974658966
evaluation-62572-non-000,0,0.3316121995449066
evaluation-62660-tar-000,1,0.29500502347946167
evaluation-62660-non-000,0,0.2949499487876892
evaluation-62748-tar-000,1,0.25626927614212036
evaluation-62748-non-000,0,0.40619099140167236
evaluation-6287-tar-000,1,0.23345759510993958
evaluation-6287-non-000,0,0.4881685972213745
evaluation-6292-tar-000,1,0.3541678190231323
evaluation-6292-non-000,0,0.6036555767059326
evaluation-6296-tar-000,1,0.263199120759964
evaluation-6296-non-000,0,0.1790284812450409
evaluation-63077-tar-000,1,0.42234718799591064
evaluation-63077-non-000,0,0.03993132710456848
evaluation-6310-tar-000,1,0.002996182069182396
evaluation-6310-non-000,0,0.26579025387763977
evaluation-63132-tar-000,1,0.525757908821106
evaluation-63132-non-000,0,0.29692286252975464
evaluation-63138-tar-000,1,0.11018400639295578
evaluation-63138-non-000,0,0.2854315936565399
evaluation-63415-tar-000,1,0.361745685338974
evaluation-63415-non-000,0,0.385730117559433
evaluation-63478-tar-000,1,0.5589228868484497
evaluation-63478-non-000,0,0.6205267906188965
evaluation-63536-tar-000,1,0.5708903670310974
evaluation-63536-non-000,0,0.3472694754600525
evaluation-6358-tar-000,1,0.3954588770866394
evaluation-6358-non-000,0,0.23763436079025269
evaluation-6359-tar-000,1,0.626724362373352
evaluation-6359-non-000,0,0.17083492875099182
evaluation-63627-tar-000,1,0.365795761346817
evaluation-63627-non-000,0,0.42403537034988403
evaluation-63629-tar-000,1,0.6449745893478394
evaluation-63629-non-000,0,0.3748612701892853
evaluation-63714-tar-000,1,0.4441569149494171
evaluation-63714-non-000,0,0.35951197147369385
evaluation-63739-tar-000,1,0.10660197585821152
evaluation-63739-non-000,0,0.31435927748680115
evaluation-63805-tar-000,1,0.09222687780857086
evaluation-63805-non-000,0,0.37330979108810425
evaluation-63838-tar-000,1,0.5169520378112793
evaluation-63838-non-000,0,0.3699793219566345
evaluation-63852-tar-000,1,0.3028798997402191
evaluation-63852-non-000,0,0.28342658281326294
evaluation-63984-tar-000,1,0.19515308737754822
evaluation-63984-non-000,0,0.48824092745780945
evaluation-6401-tar-000,1,0.2632162868976593
evaluation-6401-non-000,0,0.5048854351043701
evaluation-64082-tar-000,1,0.597678005695343
evaluation-64082-non-000,0,0.45102426409721375
evaluation-6410-tar-000,1,0.39397093653678894
evaluation-6410-non-000,0,0.42960721254348755
evaluation-64291-tar-000,1,-0.045609913766384125
evaluation-64291-non-000,0,0.23432326316833496
evaluation-64354-tar-000,1,0.19385024905204773
evaluation-64354-non-000,0,0.3291337490081787
evaluation-64431-tar-000,1,0.38830044865608215
evaluation-64431-non-000,0,0.46855852007865906
evaluation-64456-tar-000,1,0.45821017026901245
evaluation-64456-non-000,0,0.3089427947998047
evaluation-64489-tar-000,1,0.3530125916004181
evaluation-64489-non-000,0,0.18382036685943604
evaluation-64494-tar-000,1,0.3624439239501953
evaluation-64494-non-000,0,0.596489667892456
evaluation-64541-tar-000,1,0.21298572421073914
evaluation-64541-non-000,0,0.44651222229003906
evaluation-64593-tar-000,1,0.3470074534416199
evaluation-64593-non-000,0,0.25954025983810425
evaluation-64626-tar-000,1,0.20510518550872803
evaluation-64626-non-000,0,0.2791939675807953
evaluation-64747-tar-000,1,0.3848361670970917
evaluation-64747-non-000,0,0.44937196373939514
evaluation-6478-tar-000,1,0.25807496905326843
evaluation-6478-non-000,0,0.5683119297027588
evaluation-6494-tar-000,1,0.5389246940612793
evaluation-6494-non-000,0,0.2890356183052063
evaluation-64961-tar-000,1,0.43097108602523804
evaluation-64961-non-000,0,0.5557078123092651
evaluation-64967-tar-000,1,0.20361512899398804
evaluation-64967-non-000,0,0.11390402913093567
evaluation-65079-tar-000,1,0.26306095719337463
evaluation-65079-non-000,0,0.2773739695549011
evaluation-65159-tar-000,1,0.2688133120536804
evaluation-65159-non-000,0,0.4108394384384155
evaluation-6527-tar-000,1,0.15566404163837433
evaluation-6527-non-000,0,0.44056323170661926
evaluation-65368-tar-000,1,0.4517518877983093
evaluation-65368-non-000,0,0.6246292591094971
evaluation-65404-tar-000,1,0.43336933851242065
evaluation-65404-non-000,0,0.2196294218301773
evaluation-65423-tar-000,1,0.23166272044181824
evaluation-65423-non-000,0,0.23726916313171387
evaluation-65511-tar-000,1,0.17175433039665222
evaluation-65511-non-000,0,0.23573297262191772
evaluation-65513-tar-000,1,0.6220083236694336
evaluation-65513-non-000,0,0.4356909692287445
evaluation-6552-tar-000,1,0.2538002133369446
evaluation-6552-non-000,0,0.42832911014556885
evaluation-65538-tar-000,1,0.32777005434036255
evaluation-65538-non-000,0,0.2265809178352356
evaluation-65541-tar-000,1,0.37799596786499023
evaluation-65541-non-000,0,0.26807326078414917
evaluation-65761-tar-000,1,0.38207361102104187
evaluation-65761-non-000,0,0.3927997052669525
evaluation-65807-tar-000,1,0.35919883847236633
evaluation-65807-non-000,0,0.21025262773036957
evaluation-65868-tar-000,1,0.36901044845581055
evaluation-65868-non-000,0,0.15018990635871887
evaluation-65945-tar-000,1,0.5330603122711182
evaluation-65945-non-000,0,0.22278082370758057
evaluation-6595-tar-000,1,0.505170464515686
evaluation-6595-non-000,0,0.15049366652965546
evaluation-65986-tar-000,1,0.16077803075313568
evaluation-65986-non-000,0,0.3141730725765228
evaluation-66002-tar-000,1,0.6231741309165955
evaluation-66002-non-000,0,0.2664247155189514
evaluation-66030-tar-000,1,0.27510562539100647
evaluation-66030-non-000,0,0.4336058497428894
evaluation-66230-tar-000,1,0.40818101167678833
evaluation-66230-non-000,0,0.22386272251605988
evaluation-6625-tar-000,1,0.4223023056983948
evaluation-6625-non-000,0,0.4144580364227295
evaluation-6634-tar-000,1,0.4218924641609192
evaluation-6634-non-000,0,0.2014508992433548
evaluation-66436-tar-000,1,0.7816789150238037
evaluation-66436-non-000,0,0.009709622710943222
evaluation-66466-tar-000,1,0.6344283819198608
evaluation-66466-non-000,0,0.5849814414978027
evaluation-66508-tar-000,1,0.47356757521629333
evaluation-66508-non-000,0,0.3949834108352661
evaluation-6661-tar-000,1,0.32495439052581787
evaluation-6661-non-000,0,0.3493371307849884
evaluation-66749-tar-000,1,0.2056397646665573
evaluation-66749-non-000,0,0.2204655408859253
evaluation-66782-tar-000,1,0.3109530210494995
evaluation-66782-non-000,0,0.02787095494568348
evaluation-6682-tar-000,1,0.3846202492713928
evaluation-6682-non-000,0,0.358545184135437
evaluation-66944-tar-000,1,0.3321627080440521
evaluation-66944-non-000,0,-0.18074697256088257
evaluation-67057-tar-000,1,0.5088083744049072
evaluation-67057-non-000,0,0.278545618057251
evaluation-67087-tar-000,1,0.4596465229988098
evaluation-67087-non-000,0,0.2944492697715759
evaluation-67137-tar-000,1,0.45728006958961487
evaluation-67137-non-000,0,0.2932320833206177
evaluation-67288-tar-000,1,0.4295361340045929
evaluation-67288-non-000,0,0.3205440938472748
evaluation-6731-tar-000,1,0.49456727504730225
evaluation-6731-non-000,0,0.2837790846824646
evaluation-67370-tar-000,1,0.25928226113319397
evaluation-67370-non-000,0,0.43465834856033325
evaluation-67488-tar-000,1,0.4145938754081726
evaluation-67488-non-000,0,0.27497684955596924
evaluation-6749-tar-000,1,0.4949771463871002
evaluation-6749-non-000,0,0.2593248784542084
evaluation-67521-tar-000,1,0.45199793577194214
evaluation-67521-non-000,0,0.5026576519012451
evaluation-67529-tar-000,1,0.07559028267860413
evaluation-67529-non-000,0,0.5377328991889954
evaluation-67538-tar-000,1,0.44754570722579956
evaluation-67538-non-000,0,0.458825945854187
evaluation-67686-tar-000,1,0.4231393337249756
evaluation-67686-non-000,0,0.10359982401132584
evaluation-67697-tar-000,1,0.49888113141059875
evaluation-67697-non-000,0,0.48763328790664673
evaluation-67859-tar-000,1,0.3629985451698303
evaluation-67859-non-000,0,0.5408931970596313
evaluation-6789-tar-000,1,0.14757850766181946
evaluation-6789-non-000,0,0.44291239976882935
evaluation-67991-tar-000,1,0.3658616542816162
evaluation-67991-non-000,0,0.2680814862251282
evaluation-68068-tar-000,1,0.46247225999832153
evaluation-68068-non-000,0,0.3817533850669861
evaluation-68131-tar-000,1,0.47564423084259033
evaluation-68131-non-000,0,0.12164357304573059
evaluation-6818-tar-000,1,0.28338319063186646
evaluation-6818-non-000,0,0.38002443313598633
evaluation-68227-tar-000,1,0.3719557225704193
evaluation-68227-non-000,0,0.604626476764679
evaluation-68268-tar-000,1,0.24401138722896576
evaluation-68268-non-000,0,0.43921351432800293
evaluation-68334-tar-000,1,0.30895501375198364
evaluation-68334-non-000,0,0.12513256072998047
evaluation-68378-tar-000,1,0.19080376625061035
evaluation-68378-non-000,0,0.561032772064209
evaluation-68430-tar-000,1,0.1455848515033722
evaluation-68430-non-000,0,0.5936222076416016
evaluation-68785-tar-000,1,0.08559625595808029
evaluation-68785-non-000,0,0.37635132670402527
evaluation-68886-tar-000,1,0.2512190639972687
evaluation-68886-non-000,0,0.12082207947969437
evaluation-68908-tar-000,1,0.46948331594467163
evaluation-68908-non-000,0,0.3848889470100403
evaluation-6898-tar-000,1,0.41238152980804443
evaluation-6898-non-000,0,0.3441292643547058
evaluation-69035-tar-000,1,0.1632140576839447
evaluation-69035-non-000,0,0.39395296573638916
evaluation-69087-tar-000,1,0.1330057680606842
evaluation-69087-non-000,0,0.3644236922264099
evaluation-69155-tar-000,1,0.30405551195144653
evaluation-69155-non-000,0,0.29337626695632935
evaluation-69166-tar-000,1,0.0018003173172473907
evaluation-69166-non-000,0,0.2322385460138321
evaluation-69169-tar-000,1,0.2514934837818146
evaluation-69169-non-000,0,0.2459161877632141
evaluation-69235-tar-000,1,0.43200793862342834
evaluation-69235-non-000,0,0.2624480128288269
evaluation-69279-tar-000,1,0.4957188069820404
evaluation-69279-non-000,0,0.26258140802383423
evaluation-69315-tar-000,1,0.31088531017303467
evaluation-69315-non-000,0,0.16980749368667603
evaluation-6932-tar-000,1,0.19996628165245056
evaluation-6932-non-000,0,0.06352396309375763
evaluation-69361-tar-000,1,0.3872944712638855
evaluation-69361-non-000,0,0.3989567756652832
evaluation-69425-tar-000,1,0.5961030125617981
evaluation-69425-non-000,0,0.13939394056797028
evaluation-69526-tar-000,1,-0.017498571425676346
evaluation-69526-non-000,0,0.31020790338516235
evaluation-69529-tar-000,1,0.11141560971736908
evaluation-69529-non-000,0,0.35710716247558594
evaluation-6957-tar-000,1,0.32570382952690125
evaluation-6957-non-000,0,0.31232672929763794
evaluation-69573-tar-000,1,0.2342287003993988
evaluation-69573-non-000,0,0.443557471036911
evaluation-69617-tar-000,1,0.16129177808761597
evaluation-69617-non-000,0,0.27612510323524475
evaluation-69672-tar-000,1,0.21610790491104126
evaluation-69672-non-000,0,0.2797873616218567
evaluation-69724-tar-000,1,0.6653332710266113
evaluation-69724-non-000,0,0.10727697610855103
evaluation-69848-tar-000,1,0.20594432950019836
evaluation-69848-non-000,0,0.280407190322876
evaluation-69927-tar-000,1,0.4879662096500397
evaluation-69927-non-000,0,0.5901297330856323
evaluation-6993-tar-000,1,0.24912378191947937
evaluation-6993-non-000,0,0.4229735732078552
evaluation-6994-tar-000,1,0.22698497772216797
evaluation-6994-non-000,0,0.31259775161743164
evaluation-7006-tar-000,1,0.316827654838562
evaluation-7006-non-000,0,0.39588361978530884
evaluation-70130-tar-000,1,0.3479452133178711
evaluation-70130-non-000,0,0.3254438042640686
evaluation-70169-tar-000,1,0.10139559209346771
evaluation-70169-non-000,0,0.698309063911438
evaluation-70191-tar-000,1,0.5072571635246277
evaluation-70191-non-000,0,0.5582907199859619
evaluation-7029-tar-000,1,0.22312715649604797
evaluation-7029-non-000,0,0.3347598910331726
evaluation-70290-tar-000,1,0.433447003364563
evaluation-70290-non-000,0,0.345355749130249
evaluation-70320-tar-000,1,0.7222977876663208
evaluation-70320-non-000,0,0.29548490047454834
evaluation-70347-tar-000,1,0.5585164427757263
evaluation-70347-non-000,0,0.5774481296539307
evaluation-7036-tar-000,1,0.5439868569374084
evaluation-7036-non-000,0,0.3699449896812439
evaluation-70501-tar-000,1,0.11601095646619797
evaluation-70501-non-000,0,0.32448816299438477
evaluation-7055-tar-000,1,0.25660440325737
evaluation-7055-non-000,0,0.3038668632507324
evaluation-70592-tar-000,1,0.48944270610809326
evaluation-70592-non-000,0,0.32622772455215454
evaluation-70641-tar-000,1,0.37751567363739014
evaluation-70641-non-000,0,0.42587971687316895
evaluation-70671-tar-000,1,0.48393285274505615
evaluation-70671-non-000,0,0.5205038785934448
evaluation-7077-tar-000,1,0.25528115034103394
evaluation-7077-non-000,0,0.26409587264060974
evaluation-7078-tar-000,1,0.32000425457954407
evaluation-7078-non-000,0,0.22092266380786896
evaluation-70781-tar-000,1,0.39069563150405884
evaluation-70781-non-000,0,0.4158208668231964
evaluation-70801-tar-000,1,0.01619919203221798
evaluation-70801-non-000,0,0.3331052362918854
evaluation-7092-tar-000,1,0.5789406895637512
evaluation-7092-non-000,0,0.46929019689559937
evaluation-70952-tar-000,1,0.5023044347763062
evaluation-70952-non-000,0,0.3573838472366333
evaluation-71001-tar-000,1,0.46944910287857056
evaluation-71001-non-000,0,0.3333028554916382
evaluation-71015-tar-000,1,0.3046996295452118
evaluation-71015-non-000,0,0.023091478273272514
evaluation-71042-tar-000,1,0.2815316319465637
evaluation-71042-non-000,0,0.3103006184101105
evaluation-7108-tar-000,1,0.08282998204231262
evaluation-7108-non-000,0,0.4273461401462555
evaluation-7123-tar-000,1,0.11429453641176224
evaluation-7123-non-000,0,0.44512832164764404
evaluation-71300-tar-000,1,0.42118072509765625
evaluation-71300-non-000,0,0.4421703815460205
evaluation-7131-tar-000,1,0.5776306390762329
evaluation-7131-non-000,0,0.34232258796691895
evaluation-7140-tar-000,1,0.44318363070487976
evaluation-7140-non-000,0,0.3725842535495758
evaluation-71402-tar-000,1,0.3080522418022156
evaluation-71402-non-000,0,0.4000123143196106
evaluation-71441-tar-000,1,0.2649422883987427
evaluation-71441-non-000,0,0.3333975076675415
evaluation-71457-tar-000,1,0.6501225233078003
evaluation-71457-non-000,0,0.2338298261165619
evaluation-7149-tar-000,1,0.20145100355148315
evaluation-7149-non-000,0,0.3937284052371979
evaluation-71528-tar-000,1,0.12436006218194962
evaluation-71528-non-000,0,0.22360189259052277
evaluation-71594-tar-000,1,0.10400272160768509
evaluation-71594-non-000,0,0.2690783143043518
evaluation-7174-tar-000,1,0.03155623748898506
evaluation-7174-non-000,0,0.23192158341407776
evaluation-7177-tar-000,1,0.5035984516143799
evaluation-7177-non-000,0,0.3606584966182709
evaluation-71798-tar-000,1,0.19191642105579376
evaluation-71798-non-000,0,0.2697586119174957
evaluation-71839-tar-000,1,0.017304111272096634
evaluation-71839-non-000,0,0.24599483609199524
evaluation-71924-tar-000,1,0.4248005449771881
evaluation-71924-non-000,0,0.24868682026863098
evaluation-72009-tar-000,1,0.4394979178905487
evaluation-72009-non-000,0,0.48036256432533264
evaluation-72017-tar-000,1,0.31813356280326843
evaluation-72017-non-000,0,0.45489639043807983
evaluation-72078-tar-000,1,0.16494953632354736
evaluation-72078-non-000,0,0.23698154091835022
evaluation-7211-tar-000,1,0.31285572052001953
evaluation-7211-non-000,0,0.4397929608821869
evaluation-7214-tar-000,1,0.2598530650138855
evaluation-7214-non-000,0,0.23868228495121002
evaluation-72182-tar-000,1,-0.028333939611911774
evaluation-72182-non-000,0,0.2967830300331116
evaluation-72221-tar-000,1,0.5312398672103882
evaluation-72221-non-000,0,0.30739545822143555
evaluation-7225-tar-000,1,-0.1492096483707428
evaluation-7225-non-000,0,0.2247706949710846
evaluation-72267-tar-000,1,0.2372426688671112
evaluation-72267-non-000,0,0.30623629689216614
evaluation-7228-tar-000,1,0.4883894920349121
evaluation-7228-non-000,0,0.2888554334640503
evaluation-72328-tar-000,1,0.5314838886260986
evaluation-72328-non-000,0,0.0994027704000473
evaluation-72355-tar-000,1,0.01795283704996109
evaluation-72355-non-000,0,0.224556565284729
evaluation-72531-tar-000,1,0.2703965902328491
evaluation-72531-non-000,0,0.21488311886787415
evaluation-7259-tar-000,1,0.5527275800704956
evaluation-7259-non-000,0,0.422097384929657
evaluation-72646-tar-000,1,0.23528137803077698
evaluation-72646-non-000,0,0.5123546719551086
evaluation-72685-tar-000,1,0.5752384662628174
evaluation-72685-non-000,0,0.25448381900787354
evaluation-72718-tar-000,1,0.19620132446289062
evaluation-72718-non-000,0,0.3428764343261719
evaluation-72731-tar-000,1,0.2707129716873169
evaluation-72731-non-000,0,0.30382049083709717
evaluation-72800-tar-000,1,0.4769827127456665
evaluation-72800-non-000,0,-0.12756659090518951
evaluation-7285-tar-000,1,0.34145182371139526
evaluation-7285-non-000,0,0.3415851891040802
evaluation-7290-tar-000,1,0.3152223229408264
evaluation-7290-non-000,0,0.2554275393486023
evaluation-7302-tar-000,1,0.4281550347805023
evaluation-7302-non-000,0,0.18194805085659027
evaluation-73086-tar-000,1,0.4308851957321167
evaluation-73086-non-000,0,0.6415702700614929
evaluation-7314-tar-000,1,0.35924071073532104
evaluation-7314-non-000,0,0.39576804637908936
evaluation-73366-tar-000,1,0.26045018434524536
evaluation-73366-non-000,0,0.35823512077331543
evaluation-73396-tar-000,1,0.21257220208644867
evaluation-73396-non-000,0,0.17103032767772675
evaluation-7343-tar-000,1,0.24926401674747467
evaluation-7343-non-000,0,0.11432239413261414
evaluation-73465-tar-000,1,0.299839586019516
evaluation-73465-non-000,0,0.3484368324279785
evaluation-7350-tar-000,1,0.6202760934829712
evaluation-7350-non-000,0,0.17736095190048218
evaluation-7353-tar-000,1,0.5873783230781555
evaluation-7353-non-000,0,0.4399260878562927
evaluation-7354-tar-000,1,0.3521770238876343
evaluation-7354-non-000,0,0.3104091286659241
evaluation-73660-tar-000,1,0.46935516595840454
evaluation-73660-non-000,0,0.4150577485561371
evaluation-73814-tar-000,1,0.19342251121997833
evaluation-73814-non-000,0,0.3152431845664978
evaluation-73858-tar-000,1,0.3881757855415344
evaluation-73858-non-000,0,0.30579453706741333
evaluation-73923-tar-000,1,0.29245099425315857
evaluation-73923-non-000,0,0.2809044420719147
evaluation-73995-tar-000,1,0.3076327443122864
evaluation-73995-non-000,0,0.6031085252761841
evaluation-74014-tar-000,1,0.518248438835144
evaluation-74014-non-000,0,0.17424297332763672
evaluation-74028-tar-000,1,0.09129048883914948
evaluation-74028-non-000,0,0.2877105474472046
evaluation-74033-tar-000,1,0.6059189438819885
evaluation-74033-non-000,0,0.41410118341445923
evaluation-7406-tar-000,1,0.3014829456806183
evaluation-7406-non-000,0,0.568340539932251
evaluation-7408-tar-000,1,0.19363030791282654
evaluation-7408-non-000,0,0.12843996286392212
evaluation-74110-tar-000,1,0.4524692893028259
evaluation-74110-non-000,0,0.43744194507598877
evaluation-74179-tar-000,1,0.42242884635925293
evaluation-74179-non-000,0,0.3409733176231384
evaluation-74195-tar-000,1,0.1713595688343048
evaluation-74195-non-000,0,0.4405600428581238
evaluation-74234-tar-000,1,0.3925517797470093
evaluation-74234-non-000,0,0.45013460516929626
evaluation-74250-tar-000,1,0.4217275083065033
evaluation-74250-non-000,0,0.2596336901187897
evaluation-7428-tar-000,1,0.43287768959999084
evaluation-7428-non-000,0,0.3438095450401306
evaluation-74324-tar-000,1,0.27390041947364807
evaluation-74324-non-000,0,0.2795051336288452
evaluation-74335-tar-000,1,0.2814491391181946
evaluation-74335-non-000,0,0.22904454171657562
evaluation-74357-tar-000,1,0.5194885730743408
evaluation-74357-non-000,0,0.23654603958129883
evaluation-7438-tar-000,1,0.2823610305786133
evaluation-7438-non-000,0,0.06668323278427124
evaluation-74388-tar-000,1,0.5920975208282471
evaluation-74388-non-000,0,0.17512793838977814
evaluation-74481-tar-000,1,0.3449179530143738
evaluation-74481-non-000,0,0.45381253957748413
evaluation-74599-tar-000,1,0.16461245715618134
evaluation-74599-non-000,0,0.35367560386657715
evaluation-74720-tar-000,1,0.23195955157279968
evaluation-74720-non-000,0,0.22608816623687744
evaluation-74745-tar-000,1,0.5941352844238281
evaluation-74745-non-000,0,0.33662766218185425
evaluation-74783-tar-000,1,0.5668048858642578
evaluation-74783-non-000,0,0.3210069537162781
evaluation-74953-tar-000,1,0.30217981338500977
evaluation-74953-non-000,0,0.3354492783546448
evaluation-7500-tar-000,1,0.09878137707710266
evaluation-7500-non-000,0,0.38581931591033936
evaluation-75011-tar-000,1,0.07093127816915512
evaluation-75011-non-000,0,0.38987791538238525
evaluation-7511-tar-000,1,0.5224593281745911
evaluation-7511-non-000,0,0.25471726059913635
evaluation-75157-tar-000,1,0.3949227035045624
evaluation-75157-non-000,0,0.21035140752792358
evaluation-7516-tar-000,1,0.4560260772705078
evaluation-7516-non-000,0,0.7136225700378418
evaluation-75176-tar-000,1,0.32867252826690674
evaluation-75176-non-000,0,0.5050710439682007
evaluation-75192-tar-000,1,0.3450413942337036
evaluation-75192-non-000,0,0.5094958543777466
evaluation-7536-tar-000,1,0.016818612813949585
evaluation-7536-non-000,0,0.17054909467697144
evaluation-7544-tar-000,1,0.4046507477760315
evaluation-7544-non-000,0,0.286308228969574
evaluation-75442-tar-000,1,0.5425297617912292
evaluation-75442-non-000,0,0.4444968104362488
evaluation-75448-tar-000,1,0.24887950718402863
evaluation-75448-non-000,0,0.38126713037490845
evaluation-75451-tar-000,1,0.5248353481292725
evaluation-75451-non-000,0,0.27303895354270935
evaluation-75555-tar-000,1,0.21986833214759827
evaluation-75555-non-000,0,0.15279215574264526
evaluation-75690-tar-000,1,0.48715442419052124
evaluation-75690-non-000,0,0.43961623311042786
evaluation-75753-tar-000,1,0.01950054243206978
evaluation-75753-non-000,0,0.37052100896835327
evaluation-75802-tar-000,1,0.2756158709526062
evaluation-75802-non-000,0,0.2404138743877411
evaluation-75849-tar-000,1,0.16433602571487427
evaluation-75849-non-000,0,0.3298843204975128
evaluation-75860-tar-000,1,0.3695836067199707
evaluation-75860-non-000,0,0.16609400510787964
evaluation-75874-tar-000,1,0.6080111861228943
evaluation-75874-non-000,0,0.5011580586433411
evaluation-75945-tar-000,1,0.21289503574371338
evaluation-75945-non-000,0,0.6465874910354614
evaluation-7604-tar-000,1,0.503112256526947
evaluation-7604-non-000,0,0.44190162420272827
evaluation-76085-tar-000,1,0.4159928858280182
evaluation-76085-non-000,0,0.4175005555152893
evaluation-76101-tar-000,1,0.40259215235710144
evaluation-76101-non-000,0,0.31889569759368896
evaluation-7617-tar-000,1,0.2611275613307953
evaluation-7617-non-000,0,0.24349987506866455
evaluation-76192-tar-000,1,0.21688219904899597
evaluation-76192-non-000,0,0.07049567252397537
evaluation-76247-tar-000,1,0.22044426202774048
evaluation-76247-non-000,0,0.3880261778831482
evaluation-76299-tar-000,1,0.28334516286849976
evaluation-76299-non-000,0,0.294800341129303
evaluation-76420-tar-000,1,0.29980504512786865
evaluation-76420-non-000,0,0.20676693320274353
evaluation-7645-tar-000,1,0.45101261138916016
evaluation-7645-non-000,0,0.18974557518959045
evaluation-76453-tar-000,1,0.424574613571167
evaluation-76453-non-000,0,0.282565176486969
evaluation-7646-tar-000,1,0.22305113077163696
evaluation-7646-non-000,0,0.24946963787078857
evaluation-7654-tar-000,1,0.11433729529380798
evaluation-7654-non-000,0,0.3295729458332062
evaluation-7655-tar-000,1,0.43696844577789307
evaluation-7655-non-000,0,0.5640076398849487
evaluation-76585-tar-000,1,0.22389757633209229
evaluation-76585-non-000,0,0.3166889548301697
evaluation-76695-tar-000,1,0.09626638144254684
evaluation-76695-non-000,0,0.40127962827682495
evaluation-76719-tar-000,1,0.2522835433483124
evaluation-76719-non-000,0,0.5713708400726318
evaluation-76725-tar-000,1,0.6922569274902344
evaluation-76725-non-000,0,0.40510448813438416
evaluation-7679-tar-000,1,0.29030364751815796
evaluation-7679-non-000,0,0.12181364744901657
evaluation-76862-tar-000,1,0.6389012336730957
evaluation-76862-non-000,0,-0.02591082826256752
evaluation-77101-tar-000,1,0.4366157650947571
evaluation-77101-non-000,0,0.12015087902545929
evaluation-7712-tar-000,1,0.4207369089126587
evaluation-7712-non-000,0,0.1901731938123703
evaluation-77175-tar-000,1,0.45230016112327576
evaluation-77175-non-000,0,0.3557974100112915
evaluation-7721-tar-000,1,0.47971493005752563
evaluation-7721-non-000,0,-0.1405051052570343
evaluation-7726-tar-000,1,0.43234530091285706
evaluation-7726-non-000,0,0.15954439342021942
evaluation-7728-tar-000,1,0.12660400569438934
evaluation-7728-non-000,0,0.39409443736076355
evaluation-7735-tar-000,1,0.28258585929870605
evaluation-7735-non-000,0,0.25330549478530884
evaluation-77351-tar-000,1,0.30377864837646484
evaluation-77351-non-000,0,0.3014765679836273
evaluation-77376-tar-000,1,0.45587390661239624
evaluation-77376-non-000,0,0.3602311611175537
evaluation-77486-tar-000,1,0.45428627729415894
evaluation-77486-non-000,0,0.20045606791973114
evaluation-7750-tar-000,1,0.3779725134372711
evaluation-7750-non-000,0,0.4781704545021057
evaluation-77571-tar-000,1,0.6549926996231079
evaluation-77571-non-000,0,0.3652925491333008
evaluation-77656-tar-000,1,0.43618714809417725
evaluation-77656-non-000,0,0.26395654678344727
evaluation-77851-tar-000,1,0.401725709438324
evaluation-77851-non-000,0,0.2398025095462799
evaluation-77854-tar-000,1,0.47427472472190857
evaluation-77854-non-000,0,-0.024878976866602898
evaluation-77879-tar-000,1,0.14247281849384308
evaluation-77879-non-000,0,0.198675736784935
evaluation-7789-tar-000,1,0.5538039803504944
evaluation-7789-non-000,0,0.32190361618995667
evaluation-7790-tar-000,1,0.4115716814994812
evaluation-7790-non-000,0,0.5777027010917664
evaluation-7810-tar-000,1,0.2625490427017212
evaluation-7810-non-000,0,0.014914385974407196
evaluation-78247-tar-000,1,0.42063528299331665
evaluation-78247-non-000,0,0.11527130007743835
evaluation-78249-tar-000,1,0.31145361065864563
evaluation-78249-non-000,0,0.30025169253349304
evaluation-7827-tar-000,1,0.49492770433425903
evaluation-7827-non-000,0,0.4195261299610138
evaluation-78370-tar-000,1,0.2997456192970276
evaluation-78370-non-000,0,0.5306911468505859
evaluation-78400-tar-000,1,0.4231049120426178
evaluation-78400-non-000,0,0.43113288283348083
evaluation-78436-tar-000,1,0.6201870441436768
evaluation-78436-non-000,0,0.2309577614068985
evaluation-78444-tar-000,1,0.44711723923683167
evaluation-78444-non-000,0,0.3210511803627014
evaluation-7846-tar-000,1,0.27561843395233154
evaluation-7846-non-000,0,0.2719365060329437
evaluation-7848-tar-000,1,0.18573111295700073
evaluation-7848-non-000,0,0.33158499002456665
evaluation-7849-tar-000,1,0.2651785612106323
evaluation-7849-non-000,0,0.4500996470451355
evaluation-78540-tar-000,1,0.3201046586036682
evaluation-78540-non-000,0,0.3824411630630493
evaluation-78571-tar-000,1,0.21894770860671997
evaluation-78571-non-000,0,0.388206422328949
evaluation-78576-tar-000,1,0.430073082447052
evaluation-78576-non-000,0,0.5939651727676392
evaluation-78584-tar-000,1,0.34119516611099243
evaluation-78584-non-000,0,0.48264050483703613
evaluation-78615-tar-000,1,0.2788214087486267
evaluation-78615-non-000,0,0.2052820920944214
evaluation-78675-tar-000,1,0.6846908330917358
evaluation-78675-non-000,0,0.5362584590911865
evaluation-78752-tar-000,1,0.34127333760261536
evaluation-78752-non-000,0,0.2644854187965393
evaluation-7878-tar-000,1,0.2224462330341339
evaluation-7878-non-000,0,0.2667043209075928
evaluation-78782-tar-000,1,0.3415180444717407
evaluation-78782-non-000,0,0.12071026861667633
evaluation-78815-tar-000,1,0.22887727618217468
evaluation-78815-non-000,0,-0.04160233587026596
evaluation-78826-tar-000,1,0.2559657692909241
evaluation-78826-non-000,0,0.2391698956489563
evaluation-78887-tar-000,1,0.6048780679702759
evaluation-78887-non-000,0,0.38658833503723145
evaluation-78963-tar-000,1,0.17334088683128357
evaluation-78963-non-000,0,0.35959845781326294
evaluation-78972-tar-000,1,0.19305458664894104
evaluation-78972-non-000,0,0.2252262383699417
evaluation-79095-tar-000,1,0.306256502866745
evaluation-79095-non-000,0,0.49853986501693726
evaluation-79255-tar-000,1,-0.048895351588726044
evaluation-79255-non-000,0,0.21106255054473877
evaluation-79474-tar-000,1,0.530118465423584
evaluation-79474-non-000,0,0.024957183748483658
evaluation-79521-tar-000,1,0.45590031147003174
evaluation-79521-non-000,0,0.3312069773674011
evaluation-79581-tar-000,1,0.2543541193008423
evaluation-79581-non-000,0,0.0492488369345665
evaluation-7964-tar-000,1,0.45028162002563477
evaluation-7964-non-000,0,0.5126888751983643
evaluation-7972-tar-000,1,0.30246996879577637
evaluation-7972-non-000,0,0.4135129451751709
evaluation-79776-tar-000,1,0.3374340534210205
evaluation-79776-non-000,0,0.20423640310764313
evaluation-79798-tar-000,1,0.4094560146331787
evaluation-79798-non-000,0,0.3725854754447937
evaluation-79807-tar-000,1,0.32879918813705444
evaluation-79807-non-000,0,0.20708219707012177
evaluation-7983-tar-000,1,0.4825742840766907
evaluation-7983-non-000,0,0.2758804261684418
evaluation-79843-tar-000,1,0.5081461668014526
evaluation-79843-non-000,0,0.5952968597412109
evaluation-7989-tar-000,1,0.6060723066329956
evaluation-7989-non-000,0,0.5924928784370422
evaluation-79980-tar-000,1,0.11014574766159058
evaluation-79980-non-000,0,0.5865748524665833
evaluation-79991-tar-000,1,0.4797792434692383
evaluation-79991-non-000,0,0.3310062885284424
evaluation-80153-tar-000,1,0.27920567989349365
evaluation-80153-non-000,0,0.40280160307884216
evaluation-80180-tar-000,1,0.590263843536377
evaluation-80180-non-000,0,0.281706303358078
evaluation-8019-tar-000,1,0.11609938740730286
evaluation-8019-non-000,0,0.38801899552345276
evaluation-80210-tar-000,1,0.4521557092666626
evaluation-80210-non-000,0,0.1891927719116211
evaluation-80221-tar-000,1,0.462283730506897
evaluation-80221-non-000,0,0.3354989290237427
evaluation-8023-tar-000,1,0.6321558356285095
evaluation-8023-non-000,0,0.14193597435951233
evaluation-8027-tar-000,1,0.4342442452907562
evaluation-8027-non-000,0,0.7880359888076782
evaluation-8028-tar-000,1,-0.04013574868440628
evaluation-8028-non-000,0,0.4492380619049072
evaluation-80353-tar-000,1,0.531010627746582
evaluation-80353-non-000,0,0.30486488342285156
evaluation-8041-tar-000,1,0.41812196373939514
evaluation-8041-non-000,0,0.3363538980484009
evaluation-80449-tar-000,1,0.16889041662216187
evaluation-80449-non-000,0,0.24737320840358734
evaluation-80504-tar-000,1,0.051886528730392456
evaluation-80504-non-000,0,0.40040403604507446
evaluation-8068-tar-000,1,0.3100726008415222
evaluation-8068-non-000,0,0.4764024019241333
evaluation-80710-tar-000,1,0.27342790365219116
evaluation-80710-non-000,0,0.28651902079582214
evaluation-80773-tar-000,1,0.3723045587539673
evaluation-80773-non-000,0,0.25208330154418945
evaluation-80793-tar-000,1,0.29419296979904175
evaluation-80793-non-000,0,0.2870752811431885
evaluation-80798-tar-000,1,0.29891133308410645
evaluation-80798-non-000,0,0.44440463185310364
evaluation-80806-tar-000,1,0.36797475814819336
evaluation-80806-non-000,0,0.24770577251911163
evaluation-80900-tar-000,1,0.645862340927124
evaluation-80900-non-000,0,0.30292728543281555
evaluation-80935-tar-000,1,0.24452149868011475
evaluation-80935-non-000,0,0.336643785238266
evaluation-80938-tar-000,1,0.548425555229187
evaluation-80938-non-000,0,0.0841619074344635
evaluation-8097-tar-000,1,0.41679847240448
evaluation-8097-non-000,0,0.45531153678894043
evaluation-81034-tar-000,1,0.27025341987609863
evaluation-81034-non-000,0,0.4992075264453888
evaluation-81103-tar-000,1,0.31444406509399414
evaluation-81103-non-000,0,0.548956036567688
evaluation-81106-tar-000,1,0.5348349809646606
evaluation-81106-non-000,0,0.5462106466293335
evaluation-81111-tar-000,1,0.28488409519195557
evaluation-81111-non-000,0,0.025228725746273994
evaluation-81119-tar-000,1,0.2038034200668335
evaluation-81119-non-000,0,0.30217400193214417
evaluation-81128-tar-000,1,0.5267907977104187
evaluation-81128-non-000,0,0.5256643295288086
evaluation-81174-tar-000,1,0.3717830777168274
evaluation-81174-non-000,0,0.5494880676269531
evaluation-81271-tar-000,1,0.07605220377445221
evaluation-81271-non-000,0,0.3771098256111145
evaluation-81276-tar-000,1,0.5884674191474915
evaluation-81276-non-000,0,0.47516918182373047
evaluation-81309-tar-000,1,0.5514302253723145
evaluation-81309-non-000,0,0.25824105739593506
evaluation-8143-tar-000,1,0.4488881826400757
evaluation-8143-non-000,0,0.3658221364021301
evaluation-81441-tar-000,1,0.20354926586151123
evaluation-81441-non-000,0,0.7543466091156006
evaluation-81455-tar-000,1,0.2678179442882538
evaluation-81455-non-000,0,0.48300355672836304
evaluation-81823-tar-000,1,0.17504537105560303
evaluation-81823-non-000,0,0.10110387206077576
evaluation-8185-tar-000,1,0.4475303292274475
evaluation-8185-non-000,0,0.07459810376167297
evaluation-81858-tar-000,1,0.5092793107032776
evaluation-81858-non-000,0,0.12220121920108795
evaluation-8191-tar-000,1,0.24744422733783722
evaluation-8191-non-000,0,0.4366554021835327
evaluation-81913-tar-000,1,0.755450963973999
evaluation-81913-non-000,0,0.4620859920978546
evaluation-81963-tar-000,1,0.04693879559636116
evaluation-81963-non-000,0,0.09848648309707642
evaluation-8203-tar-000,1,0.4971752166748047
evaluation-8203-non-000,0,0.6462907791137695
evaluation-82040-tar-000,1,0.2881118357181549
evaluation-82040-non-000,0,0.5009505152702332
evaluation-8210-tar-000,1,0.2681691348552704
evaluation-8210-non-000,0,0.24227288365364075
evaluation-8215-tar-000,1,0.23008090257644653
evaluation-8215-non-000,0,0.46555638313293457
evaluation-8216-tar-000,1,0.634857177734375
evaluation-8216-non-000,0,0.2612502872943878
evaluation-8219-tar-000,1,0.4429895877838135
evaluation-8219-non-000,0,0.34751182794570923
evaluation-82273-tar-000,1,0.5833370685577393
evaluation-82273-non-000,0,0.3315613865852356
evaluation-82342-tar-000,1,0.40649399161338806
evaluation-82342-non-000,0,0.47857069969177246
evaluation-8236-tar-000,1,0.3223060369491577
evaluation-8236-non-000,0,0.24673715233802795
evaluation-82421-tar-000,1,0.415481835603714
evaluation-82421-non-000,0,0.3072715997695923
evaluation-82603-tar-000,1,0.2862171530723572
evaluation-82603-non-000,0,0.25991949439048767
evaluation-82641-tar-000,1,0.04940847307443619
evaluation-82641-non-000,0,0.338094562292099
evaluation-82842-tar-000,1,0.21379870176315308
evaluation-82842-non-000,0,0.4391452670097351
evaluation-82847-tar-000,1,0.3359890878200531
evaluation-82847-non-000,0,0.44480717182159424
evaluation-8299-tar-000,1,0.28012391924858093
evaluation-8299-non-000,0,0.1716795265674591
evaluation-83006-tar-000,1,0.1274045705795288
evaluation-83006-non-000,0,0.30167993903160095
evaluation-83028-tar-000,1,0.4945714473724365
evaluation-83028-non-000,0,0.17331638932228088
evaluation-83094-tar-000,1,0.19642828404903412
evaluation-83094-non-000,0,0.2039698213338852
evaluation-83204-tar-000,1,0.5537031292915344
evaluation-83204-non-000,0,0.28324592113494873
evaluation-8328-tar-000,1,0.2844388782978058
evaluation-8328-non-000,0,0.27957862615585327
evaluation-8335-tar-000,1,0.27820947766304016
evaluation-8335-non-000,0,0.31914934515953064
evaluation-83355-tar-000,1,0.27274107933044434
evaluation-83355-non-000,0,0.2270658016204834
evaluation-83674-tar-000,1,0.2752326726913452
evaluation-83674-non-000,0,0.5488654375076294
evaluation-83696-tar-000,1,0.5619829893112183
evaluation-83696-non-000,0,0.2842843532562256
evaluation-8383-tar-000,1,0.3290903568267822
evaluation-8383-non-000,0,0.5500870943069458
evaluation-83839-tar-000,1,0.3879677653312683
evaluation-83839-non-000,0,0.3320762813091278
evaluation-83905-tar-000,1,0.2598523497581482
evaluation-83905-non-000,0,0.2612137794494629
evaluation-83918-tar-000,1,0.3377997875213623
evaluation-83918-non-000,0,0.5143353939056396
evaluation-83927-tar-000,1,0.2649272084236145
evaluation-83927-non-000,0,0.42078840732574463
evaluation-83995-tar-000,1,0.371721088886261
evaluation-83995-non-000,0,0.19411152601242065
evaluation-8407-tar-000,1,0.5234060287475586
evaluation-8407-non-000,0,0.28563982248306274
evaluation-84075-tar-000,1,0.18806836009025574
evaluation-84075-non-000,0,0.3636166453361511
evaluation-84160-tar-000,1,0.091586172580719
evaluation-84160-non-000,0,0.44436120986938477
evaluation-84187-tar-000,1,0.3640163242816925
evaluation-84187-non-000,0,0.3516436815261841
evaluation-84300-tar-000,1,0.2975842356681824
evaluation-84300-non-000,0,0.37443262338638306
evaluation-84457-tar-000,1,0.3683803677558899
evaluation-84457-non-000,0,0.5406448841094971
evaluation-84512-tar-000,1,0.528462290763855
evaluation-84512-non-000,0,0.6351001262664795
evaluation-8452-tar-000,1,0.2282320261001587
evaluation-8452-non-000,0,0.2360064685344696
evaluation-8453-tar-000,1,0.03834855929017067
evaluation-8453-non-000,0,0.13921716809272766
evaluation-84544-tar-000,1,-0.05521715432405472
evaluation-84544-non-000,0,0.11635765433311462
evaluation-84547-tar-000,1,0.2397056221961975
evaluation-84547-non-000,0,0.4634250998497009
evaluation-84649-tar-000,1,0.259391188621521
evaluation-84649-non-000,0,0.5375872850418091
evaluation-84693-tar-000,1,0.03277058154344559
evaluation-84693-non-000,0,0.4381374716758728
evaluation-84704-tar-000,1,0.36652129888534546
evaluation-84704-non-000,0,0.09066887199878693
evaluation-84753-tar-000,1,0.3906291723251343
evaluation-84753-non-000,0,0.46809977293014526
evaluation-84929-tar-000,1,0.4145832061767578
evaluation-84929-non-000,0,0.4044550061225891
evaluation-8494-tar-000,1,0.250704824924469
evaluation-8494-non-000,0,0.751864492893219
evaluation-8502-tar-000,1,0.42147669196128845
evaluation-8502-non-000,0,0.33719655871391296
evaluation-85201-tar-000,1,0.3847697079181671
evaluation-85201-non-000,0,0.0760292261838913
evaluation-8522-tar-000,1,0.34680214524269104
evaluation-8522-non-000,0,0.1531570851802826
evaluation-8527-tar-000,1,0.34653061628341675
evaluation-8527-non-000,0,0.6104878783226013
evaluation-85286-tar-000,1,0.3739060163497925
evaluation-85286-non-000,0,0.2418626844882965
evaluation-85319-tar-000,1,0.20345135033130646
evaluation-85319-non-000,0,0.368996262550354
evaluation-85396-tar-000,1,0.6877776384353638
evaluation-85396-non-000,0,0.26989948749542236
evaluation-85421-tar-000,1,0.09985234588384628
evaluation-85421-non-000,0,0.1706681102514267
evaluation-8557-tar-000,1,0.0938328206539154
evaluation-8557-non-000,0,0.2417280375957489
evaluation-85676-tar-000,1,0.29545825719833374
evaluation-85676-non-000,0,0.24038034677505493
evaluation-85750-tar-000,1,0.40037059783935547
evaluation-85750-non-000,0,0.5331135392189026
evaluation-85778-tar-000,1,0.38766270875930786
evaluation-85778-non-000,0,0.21234972774982452
evaluation-85871-tar-000,1,0.06718357652425766
evaluation-85871-non-000,0,0.41909605264663696
evaluation-8602-tar-000,1,0.34713172912597656
evaluation-8602-non-000,0,0.2547813355922699
evaluation-86107-tar-000,1,0.30647027492523193
evaluation-86107-non-000,0,0.2887968420982361
evaluation-8614-tar-000,1,0.12944760918617249
evaluation-8614-non-000,0,0.4846310615539551
evaluation-86151-tar-000,1,0.487470805644989
evaluation-86151-non-000,0,0.2791874408721924
evaluation-86198-tar-000,1,0.24559386074543
evaluation-86198-non-000,0,0.38189059495925903
evaluation-86245-tar-000,1,-0.020991936326026917
evaluation-86245-non-000,0,0.43606871366500854
evaluation-8628-tar-000,1,0.39849624037742615
evaluation-8628-non-000,0,0.3774624466896057
evaluation-8630-tar-000,1,0.3949807286262512
evaluation-8630-non-000,0,0.22145427763462067
evaluation-86376-tar-000,1,0.135520339012146
evaluation-86376-non-000,0,0.6037682890892029
evaluation-8639-tar-000,1,0.11540858447551727
evaluation-8639-non-000,0,0.29046204686164856
evaluation-8640-tar-000,1,0.3111664056777954
evaluation-8640-non-000,0,0.29964742064476013
evaluation-86470-tar-000,1,0.44966310262680054
evaluation-86470-non-000,0,0.4000227451324463
evaluation-86478-tar-000,1,0.44024282693862915
evaluation-86478-non-000,0,0.13463933765888214
evaluation-86519-tar-000,1,-0.01739322766661644
evaluation-86519-non-000,0,0.5306689143180847
evaluation-86577-tar-000,1,0.12476952373981476
evaluation-86577-non-000,0,-0.013341519981622696
evaluation-86591-tar-000,1,0.4916902184486389
evaluation-86591-non-000,0,0.13215705752372742
evaluation-86799-tar-000,1,0.3658357858657837
evaluation-86799-non-000,0,0.31846436858177185
evaluation-86926-tar-000,1,0.3768671452999115
evaluation-86926-non-000,0,0.09567218273878098
evaluation-86945-tar-000,1,0.2675047516822815
evaluation-86945-non-000,0,0.5831055641174316
evaluation-8697-tar-000,1,0.15134979784488678
evaluation-8697-non-000,0,0.5185016393661499
evaluation-87016-tar-000,1,0.3413074016571045
evaluation-87016-non-000,0,0.26854851841926575
evaluation-87176-tar-000,1,0.2983004152774811
evaluation-87176-non-000,0,0.4231637120246887
evaluation-8724-tar-000,1,0.1681295931339264
evaluation-8724-non-000,0,0.2915218472480774
evaluation-87313-tar-000,1,0.1814972460269928
evaluation-87313-non-000,0,0.31099840998649597
evaluation-87338-tar-000,1,0.43576693534851074
evaluation-87338-non-000,0,0.10986420512199402
evaluation-87362-tar-000,1,0.456400066614151
evaluation-87362-non-000,0,0.19327309727668762
evaluation-87450-tar-000,1,0.3230510950088501
evaluation-87450-non-000,0,0.2038537859916687
evaluation-8746-tar-000,1,0.43066394329071045
evaluation-8746-non-000,0,0.09892794489860535
evaluation-8756-tar-000,1,0.33782100677490234
evaluation-8756-non-000,0,0.483923077583313
evaluation-87577-tar-000,1,0.19843769073486328
evaluation-87577-non-000,0,0.31638407707214355
evaluation-87601-tar-000,1,0.3966817557811737
evaluation-87601-non-000,0,0.16292229294776917
evaluation-8765-tar-000,1,0.2471168339252472
evaluation-8765-non-000,0,0.17326781153678894
evaluation-87711-tar-000,1,0.34964752197265625
evaluation-87711-non-000,0,0.16052353382110596
evaluation-87720-tar-000,1,0.48134201765060425
evaluation-87720-non-000,0,0.17150132358074188
evaluation-87722-tar-000,1,0.3654562532901764
evaluation-87722-non-000,0,0.48576804995536804
evaluation-87876-tar-000,1,0.2963322401046753
evaluation-87876-non-000,0,0.2923518419265747
evaluation-87923-tar-000,1,0.7135503888130188
evaluation-87923-non-000,0,0.43055346608161926
evaluation-8796-tar-000,1,0.3287091553211212
evaluation-8796-non-000,0,0.15223056077957153
evaluation-8804-tar-000,1,0.17321322858333588
evaluation-8804-non-000,0,0.5338066816329956
evaluation-88060-tar-000,1,0.05644872784614563
evaluation-88060-non-000,0,0.18554429709911346
evaluation-8814-tar-000,1,0.5751111507415771
evaluation-8814-non-000,0,0.3518736660480499
evaluation-88156-tar-000,1,0.33085867762565613
evaluation-88156-non-000,0,0.19231148064136505
evaluation-88170-tar-000,1,0.3315920829772949
evaluation-88170-non-000,0,0.3736107051372528
evaluation-88313-tar-000,1,0.3059334456920624
evaluation-88313-non-000,0,0.3273051679134369
evaluation-8836-tar-000,1,0.11351223289966583
evaluation-8836-non-000,0,0.2619600296020508
evaluation-88458-tar-000,1,0.4707600474357605
evaluation-88458-non-000,0,0.21910417079925537
evaluation-88524-tar-000,1,0.4496954679489136
evaluation-88524-non-000,0,0.5416475534439087
evaluation-88576-tar-000,1,0.2956998348236084
evaluation-88576-non-000,0,0.1162969172000885
evaluation-88582-tar-000,1,0.2672928273677826
evaluation-88582-non-000,0,0.4973190426826477
evaluation-88689-tar-000,1,0.2548297643661499
evaluation-88689-non-000,0,0.24057209491729736
evaluation-88747-tar-000,1,0.1865355372428894
evaluation-88747-non-000,0,0.09021932631731033
evaluation-88780-tar-000,1,0.34409403800964355
evaluation-88780-non-000,0,0.06992139667272568
evaluation-88791-tar-000,1,0.4973067045211792
evaluation-88791-non-000,0,0.25723111629486084
evaluation-8896-tar-000,1,0.4052566587924957
evaluation-8896-non-000,0,0.4219357371330261
evaluation-89005-tar-000,1,0.24442948400974274
evaluation-89005-non-000,0,0.18965160846710205
evaluation-89027-tar-000,1,0.3408931493759155
evaluation-89027-non-000,0,0.5310001373291016
evaluation-89054-tar-000,1,0.3778873682022095
evaluation-89054-non-000,0,0.20767217874526978
evaluation-89120-tar-000,1,0.38714152574539185
evaluation-89120-non-000,0,0.34686699509620667
evaluation-89255-tar-000,1,0.48626792430877686
evaluation-89255-non-000,0,0.4842192530632019
evaluation-89335-tar-000,1,0.2951575219631195
evaluation-89335-non-000,0,0.10299473255872726
evaluation-89340-tar-000,1,0.5287511944770813
evaluation-89340-non-000,0,0.21674033999443054
evaluation-89346-tar-000,1,0.362939715385437
evaluation-89346-non-000,0,0.35953691601753235
evaluation-89381-tar-000,1,0.376051127910614
evaluation-89381-non-000,0,0.7651547193527222
evaluation-89557-tar-000,1,0.08903878927230835
evaluation-89557-non-000,0,0.401541531085968
evaluation-89604-tar-000,1,0.26226648688316345
evaluation-89604-non-000,0,0.33106690645217896
evaluation-89615-tar-000,1,0.2509179711341858
evaluation-89615-non-000,0,0.20028328895568848
evaluation-89631-tar-000,1,0.3174535036087036
evaluation-89631-non-000,0,0.43177786469459534
evaluation-89757-tar-000,1,0.48017847537994385
evaluation-89757-non-000,0,0.631028413772583
evaluation-89766-tar-000,1,0.3817286491394043
evaluation-89766-non-000,0,0.5132266283035278
evaluation-89782-tar-000,1,0.38866889476776123
evaluation-89782-non-000,0,0.2943888306617737
evaluation-89818-tar-000,1,0.34802138805389404
evaluation-89818-non-000,0,0.30532968044281006
evaluation-89822-tar-000,1,0.09518031775951385
evaluation-89822-non-000,0,0.6549219489097595
evaluation-8983-tar-000,1,0.19792228937149048
evaluation-8983-non-000,0,0.1033874899148941
evaluation-90024-tar-000,1,0.5133004188537598
evaluation-90024-non-000,0,0.42096957564353943
evaluation-90032-tar-000,1,0.2064048945903778
evaluation-90032-non-000,0,0.4699156880378723
evaluation-90038-tar-000,1,0.5535299777984619
evaluation-90038-non-000,0,0.35138070583343506
evaluation-90117-tar-000,1,0.2797237038612366
evaluation-90117-non-000,0,0.19848769903182983
evaluation-90145-tar-000,1,0.3529352843761444
evaluation-90145-non-000,0,0.540513277053833
evaluation-90148-tar-000,1,0.10679394751787186
evaluation-90148-non-000,0,0.46015357971191406
evaluation-90169-tar-000,1,0.5036786794662476
evaluation-90169-non-000,0,0.37496286630630493
evaluation-90257-tar-000,1,0.25460153818130493
evaluation-90257-non-000,0,0.4130968153476715
evaluation-90301-tar-000,1,0.47316789627075195
evaluation-90301-non-000,0,0.3655712604522705
evaluation-90304-tar-000,1,0.5828626155853271
evaluation-90304-non-000,0,0.11939653754234314
evaluation-90381-tar-000,1,0.24329563975334167
evaluation-90381-non-000,0,0.14249643683433533
evaluation-90414-tar-000,1,0.18650692701339722
evaluation-90414-non-000,0,0.21859535574913025
evaluation-90469-tar-000,1,0.12784375250339508
evaluation-90469-non-000,0,0.3460817337036133
evaluation-90562-tar-000,1,0.3389641344547272
evaluation-90562-non-000,0,0.04397376626729965
evaluation-90631-tar-000,1,0.13175705075263977
evaluation-90631-non-000,0,0.4086053669452667
evaluation-90862-tar-000,1,0.28040194511413574
evaluation-90862-non-000,0,0.3733411431312561
evaluation-90875-tar-000,1,0.366105318069458
evaluation-90875-non-000,0,0.29347890615463257
evaluation-90939-tar-000,1,0.07603304088115692
evaluation-90939-non-000,0,0.3473479747772217
evaluation-9109-tar-000,1,0.2762874960899353
evaluation-9109-non-000,0,0.3105655312538147
evaluation-91106-tar-000,1,0.5488022565841675
evaluation-91106-non-000,0,0.21239061653614044
evaluation-91166-tar-000,1,0.16035491228103638
evaluation-91166-non-000,0,0.30560991168022156
evaluation-91205-tar-000,1,0.21173575520515442
evaluation-91205-non-000,0,0.30231326818466187
evaluation-9125-tar-000,1,0.2518765926361084
evaluation-9125-non-000,0,0.07658925652503967
evaluation-91433-tar-000,1,0.3185155689716339
evaluation-91433-non-000,0,0.3019266724586487
evaluation-91441-tar-000,1,0.09766503423452377
evaluation-91441-non-000,0,0.1267160028219223
evaluation-91466-tar-000,1,0.15393486618995667
evaluation-91466-non-000,0,0.29083818197250366
evaluation-9148-tar-000,1,0.26000940799713135
evaluation-9148-non-000,0,0.2567460238933563
evaluation-91496-tar-000,1,0.27012017369270325
evaluation-91496-non-000,0,0.2099703848361969
evaluation-91543-tar-000,1,0.36530885100364685
evaluation-91543-non-000,0,0.1538437306880951
evaluation-91642-tar-000,1,0.3568795323371887
evaluation-91642-non-000,0,0.195308655500412
evaluation-9165-tar-000,1,0.3254910707473755
evaluation-9165-non-000,0,0.24090681970119476
evaluation-91719-tar-000,1,0.4902194142341614
evaluation-91719-non-000,0,0.5450928807258606
evaluation-9179-tar-000,1,0.4336903393268585
evaluation-9179-non-000,0,0.3910965323448181
evaluation-91798-tar-000,1,0.37339073419570923
evaluation-91798-non-000,0,0.30055558681488037
evaluation-91823-tar-000,1,0.3943323493003845
evaluation-91823-non-000,0,0.35053136944770813
evaluation-91886-tar-000,1,0.07955251634120941
evaluation-91886-non-000,0,0.5359110236167908
evaluation-9195-tar-000,1,0.3261936902999878
evaluation-9195-non-000,0,0.27075496315956116
evaluation-9197-tar-000,1,0.35045379400253296
evaluation-9197-non-000,0,0.3893275558948517
evaluation-91974-tar-000,1,0.16822321712970734
evaluation-91974-non-000,0,0.17077194154262543
evaluation-92007-tar-000,1,0.20238444209098816
evaluation-92007-non-000,0,0.2898087501525879
evaluation-9210-tar-000,1,0.22810781002044678
evaluation-9210-non-000,0,0.36327892541885376
evaluation-92133-tar-000,1,0.7225242853164673
evaluation-92133-non-000,0,0.3699805736541748
evaluation-92260-tar-000,1,0.3380930423736572
evaluation-92260-non-000,0,0.4625103771686554
evaluation-9229-tar-000,1,0.2740357220172882
evaluation-9229-non-000,0,0.4091373085975647
evaluation-9240-tar-000,1,0.3919241428375244
evaluation-9240-non-000,0,0.5084009766578674
evaluation-9241-tar-000,1,0.5915994644165039
evaluation-9241-non-000,0,0.2958381175994873
evaluation-92438-tar-000,1,0.18923482298851013
evaluation-92438-non-000,0,0.36952510476112366
evaluation-92488-tar-000,1,0.3020598590373993
evaluation-92488-non-000,0,0.5037606954574585
evaluation-92630-tar-000,1,0.2453271746635437
evaluation-92630-non-000,0,0.20784991979599
evaluation-92652-tar-000,1,0.3264118731021881
evaluation-92652-non-000,0,0.17501066625118256
evaluation-92787-tar-000,1,0.27120181918144226
evaluation-92787-non-000,0,0.5365680456161499
evaluation-92825-tar-000,1,0.5095734596252441
evaluation-92825-non-000,0,0.243802011013031
evaluation-92845-tar-000,1,0.3456093668937683
evaluation-92845-non-000,0,0.30727827548980713
evaluation-92853-tar-000,1,0.18044495582580566
evaluation-92853-non-000,0,0.4512335956096649
evaluation-9286-tar-000,1,0.3655460774898529
evaluation-9286-non-000,0,0.3554840087890625
evaluation-9291-tar-000,1,0.22036680579185486
evaluation-9291-non-000,0,0.3056708872318268
evaluation-9303-tar-000,1,0.34994107484817505
evaluation-9303-non-000,0,0.497073233127594
evaluation-93034-tar-000,1,0.5394129753112793
evaluation-93034-non-000,0,0.06835027039051056
evaluation-93042-tar-000,1,0.7188831567764282
evaluation-93042-non-000,0,0.45998507738113403
evaluation-93169-tar-000,1,0.4922184646129608
evaluation-93169-non-000,0,0.1383541226387024
evaluation-93210-tar-000,1,0.17466527223587036
evaluation-93210-non-000,0,0.34055712819099426
evaluation-93279-tar-000,1,0.4623948931694031
evaluation-93279-non-000,0,0.07742483913898468
evaluation-93375-tar-000,1,0.11120544373989105
evaluation-93375-non-000,0,0.21345514059066772
evaluation-93449-tar-000,1,0.5191682577133179
evaluation-93449-non-000,0,-0.024505704641342163
evaluation-9355-tar-000,1,0.2918635606765747
evaluation-9355-non-000,0,0.057209379971027374
evaluation-93660-tar-000,1,0.24304340779781342
evaluation-93660-non-000,0,0.1087057963013649
evaluation-93718-tar-000,1,0.45747101306915283
evaluation-93718-non-000,0,0.43449947237968445
evaluation-93735-tar-000,1,0.25812828540802
evaluation-93735-non-000,0,0.6123706102371216
evaluation-93740-tar-000,1,0.515234112739563
evaluation-93740-non-000,0,0.09563444554805756
evaluation-93811-tar-000,1,0.19477689266204834
evaluation-93811-non-000,0,0.3624817728996277
evaluation-93853-tar-000,1,0.17450112104415894
evaluation-93853-non-000,0,0.4709694981575012
evaluation-93886-tar-000,1,0.4553159773349762
evaluation-93886-non-000,0,0.46387994289398193
evaluation-93930-tar-000,1,0.36122310161590576
evaluation-93930-non-000,0,0.4547758996486664
evaluation-9403-tar-000,1,0.33546045422554016
evaluation-9403-non-000,0,0.4078478217124939
evaluation-9410-tar-000,1,0.3822752833366394
evaluation-9410-non-000,0,0.44330692291259766
evaluation-94105-tar-000,1,0.28646349906921387
evaluation-94105-non-000,0,0.4248500466346741
evaluation-94125-tar-000,1,0.2282576858997345
evaluation-94125-non-000,0,0.46198779344558716
evaluation-94226-tar-000,1,0.45071062445640564
evaluation-94226-non-000,0,0.12700697779655457
evaluation-94267-tar-000,1,0.6398043036460876
evaluation-94267-non-000,0,0.36740025877952576
evaluation-94270-tar-000,1,0.23818188905715942
evaluation-94270-non-000,0,0.17982915043830872
evaluation-94314-tar-000,1,0.1812976598739624
evaluation-94314-non-000,0,0.22219906747341156
evaluation-94421-tar-000,1,0.5013540983200073
evaluation-94421-non-000,0,0.27382364869117737
evaluation-94528-tar-000,1,0.3090876638889313
evaluation-94528-non-000,0,0.4243850111961365
evaluation-94550-tar-000,1,0.2976142168045044
evaluation-94550-non-000,0,0.41619765758514404
evaluation-94586-tar-000,1,0.4903184771537781
evaluation-94586-non-000,0,0.44068443775177
evaluation-94633-tar-000,1,0.303470253944397
evaluation-94633-non-000,0,0.4979704022407532
evaluation-94663-tar-000,1,0.5323707461357117
evaluation-94663-non-000,0,0.14202450215816498
evaluation-94668-tar-000,1,0.22543402016162872
evaluation-94668-non-000,0,0.28089639544487
evaluation-9469-tar-000,1,0.19874133169651031
evaluation-9469-non-000,0,0.30897223949432373
evaluation-94740-tar-000,1,0.23082979023456573
evaluation-94740-non-000,0,0.3042660355567932
evaluation-94828-tar-000,1,0.37540119886398315
evaluation-94828-non-000,0,0.3445315957069397
evaluation-9485-tar-000,1,0.2273922860622406
evaluation-9485-non-000,0,0.41797611117362976
evaluation-94855-tar-000,1,0.14240548014640808
evaluation-94855-non-000,0,0.1836591511964798
evaluation-94971-tar-000,1,0.48198091983795166
evaluation-94971-non-000,0,0.3209667205810547
evaluation-95006-tar-000,1,0.17537884414196014
evaluation-95006-non-000,0,0.2834806442260742
evaluation-95020-tar-000,1,0.32493874430656433
evaluation-95020-non-000,0,0.39488983154296875
evaluation-95031-tar-000,1,0.24558097124099731
evaluation-95031-non-000,0,0.19264207780361176
evaluation-95045-tar-000,1,0.15125557780265808
evaluation-95045-non-000,0,0.1302035003900528
evaluation-95072-tar-000,1,0.34782910346984863
evaluation-95072-non-000,0,0.3579353094100952
evaluation-9512-tar-000,1,0.29789355397224426
evaluation-9512-non-000,0,0.38374289870262146
evaluation-95166-tar-000,1,0.5474659204483032
evaluation-95166-non-000,0,0.12955346703529358
evaluation-95174-tar-000,1,0.33616846799850464
evaluation-95174-non-000,0,0.35982078313827515
evaluation-95198-tar-000,1,0.2960033118724823
evaluation-95198-non-000,0,0.33739548921585083
evaluation-9522-tar-000,1,0.45445045828819275
evaluation-9522-non-000,0,0.22823649644851685
evaluation-95229-tar-000,1,0.4058128595352173
evaluation-95229-non-000,0,0.21265816688537598
evaluation-95295-tar-000,1,0.28933095932006836
evaluation-95295-non-000,0,0.49089929461479187
evaluation-95300-tar-000,1,0.3571138381958008
evaluation-95300-non-000,0,0.5392107963562012
evaluation-95303-tar-000,1,0.28698593378067017
evaluation-95303-non-000,0,0.03408941626548767
evaluation-95328-tar-000,1,0.1869242638349533
evaluation-95328-non-000,0,0.5103154182434082
evaluation-95388-tar-000,1,0.5637775659561157
evaluation-95388-non-000,0,0.2906959056854248
evaluation-9539-tar-000,1,0.6309805512428284
evaluation-9539-non-000,0,0.3587588667869568
evaluation-95424-tar-000,1,0.65118408203125
evaluation-95424-non-000,0,0.16491714119911194
evaluation-95459-tar-000,1,0.3189930319786072
evaluation-95459-non-000,0,0.3117748498916626
evaluation-9549-tar-000,1,0.27709338068962097
evaluation-9549-non-000,0,0.3636683225631714
evaluation-95789-tar-000,1,0.5940582156181335
evaluation-95789-non-000,0,0.34017372131347656
evaluation-95962-tar-000,1,0.45710253715515137
evaluation-95962-non-000,0,0.24894922971725464
evaluation-96017-tar-000,1,0.1141817569732666
evaluation-96017-non-000,0,0.6747543215751648
evaluation-96130-tar-000,1,0.09262607991695404
evaluation-96130-non-000,0,0.34695595502853394
evaluation-9620-tar-000,1,0.401057630777359
evaluation-9620-non-000,0,0.33392879366874695
evaluation-96371-tar-000,1,0.20308101177215576
evaluation-96371-non-000,0,0.3595346212387085
evaluation-96418-tar-000,1,0.25319838523864746
evaluation-96418-non-000,0,0.2749403119087219
evaluation-96443-tar-000,1,0.26391327381134033
evaluation-96443-non-000,0,0.550310492515564
evaluation-96577-tar-000,1,0.32340937852859497
evaluation-96577-non-000,0,0.44618093967437744
evaluation-96613-tar-000,1,0.2487366646528244
evaluation-96613-non-000,0,0.11756806075572968
evaluation-96643-tar-000,1,0.47782182693481445
evaluation-96643-non-000,0,0.33664900064468384
evaluation-9666-tar-000,1,0.505588948726654
evaluation-9666-non-000,0,0.3594195246696472
evaluation-96665-tar-000,1,0.48752307891845703
evaluation-96665-non-000,0,0.36962586641311646
evaluation-96676-tar-000,1,0.21440882980823517
evaluation-96676-non-000,0,0.5029335021972656
evaluation-96701-tar-000,1,0.35909560322761536
evaluation-96701-non-000,0,0.346261203289032
evaluation-96706-tar-000,1,0.2358013242483139
evaluation-96706-non-000,0,0.25360381603240967
evaluation-96712-tar-000,1,0.6158894896507263
evaluation-96712-non-000,0,0.5436164736747742
evaluation-96767-tar-000,1,0.49476853013038635
evaluation-96767-non-000,0,0.43227359652519226
evaluation-96844-tar-000,1,0.20629119873046875
evaluation-96844-non-000,0,0.4931985139846802
evaluation-9696-tar-000,1,0.3920803666114807
evaluation-9696-non-000,0,0.3668409585952759
evaluation-96984-tar-000,1,0.439389169216156
evaluation-96984-non-000,0,0.5225106477737427
evaluation-9705-tar-000,1,0.5815273523330688
evaluation-9705-non-000,0,0.18030403554439545
evaluation-9706-tar-000,1,0.13361550867557526
evaluation-9706-non-000,0,0.2752501368522644
evaluation-97072-tar-000,1,0.5826849937438965
evaluation-97072-non-000,0,0.3298273980617523
evaluation-9737-tar-000,1,0.41149622201919556
evaluation-9737-non-000,0,0.44283103942871094
evaluation-97434-tar-000,1,0.3788406252861023
evaluation-97434-non-000,0,0.5360987186431885
evaluation-9752-tar-000,1,0.28880295157432556
evaluation-9752-non-000,0,0.4308308959007263
evaluation-97550-tar-000,1,0.6168118715286255
evaluation-97550-non-000,0,0.2527564465999603
evaluation-97588-tar-000,1,0.42674943804740906
evaluation-97588-non-000,0,0.48737314343452454
evaluation-97624-tar-000,1,0.14184731245040894
evaluation-97624-non-000,0,-0.017963435500860214
evaluation-9767-tar-000,1,0.6377886533737183
evaluation-9767-non-000,0,0.5224905610084534
evaluation-97695-tar-000,1,0.5458478927612305
evaluation-97695-non-000,0,0.2538219690322876
evaluation-97860-tar-000,1,0.2962859272956848
evaluation-97860-non-000,0,0.24285803735256195
evaluation-97937-tar-000,1,0.17527370154857635
evaluation-97937-non-000,0,0.359899640083313
evaluation-97953-tar-000,1,0.1973026990890503
evaluation-97953-non-000,0,0.2805895209312439
evaluation-9817-tar-000,1,0.15545448660850525
evaluation-9817-non-000,0,0.43784552812576294
evaluation-9830-tar-000,1,0.7156133055686951
evaluation-9830-non-000,0,0.4918299615383148
evaluation-98327-tar-000,1,0.38630351424217224
evaluation-98327-non-000,0,0.2878342866897583
evaluation-9835-tar-000,1,0.18493208289146423
evaluation-9835-non-000,0,0.3736855089664459
evaluation-98459-tar-000,1,0.18722359836101532
evaluation-98459-non-000,0,0.44600778818130493
evaluation-98514-tar-000,1,0.04922071099281311
evaluation-98514-non-000,0,0.3182941675186157
evaluation-98588-tar-000,1,0.33682534098625183
evaluation-98588-non-000,0,0.47673892974853516
evaluation-9859-tar-000,1,0.5135170221328735
evaluation-9859-non-000,0,0.1323944330215454
evaluation-9863-tar-000,1,0.24735532701015472
evaluation-9863-non-000,0,0.3774912357330322
evaluation-9871-tar-000,1,0.1705847978591919
evaluation-9871-non-000,0,0.45887982845306396
evaluation-9872-tar-000,1,0.5473828315734863
evaluation-9872-non-000,0,0.18918251991271973
evaluation-98731-tar-000,1,0.4273092448711395
evaluation-98731-non-000,0,0.4216025769710541
evaluation-98744-tar-000,1,0.29578763246536255
evaluation-98744-non-000,0,0.3243165910243988
evaluation-98821-tar-000,1,0.3815918564796448
evaluation-98821-non-000,0,0.38318195939064026
evaluation-99038-tar-000,1,0.5117119550704956
evaluation-99038-non-000,0,0.3236381411552429
evaluation-9904-tar-000,1,0.4561331868171692
evaluation-9904-non-000,0,0.36740341782569885
evaluation-99123-tar-000,1,0.5042053461074829
evaluation-99123-non-000,0,0.256693035364151
evaluation-99148-tar-000,1,0.5631853342056274
evaluation-99148-non-000,0,0.32318735122680664
evaluation-9915-tar-000,1,0.20007365942001343
evaluation-9915-non-000,0,0.28311169147491455
evaluation-99195-tar-000,1,0.05838286876678467
evaluation-99195-non-000,0,0.3777101933956146
evaluation-99206-tar-000,1,0.2085646390914917
evaluation-99206-non-000,0,0.34669870138168335
evaluation-99230-tar-000,1,0.18146094679832458
evaluation-99230-non-000,0,0.3474828004837036
evaluation-99241-tar-000,1,0.4997553527355194
evaluation-99241-non-000,0,0.05397304520010948
evaluation-9928-tar-000,1,0.12033180892467499
evaluation-9928-non-000,0,0.624794602394104
evaluation-9932-tar-000,1,0.22496159374713898
evaluation-9932-non-000,0,0.4731009602546692
evaluation-99321-tar-000,1,0.5726585984230042
evaluation-99321-non-000,0,0.1543915569782257
evaluation-99349-tar-000,1,0.4877290725708008
evaluation-99349-non-000,0,0.44327864050865173
evaluation-9946-tar-000,1,0.3961617648601532
evaluation-9946-non-000,0,0.48456287384033203
evaluation-99461-tar-000,1,0.6106290817260742
evaluation-99461-non-000,0,0.4030892550945282
evaluation-9948-tar-000,1,0.22353965044021606
evaluation-9948-non-000,0,0.3938460946083069
evaluation-9949-tar-000,1,0.004135962575674057
evaluation-9949-non-000,0,0.42370617389678955
evaluation-99497-tar-000,1,0.4799324870109558
evaluation-99497-non-000,0,0.3923967182636261
evaluation-99640-tar-000,1,0.2834755778312683
evaluation-99640-non-000,0,0.07011612504720688
evaluation-99692-tar-000,1,0.4363386631011963
evaluation-99692-non-000,0,0.27438977360725403
evaluation-9971-tar-000,1,0.5092995166778564
evaluation-9971-non-000,0,0.7030565738677979
evaluation-9972-tar-000,1,0.4719852805137634
evaluation-9972-non-000,0,0.2961423993110657
evaluation-9979-tar-000,1,0.2799382507801056
evaluation-9979-non-000,0,0.24648825824260712
evaluation-9985-tar-000,1,0.5218033790588379
evaluation-9985-non-000,0,0.24297431111335754
evaluation-9993-tar-000,1,0.6077402234077454
evaluation-9993-non-000,0,0.44575345516204834
evaluation-9994-tar-000,1,-0.0004514269530773163
evaluation-9994-non-000,0,0.28188732266426086
evaluation-99945-tar-000,1,0.386515736579895
evaluation-99945-non-000,0,0.32541927695274353
evaluation-99967-tar-000,1,0.5041541457176208
evaluation-99967-non-000,0,0.27421700954437256
evaluation-9997-tar-000,1,0.4738653898239136
evaluation-9997-non-000,0,0.15009331703186035
