trial_id,label,score
evaluation-1007-tar-000,1,0.8095520734786987
evaluation-1007-non-000,0,0.7940189838409424
evaluation-1008-tar-000,1,0.6971591711044312
evaluation-1008-non-000,0,0.6471436023712158
evaluation-1013-tar-000,1,0.5692121982574463
evaluation-1013-non-000,0,0.6821238994598389
evaluation-10178-tar-000,1,0.8285152912139893
evaluation-10178-non-000,0,0.6347615718841553
evaluation-1024-tar-000,1,0.6252188682556152
evaluation-1024-non-000,0,0.6143196225166321
evaluation-10282-tar-000,1,0.7604532241821289
evaluation-10282-non-000,0,0.6909440755844116
evaluation-10346-tar-000,1,0.7776111960411072
evaluation-10346-non-000,0,0.6623126268386841
evaluation-10406-tar-000,1,0.6869058012962341
evaluation-10406-non-000,0,0.6946208477020264
evaluation-10428-tar-000,1,0.8408134579658508
evaluation-10428-non-000,0,0.669727087020874
evaluation-10444-tar-000,1,0.775275707244873
evaluation-10444-non-000,0,0.6264775991439819
evaluation-10538-tar-000,1,0.7711979150772095
evaluation-10538-non-000,0,0.8552628755569458
evaluation-1055-tar-000,1,0.6600701808929443
evaluation-1055-non-000,0,0.5420960783958435
evaluation-1056-tar-000,1,0.7980011701583862
evaluation-1056-non-000,0,0.5943422317504883
evaluation-10606-tar-000,1,0.6934488415718079
evaluation-10606-non-000,0,0.5278754234313965
evaluation-1063-tar-000,1,0.7804559469223022
evaluation-1063-non-000,0,0.6663954854011536
evaluation-10642-tar-000,1,0.8149420619010925
evaluation-10642-non-000,0,0.6237047910690308
evaluation-10689-tar-000,1,0.7051360607147217
evaluation-10689-non-000,0,0.796951413154602
evaluation-10711-tar-000,1,0.654779851436615
evaluation-10711-non-000,0,0.6104223728179932
evaluation-10738-tar-000,1,0.6995866298675537
evaluation-10738-non-000,0,0.6300539970397949
evaluation-10802-tar-000,1,0.8344191312789917
evaluation-10802-non-000,0,0.7284045219421387
evaluation-10862-tar-000,1,0.689274787902832
evaluation-10862-non-000,0,0.7035691738128662
evaluation-10966-tar-000,1,0.8319873809814453
evaluation-10966-non-000,0,0.8102929592132568
evaluation-1100-tar-000,1,0.7783626317977905
evaluation-1100-non-000,0,0.5665640234947205
evaluation-11060-tar-000,1,0.6267246007919312
evaluation-11060-non-000,0,0.7764422297477722
evaluation-11126-tar-000,1,0.6009509563446045
evaluation-11126-non-000,0,0.6977887153625488
evaluation-11189-tar-000,1,0.6443530321121216
evaluation-11189-non-000,0,0.6770145893096924
evaluation-1122-tar-000,1,0.6690405607223511
evaluation-1122-non-000,0,0.722492516040802
evaluation-1130-tar-000,1,0.6267519593238831
evaluation-1130-non-000,0,0.7210202217102051
evaluation-11392-tar-000,1,0.7398954033851624
evaluation-11392-non-000,0,0.8405821323394775
evaluation-11485-tar-000,1,0.8648667335510254
evaluation-11485-non-000,0,0.750125527381897
evaluation-11513-tar-000,1,0.7890175580978394
evaluation-11513-non-000,0,0.5297938585281372
evaluation-1162-tar-000,1,0.7056766748428345
evaluation-1162-non-000,0,0.6577458381652832
evaluation-11647-tar-000,1,0.5858136415481567
evaluation-11647-non-000,0,0.5670668482780457
evaluation-1165-tar-000,1,0.7356542348861694
evaluation-1165-non-000,0,0.5973789095878601
evaluation-11664-tar-000,1,0.7098652124404907
evaluation-11664-non-000,0,0.6092223525047302
evaluation-1169-tar-000,1,0.7565193176269531
evaluation-1169-non-000,0,0.6374646425247192
evaluation-11757-tar-000,1,0.7466098070144653
evaluation-11757-non-000,0,0.6124261617660522
evaluation-11845-tar-000,1,0.6593215465545654
evaluation-11845-non-000,0,0.66853928565979
evaluation-1198-tar-000,1,0.8098406195640564
evaluation-1198-non-000,0,0.6621348857879639
evaluation-1203-tar-000,1,0.7172852754592896
evaluation-1203-non-000,0,0.7783008813858032
evaluation-12106-tar-000,1,0.7938867807388306
evaluation-12106-non-000,0,0.6784237623214722
evaluation-12112-tar-000,1,0.606535792350769
evaluation-12112-non-000,0,0.6580819487571716
evaluation-12156-tar-000,1,0.7379501461982727
evaluation-12156-non-000,0,0.7468307614326477
evaluation-12197-tar-000,1,0.6285918354988098
evaluation-12197-non-000,0,0.6530697345733643
evaluation-12210-tar-000,1,0.6941864490509033
evaluation-12210-non-000,0,0.6415918469429016
evaluation-12224-tar-000,1,0.6323436498641968
evaluation-12224-non-000,0,0.5745967626571655
evaluation-12323-tar-000,1,0.7210099101066589
evaluation-12323-non-000,0,0.7153987884521484
evaluation-1235-tar-000,1,0.6831741333007812
evaluation-1235-non-000,0,0.6483340263366699
evaluation-1238-tar-000,1,0.7405103445053101
evaluation-1238-non-000,0,0.699982762336731
evaluation-12395-tar-000,1,0.6727498769760132
evaluation-12395-non-000,0,0.6767631769180298
evaluation-12408-tar-000,1,0.760463535785675
evaluation-12408-non-000,0,0.6812248229980469
evaluation-12414-tar-000,1,0.6613032817840576
evaluation-12414-non-000,0,0.6703218817710876
evaluation-12661-tar-000,1,0.7201821804046631
evaluation-12661-non-000,0,0.7011877298355103
evaluation-12666-tar-000,1,0.6969505548477173
evaluation-12666-non-000,0,0.46348434686660767
evaluation-12669-tar-000,1,0.5825121998786926
evaluation-12669-non-000,0,0.5409830212593079
evaluation-1270-tar-000,1,0.7206720113754272
evaluation-1270-non-000,0,0.5715847611427307
evaluation-1274-tar-000,1,0.7518181800842285
evaluation-1274-non-000,0,0.7117494940757751
evaluation-12796-tar-000,1,0.6764694452285767
evaluation-12796-non-000,0,0.7653378844261169
evaluation-12807-tar-000,1,0.7590911388397217
evaluation-12807-non-000,0,0.5890641212463379
evaluation-12828-tar-000,1,0.6705992221832275
evaluation-12828-non-000,0,0.598052978515625
evaluation-12919-tar-000,1,0.5841324329376221
evaluation-12919-non-000,0,0.7476349472999573
evaluation-1297-tar-000,1,0.8007690906524658
evaluation-1297-non-000,0,0.6814318895339966
evaluation-1303-tar-000,1,0.6668599843978882
evaluation-1303-non-000,0,0.6627272367477417
evaluation-13194-tar-000,1,0.7259335517883301
evaluation-13194-non-000,0,0.8483518362045288
evaluation-1320-tar-000,1,0.6317484378814697
evaluation-1320-non-000,0,0.5983031392097473
evaluation-13298-tar-000,1,0.812965989112854
evaluation-13298-non-000,0,0.7186071872711182
evaluation-1334-tar-000,1,0.6218547821044922
evaluation-1334-non-000,0,0.6837322115898132
evaluation-13663-tar-000,1,0.7618200778961182
evaluation-13663-non-000,0,0.6335288286209106
evaluation-13666-tar-000,1,0.7268668413162231
evaluation-13666-non-000,0,0.6320449113845825
evaluation-13707-tar-000,1,0.6655832529067993
evaluation-13707-non-000,0,0.668895959854126
evaluation-1372-tar-000,1,0.6553385257720947
evaluation-1372-non-000,0,0.5571362972259521
evaluation-13754-tar-000,1,0.6232594847679138
evaluation-13754-non-000,0,0.7102158069610596
evaluation-13806-tar-000,1,0.7295228242874146
evaluation-13806-non-000,0,0.8071123957633972
evaluation-13839-tar-000,1,0.7237365245819092
evaluation-13839-non-000,0,0.6661047339439392
evaluation-13985-tar-000,1,0.5525062680244446
evaluation-13985-non-000,0,0.6389694213867188
evaluation-14001-tar-000,1,0.6499930024147034
evaluation-14001-non-000,0,0.6523014307022095
evaluation-1401-tar-000,1,0.7447025775909424
evaluation-1401-non-000,0,0.775371789932251
evaluation-14075-tar-000,1,0.6177966594696045
evaluation-14075-non-000,0,0.7106289267539978
evaluation-1409-tar-000,1,0.7858246564865112
evaluation-1409-non-000,0,0.6431396007537842
evaluation-14106-tar-000,1,0.7075225114822388
evaluation-14106-non-000,0,0.7220814228057861
evaluation-1414-tar-000,1,0.789128303527832
evaluation-1414-non-000,0,0.6362630128860474
evaluation-14259-tar-000,1,0.6239292621612549
evaluation-14259-non-000,0,0.5492594242095947
evaluation-14430-tar-000,1,0.742016613483429
evaluation-14430-non-000,0,0.6432680487632751
evaluation-14737-tar-000,1,0.7778372764587402
evaluation-14737-non-000,0,0.6753545999526978
evaluation-1475-tar-000,1,0.644395649433136
evaluation-1475-non-000,0,0.576087236404419
evaluation-14790-tar-000,1,0.7508625984191895
evaluation-14790-non-000,0,0.7026040554046631
evaluation-1480-tar-000,1,0.6702450513839722
evaluation-1480-non-000,0,0.6310956478118896
evaluation-14869-tar-000,1,0.6826643943786621
evaluation-14869-non-000,0,0.6076248288154602
evaluation-14875-tar-000,1,0.505178689956665
evaluation-14875-non-000,0,0.6204090118408203
evaluation-14877-tar-000,1,0.7738224267959595
evaluation-14877-non-000,0,0.553769052028656
evaluation-14888-tar-000,1,0.6163194179534912
evaluation-14888-non-000,0,0.6854890584945679
evaluation-14987-tar-000,1,0.706572949886322
evaluation-14987-non-000,0,0.522545337677002
evaluation-1507-tar-000,1,0.7065342664718628
evaluation-1507-non-000,0,0.6306377649307251
evaluation-15073-tar-000,1,0.8870772123336792
evaluation-15073-non-000,0,0.6785708665847778
evaluation-15133-tar-000,1,0.6803302764892578
evaluation-15133-non-000,0,0.7047971487045288
evaluation-15169-tar-000,1,0.7416417002677917
evaluation-15169-non-000,0,0.7478036880493164
evaluation-15180-tar-000,1,0.6837555170059204
evaluation-15180-non-000,0,0.6306599378585815
evaluation-1522-tar-000,1,0.8255305290222168
evaluation-1522-non-000,0,0.6441640853881836
evaluation-1524-tar-000,1,0.7905880212783813
evaluation-1524-non-000,0,0.6938931345939636
evaluation-15243-tar-000,1,0.8480479121208191
evaluation-15243-non-000,0,0.7366312146186829
evaluation-15298-tar-000,1,0.8249178528785706
evaluation-15298-non-000,0,0.697441041469574
evaluation-1539-tar-000,1,0.5948197841644287
evaluation-1539-non-000,0,0.6573975086212158
evaluation-15462-tar-000,1,0.7739443182945251
evaluation-15462-non-000,0,0.41371703147888184
evaluation-1548-tar-000,1,0.576026201248169
evaluation-1548-non-000,0,0.7387746572494507
evaluation-15501-tar-000,1,0.6806887984275818
evaluation-15501-non-000,0,0.7686379551887512
evaluation-15515-tar-000,1,0.7031891942024231
evaluation-15515-non-000,0,0.7048758864402771
evaluation-1554-tar-000,1,0.7318030595779419
evaluation-1554-non-000,0,0.6546441316604614
evaluation-15570-tar-000,1,0.7336724996566772
evaluation-15570-non-000,0,0.6469941735267639
evaluation-15581-tar-000,1,0.6955125331878662
evaluation-15581-non-000,0,0.5214412212371826
evaluation-15600-tar-000,1,0.6331329345703125
evaluation-15600-non-000,0,0.6071270704269409
evaluation-15699-tar-000,1,0.7618957757949829
evaluation-15699-non-000,0,0.6005675792694092
evaluation-15817-tar-000,1,0.8405612111091614
evaluation-15817-non-000,0,0.6719409227371216
evaluation-15839-tar-000,1,0.7783794403076172
evaluation-15839-non-000,0,0.6768923401832581
evaluation-15855-tar-000,1,0.7250139713287354
evaluation-15855-non-000,0,0.7716069221496582
evaluation-15866-tar-000,1,0.6224569082260132
evaluation-15866-non-000,0,0.7023952603340149
evaluation-15885-tar-000,1,0.7501447200775146
evaluation-15885-non-000,0,0.6445420980453491
evaluation-15993-tar-000,1,0.6505486965179443
evaluation-15993-non-000,0,0.698957622051239
evaluation-1603-tar-000,1,0.721342921257019
evaluation-1603-non-000,0,0.7496518492698669
evaluation-16223-tar-000,1,0.7533688545227051
evaluation-16223-non-000,0,0.713485062122345
evaluation-1631-tar-000,1,0.8479907512664795
evaluation-1631-non-000,0,0.48973819613456726
evaluation-1632-tar-000,1,0.7762877941131592
evaluation-1632-non-000,0,0.5984020233154297
evaluation-1633-tar-000,1,0.7992635369300842
evaluation-1633-non-000,0,0.698147177696228
evaluation-1646-tar-000,1,0.8093873262405396
evaluation-1646-non-000,0,0.691693902015686
evaluation-16473-tar-000,1,0.8083261251449585
evaluation-16473-non-000,0,0.5720570087432861
evaluation-16490-tar-000,1,0.6756823062896729
evaluation-16490-non-000,0,0.6551223397254944
evaluation-1650-tar-000,1,0.7388812303543091
evaluation-1650-non-000,0,0.4987042248249054
evaluation-16520-tar-000,1,0.6106598377227783
evaluation-16520-non-000,0,0.6871200203895569
evaluation-16608-tar-000,1,0.7025288343429565
evaluation-16608-non-000,0,0.5651895999908447
evaluation-16635-tar-000,1,0.59750896692276
evaluation-16635-non-000,0,0.6845396757125854
evaluation-16665-tar-000,1,0.7543374300003052
evaluation-16665-non-000,0,0.6066713333129883
evaluation-1681-tar-000,1,0.6097167134284973
evaluation-1681-non-000,0,0.6527491807937622
evaluation-16849-tar-000,1,0.6591296195983887
evaluation-16849-non-000,0,0.6578362584114075
evaluation-16855-tar-000,1,0.7545707821846008
evaluation-16855-non-000,0,0.716238796710968
evaluation-16976-tar-000,1,0.7760872840881348
evaluation-16976-non-000,0,0.6410250663757324
evaluation-1707-tar-000,1,0.8211765289306641
evaluation-1707-non-000,0,0.768322765827179
evaluation-17121-tar-000,1,0.8175317049026489
evaluation-17121-non-000,0,0.7098126411437988
evaluation-17163-tar-000,1,0.8227342963218689
evaluation-17163-non-000,0,0.6937251091003418
evaluation-17165-tar-000,1,0.785662055015564
evaluation-17165-non-000,0,0.6336627006530762
evaluation-17182-tar-000,1,0.7318543195724487
evaluation-17182-non-000,0,0.5436640977859497
evaluation-17717-tar-000,1,0.7549394369125366
evaluation-17717-non-000,0,0.738388180732727
evaluation-1777-tar-000,1,0.8411744832992554
evaluation-1777-non-000,0,0.6633343696594238
evaluation-1778-tar-000,1,0.6647664904594421
evaluation-1778-non-000,0,0.7011924982070923
evaluation-1780-tar-000,1,0.7188225388526917
evaluation-1780-non-000,0,0.7096827030181885
evaluation-17805-tar-000,1,0.6898617148399353
evaluation-17805-non-000,0,0.6552103161811829
evaluation-1781-tar-000,1,0.688373327255249
evaluation-1781-non-000,0,0.8331214189529419
evaluation-17871-tar-000,1,0.6782667636871338
evaluation-17871-non-000,0,0.7245415449142456
evaluation-1790-tar-000,1,0.7730817794799805
evaluation-1790-non-000,0,0.6366398334503174
evaluation-17918-tar-000,1,0.7242575883865356
evaluation-17918-non-000,0,0.679491400718689
evaluation-17970-tar-000,1,0.7922152280807495
evaluation-17970-non-000,0,0.6658533215522766
evaluation-1800-tar-000,1,0.7179843187332153
evaluation-1800-non-000,0,0.8114944696426392
evaluation-18041-tar-000,1,0.8175915479660034
evaluation-18041-non-000,0,0.7046958804130554
evaluation-1812-tar-000,1,0.5691286325454712
evaluation-1812-non-000,0,0.7018769979476929
evaluation-18146-tar-000,1,0.7603127956390381
evaluation-18146-non-000,0,0.6261380910873413
evaluation-18176-tar-000,1,0.7410293221473694
evaluation-18176-non-000,0,0.664279580116272
evaluation-1818-tar-000,1,0.7338627576828003
evaluation-1818-non-000,0,0.7041212320327759
evaluation-18245-tar-000,1,0.6964761018753052
evaluation-18245-non-000,0,0.5975028276443481
evaluation-18286-tar-000,1,0.7759825587272644
evaluation-18286-non-000,0,0.7326066493988037
evaluation-18294-tar-000,1,0.7550548315048218
evaluation-18294-non-000,0,0.4843790829181671
evaluation-18390-tar-000,1,0.6912316083908081
evaluation-18390-non-000,0,0.7631750106811523
evaluation-18407-tar-000,1,0.755983293056488
evaluation-18407-non-000,0,0.715949535369873
evaluation-1845-tar-000,1,0.6979670524597168
evaluation-1845-non-000,0,0.576270341873169
evaluation-1847-tar-000,1,0.613452136516571
evaluation-1847-non-000,0,0.7117570638656616
evaluation-1859-tar-000,1,0.6605730056762695
evaluation-1859-non-000,0,0.7571450471878052
evaluation-1868-tar-000,1,0.6881394386291504
evaluation-1868-non-000,0,0.6768569946289062
evaluation-18708-tar-000,1,0.6859384775161743
evaluation-18708-non-000,0,0.6601613759994507
evaluation-18835-tar-000,1,0.7248049974441528
evaluation-18835-non-000,0,0.6482065320014954
evaluation-1896-tar-000,1,0.7933674454689026
evaluation-1896-non-000,0,0.675835371017456
evaluation-1904-tar-000,1,0.7456347942352295
evaluation-1904-non-000,0,0.6953819394111633
evaluation-19077-tar-000,1,0.56270432472229
evaluation-19077-non-000,0,0.39794254302978516
evaluation-19288-tar-000,1,0.7079327702522278
evaluation-19288-non-000,0,0.7143279910087585
evaluation-19371-tar-000,1,0.7067248821258545
evaluation-19371-non-000,0,0.7095826268196106
evaluation-19407-tar-000,1,0.606547474861145
evaluation-19407-non-000,0,0.6625843048095703
evaluation-19549-tar-000,1,0.7569715976715088
evaluation-19549-non-000,0,0.5363942980766296
evaluation-1958-tar-000,1,0.7180852890014648
evaluation-1958-non-000,0,0.6332968473434448
evaluation-1960-tar-000,1,0.7375723123550415
evaluation-1960-non-000,0,0.5809693932533264
evaluation-19659-tar-000,1,0.7440057992935181
evaluation-19659-non-000,0,0.7493762969970703
evaluation-19714-tar-000,1,0.6975107192993164
evaluation-19714-non-000,0,0.6924275159835815
evaluation-19761-tar-000,1,0.6768205761909485
evaluation-19761-non-000,0,0.6828899383544922
evaluation-19819-tar-000,1,0.7436927556991577
evaluation-19819-non-000,0,0.6821342706680298
evaluation-19865-tar-000,1,0.3965819180011749
evaluation-19865-non-000,0,0.6670502424240112
evaluation-1994-tar-000,1,0.5856597423553467
evaluation-1994-non-000,0,0.6692702174186707
evaluation-20000-tar-000,1,0.6531173586845398
evaluation-20000-non-000,0,0.5683921575546265
evaluation-2020-tar-000,1,0.8080475330352783
evaluation-2020-non-000,0,0.6949962973594666
evaluation-20244-tar-000,1,0.6253268718719482
evaluation-20244-non-000,0,0.5951848030090332
evaluation-2037-tar-000,1,0.7088210582733154
evaluation-2037-non-000,0,0.7272704839706421
evaluation-20458-tar-000,1,0.7124779224395752
evaluation-20458-non-000,0,0.645044207572937
evaluation-20461-tar-000,1,0.6163138747215271
evaluation-20461-non-000,0,0.6738107204437256
evaluation-2059-tar-000,1,0.5930562019348145
evaluation-2059-non-000,0,0.7003434896469116
evaluation-20667-tar-000,1,0.7130258083343506
evaluation-20667-non-000,0,0.5677764415740967
evaluation-20673-tar-000,1,0.6833053231239319
evaluation-20673-non-000,0,0.691848874092102
evaluation-2077-tar-000,1,0.8318533897399902
evaluation-2077-non-000,0,0.6820899248123169
evaluation-20870-tar-000,1,0.7890044450759888
evaluation-20870-non-000,0,0.6835015416145325
evaluation-20881-tar-000,1,0.8015937209129333
evaluation-20881-non-000,0,0.7087838649749756
evaluation-2090-tar-000,1,0.764224112033844
evaluation-2090-non-000,0,0.7325887680053711
evaluation-2092-tar-000,1,0.6771972179412842
evaluation-2092-non-000,0,0.6667647361755371
evaluation-2093-tar-000,1,0.5816099643707275
evaluation-2093-non-000,0,0.6593154072761536
evaluation-2094-tar-000,1,0.6975189447402954
evaluation-2094-non-000,0,0.7663097977638245
evaluation-20947-tar-000,1,0.7906829714775085
evaluation-20947-non-000,0,0.7722744941711426
evaluation-21041-tar-000,1,0.6979716420173645
evaluation-21041-non-000,0,0.6639876365661621
evaluation-21082-tar-000,1,0.8184563517570496
evaluation-21082-non-000,0,0.6143493056297302
evaluation-21120-tar-000,1,0.7668052911758423
evaluation-21120-non-000,0,0.6277652978897095
evaluation-21181-tar-000,1,0.5931525826454163
evaluation-21181-non-000,0,0.6876322031021118
evaluation-2124-tar-000,1,0.8563196659088135
evaluation-2124-non-000,0,0.5610726475715637
evaluation-21258-tar-000,1,0.6433843374252319
evaluation-21258-non-000,0,0.7080314755439758
evaluation-21280-tar-000,1,0.7782049179077148
evaluation-21280-non-000,0,0.6436967849731445
evaluation-2130-tar-000,1,0.6905224323272705
evaluation-2130-non-000,0,0.45880216360092163
evaluation-21403-tar-000,1,0.6280485391616821
evaluation-21403-non-000,0,0.7147482633590698
evaluation-2159-tar-000,1,0.6936311721801758
evaluation-2159-non-000,0,0.6105770468711853
evaluation-21629-tar-000,1,0.6439721584320068
evaluation-21629-non-000,0,0.7851528525352478
evaluation-2168-tar-000,1,0.7836089134216309
evaluation-2168-non-000,0,0.6125515699386597
evaluation-2171-tar-000,1,0.7094711065292358
evaluation-2171-non-000,0,0.6949463486671448
evaluation-2181-tar-000,1,0.71232008934021
evaluation-2181-non-000,0,0.6373782753944397
evaluation-2186-tar-000,1,0.7310476303100586
evaluation-2186-non-000,0,0.5990017652511597
evaluation-21928-tar-000,1,0.7846892476081848
evaluation-21928-non-000,0,0.7324990034103394
evaluation-2196-tar-000,1,0.5701915621757507
evaluation-2196-non-000,0,0.7049939036369324
evaluation-21969-tar-000,1,0.7538840770721436
evaluation-21969-non-000,0,0.5766963362693787
evaluation-2199-tar-000,1,0.7602419853210449
evaluation-2199-non-000,0,0.6327812671661377
evaluation-21991-tar-000,1,0.7225605845451355
evaluation-21991-non-000,0,0.5917809009552002
evaluation-2200-tar-000,1,0.7467470765113831
evaluation-2200-non-000,0,0.5318893194198608
evaluation-22062-tar-000,1,0.6410359144210815
evaluation-22062-non-000,0,0.6923511028289795
evaluation-22090-tar-000,1,0.7816357612609863
evaluation-22090-non-000,0,0.4842619299888611
evaluation-22134-tar-000,1,0.7532961368560791
evaluation-22134-non-000,0,0.6904241442680359
evaluation-22142-tar-000,1,0.6204337477684021
evaluation-22142-non-000,0,0.6587576270103455
evaluation-22290-tar-000,1,0.8157683610916138
evaluation-22290-non-000,0,0.5562175512313843
evaluation-2233-tar-000,1,0.4589926600456238
evaluation-2233-non-000,0,0.6505624651908875
evaluation-22345-tar-000,1,0.7240176796913147
evaluation-22345-non-000,0,0.7333232164382935
evaluation-22365-tar-000,1,0.6915920972824097
evaluation-22365-non-000,0,0.5847578048706055
evaluation-22483-tar-000,1,0.7779766917228699
evaluation-22483-non-000,0,0.6065607666969299
evaluation-22521-tar-000,1,0.695887565612793
evaluation-22521-non-000,0,0.6832341551780701
evaluation-22595-tar-000,1,0.612601637840271
evaluation-22595-non-000,0,0.6967746019363403
evaluation-22738-tar-000,1,0.6641228199005127
evaluation-22738-non-000,0,0.7338708639144897
evaluation-22760-tar-000,1,0.7781471014022827
evaluation-22760-non-000,0,0.5615828037261963
evaluation-2290-tar-000,1,0.7360467910766602
evaluation-2290-non-000,0,0.6814004182815552
evaluation-2291-tar-000,1,0.7187774777412415
evaluation-2291-non-000,0,0.8197680711746216
evaluation-22988-tar-000,1,0.6857100129127502
evaluation-22988-non-000,0,0.6672385931015015
evaluation-2305-tar-000,1,0.7425620555877686
evaluation-2305-non-000,0,0.8062957525253296
evaluation-23051-tar-000,1,0.6181120872497559
evaluation-23051-non-000,0,0.7201398015022278
evaluation-23200-tar-000,1,0.6496105194091797
evaluation-23200-non-000,0,0.6013590097427368
evaluation-23224-tar-000,1,0.7249923944473267
evaluation-23224-non-000,0,0.7018300294876099
evaluation-23246-tar-000,1,0.6479789018630981
evaluation-23246-non-000,0,0.7409865260124207
evaluation-2327-tar-000,1,0.7562106847763062
evaluation-2327-non-000,0,0.627784013748169
evaluation-23406-tar-000,1,0.717053234577179
evaluation-23406-non-000,0,0.40259379148483276
evaluation-23422-tar-000,1,0.7765966653823853
evaluation-23422-non-000,0,0.690037727355957
evaluation-2346-tar-000,1,0.6781891584396362
evaluation-2346-non-000,0,0.6577970385551453
evaluation-23482-tar-000,1,0.7234983444213867
evaluation-23482-non-000,0,0.7382242679595947
evaluation-2349-tar-000,1,0.5755133628845215
evaluation-2349-non-000,0,0.7271224856376648
evaluation-23510-tar-000,1,0.6789305806159973
evaluation-23510-non-000,0,0.8513109683990479
evaluation-23623-tar-000,1,0.7952383160591125
evaluation-23623-non-000,0,0.6703339219093323
evaluation-2363-tar-000,1,0.7458258867263794
evaluation-2363-non-000,0,0.7186154127120972
evaluation-23721-tar-000,1,0.7760545015335083
evaluation-23721-non-000,0,0.8313921689987183
evaluation-23743-tar-000,1,0.7387784719467163
evaluation-23743-non-000,0,0.6912054419517517
evaluation-23845-tar-000,1,0.8383393883705139
evaluation-23845-non-000,0,0.7166290283203125
evaluation-23878-tar-000,1,0.6329392194747925
evaluation-23878-non-000,0,0.37682968378067017
evaluation-2389-tar-000,1,0.8081300258636475
evaluation-2389-non-000,0,0.6779763102531433
evaluation-23988-tar-000,1,0.6790610551834106
evaluation-23988-non-000,0,0.5911725163459778
evaluation-2400-tar-000,1,0.6669168472290039
evaluation-2400-non-000,0,0.5392558574676514
evaluation-24035-tar-000,1,0.7748425602912903
evaluation-24035-non-000,0,0.6008698344230652
evaluation-24054-tar-000,1,0.6789827346801758
evaluation-24054-non-000,0,0.7136292457580566
evaluation-24117-tar-000,1,0.6400604844093323
evaluation-24117-non-000,0,0.4461536407470703
evaluation-24158-tar-000,1,0.6392984390258789
evaluation-24158-non-000,0,0.7052010297775269
evaluation-2421-tar-000,1,0.7904292345046997
evaluation-2421-non-000,0,0.4125902056694031
evaluation-24241-tar-000,1,0.5173616409301758
evaluation-24241-non-000,0,0.6270314455032349
evaluation-2427-tar-000,1,0.7423344850540161
evaluation-2427-non-000,0,0.749360203742981
evaluation-2451-tar-000,1,0.6163071393966675
evaluation-2451-non-000,0,0.7176365852355957
evaluation-24512-tar-000,1,0.8219696283340454
evaluation-24512-non-000,0,0.6972283124923706
evaluation-24526-tar-000,1,0.788981556892395
evaluation-24526-non-000,0,0.599209189414978
evaluation-24534-tar-000,1,0.6803991794586182
evaluation-24534-non-000,0,0.739478588104248
evaluation-2454-tar-000,1,0.6809859871864319
evaluation-2454-non-000,0,0.6999351978302002
evaluation-2455-tar-000,1,0.673891544342041
evaluation-2455-non-000,0,0.7145043015480042
evaluation-24584-tar-000,1,0.5792454481124878
evaluation-24584-non-000,0,0.7235392332077026
evaluation-24620-tar-000,1,0.5121720433235168
evaluation-24620-non-000,0,0.6039670705795288
evaluation-2467-tar-000,1,0.6325517892837524
evaluation-2467-non-000,0,0.6817432641983032
evaluation-24688-tar-000,1,0.6408104300498962
evaluation-24688-non-000,0,0.671660304069519
evaluation-24699-tar-000,1,0.718650221824646
evaluation-24699-non-000,0,0.743768572807312
evaluation-2473-tar-000,1,0.6875748038291931
evaluation-2473-non-000,0,0.7220462560653687
evaluation-2481-tar-000,1,0.7074934244155884
evaluation-2481-non-000,0,0.7070825695991516
evaluation-2487-tar-000,1,0.730278491973877
evaluation-2487-non-000,0,0.8005169630050659
evaluation-24872-tar-000,1,0.6195695400238037
evaluation-24872-non-000,0,0.5630354881286621
evaluation-24875-tar-000,1,0.8356889486312866
evaluation-24875-non-000,0,0.691504716873169
evaluation-24916-tar-000,1,0.7932308316230774
evaluation-24916-non-000,0,0.6675422191619873
evaluation-25070-tar-000,1,0.7816652655601501
evaluation-25070-non-000,0,0.634294867515564
evaluation-2509-tar-000,1,0.6578733325004578
evaluation-2509-non-000,0,0.7718724608421326
evaluation-2515-tar-000,1,0.8042718172073364
evaluation-2515-non-000,0,0.4554592967033386
evaluation-25185-tar-000,1,0.5693084001541138
evaluation-25185-non-000,0,0.6252753734588623
evaluation-25284-tar-000,1,0.7700415849685669
evaluation-25284-non-000,0,0.5743843913078308
evaluation-25295-tar-000,1,0.7622463703155518
evaluation-25295-non-000,0,0.7041372060775757
evaluation-25323-tar-000,1,0.7150172591209412
evaluation-25323-non-000,0,0.6769546866416931
evaluation-2544-tar-000,1,0.552800714969635
evaluation-2544-non-000,0,0.636695146560669
evaluation-25485-tar-000,1,0.6749774217605591
evaluation-25485-non-000,0,0.56278395652771
evaluation-25586-tar-000,1,0.7183641195297241
evaluation-25586-non-000,0,0.7616593241691589
evaluation-25619-tar-000,1,0.6036885380744934
evaluation-25619-non-000,0,0.7196826338768005
evaluation-2565-tar-000,1,0.693824291229248
evaluation-2565-non-000,0,0.5789633989334106
evaluation-25748-tar-000,1,0.787373423576355
evaluation-25748-non-000,0,0.7513213157653809
evaluation-25960-tar-000,1,0.7371926307678223
evaluation-25960-non-000,0,0.7639297842979431
evaluation-2602-tar-000,1,0.8187121152877808
evaluation-2602-non-000,0,0.5568253993988037
evaluation-2610-tar-000,1,0.5834774971008301
evaluation-2610-non-000,0,0.7961871027946472
evaluation-26125-tar-000,1,0.7902677655220032
evaluation-26125-non-000,0,0.6932061910629272
evaluation-26138-tar-000,1,0.7059173583984375
evaluation-26138-non-000,0,0.6791622638702393
evaluation-26158-tar-000,1,0.7273678183555603
evaluation-26158-non-000,0,0.6095514893531799
evaluation-2618-tar-000,1,0.7931932210922241
evaluation-2618-non-000,0,0.6160954236984253
evaluation-26221-tar-000,1,0.7280136942863464
evaluation-26221-non-000,0,0.6583077907562256
evaluation-26287-tar-000,1,0.771428108215332
evaluation-26287-non-000,0,0.7276676297187805
evaluation-26435-tar-000,1,0.6794027090072632
evaluation-26435-non-000,0,0.5616405010223389
evaluation-26443-tar-000,1,0.5990312099456787
evaluation-26443-non-000,0,0.7970126867294312
evaluation-26454-tar-000,1,0.7258919477462769
evaluation-26454-non-000,0,0.6516671180725098
evaluation-26473-tar-000,1,0.7945661544799805
evaluation-26473-non-000,0,0.7055783271789551
evaluation-26501-tar-000,1,0.7035553455352783
evaluation-26501-non-000,0,0.7261233329772949
evaluation-26545-tar-000,1,0.7173400521278381
evaluation-26545-non-000,0,0.6912931203842163
evaluation-26666-tar-000,1,0.8246271014213562
evaluation-26666-non-000,0,0.7370455265045166
evaluation-26679-tar-000,1,0.7535481452941895
evaluation-26679-non-000,0,0.5793213844299316
evaluation-2674-tar-000,1,0.649580717086792
evaluation-2674-non-000,0,0.8052572011947632
evaluation-2689-tar-000,1,0.7463465929031372
evaluation-2689-non-000,0,0.7457816004753113
evaluation-26894-tar-000,1,0.6739464998245239
evaluation-26894-non-000,0,0.56172776222229
evaluation-2699-tar-000,1,0.6409905552864075
evaluation-2699-non-000,0,0.7178035378456116
evaluation-2707-tar-000,1,0.776574432849884
evaluation-2707-non-000,0,0.643282413482666
evaluation-27124-tar-000,1,0.6886403560638428
evaluation-27124-non-000,0,0.6400169134140015
evaluation-27135-tar-000,1,0.6868163347244263
evaluation-27135-non-000,0,0.5820820331573486
evaluation-2714-tar-000,1,0.7741930484771729
evaluation-2714-non-000,0,0.6799112558364868
evaluation-27199-tar-000,1,0.7624030709266663
evaluation-27199-non-000,0,0.7027404308319092
evaluation-2739-tar-000,1,0.7382611036300659
evaluation-2739-non-000,0,0.7341477870941162
evaluation-2752-tar-000,1,0.6439568996429443
evaluation-2752-non-000,0,0.7773482203483582
evaluation-2762-tar-000,1,0.8125799894332886
evaluation-2762-non-000,0,0.7158056497573853
evaluation-2775-tar-000,1,0.8045432567596436
evaluation-2775-non-000,0,0.6234519481658936
evaluation-27811-tar-000,1,0.789895236492157
evaluation-27811-non-000,0,0.737242579460144
evaluation-27932-tar-000,1,0.6125836372375488
evaluation-27932-non-000,0,0.5072394609451294
evaluation-27943-tar-000,1,0.7831491827964783
evaluation-27943-non-000,0,0.7243563532829285
evaluation-27979-tar-000,1,0.7111921310424805
evaluation-27979-non-000,0,0.6089125275611877
evaluation-28017-tar-000,1,0.7720807790756226
evaluation-28017-non-000,0,0.7597296237945557
evaluation-28028-tar-000,1,0.8230428099632263
evaluation-28028-non-000,0,0.6732987761497498
evaluation-28053-tar-000,1,0.7977695465087891
evaluation-28053-non-000,0,0.536768913269043
evaluation-2806-tar-000,1,0.631747841835022
evaluation-2806-non-000,0,0.6667937636375427
evaluation-28086-tar-000,1,0.5916526317596436
evaluation-28086-non-000,0,0.5327330827713013
evaluation-28105-tar-000,1,0.6462158560752869
evaluation-28105-non-000,0,0.6917250156402588
evaluation-28152-tar-000,1,0.7461498975753784
evaluation-28152-non-000,0,0.7209129929542542
evaluation-28182-tar-000,1,0.5361994504928589
evaluation-28182-non-000,0,0.6594982147216797
evaluation-28248-tar-000,1,0.7170929908752441
evaluation-28248-non-000,0,0.7884523868560791
evaluation-2831-tar-000,1,0.6611601114273071
evaluation-2831-non-000,0,0.6282243132591248
evaluation-28338-tar-000,1,0.7085447311401367
evaluation-28338-non-000,0,0.7075446844100952
evaluation-28679-tar-000,1,0.7385833263397217
evaluation-28679-non-000,0,0.8195498585700989
evaluation-28682-tar-000,1,0.8072423934936523
evaluation-28682-non-000,0,0.7247952818870544
evaluation-28750-tar-000,1,0.8198698163032532
evaluation-28750-non-000,0,0.7034903764724731
evaluation-28781-tar-000,1,0.7380186319351196
evaluation-28781-non-000,0,0.8294943571090698
evaluation-28822-tar-000,1,0.8006902933120728
evaluation-28822-non-000,0,0.7006380558013916
evaluation-2892-tar-000,1,0.5862545967102051
evaluation-2892-non-000,0,0.5731964111328125
evaluation-2901-tar-000,1,0.6276581287384033
evaluation-2901-non-000,0,0.7377510666847229
evaluation-2908-tar-000,1,0.6414991617202759
evaluation-2908-non-000,0,0.6896570920944214
evaluation-29102-tar-000,1,0.6251081824302673
evaluation-29102-non-000,0,0.656093955039978
evaluation-29105-tar-000,1,0.7979534268379211
evaluation-29105-non-000,0,0.6531161069869995
evaluation-29237-tar-000,1,0.6245808601379395
evaluation-29237-non-000,0,0.6560353636741638
evaluation-29278-tar-000,1,0.6504884958267212
evaluation-29278-non-000,0,0.7000323534011841
evaluation-29434-tar-000,1,0.7196469306945801
evaluation-29434-non-000,0,0.8462117910385132
evaluation-2950-tar-000,1,0.4634610712528229
evaluation-2950-non-000,0,0.66336590051651
evaluation-29500-tar-000,1,0.6969655752182007
evaluation-29500-non-000,0,0.6691848039627075
evaluation-2957-tar-000,1,0.7019771337509155
evaluation-2957-non-000,0,0.741042971611023
evaluation-29668-tar-000,1,0.6648232936859131
evaluation-29668-non-000,0,0.7331802845001221
evaluation-29778-tar-000,1,0.6319302320480347
evaluation-29778-non-000,0,0.5813127756118774
evaluation-2984-tar-000,1,0.7521051168441772
evaluation-2984-non-000,0,0.6695899963378906
evaluation-2990-tar-000,1,0.7896826267242432
evaluation-2990-non-000,0,0.7329607605934143
evaluation-29904-tar-000,1,0.4926837980747223
evaluation-29904-non-000,0,0.6439061164855957
evaluation-30085-tar-000,1,0.6647949814796448
evaluation-30085-non-000,0,0.6936269402503967
evaluation-3015-tar-000,1,0.7964401245117188
evaluation-3015-non-000,0,0.760167121887207
evaluation-3023-tar-000,1,0.7394579648971558
evaluation-3023-non-000,0,0.5909503698348999
evaluation-30261-tar-000,1,0.6617819666862488
evaluation-30261-non-000,0,0.730233907699585
evaluation-30302-tar-000,1,0.683653712272644
evaluation-30302-non-000,0,0.697294294834137
evaluation-30316-tar-000,1,0.6136717200279236
evaluation-30316-non-000,0,0.6920772790908813
evaluation-30610-tar-000,1,0.8336319327354431
evaluation-30610-non-000,0,0.7710046172142029
evaluation-3062-tar-000,1,0.6835743188858032
evaluation-3062-non-000,0,0.6815549731254578
evaluation-30621-tar-000,1,0.7248122692108154
evaluation-30621-non-000,0,0.6557572484016418
evaluation-30659-tar-000,1,0.6821832656860352
evaluation-30659-non-000,0,0.642997145652771
evaluation-30824-tar-000,1,0.7935498356819153
evaluation-30824-non-000,0,0.6718629598617554
evaluation-30923-tar-000,1,0.785995364189148
evaluation-30923-non-000,0,0.6031109690666199
evaluation-30967-tar-000,1,0.7739588022232056
evaluation-30967-non-000,0,0.6603272557258606
evaluation-31008-tar-000,1,0.8284502625465393
evaluation-31008-non-000,0,0.6738327741622925
evaluation-3124-tar-000,1,0.6936129331588745
evaluation-3124-non-000,0,0.6932700872421265
evaluation-31280-tar-000,1,0.7622799277305603
evaluation-31280-non-000,0,0.7452718019485474
evaluation-31294-tar-000,1,0.599878191947937
evaluation-31294-non-000,0,0.6271558403968811
evaluation-31307-tar-000,1,0.5166618824005127
evaluation-31307-non-000,0,0.5958384871482849
evaluation-31346-tar-000,1,0.6613680124282837
evaluation-31346-non-000,0,0.62448650598526
evaluation-31360-tar-000,1,0.764407753944397
evaluation-31360-non-000,0,0.6480767130851746
evaluation-31384-tar-000,1,0.7353172302246094
evaluation-31384-non-000,0,0.6888705492019653
evaluation-3139-tar-000,1,0.7693446278572083
evaluation-3139-non-000,0,0.8468087911605835
evaluation-31390-tar-000,1,0.7412195801734924
evaluation-31390-non-000,0,0.7005578875541687
evaluation-3145-tar-000,1,0.8166875243186951
evaluation-3145-non-000,0,0.6710113883018494
evaluation-31464-tar-000,1,0.6931835412979126
evaluation-31464-non-000,0,0.7339732646942139
evaluation-3161-tar-000,1,0.7291417121887207
evaluation-3161-non-000,0,0.6458768248558044
evaluation-31665-tar-000,1,0.6209105849266052
evaluation-31665-non-000,0,0.6176294088363647
evaluation-3167-tar-000,1,0.8093276023864746
evaluation-3167-non-000,0,0.6327909231185913
evaluation-31838-tar-000,1,0.7762081027030945
evaluation-31838-non-000,0,0.5276360511779785
evaluation-31947-tar-000,1,0.7315230369567871
evaluation-31947-non-000,0,0.5960023999214172
evaluation-31950-tar-000,1,0.6727186441421509
evaluation-31950-non-000,0,0.6096194386482239
evaluation-31964-tar-000,1,0.7684948444366455
evaluation-31964-non-000,0,0.7653166055679321
evaluation-31986-tar-000,1,0.601286768913269
evaluation-31986-non-000,0,0.8215710520744324
evaluation-32005-tar-000,1,0.6026633977890015
evaluation-32005-non-000,0,0.6477242708206177
evaluation-32046-tar-000,1,0.7058018445968628
evaluation-32046-non-000,0,0.8082962036132812
evaluation-32057-tar-000,1,0.6723127961158752
evaluation-32057-non-000,0,0.6087787747383118
evaluation-3215-tar-000,1,0.7157822251319885
evaluation-3215-non-000,0,0.6610268354415894
evaluation-32285-tar-000,1,0.658340334892273
evaluation-32285-non-000,0,0.7728837132453918
evaluation-32368-tar-000,1,0.6553319096565247
evaluation-32368-non-000,0,0.6386910676956177
evaluation-32521-tar-000,1,0.7583661079406738
evaluation-32521-non-000,0,0.7598170638084412
evaluation-32620-tar-000,1,0.609650731086731
evaluation-32620-non-000,0,0.8630480170249939
evaluation-32730-tar-000,1,0.7754408121109009
evaluation-32730-non-000,0,0.703696072101593
evaluation-32785-tar-000,1,0.6579666137695312
evaluation-32785-non-000,0,0.6239941716194153
evaluation-32810-tar-000,1,0.7192610502243042
evaluation-32810-non-000,0,0.7535406351089478
evaluation-3292-tar-000,1,0.7943716049194336
evaluation-3292-non-000,0,0.7517006397247314
evaluation-3301-tar-000,1,0.6059674620628357
evaluation-3301-non-000,0,0.5936682224273682
evaluation-33060-tar-000,1,0.8164204359054565
evaluation-33060-non-000,0,0.8685758709907532
evaluation-33096-tar-000,1,0.6252948641777039
evaluation-33096-non-000,0,0.6020400524139404
evaluation-33120-tar-000,1,0.6844069957733154
evaluation-33120-non-000,0,0.6385859251022339
evaluation-3314-tar-000,1,0.6970199346542358
evaluation-3314-non-000,0,0.7022663950920105
evaluation-33255-tar-000,1,0.7536330223083496
evaluation-33255-non-000,0,0.6750588417053223
evaluation-33258-tar-000,1,0.7358968257904053
evaluation-33258-non-000,0,0.6164026856422424
evaluation-33274-tar-000,1,0.7997485399246216
evaluation-33274-non-000,0,0.5113904476165771
evaluation-33598-tar-000,1,0.7434545755386353
evaluation-33598-non-000,0,0.6597238779067993
evaluation-3361-tar-000,1,0.6689012050628662
evaluation-3361-non-000,0,0.6552567481994629
evaluation-33623-tar-000,1,0.6038398146629333
evaluation-33623-non-000,0,0.6540302038192749
evaluation-3365-tar-000,1,0.733884334564209
evaluation-3365-non-000,0,0.7170609831809998
evaluation-3369-tar-000,1,0.6415423154830933
evaluation-3369-non-000,0,0.7301911115646362
evaluation-33711-tar-000,1,0.8155466318130493
evaluation-33711-non-000,0,0.7891823053359985
evaluation-33790-tar-000,1,0.7832980155944824
evaluation-33790-non-000,0,0.6539715528488159
evaluation-3395-tar-000,1,0.7255154252052307
evaluation-3395-non-000,0,0.6891045570373535
evaluation-3407-tar-000,1,0.6396079063415527
evaluation-3407-non-000,0,0.6890600323677063
evaluation-3409-tar-000,1,0.6759026646614075
evaluation-3409-non-000,0,0.649798572063446
evaluation-34158-tar-000,1,0.5903811454772949
evaluation-34158-non-000,0,0.7445794343948364
evaluation-3417-tar-000,1,0.741019606590271
evaluation-3417-non-000,0,0.7156347036361694
evaluation-3425-tar-000,1,0.6719406843185425
evaluation-3425-non-000,0,0.7100489139556885
evaluation-34257-tar-000,1,0.7864128351211548
evaluation-34257-non-000,0,0.7317212820053101
evaluation-3427-tar-000,1,0.7100290060043335
evaluation-3427-non-000,0,0.74695885181427
evaluation-34458-tar-000,1,0.5788259506225586
evaluation-34458-non-000,0,0.6751740574836731
evaluation-34485-tar-000,1,0.7052342891693115
evaluation-34485-non-000,0,0.703689455986023
evaluation-34631-tar-000,1,0.7118625640869141
evaluation-34631-non-000,0,0.7957265973091125
evaluation-34647-tar-000,1,0.6872506141662598
evaluation-34647-non-000,0,0.69342041015625
evaluation-3471-tar-000,1,0.544318437576294
evaluation-3471-non-000,0,0.7053208351135254
evaluation-34719-tar-000,1,0.759826123714447
evaluation-34719-non-000,0,0.7037051320075989
evaluation-3473-tar-000,1,0.6806361675262451
evaluation-3473-non-000,0,0.62039715051651
evaluation-34738-tar-000,1,0.7702805995941162
evaluation-34738-non-000,0,0.7048647403717041
evaluation-34771-tar-000,1,0.7620878219604492
evaluation-34771-non-000,0,0.779816746711731
evaluation-3479-tar-000,1,0.7482584714889526
evaluation-3479-non-000,0,0.695635199546814
evaluation-34807-tar-000,1,0.5964208841323853
evaluation-34807-non-000,0,0.8085366487503052
evaluation-3482-tar-000,1,0.7743453979492188
evaluation-3482-non-000,0,0.7570689916610718
evaluation-34859-tar-000,1,0.777833878993988
evaluation-34859-non-000,0,0.6988769769668579
evaluation-3497-tar-000,1,0.6620411276817322
evaluation-3497-non-000,0,0.6001872420310974
evaluation-34996-tar-000,1,0.6037061810493469
evaluation-34996-non-000,0,0.47464418411254883
evaluation-35043-tar-000,1,0.7612788677215576
evaluation-35043-non-000,0,0.6141403317451477
evaluation-3507-tar-000,1,0.7592612504959106
evaluation-3507-non-000,0,0.6615022420883179
evaluation-35101-tar-000,1,0.7585606575012207
evaluation-35101-non-000,0,0.5467689037322998
evaluation-3518-tar-000,1,0.7465174794197083
evaluation-3518-non-000,0,0.6127979159355164
evaluation-3522-tar-000,1,0.5864030122756958
evaluation-3522-non-000,0,0.6915347576141357
evaluation-35293-tar-000,1,0.8309926986694336
evaluation-35293-non-000,0,0.6482567191123962
evaluation-35359-tar-000,1,0.7660768032073975
evaluation-35359-non-000,0,0.721531331539154
evaluation-3540-tar-000,1,0.6320879459381104
evaluation-3540-non-000,0,0.6060881018638611
evaluation-35416-tar-000,1,0.7178974747657776
evaluation-35416-non-000,0,0.7233489751815796
evaluation-35449-tar-000,1,0.7489360570907593
evaluation-35449-non-000,0,0.633167028427124
evaluation-35510-tar-000,1,0.8096528053283691
evaluation-35510-non-000,0,0.6084116101264954
evaluation-35562-tar-000,1,0.7585794925689697
evaluation-35562-non-000,0,0.7147215008735657
evaluation-35587-tar-000,1,0.8247308731079102
evaluation-35587-non-000,0,0.6638879179954529
evaluation-3564-tar-000,1,0.6514215469360352
evaluation-3564-non-000,0,0.635676383972168
evaluation-35683-tar-000,1,0.6719200015068054
evaluation-35683-non-000,0,0.6639130711555481
evaluation-35699-tar-000,1,0.7691534161567688
evaluation-35699-non-000,0,0.7658340930938721
evaluation-3571-tar-000,1,0.7652724385261536
evaluation-3571-non-000,0,0.6635535955429077
evaluation-3572-tar-000,1,0.7517269849777222
evaluation-3572-non-000,0,0.741618275642395
evaluation-35793-tar-000,1,0.6495484709739685
evaluation-35793-non-000,0,0.6249686479568481
evaluation-35823-tar-000,1,0.6183901429176331
evaluation-35823-non-000,0,0.6728536486625671
evaluation-35872-tar-000,1,0.6800337433815002
evaluation-35872-non-000,0,0.6495586633682251
evaluation-3597-tar-000,1,0.7525792717933655
evaluation-3597-non-000,0,0.704948902130127
evaluation-35996-tar-000,1,0.708025336265564
evaluation-35996-non-000,0,0.7200927734375
evaluation-36004-tar-000,1,0.8779048919677734
evaluation-36004-non-000,0,0.6021643877029419
evaluation-36051-tar-000,1,0.5906040668487549
evaluation-36051-non-000,0,0.7490279674530029
evaluation-3619-tar-000,1,0.637505292892456
evaluation-3619-non-000,0,0.7992191314697266
evaluation-36196-tar-000,1,0.6041837930679321
evaluation-36196-non-000,0,0.5925498008728027
evaluation-36298-tar-000,1,0.707199215888977
evaluation-36298-non-000,0,0.7115922570228577
evaluation-36323-tar-000,1,0.7333415150642395
evaluation-36323-non-000,0,0.6394389867782593
evaluation-36386-tar-000,1,0.7670302391052246
evaluation-36386-non-000,0,0.5938506722450256
evaluation-36395-tar-000,1,0.6660251021385193
evaluation-36395-non-000,0,0.637272298336029
evaluation-36460-tar-000,1,0.5818572044372559
evaluation-36460-non-000,0,0.5830488204956055
evaluation-36499-tar-000,1,0.6525465846061707
evaluation-36499-non-000,0,0.7621465921401978
evaluation-3656-tar-000,1,0.7729800939559937
evaluation-3656-non-000,0,0.654140830039978
evaluation-36611-tar-000,1,0.7750626802444458
evaluation-36611-non-000,0,0.7193944454193115
evaluation-36619-tar-000,1,0.6947029829025269
evaluation-36619-non-000,0,0.7061766982078552
evaluation-36625-tar-000,1,0.6922880411148071
evaluation-36625-non-000,0,0.6762698292732239
evaluation-36633-tar-000,1,0.7241510152816772
evaluation-36633-non-000,0,0.6048029661178589
evaluation-36685-tar-000,1,0.6766049265861511
evaluation-36685-non-000,0,0.7608193755149841
evaluation-3669-tar-000,1,0.5634021162986755
evaluation-3669-non-000,0,0.6528980731964111
evaluation-36853-tar-000,1,0.7234135270118713
evaluation-36853-non-000,0,0.7805368900299072
evaluation-3693-tar-000,1,0.7472184896469116
evaluation-3693-non-000,0,0.7263123989105225
evaluation-3720-tar-000,1,0.8283554315567017
evaluation-3720-non-000,0,0.7363530397415161
evaluation-37259-tar-000,1,0.5844144225120544
evaluation-37259-non-000,0,0.7305152416229248
evaluation-37301-tar-000,1,0.7089087963104248
evaluation-37301-non-000,0,0.6300016641616821
evaluation-37328-tar-000,1,0.8008430004119873
evaluation-37328-non-000,0,0.6515145301818848
evaluation-37625-tar-000,1,0.6684607863426208
evaluation-37625-non-000,0,0.6086095571517944
evaluation-37658-tar-000,1,0.7002430558204651
evaluation-37658-non-000,0,0.7943280935287476
evaluation-3767-tar-000,1,0.7945650219917297
evaluation-3767-non-000,0,0.7129079103469849
evaluation-37696-tar-000,1,0.6144645810127258
evaluation-37696-non-000,0,0.6256058216094971
evaluation-3770-tar-000,1,0.7328730821609497
evaluation-3770-non-000,0,0.5792224407196045
evaluation-37740-tar-000,1,0.5955900549888611
evaluation-37740-non-000,0,0.6937024593353271
evaluation-3778-tar-000,1,0.6572558879852295
evaluation-3778-non-000,0,0.626011848449707
evaluation-37844-tar-000,1,0.6259339451789856
evaluation-37844-non-000,0,0.7074929475784302
evaluation-37921-tar-000,1,0.7502070069313049
evaluation-37921-non-000,0,0.6496208310127258
evaluation-37932-tar-000,1,0.7255487442016602
evaluation-37932-non-000,0,0.6736130714416504
evaluation-37946-tar-000,1,0.6242717504501343
evaluation-37946-non-000,0,0.7056568264961243
evaluation-37965-tar-000,1,0.6303755044937134
evaluation-37965-non-000,0,0.5493694543838501
evaluation-37971-tar-000,1,0.68741375207901
evaluation-37971-non-000,0,0.7523679137229919
evaluation-3805-tar-000,1,0.6117241382598877
evaluation-3805-non-000,0,0.6408972144126892
evaluation-38056-tar-000,1,0.6743350028991699
evaluation-38056-non-000,0,0.7087938785552979
evaluation-38083-tar-000,1,0.6098618507385254
evaluation-38083-non-000,0,0.7601643204689026
evaluation-3813-tar-000,1,0.7227307558059692
evaluation-3813-non-000,0,0.6668906211853027
evaluation-38157-tar-000,1,0.8001870512962341
evaluation-38157-non-000,0,0.6867969036102295
evaluation-38166-tar-000,1,0.6629062294960022
evaluation-38166-non-000,0,0.4410848617553711
evaluation-38196-tar-000,1,0.6346597075462341
evaluation-38196-non-000,0,0.4907541573047638
evaluation-3827-tar-000,1,0.5583722591400146
evaluation-3827-non-000,0,0.6599857211112976
evaluation-38388-tar-000,1,0.8015421032905579
evaluation-38388-non-000,0,0.6384761333465576
evaluation-3839-tar-000,1,0.8317427039146423
evaluation-3839-non-000,0,0.5960661172866821
evaluation-3840-tar-000,1,0.7739303708076477
evaluation-3840-non-000,0,0.6900683641433716
evaluation-38657-tar-000,1,0.6314212083816528
evaluation-38657-non-000,0,0.6955205798149109
evaluation-38792-tar-000,1,0.7346189022064209
evaluation-38792-non-000,0,0.4722426235675812
evaluation-3888-tar-000,1,0.5765680074691772
evaluation-3888-non-000,0,0.6634750962257385
evaluation-3892-tar-000,1,0.7827838063240051
evaluation-3892-non-000,0,0.696662425994873
evaluation-3901-tar-000,1,0.8013243675231934
evaluation-3901-non-000,0,0.5622674822807312
evaluation-39025-tar-000,1,0.7846252918243408
evaluation-39025-non-000,0,0.7730742692947388
evaluation-39031-tar-000,1,0.7399439215660095
evaluation-39031-non-000,0,0.5750084519386292
evaluation-3911-tar-000,1,0.7817597985267639
evaluation-3911-non-000,0,0.7300123572349548
evaluation-39163-tar-000,1,0.7867411375045776
evaluation-39163-non-000,0,0.8611812591552734
evaluation-39201-tar-000,1,0.7551801800727844
evaluation-39201-non-000,0,0.7131320834159851
evaluation-3921-tar-000,1,0.7891371846199036
evaluation-3921-non-000,0,0.6970419883728027
evaluation-3926-tar-000,1,0.7508969306945801
evaluation-3926-non-000,0,0.649118185043335
evaluation-3928-tar-000,1,0.6881726980209351
evaluation-3928-non-000,0,0.7815437316894531
evaluation-3931-tar-000,1,0.6782851815223694
evaluation-3931-non-000,0,0.7572457790374756
evaluation-3939-tar-000,1,0.55038982629776
evaluation-3939-non-000,0,0.7910325527191162
evaluation-39421-tar-000,1,0.7385802268981934
evaluation-39421-non-000,0,0.6325370073318481
evaluation-3954-tar-000,1,0.6890228986740112
evaluation-3954-non-000,0,0.7180981636047363
evaluation-39720-tar-000,1,0.8074774742126465
evaluation-39720-non-000,0,0.6810132265090942
evaluation-39756-tar-000,1,0.6800872087478638
evaluation-39756-non-000,0,0.6718605756759644
evaluation-39877-tar-000,1,0.7643675804138184
evaluation-39877-non-000,0,0.6260079145431519
evaluation-3989-tar-000,1,0.6020870804786682
evaluation-3989-non-000,0,0.5998697280883789
evaluation-40025-tar-000,1,0.7229533195495605
evaluation-40025-non-000,0,0.7012842893600464
evaluation-4004-tar-000,1,0.7864229083061218
evaluation-4004-non-000,0,0.6112021207809448
evaluation-40064-tar-000,1,0.8988673686981201
evaluation-40064-non-000,0,0.7855205535888672
evaluation-40075-tar-000,1,0.711979329586029
evaluation-40075-non-000,0,0.5916404724121094
evaluation-4013-tar-000,1,0.6550410985946655
evaluation-4013-non-000,0,0.7837028503417969
evaluation-40173-tar-000,1,0.750505805015564
evaluation-40173-non-000,0,0.6506364941596985
evaluation-40311-tar-000,1,0.7722988128662109
evaluation-40311-non-000,0,0.5280930995941162
evaluation-4044-tar-000,1,0.7648724317550659
evaluation-4044-non-000,0,0.6482359170913696
evaluation-40525-tar-000,1,0.7650705575942993
evaluation-40525-non-000,0,0.7156538963317871
evaluation-40577-tar-000,1,0.7961277365684509
evaluation-40577-non-000,0,0.7075806260108948
evaluation-40588-tar-000,1,0.6125658750534058
evaluation-40588-non-000,0,0.7162659764289856
evaluation-40676-tar-000,1,0.6955046653747559
evaluation-40676-non-000,0,0.766843318939209
evaluation-4068-tar-000,1,0.5894376635551453
evaluation-4068-non-000,0,0.7075248956680298
evaluation-4077-tar-000,1,0.8098797798156738
evaluation-4077-non-000,0,0.7384975552558899
evaluation-40772-tar-000,1,0.5588873028755188
evaluation-40772-non-000,0,0.7267012596130371
evaluation-40929-tar-000,1,0.6869620084762573
evaluation-40929-non-000,0,0.6046831607818604
evaluation-41000-tar-000,1,0.814370334148407
evaluation-41000-non-000,0,0.6491813659667969
evaluation-41025-tar-000,1,0.7343611717224121
evaluation-41025-non-000,0,0.6275633573532104
evaluation-4123-tar-000,1,0.7384010553359985
evaluation-4123-non-000,0,0.630852222442627
evaluation-41278-tar-000,1,0.7121989727020264
evaluation-41278-non-000,0,0.7513643503189087
evaluation-4134-tar-000,1,0.7187212109565735
evaluation-4134-non-000,0,0.8141837120056152
evaluation-41357-tar-000,1,0.7941250801086426
evaluation-41357-non-000,0,0.6929993033409119
evaluation-41390-tar-000,1,0.7898826003074646
evaluation-41390-non-000,0,0.7201248407363892
evaluation-41404-tar-000,1,0.7808583378791809
evaluation-41404-non-000,0,0.68653804063797
evaluation-41492-tar-000,1,0.8469935655593872
evaluation-41492-non-000,0,0.6939623951911926
evaluation-41536-tar-000,1,0.7426412105560303
evaluation-41536-non-000,0,0.7765810489654541
evaluation-41706-tar-000,1,0.7812198996543884
evaluation-41706-non-000,0,0.6287432909011841
evaluation-41750-tar-000,1,0.812322199344635
evaluation-41750-non-000,0,0.7584075331687927
evaluation-41755-tar-000,1,0.6414221525192261
evaluation-41755-non-000,0,0.738609254360199
evaluation-41854-tar-000,1,0.806431770324707
evaluation-41854-non-000,0,0.5292705297470093
evaluation-41945-tar-000,1,0.7817600965499878
evaluation-41945-non-000,0,0.7233293056488037
evaluation-41994-tar-000,1,0.7591954469680786
evaluation-41994-non-000,0,0.765576958656311
evaluation-4202-tar-000,1,0.599380373954773
evaluation-4202-non-000,0,0.708246648311615
evaluation-42025-tar-000,1,0.6336210370063782
evaluation-42025-non-000,0,0.8077086806297302
evaluation-4204-tar-000,1,0.727428674697876
evaluation-4204-non-000,0,0.6333056688308716
evaluation-42173-tar-000,1,0.6982048153877258
evaluation-42173-non-000,0,0.541678249835968
evaluation-42176-tar-000,1,0.7303671836853027
evaluation-42176-non-000,0,0.6124050617218018
evaluation-42209-tar-000,1,0.7826223373413086
evaluation-42209-non-000,0,0.7027677297592163
evaluation-42250-tar-000,1,0.6562285423278809
evaluation-42250-non-000,0,0.62822425365448
evaluation-4240-tar-000,1,0.7328300476074219
evaluation-4240-non-000,0,0.665427565574646
evaluation-42401-tar-000,1,0.7048239707946777
evaluation-42401-non-000,0,0.7071652412414551
evaluation-4246-tar-000,1,0.6073976755142212
evaluation-4246-non-000,0,0.7380515336990356
evaluation-42505-tar-000,1,0.7089933156967163
evaluation-42505-non-000,0,0.7724343538284302
evaluation-4251-tar-000,1,0.7223865985870361
evaluation-4251-non-000,0,0.7362327575683594
evaluation-42546-tar-000,1,0.7196502089500427
evaluation-42546-non-000,0,0.576745331287384
evaluation-42648-tar-000,1,0.6640374660491943
evaluation-42648-non-000,0,0.6371190547943115
evaluation-42681-tar-000,1,0.779630184173584
evaluation-42681-non-000,0,0.6913011074066162
evaluation-42717-tar-000,1,0.7435869574546814
evaluation-42717-non-000,0,0.6958907246589661
evaluation-42728-tar-000,1,0.8492913246154785
evaluation-42728-non-000,0,0.7102209329605103
evaluation-42744-tar-000,1,0.49241775274276733
evaluation-42744-non-000,0,0.6521227955818176
evaluation-42772-tar-000,1,0.7898893356323242
evaluation-42772-non-000,0,0.6117149591445923
evaluation-4288-tar-000,1,0.5920642614364624
evaluation-4288-non-000,0,0.7286752462387085
evaluation-42904-tar-000,1,0.7235280275344849
evaluation-42904-non-000,0,0.7984539270401001
evaluation-4295-tar-000,1,0.8059706687927246
evaluation-4295-non-000,0,0.4768029451370239
evaluation-43042-tar-000,1,0.717497706413269
evaluation-43042-non-000,0,0.6783010959625244
evaluation-43063-tar-000,1,0.6918359994888306
evaluation-43063-non-000,0,0.6597769260406494
evaluation-4308-tar-000,1,0.763454258441925
evaluation-4308-non-000,0,0.6042665243148804
evaluation-4315-tar-000,1,0.6758177876472473
evaluation-4315-non-000,0,0.7087167501449585
evaluation-43184-tar-000,1,0.5949220657348633
evaluation-43184-non-000,0,0.6759048104286194
evaluation-43225-tar-000,1,0.7796846628189087
evaluation-43225-non-000,0,0.8199335336685181
evaluation-43269-tar-000,1,0.7594543695449829
evaluation-43269-non-000,0,0.5701988935470581
evaluation-43288-tar-000,1,0.6874380111694336
evaluation-43288-non-000,0,0.5841226577758789
evaluation-4341-tar-000,1,0.7354472875595093
evaluation-4341-non-000,0,0.7753889560699463
evaluation-43483-tar-000,1,0.706026554107666
evaluation-43483-non-000,0,0.6673116683959961
evaluation-43604-tar-000,1,0.662857174873352
evaluation-43604-non-000,0,0.7510361671447754
evaluation-43675-tar-000,1,0.6619677543640137
evaluation-43675-non-000,0,0.5361834168434143
evaluation-4368-tar-000,1,0.6673191785812378
evaluation-4368-non-000,0,0.5595017671585083
evaluation-43744-tar-000,1,0.7459779977798462
evaluation-43744-non-000,0,0.645033597946167
evaluation-43818-tar-000,1,0.8003069162368774
evaluation-43818-non-000,0,0.7444413900375366
evaluation-43865-tar-000,1,0.7856841683387756
evaluation-43865-non-000,0,0.6084426641464233
evaluation-43958-tar-000,1,0.68044114112854
evaluation-43958-non-000,0,0.5884782075881958
evaluation-44085-tar-000,1,0.6283621788024902
evaluation-44085-non-000,0,0.6436871290206909
evaluation-44175-tar-000,1,0.7271403074264526
evaluation-44175-non-000,0,0.6929402351379395
evaluation-44285-tar-000,1,0.8301199078559875
evaluation-44285-non-000,0,0.7135441303253174
evaluation-44392-tar-000,1,0.7501500248908997
evaluation-44392-non-000,0,0.7919096946716309
evaluation-4440-tar-000,1,0.6615392565727234
evaluation-4440-non-000,0,0.7771463394165039
evaluation-44406-tar-000,1,0.461698979139328
evaluation-44406-non-000,0,0.7319440245628357
evaluation-4442-tar-000,1,0.7492862939834595
evaluation-4442-non-000,0,0.6637619733810425
evaluation-4468-tar-000,1,0.5056741237640381
evaluation-4468-non-000,0,0.676413893699646
evaluation-44683-tar-000,1,0.6793670654296875
evaluation-44683-non-000,0,0.6592724323272705
evaluation-44727-tar-000,1,0.7269493341445923
evaluation-44727-non-000,0,0.7317212820053101
evaluation-4477-tar-000,1,0.836789071559906
evaluation-4477-non-000,0,0.7437337636947632
evaluation-44829-tar-000,1,0.8820301294326782
evaluation-44829-non-000,0,0.6608184576034546
evaluation-4506-tar-000,1,0.6004215478897095
evaluation-4506-non-000,0,0.6576658487319946
evaluation-45084-tar-000,1,0.750149667263031
evaluation-45084-non-000,0,0.6377129554748535
evaluation-45213-tar-000,1,0.6980955600738525
evaluation-45213-non-000,0,0.6299794316291809
evaluation-45252-tar-000,1,0.7676875591278076
evaluation-45252-non-000,0,0.6523538827896118
evaluation-4529-tar-000,1,0.7946233749389648
evaluation-4529-non-000,0,0.6567356586456299
evaluation-45538-tar-000,1,0.6407902240753174
evaluation-45538-non-000,0,0.7012959718704224
evaluation-45617-tar-000,1,0.6500743627548218
evaluation-45617-non-000,0,0.6131590604782104
evaluation-45658-tar-000,1,0.8141573071479797
evaluation-45658-non-000,0,0.7815638780593872
evaluation-45744-tar-000,1,0.7086824774742126
evaluation-45744-non-000,0,0.672934889793396
evaluation-45749-tar-000,1,0.6853125691413879
evaluation-45749-non-000,0,0.78520667552948
evaluation-45793-tar-000,1,0.7477705478668213
evaluation-45793-non-000,0,0.7286926507949829
evaluation-4581-tar-000,1,0.7929903268814087
evaluation-4581-non-000,0,0.6608954668045044
evaluation-45834-tar-000,1,0.7257193326950073
evaluation-45834-non-000,0,0.7356782555580139
evaluation-45870-tar-000,1,0.6108690500259399
evaluation-45870-non-000,0,0.6794314384460449
evaluation-4591-tar-000,1,0.7656251192092896
evaluation-4591-non-000,0,0.6972947120666504
evaluation-45985-tar-000,1,0.7721967101097107
evaluation-45985-non-000,0,0.6882479190826416
evaluation-46029-tar-000,1,0.7428181171417236
evaluation-46029-non-000,0,0.685508668422699
evaluation-4603-tar-000,1,0.8544709086418152
evaluation-4603-non-000,0,0.6752557754516602
evaluation-4612-tar-000,1,0.7677697539329529
evaluation-4612-non-000,0,0.6481642127037048
evaluation-4619-tar-000,1,0.6818528175354004
evaluation-4619-non-000,0,0.41638731956481934
evaluation-46202-tar-000,1,0.749056875705719
evaluation-46202-non-000,0,0.7633092403411865
evaluation-46241-tar-000,1,0.7659045457839966
evaluation-46241-non-000,0,0.7416655421257019
evaluation-46298-tar-000,1,0.7586029767990112
evaluation-46298-non-000,0,0.7980413436889648
evaluation-46466-tar-000,1,0.7851141691207886
evaluation-46466-non-000,0,0.730310320854187
evaluation-4649-tar-000,1,0.6831313371658325
evaluation-4649-non-000,0,0.6090710163116455
evaluation-4664-tar-000,1,0.6108378171920776
evaluation-4664-non-000,0,0.5838962197303772
evaluation-46955-tar-000,1,0.6350802183151245
evaluation-46955-non-000,0,0.5123280882835388
evaluation-4709-tar-000,1,0.6604425311088562
evaluation-4709-non-000,0,0.6689118146896362
evaluation-4710-tar-000,1,0.6935317516326904
evaluation-4710-non-000,0,0.6678907871246338
evaluation-47139-tar-000,1,0.5911475419998169
evaluation-47139-non-000,0,0.6586423516273499
evaluation-47142-tar-000,1,0.7097878456115723
evaluation-47142-non-000,0,0.7024319171905518
evaluation-47169-tar-000,1,0.6199444532394409
evaluation-47169-non-000,0,0.7518779635429382
evaluation-47238-tar-000,1,0.7504187822341919
evaluation-47238-non-000,0,0.6172720193862915
evaluation-4728-tar-000,1,0.6197351217269897
evaluation-4728-non-000,0,0.8073670864105225
evaluation-47342-tar-000,1,0.7591969966888428
evaluation-47342-non-000,0,0.7295177578926086
evaluation-47504-tar-000,1,0.7360319495201111
evaluation-47504-non-000,0,0.6932860612869263
evaluation-4763-tar-000,1,0.6339313387870789
evaluation-4763-non-000,0,0.7002092599868774
evaluation-47650-tar-000,1,0.7628480195999146
evaluation-47650-non-000,0,0.7335594892501831
evaluation-47658-tar-000,1,0.6793687343597412
evaluation-47658-non-000,0,0.6892200708389282
evaluation-4773-tar-000,1,0.7350183129310608
evaluation-4773-non-000,0,0.7434946894645691
evaluation-4774-tar-000,1,0.6284363269805908
evaluation-4774-non-000,0,0.7261683940887451
evaluation-47913-tar-000,1,0.7999844551086426
evaluation-47913-non-000,0,0.6599131226539612
evaluation-47998-tar-000,1,0.6769816875457764
evaluation-47998-non-000,0,0.6591596603393555
evaluation-4800-tar-000,1,0.7445918321609497
evaluation-4800-non-000,0,0.7763638496398926
evaluation-48095-tar-000,1,0.7837356328964233
evaluation-48095-non-000,0,0.7468218803405762
evaluation-48193-tar-000,1,0.7031148076057434
evaluation-48193-non-000,0,0.5620704889297485
evaluation-4821-tar-000,1,0.6832285523414612
evaluation-4821-non-000,0,0.7374467849731445
evaluation-48232-tar-000,1,0.6805893778800964
evaluation-48232-non-000,0,0.7596036195755005
evaluation-48262-tar-000,1,0.7555274963378906
evaluation-48262-non-000,0,0.6232815980911255
evaluation-48388-tar-000,1,0.7479193210601807
evaluation-48388-non-000,0,0.6223287582397461
evaluation-4841-tar-000,1,0.6605439186096191
evaluation-4841-non-000,0,0.6864063143730164
evaluation-4842-tar-000,1,0.5787558555603027
evaluation-4842-non-000,0,0.6502656936645508
evaluation-48443-tar-000,1,0.7603516578674316
evaluation-48443-non-000,0,0.5863405466079712
evaluation-48454-tar-000,1,0.7688480019569397
evaluation-48454-non-000,0,0.7304133176803589
evaluation-48575-tar-000,1,0.8040463924407959
evaluation-48575-non-000,0,0.6144125461578369
evaluation-48578-tar-000,1,0.6919857263565063
evaluation-48578-non-000,0,0.7283394932746887
evaluation-4867-tar-000,1,0.7610771059989929
evaluation-4867-non-000,0,0.6774874329566956
evaluation-48726-tar-000,1,0.81224125623703
evaluation-48726-non-000,0,0.6951899528503418
evaluation-48759-tar-000,1,0.676030695438385
evaluation-48759-non-000,0,0.5504375696182251
evaluation-48787-tar-000,1,0.7747013568878174
evaluation-48787-non-000,0,0.6932038068771362
evaluation-48833-tar-000,1,0.6939431428909302
evaluation-48833-non-000,0,0.6638829708099365
evaluation-48905-tar-000,1,0.688060998916626
evaluation-48905-non-000,0,0.673078715801239
evaluation-4891-tar-000,1,0.7211645841598511
evaluation-4891-non-000,0,0.6764634847640991
evaluation-4894-tar-000,1,0.6500633358955383
evaluation-4894-non-000,0,0.7044956088066101
evaluation-48952-tar-000,1,0.6713445782661438
evaluation-48952-non-000,0,0.6600894927978516
evaluation-49004-tar-000,1,0.5452735424041748
evaluation-49004-non-000,0,0.7125107049942017
evaluation-49037-tar-000,1,0.6662168502807617
evaluation-49037-non-000,0,0.675643265247345
evaluation-49045-tar-000,1,0.7493916749954224
evaluation-49045-non-000,0,0.7519081830978394
evaluation-49097-tar-000,1,0.6588942408561707
evaluation-49097-non-000,0,0.6745938062667847
evaluation-49116-tar-000,1,0.5423125624656677
evaluation-49116-non-000,0,0.7192758917808533
evaluation-49196-tar-000,1,0.7092666029930115
evaluation-49196-non-000,0,0.5093896389007568
evaluation-49207-tar-000,1,0.6083877682685852
evaluation-49207-non-000,0,0.7202954292297363
evaluation-4921-tar-000,1,0.7514556646347046
evaluation-4921-non-000,0,0.6064225435256958
evaluation-49215-tar-000,1,0.8258828520774841
evaluation-49215-non-000,0,0.7623685598373413
evaluation-4934-tar-000,1,0.7507224678993225
evaluation-4934-non-000,0,0.783165693283081
evaluation-49446-tar-000,1,0.6249759197235107
evaluation-49446-non-000,0,0.7170472741127014
evaluation-49476-tar-000,1,0.7625584602355957
evaluation-49476-non-000,0,0.5846619606018066
evaluation-49484-tar-000,1,0.8467745780944824
evaluation-49484-non-000,0,0.6968134045600891
evaluation-49520-tar-000,1,0.7094924449920654
evaluation-49520-non-000,0,0.6812237501144409
evaluation-49539-tar-000,1,0.7956374883651733
evaluation-49539-non-000,0,0.6103614568710327
evaluation-4958-tar-000,1,0.7603857517242432
evaluation-4958-non-000,0,0.7385665774345398
evaluation-4961-tar-000,1,0.6437004208564758
evaluation-4961-non-000,0,0.65303635597229
evaluation-49677-tar-000,1,0.8065639734268188
evaluation-49677-non-000,0,0.7777352333068848
evaluation-49792-tar-000,1,0.6837189197540283
evaluation-49792-non-000,0,0.5970034599304199
evaluation-49808-tar-000,1,0.7166546583175659
evaluation-49808-non-000,0,0.7490526437759399
evaluation-49872-tar-000,1,0.39663052558898926
evaluation-49872-non-000,0,0.5353742837905884
evaluation-50056-tar-000,1,0.7404453158378601
evaluation-50056-non-000,0,0.491146981716156
evaluation-5008-tar-000,1,0.7212940454483032
evaluation-5008-non-000,0,0.5184763669967651
evaluation-5010-tar-000,1,0.7630307674407959
evaluation-5010-non-000,0,0.7508310675621033
evaluation-50138-tar-000,1,0.7010104656219482
evaluation-50138-non-000,0,0.6861562728881836
evaluation-5018-tar-000,1,0.7745150923728943
evaluation-5018-non-000,0,0.7162184119224548
evaluation-5021-tar-000,1,0.725872814655304
evaluation-5021-non-000,0,0.6714544892311096
evaluation-5024-tar-000,1,0.7076420783996582
evaluation-5024-non-000,0,0.7318037748336792
evaluation-50374-tar-000,1,0.5879991054534912
evaluation-50374-non-000,0,0.6233398914337158
evaluation-5042-tar-000,1,0.6781656742095947
evaluation-5042-non-000,0,0.6397354602813721
evaluation-50440-tar-000,1,0.7058770656585693
evaluation-50440-non-000,0,0.6569452285766602
evaluation-50490-tar-000,1,0.6730197072029114
evaluation-50490-non-000,0,0.7050447463989258
evaluation-50591-tar-000,1,0.7144742012023926
evaluation-50591-non-000,0,0.6716588735580444
evaluation-50608-tar-000,1,0.8190625905990601
evaluation-50608-non-000,0,0.6238800883293152
evaluation-50613-tar-000,1,0.7456774711608887
evaluation-50613-non-000,0,0.7096936702728271
evaluation-50643-tar-000,1,0.7496092319488525
evaluation-50643-non-000,0,0.6788708567619324
evaluation-50652-tar-000,1,0.7601786851882935
evaluation-50652-non-000,0,0.5587868690490723
evaluation-50676-tar-000,1,0.7194493412971497
evaluation-50676-non-000,0,0.6764187216758728
evaluation-50679-tar-000,1,0.7450488805770874
evaluation-50679-non-000,0,0.7257927656173706
evaluation-50723-tar-000,1,0.7308339476585388
evaluation-50723-non-000,0,0.688322126865387
evaluation-50786-tar-000,1,0.6750357151031494
evaluation-50786-non-000,0,0.622150182723999
evaluation-51050-tar-000,1,0.7764585018157959
evaluation-51050-non-000,0,0.6683428287506104
evaluation-51080-tar-000,1,0.5951341390609741
evaluation-51080-non-000,0,0.7237380743026733
evaluation-51099-tar-000,1,0.74534672498703
evaluation-51099-non-000,0,0.7242519855499268
evaluation-5135-tar-000,1,0.7016929388046265
evaluation-5135-non-000,0,0.7502837777137756
evaluation-51399-tar-000,1,0.5913931727409363
evaluation-51399-non-000,0,0.6237504482269287
evaluation-51459-tar-000,1,0.7865874767303467
evaluation-51459-non-000,0,0.7384863495826721
evaluation-5148-tar-000,1,0.6262334585189819
evaluation-5148-non-000,0,0.6983978748321533
evaluation-5149-tar-000,1,0.6564090251922607
evaluation-5149-non-000,0,0.5908010005950928
evaluation-51506-tar-000,1,0.8556916117668152
evaluation-51506-non-000,0,0.7288879156112671
evaluation-51525-tar-000,1,0.7776336669921875
evaluation-51525-non-000,0,0.4727020859718323
evaluation-5153-tar-000,1,0.720089852809906
evaluation-5153-non-000,0,0.6699551343917847
evaluation-51531-tar-000,1,0.745850682258606
evaluation-51531-non-000,0,0.5128991007804871
evaluation-51544-tar-000,1,0.7440091967582703
evaluation-51544-non-000,0,0.5957919955253601
evaluation-51624-tar-000,1,0.6779448986053467
evaluation-51624-non-000,0,0.5158694982528687
evaluation-51629-tar-000,1,0.7452737092971802
evaluation-51629-non-000,0,0.6466721296310425
evaluation-5167-tar-000,1,0.8184306025505066
evaluation-5167-non-000,0,0.5554811954498291
evaluation-5171-tar-000,1,0.7141252160072327
evaluation-5171-non-000,0,0.7083812952041626
evaluation-51899-tar-000,1,0.7298842668533325
evaluation-51899-non-000,0,0.7161696553230286
evaluation-51940-tar-000,1,0.7317807674407959
evaluation-51940-non-000,0,0.5399028062820435
evaluation-51962-tar-000,1,0.7650099992752075
evaluation-51962-non-000,0,0.6586344242095947
evaluation-5203-tar-000,1,0.7161765098571777
evaluation-5203-non-000,0,0.6785465478897095
evaluation-5215-tar-000,1,0.6701254844665527
evaluation-5215-non-000,0,0.8348889946937561
evaluation-52213-tar-000,1,0.6432297229766846
evaluation-52213-non-000,0,0.8358417749404907
evaluation-5225-tar-000,1,0.7058514356613159
evaluation-5225-non-000,0,0.7982778549194336
evaluation-52371-tar-000,1,0.70429927110672
evaluation-52371-non-000,0,0.7173357009887695
evaluation-52374-tar-000,1,0.6821893453598022
evaluation-52374-non-000,0,0.7091431021690369
evaluation-5246-tar-000,1,0.7477982044219971
evaluation-5246-non-000,0,0.6916062831878662
evaluation-52486-tar-000,1,0.7995678186416626
evaluation-52486-non-000,0,0.6797674894332886
evaluation-5253-tar-000,1,0.7843571901321411
evaluation-5253-non-000,0,0.7791805267333984
evaluation-52530-tar-000,1,0.6784014701843262
evaluation-52530-non-000,0,0.49957704544067383
evaluation-5256-tar-000,1,0.7598551511764526
evaluation-5256-non-000,0,0.6812702417373657
evaluation-5261-tar-000,1,0.7863791584968567
evaluation-5261-non-000,0,0.5431423187255859
evaluation-52651-tar-000,1,0.8285248279571533
evaluation-52651-non-000,0,0.5789412260055542
evaluation-52709-tar-000,1,0.7535130977630615
evaluation-52709-non-000,0,0.6982276439666748
evaluation-5289-tar-000,1,0.6605886220932007
evaluation-5289-non-000,0,0.7114419341087341
evaluation-52912-tar-000,1,0.6366010308265686
evaluation-52912-non-000,0,0.7123591303825378
evaluation-52929-tar-000,1,0.7236903309822083
evaluation-52929-non-000,0,0.7931526899337769
evaluation-5309-tar-000,1,0.6972837448120117
evaluation-5309-non-000,0,0.5798904299736023
evaluation-53170-tar-000,1,0.6658010482788086
evaluation-53170-non-000,0,0.6627805233001709
evaluation-5322-tar-000,1,0.5948212742805481
evaluation-5322-non-000,0,0.6533281803131104
evaluation-5325-tar-000,1,0.5844691395759583
evaluation-5325-non-000,0,0.656051516532898
evaluation-53266-tar-000,1,0.7451200485229492
evaluation-53266-non-000,0,0.7320682406425476
evaluation-53269-tar-000,1,0.6604407429695129
evaluation-53269-non-000,0,0.6213263273239136
evaluation-53272-tar-000,1,0.7542872428894043
evaluation-53272-non-000,0,0.6933416128158569
evaluation-5334-tar-000,1,0.7398362159729004
evaluation-5334-non-000,0,0.515192449092865
evaluation-53354-tar-000,1,0.6739581227302551
evaluation-53354-non-000,0,0.6343674659729004
evaluation-5336-tar-000,1,0.7899423837661743
evaluation-5336-non-000,0,0.5592873692512512
evaluation-5339-tar-000,1,0.6021059155464172
evaluation-5339-non-000,0,0.6124827861785889
evaluation-53390-tar-000,1,0.7335025668144226
evaluation-53390-non-000,0,0.791650116443634
evaluation-53434-tar-000,1,0.8187629580497742
evaluation-53434-non-000,0,0.6515814065933228
evaluation-53544-tar-000,1,0.6946866512298584
evaluation-53544-non-000,0,0.6432802677154541
evaluation-53588-tar-000,1,0.7691208124160767
evaluation-53588-non-000,0,0.6942447423934937
evaluation-53755-tar-000,1,0.7076226472854614
evaluation-53755-non-000,0,0.7760165929794312
evaluation-53972-tar-000,1,0.7741754651069641
evaluation-53972-non-000,0,0.7773221135139465
evaluation-5399-tar-000,1,0.7250388860702515
evaluation-5399-non-000,0,0.6967971324920654
evaluation-54035-tar-000,1,0.6695789694786072
evaluation-54035-non-000,0,0.5340299606323242
evaluation-54085-tar-000,1,0.6832084655761719
evaluation-54085-non-000,0,0.6942939162254333
evaluation-5413-tar-000,1,0.728329598903656
evaluation-5413-non-000,0,0.6369303464889526
evaluation-54197-tar-000,1,0.8399895429611206
evaluation-54197-non-000,0,0.4297957122325897
evaluation-54250-tar-000,1,0.6338878870010376
evaluation-54250-non-000,0,0.5713601112365723
evaluation-54261-tar-000,1,0.8208614587783813
evaluation-54261-non-000,0,0.6243348121643066
evaluation-5437-tar-000,1,0.656181275844574
evaluation-5437-non-000,0,0.6453597545623779
evaluation-54376-tar-000,1,0.6020492315292358
evaluation-54376-non-000,0,0.7361299991607666
evaluation-5438-tar-000,1,0.7843974828720093
evaluation-5438-non-000,0,0.531181812286377
evaluation-54568-tar-000,1,0.7118420600891113
evaluation-54568-non-000,0,0.7715553045272827
evaluation-54596-tar-000,1,0.725777804851532
evaluation-54596-non-000,0,0.6483960747718811
evaluation-54637-tar-000,1,0.7618506550788879
evaluation-54637-non-000,0,0.48030757904052734
evaluation-54725-tar-000,1,0.7383943796157837
evaluation-54725-non-000,0,0.7218997478485107
evaluation-5490-tar-000,1,0.7123740911483765
evaluation-5490-non-000,0,0.625288724899292
evaluation-55027-tar-000,1,0.7108063697814941
evaluation-55027-non-000,0,0.7289344668388367
evaluation-55052-tar-000,1,0.7000818848609924
evaluation-55052-non-000,0,0.693439245223999
evaluation-55225-tar-000,1,0.7556627988815308
evaluation-55225-non-000,0,0.7638273239135742
evaluation-5532-tar-000,1,0.6076949834823608
evaluation-5532-non-000,0,0.45144250988960266
evaluation-55354-tar-000,1,0.7273155450820923
evaluation-55354-non-000,0,0.5681958198547363
evaluation-55362-tar-000,1,0.7035999298095703
evaluation-55362-non-000,0,0.514794111251831
evaluation-5542-tar-000,1,0.7380951642990112
evaluation-5542-non-000,0,0.7771450281143188
evaluation-55488-tar-000,1,0.6999010443687439
evaluation-55488-non-000,0,0.748790979385376
evaluation-55656-tar-000,1,0.8045412302017212
evaluation-55656-non-000,0,0.7760186791419983
evaluation-55681-tar-000,1,0.6444677114486694
evaluation-55681-non-000,0,0.5823855996131897
evaluation-55807-tar-000,1,0.7770407199859619
evaluation-55807-non-000,0,0.7410029768943787
evaluation-55810-tar-000,1,0.6195417642593384
evaluation-55810-non-000,0,0.6922481060028076
evaluation-55870-tar-000,1,0.739919126033783
evaluation-55870-non-000,0,0.7331309914588928
evaluation-55928-tar-000,1,0.6277958750724792
evaluation-55928-non-000,0,0.5741466283798218
evaluation-5594-tar-000,1,0.6652694344520569
evaluation-5594-non-000,0,0.745990514755249
evaluation-55953-tar-000,1,0.7535371780395508
evaluation-55953-non-000,0,0.6684309840202332
evaluation-55966-tar-000,1,0.7550053596496582
evaluation-55966-non-000,0,0.6592423915863037
evaluation-5599-tar-000,1,0.6087047457695007
evaluation-5599-non-000,0,0.6979873180389404
evaluation-56043-tar-000,1,0.7165259122848511
evaluation-56043-non-000,0,0.7742061614990234
evaluation-5605-tar-000,1,0.6464118957519531
evaluation-5605-non-000,0,0.7090467214584351
evaluation-56073-tar-000,1,0.6673885583877563
evaluation-56073-non-000,0,0.7315890789031982
evaluation-56098-tar-000,1,0.702502429485321
evaluation-56098-non-000,0,0.7225680351257324
evaluation-56112-tar-000,1,0.6499121189117432
evaluation-56112-non-000,0,0.7851494550704956
evaluation-56170-tar-000,1,0.7704704403877258
evaluation-56170-non-000,0,0.6562274694442749
evaluation-56181-tar-000,1,0.7134175896644592
evaluation-56181-non-000,0,0.6992058753967285
evaluation-56293-tar-000,1,0.7003567218780518
evaluation-56293-non-000,0,0.6785306930541992
evaluation-5631-tar-000,1,0.8069745898246765
evaluation-5631-non-000,0,0.6994311809539795
evaluation-5645-tar-000,1,0.6957233548164368
evaluation-5645-non-000,0,0.7776275873184204
evaluation-5648-tar-000,1,0.7043602466583252
evaluation-5648-non-000,0,0.49973171949386597
evaluation-5653-tar-000,1,0.7303382754325867
evaluation-5653-non-000,0,0.7482401132583618
evaluation-56568-tar-000,1,0.7323422431945801
evaluation-56568-non-000,0,0.5853357911109924
evaluation-5671-tar-000,1,0.523228645324707
evaluation-5671-non-000,0,0.8233423829078674
evaluation-56722-tar-000,1,0.719863772392273
evaluation-56722-non-000,0,0.722658097743988
evaluation-56771-tar-000,1,0.5908763408660889
evaluation-56771-non-000,0,0.6399370431900024
evaluation-56829-tar-000,1,0.6365689039230347
evaluation-56829-non-000,0,0.7841153144836426
evaluation-56853-tar-000,1,0.7367870211601257
evaluation-56853-non-000,0,0.742863118648529
evaluation-56939-tar-000,1,0.7534126043319702
evaluation-56939-non-000,0,0.6765602827072144
evaluation-5706-tar-000,1,0.6566507816314697
evaluation-5706-non-000,0,0.7967993021011353
evaluation-57103-tar-000,1,0.6708592176437378
evaluation-57103-non-000,0,0.5828019380569458
evaluation-57208-tar-000,1,0.7048327922821045
evaluation-57208-non-000,0,0.733680784702301
evaluation-57246-tar-000,1,0.7361354827880859
evaluation-57246-non-000,0,0.5217170715332031
evaluation-57263-tar-000,1,0.7125153541564941
evaluation-57263-non-000,0,0.7530099153518677
evaluation-5734-tar-000,1,0.7101585865020752
evaluation-5734-non-000,0,0.5671371817588806
evaluation-57364-tar-000,1,0.6773186326026917
evaluation-57364-non-000,0,0.5917574167251587
evaluation-57384-tar-000,1,0.7433107495307922
evaluation-57384-non-000,0,0.544060468673706
evaluation-57413-tar-000,1,0.8222512006759644
evaluation-57413-non-000,0,0.5809955596923828
evaluation-5745-tar-000,1,0.725273072719574
evaluation-5745-non-000,0,0.4143815040588379
evaluation-57502-tar-000,1,0.6396480798721313
evaluation-57502-non-000,0,0.6942701935768127
evaluation-57587-tar-000,1,0.8207908868789673
evaluation-57587-non-000,0,0.7884283065795898
evaluation-5763-tar-000,1,0.7293105125427246
evaluation-5763-non-000,0,0.5025548934936523
evaluation-57661-tar-000,1,0.6501891613006592
evaluation-57661-non-000,0,0.7838897705078125
evaluation-57710-tar-000,1,0.5828438997268677
evaluation-57710-non-000,0,0.6282199025154114
evaluation-57719-tar-000,1,0.7073302268981934
evaluation-57719-non-000,0,0.7710483074188232
evaluation-5773-tar-000,1,0.7274014949798584
evaluation-5773-non-000,0,0.5608141422271729
evaluation-57944-tar-000,1,0.7795122265815735
evaluation-57944-non-000,0,0.5442297458648682
evaluation-57980-tar-000,1,0.7869638204574585
evaluation-57980-non-000,0,0.8185887932777405
evaluation-58059-tar-000,1,0.5647377967834473
evaluation-58059-non-000,0,0.5104321241378784
evaluation-58067-tar-000,1,0.7801289558410645
evaluation-58067-non-000,0,0.7288322448730469
evaluation-58081-tar-000,1,0.6003241539001465
evaluation-58081-non-000,0,0.5978049039840698
evaluation-58087-tar-000,1,0.595408022403717
evaluation-58087-non-000,0,0.742255687713623
evaluation-58098-tar-000,1,0.7055412530899048
evaluation-58098-non-000,0,0.7428452968597412
evaluation-5814-tar-000,1,0.714081883430481
evaluation-5814-non-000,0,0.7308919429779053
evaluation-58144-tar-000,1,0.6322973370552063
evaluation-58144-non-000,0,0.6742285490036011
evaluation-5832-tar-000,1,0.5897116661071777
evaluation-5832-non-000,0,0.7681410312652588
evaluation-5836-tar-000,1,0.8049299716949463
evaluation-5836-non-000,0,0.6887584924697876
evaluation-5841-tar-000,1,0.7479051351547241
evaluation-5841-non-000,0,0.7959622144699097
evaluation-58430-tar-000,1,0.7243977189064026
evaluation-58430-non-000,0,0.6619691252708435
evaluation-58587-tar-000,1,0.7426085472106934
evaluation-58587-non-000,0,0.7847210168838501
evaluation-5861-tar-000,1,0.7865384817123413
evaluation-5861-non-000,0,0.6937419176101685
evaluation-5868-tar-000,1,0.5945295691490173
evaluation-5868-non-000,0,0.6874869465827942
evaluation-58694-tar-000,1,0.7358274459838867
evaluation-58694-non-000,0,0.6766889095306396
evaluation-58724-tar-000,1,0.5820766687393188
evaluation-58724-non-000,0,0.7774230241775513
evaluation-58771-tar-000,1,0.7810757160186768
evaluation-58771-non-000,0,0.7421883344650269
evaluation-5884-tar-000,1,0.7403160333633423
evaluation-5884-non-000,0,0.6830596923828125
evaluation-58968-tar-000,1,0.820876955986023
evaluation-58968-non-000,0,0.5751837491989136
evaluation-5900-tar-000,1,0.6400007605552673
evaluation-5900-non-000,0,0.7010622024536133
evaluation-59029-tar-000,1,0.6672383546829224
evaluation-59029-non-000,0,0.683269739151001
evaluation-59235-tar-000,1,0.7373833656311035
evaluation-59235-non-000,0,0.6257822513580322
evaluation-59284-tar-000,1,0.7476710081100464
evaluation-59284-non-000,0,0.6951746940612793
evaluation-59443-tar-000,1,0.7036612629890442
evaluation-59443-non-000,0,0.6983857154846191
evaluation-5946-tar-000,1,0.7867715358734131
evaluation-5946-non-000,0,0.7722972631454468
evaluation-5949-tar-000,1,0.7291935682296753
evaluation-5949-non-000,0,0.641258716583252
evaluation-59496-tar-000,1,0.7898668646812439
evaluation-59496-non-000,0,0.7886449098587036
evaluation-59564-tar-000,1,0.860542356967926
evaluation-59564-non-000,0,0.7669721841812134
evaluation-59663-tar-000,1,0.7558692693710327
evaluation-59663-non-000,0,0.6710293292999268
evaluation-59779-tar-000,1,0.6316177845001221
evaluation-59779-non-000,0,0.6969994902610779
evaluation-59820-tar-000,1,0.828788161277771
evaluation-59820-non-000,0,0.6336849331855774
evaluation-59963-tar-000,1,0.650028645992279
evaluation-59963-non-000,0,0.7671639919281006
evaluation-59971-tar-000,1,0.6700873374938965
evaluation-59971-non-000,0,0.7788978815078735
evaluation-6006-tar-000,1,0.7077087163925171
evaluation-6006-non-000,0,0.62416672706604
evaluation-6010-tar-000,1,0.73329097032547
evaluation-6010-non-000,0,0.7502907514572144
evaluation-60240-tar-000,1,0.6206110715866089
evaluation-60240-non-000,0,0.645470917224884
evaluation-60627-tar-000,1,0.8010067939758301
evaluation-60627-non-000,0,0.7806483507156372
evaluation-60646-tar-000,1,0.7540538311004639
evaluation-60646-non-000,0,0.6666232943534851
evaluation-60699-tar-000,1,0.7713885307312012
evaluation-60699-non-000,0,0.6400028467178345
evaluation-60748-tar-000,1,0.7619589567184448
evaluation-60748-non-000,0,0.6344858407974243
evaluation-60803-tar-000,1,0.7280784845352173
evaluation-60803-non-000,0,0.6036092042922974
evaluation-6081-tar-000,1,0.8115872144699097
evaluation-6081-non-000,0,0.5997998118400574
evaluation-6086-tar-000,1,0.6090242862701416
evaluation-6086-non-000,0,0.5267144441604614
evaluation-6089-tar-000,1,0.6968740224838257
evaluation-6089-non-000,0,0.6233118772506714
evaluation-6097-tar-000,1,0.7076456546783447
evaluation-6097-non-000,0,0.4849085807800293
evaluation-61015-tar-000,1,0.7719141244888306
evaluation-61015-non-000,0,0.7124955058097839
evaluation-61078-tar-000,1,0.765853762626648
evaluation-61078-non-000,0,0.657188892364502
evaluation-6108-tar-000,1,0.697278618812561
evaluation-6108-non-000,0,0.5799793004989624
evaluation-61119-tar-000,1,0.8106943368911743
evaluation-61119-non-000,0,0.4456409811973572
evaluation-61122-tar-000,1,0.6867243051528931
evaluation-61122-non-000,0,0.5737187266349792
evaluation-61133-tar-000,1,0.7694737315177917
evaluation-61133-non-000,0,0.6402196884155273
evaluation-61174-tar-000,1,0.7416243553161621
evaluation-61174-non-000,0,0.7167277932167053
evaluation-61207-tar-000,1,0.6795977354049683
evaluation-61207-non-000,0,0.7646474242210388
evaluation-61292-tar-000,1,0.8365685939788818
evaluation-61292-non-000,0,0.5883635878562927
evaluation-61410-tar-000,1,0.7016708254814148
evaluation-61410-non-000,0,0.6742439270019531
evaluation-61421-tar-000,1,0.673115074634552
evaluation-61421-non-000,0,0.67747962474823
evaluation-6163-tar-000,1,0.7145837545394897
evaluation-6163-non-000,0,0.7871103882789612
evaluation-61663-tar-000,1,0.7141454219818115
evaluation-61663-non-000,0,0.6513106226921082
evaluation-61712-tar-000,1,0.6647273898124695
evaluation-61712-non-000,0,0.7239185571670532
evaluation-61775-tar-000,1,0.7248365879058838
evaluation-61775-non-000,0,0.6317360997200012
evaluation-61800-tar-000,1,0.6764591932296753
evaluation-61800-non-000,0,0.67823326587677
evaluation-6186-tar-000,1,0.6821626424789429
evaluation-6186-non-000,0,0.6946990489959717
evaluation-6194-tar-000,1,0.8274906873703003
evaluation-6194-non-000,0,0.4864267110824585
evaluation-61979-tar-000,1,0.7904895544052124
evaluation-61979-non-000,0,0.6631550192832947
evaluation-62012-tar-000,1,0.6927863359451294
evaluation-62012-non-000,0,0.7666226625442505
evaluation-6202-tar-000,1,0.7501312494277954
evaluation-6202-non-000,0,0.6144207715988159
evaluation-62066-tar-000,1,0.5798819065093994
evaluation-62066-non-000,0,0.716532826423645
evaluation-62086-tar-000,1,0.672935962677002
evaluation-62086-non-000,0,0.7490034103393555
evaluation-6209-tar-000,1,0.5981448888778687
evaluation-6209-non-000,0,0.6747355461120605
evaluation-62138-tar-000,1,0.7332277297973633
evaluation-62138-non-000,0,0.7325282692909241
evaluation-62179-tar-000,1,0.668406069278717
evaluation-62179-non-000,0,0.6870714426040649
evaluation-62223-tar-000,1,0.8021508455276489
evaluation-62223-non-000,0,0.6815204620361328
evaluation-62292-tar-000,1,0.721408486366272
evaluation-62292-non-000,0,0.6134088039398193
evaluation-6231-tar-000,1,0.6368535161018372
evaluation-6231-non-000,0,0.6351447701454163
evaluation-62325-tar-000,1,0.7467063665390015
evaluation-62325-non-000,0,0.749630868434906
evaluation-62404-tar-000,1,0.7262480854988098
evaluation-62404-non-000,0,0.7603492140769958
evaluation-6246-tar-000,1,0.5750176906585693
evaluation-6246-non-000,0,0.6483348608016968
evaluation-62544-tar-000,1,0.613262951374054
evaluation-62544-non-000,0,0.5043066143989563
evaluation-6257-tar-000,1,0.7704579830169678
evaluation-6257-non-000,0,0.5600779056549072
evaluation-62572-tar-000,1,0.8216443657875061
evaluation-62572-non-000,0,0.811644971370697
evaluation-62660-tar-000,1,0.8514778017997742
evaluation-62660-non-000,0,0.6410024166107178
evaluation-62748-tar-000,1,0.8061284422874451
evaluation-62748-non-000,0,0.6268861293792725
evaluation-6287-tar-000,1,0.6235032677650452
evaluation-6287-non-000,0,0.7715713977813721
evaluation-6292-tar-000,1,0.685818612575531
evaluation-6292-non-000,0,0.741655170917511
evaluation-6296-tar-000,1,0.5886492133140564
evaluation-6296-non-000,0,0.552594780921936
evaluation-63077-tar-000,1,0.6852563619613647
evaluation-63077-non-000,0,0.7319462299346924
evaluation-6310-tar-000,1,0.4974081218242645
evaluation-6310-non-000,0,0.6592311859130859
evaluation-63132-tar-000,1,0.7520381212234497
evaluation-63132-non-000,0,0.6555908918380737
evaluation-63138-tar-000,1,0.754520058631897
evaluation-63138-non-000,0,0.6561061143875122
evaluation-63415-tar-000,1,0.6977524161338806
evaluation-63415-non-000,0,0.6696112155914307
evaluation-63478-tar-000,1,0.7134108543395996
evaluation-63478-non-000,0,0.5031107664108276
evaluation-63536-tar-000,1,0.7660753130912781
evaluation-63536-non-000,0,0.6233423948287964
evaluation-6358-tar-000,1,0.7535097599029541
evaluation-6358-non-000,0,0.5593668222427368
evaluation-6359-tar-000,1,0.8438169956207275
evaluation-6359-non-000,0,0.5514243245124817
evaluation-63627-tar-000,1,0.6089254021644592
evaluation-63627-non-000,0,0.7227742075920105
evaluation-63629-tar-000,1,0.7491472363471985
evaluation-63629-non-000,0,0.6788212656974792
evaluation-63714-tar-000,1,0.6524437665939331
evaluation-63714-non-000,0,0.6799739599227905
evaluation-63739-tar-000,1,0.419985294342041
evaluation-63739-non-000,0,0.7272968292236328
evaluation-63805-tar-000,1,0.6626900434494019
evaluation-63805-non-000,0,0.699974536895752
evaluation-63838-tar-000,1,0.8610279560089111
evaluation-63838-non-000,0,0.6969693899154663
evaluation-63852-tar-000,1,0.7300277948379517
evaluation-63852-non-000,0,0.6089732646942139
evaluation-63984-tar-000,1,0.7593904733657837
evaluation-63984-non-000,0,0.6023754477500916
evaluation-6401-tar-000,1,0.6533106565475464
evaluation-6401-non-000,0,0.825935959815979
evaluation-64082-tar-000,1,0.7988379001617432
evaluation-64082-non-000,0,0.7376053333282471
evaluation-6410-tar-000,1,0.6583167314529419
evaluation-6410-non-000,0,0.7419494390487671
evaluation-64291-tar-000,1,0.7031543254852295
evaluation-64291-non-000,0,0.7282307147979736
evaluation-64354-tar-000,1,0.5589949488639832
evaluation-64354-non-000,0,0.6078755855560303
evaluation-64431-tar-000,1,0.6403101682662964
evaluation-64431-non-000,0,0.6729289293289185
evaluation-64456-tar-000,1,0.7405766844749451
evaluation-64456-non-000,0,0.5503690242767334
evaluation-64489-tar-000,1,0.7225774526596069
evaluation-64489-non-000,0,0.5876845121383667
evaluation-64494-tar-000,1,0.6028978228569031
evaluation-64494-non-000,0,0.7526326179504395
evaluation-64541-tar-000,1,0.6762825846672058
evaluation-64541-non-000,0,0.7602875232696533
evaluation-64593-tar-000,1,0.7007660865783691
evaluation-64593-non-000,0,0.6790964603424072
evaluation-64626-tar-000,1,0.8099329471588135
evaluation-64626-non-000,0,0.7462984323501587
evaluation-64747-tar-000,1,0.7476598024368286
evaluation-64747-non-000,0,0.6955879330635071
evaluation-6478-tar-000,1,0.5893718600273132
evaluation-6478-non-000,0,0.7585804462432861
evaluation-6494-tar-000,1,0.7808564901351929
evaluation-6494-non-000,0,0.4781346321105957
evaluation-64961-tar-000,1,0.9133558869361877
evaluation-64961-non-000,0,0.6685614585876465
evaluation-64967-tar-000,1,0.6437852382659912
evaluation-64967-non-000,0,0.6001508235931396
evaluation-65079-tar-000,1,0.7244947552680969
evaluation-65079-non-000,0,0.6243939399719238
evaluation-65159-tar-000,1,0.8369484543800354
evaluation-65159-non-000,0,0.7392198443412781
evaluation-6527-tar-000,1,0.6579692363739014
evaluation-6527-non-000,0,0.5914337635040283
evaluation-65368-tar-000,1,0.7066357135772705
evaluation-65368-non-000,0,0.7381258010864258
evaluation-65404-tar-000,1,0.8345534801483154
evaluation-65404-non-000,0,0.7106364369392395
evaluation-65423-tar-000,1,0.7273789644241333
evaluation-65423-non-000,0,0.6732837557792664
evaluation-65511-tar-000,1,0.6695798635482788
evaluation-65511-non-000,0,0.6713018417358398
evaluation-65513-tar-000,1,0.8544515371322632
evaluation-65513-non-000,0,0.6437788009643555
evaluation-6552-tar-000,1,0.5540236234664917
evaluation-6552-non-000,0,0.6615017652511597
evaluation-65538-tar-000,1,0.7498341798782349
evaluation-65538-non-000,0,0.5891026258468628
evaluation-65541-tar-000,1,0.8079551458358765
evaluation-65541-non-000,0,0.647746205329895
evaluation-65761-tar-000,1,0.7768540382385254
evaluation-65761-non-000,0,0.5617563128471375
evaluation-65807-tar-000,1,0.7842316627502441
evaluation-65807-non-000,0,0.7799416780471802
evaluation-65868-tar-000,1,0.7904102802276611
evaluation-65868-non-000,0,0.6960186958312988
evaluation-65945-tar-000,1,0.7429320216178894
evaluation-65945-non-000,0,0.573933482170105
evaluation-6595-tar-000,1,0.7477693557739258
evaluation-6595-non-000,0,0.7520711421966553
evaluation-65986-tar-000,1,0.7225749492645264
evaluation-65986-non-000,0,0.7576013207435608
evaluation-66002-tar-000,1,0.8294633626937866
evaluation-66002-non-000,0,0.5770220756530762
evaluation-66030-tar-000,1,0.8802178502082825
evaluation-66030-non-000,0,0.775230884552002
evaluation-66230-tar-000,1,0.79624342918396
evaluation-66230-non-000,0,0.6451401710510254
evaluation-6625-tar-000,1,0.7177051901817322
evaluation-6625-non-000,0,0.7324131727218628
evaluation-6634-tar-000,1,0.782796323299408
evaluation-6634-non-000,0,0.6976491212844849
evaluation-66436-tar-000,1,0.7675906419754028
evaluation-66436-non-000,0,0.5159049034118652
evaluation-66466-tar-000,1,0.733169436454773
evaluation-66466-non-000,0,0.7460595369338989
evaluation-66508-tar-000,1,0.6773327589035034
evaluation-66508-non-000,0,0.6750234961509705
evaluation-6661-tar-000,1,0.758083701133728
evaluation-6661-non-000,0,0.5877405405044556
evaluation-66749-tar-000,1,0.7744818925857544
evaluation-66749-non-000,0,0.6237202286720276
evaluation-66782-tar-000,1,0.7188810110092163
evaluation-66782-non-000,0,0.7514946460723877
evaluation-6682-tar-000,1,0.6698940992355347
evaluation-6682-non-000,0,0.6851059794425964
evaluation-66944-tar-000,1,0.7261608839035034
evaluation-66944-non-000,0,0.489906370639801
evaluation-67057-tar-000,1,0.6642032861709595
evaluation-67057-non-000,0,0.6788856983184814
evaluation-67087-tar-000,1,0.7453247904777527
evaluation-67087-non-000,0,0.7402670383453369
evaluation-67137-tar-000,1,0.8086656332015991
evaluation-67137-non-000,0,0.6640962362289429
evaluation-67288-tar-000,1,0.699386715888977
evaluation-67288-non-000,0,0.7323813438415527
evaluation-6731-tar-000,1,0.7190290093421936
evaluation-6731-non-000,0,0.7010855674743652
evaluation-67370-tar-000,1,0.6375694274902344
evaluation-67370-non-000,0,0.7194463610649109
evaluation-67488-tar-000,1,0.8158115148544312
evaluation-67488-non-000,0,0.6657873392105103
evaluation-6749-tar-000,1,0.796509861946106
evaluation-6749-non-000,0,0.6429178714752197
evaluation-67521-tar-000,1,0.7497335076332092
evaluation-67521-non-000,0,0.7751497030258179
evaluation-67529-tar-000,1,0.6217142343521118
evaluation-67529-non-000,0,0.705921471118927
evaluation-67538-tar-000,1,0.7920858860015869
evaluation-67538-non-000,0,0.6831619739532471
evaluation-67686-tar-000,1,0.6947685480117798
evaluation-67686-non-000,0,0.6115875244140625
evaluation-67697-tar-000,1,0.7589250802993774
evaluation-67697-non-000,0,0.7599631547927856
evaluation-67859-tar-000,1,0.7352333068847656
evaluation-67859-non-000,0,0.7893954515457153
evaluation-6789-tar-000,1,0.7983630895614624
evaluation-6789-non-000,0,0.5968585014343262
evaluation-67991-tar-000,1,0.7719528675079346
evaluation-67991-non-000,0,0.5064110159873962
evaluation-68068-tar-000,1,0.6891096830368042
evaluation-68068-non-000,0,0.7053816318511963
evaluation-68131-tar-000,1,0.838531494140625
evaluation-68131-non-000,0,0.692547082901001
evaluation-6818-tar-000,1,0.7030676603317261
evaluation-6818-non-000,0,0.6017346382141113
evaluation-68227-tar-000,1,0.7904496192932129
evaluation-68227-non-000,0,0.6957266330718994
evaluation-68268-tar-000,1,0.7036468982696533
evaluation-68268-non-000,0,0.7089255452156067
evaluation-68334-tar-000,1,0.824566662311554
evaluation-68334-non-000,0,0.7728618383407593
evaluation-68378-tar-000,1,0.7100443840026855
evaluation-68378-non-000,0,0.7268412113189697
evaluation-68430-tar-000,1,0.6932022571563721
evaluation-68430-non-000,0,0.4895474314689636
evaluation-68785-tar-000,1,0.6414250135421753
evaluation-68785-non-000,0,0.7413836717605591
evaluation-68886-tar-000,1,0.555435061454773
evaluation-68886-non-000,0,0.7997850179672241
evaluation-68908-tar-000,1,0.6599920988082886
evaluation-68908-non-000,0,0.6718333959579468
evaluation-6898-tar-000,1,0.5671701431274414
evaluation-6898-non-000,0,0.6832801103591919
evaluation-69035-tar-000,1,0.6082338690757751
evaluation-69035-non-000,0,0.6570925116539001
evaluation-69087-tar-000,1,0.8155256509780884
evaluation-69087-non-000,0,0.7529322504997253
evaluation-69155-tar-000,1,0.8009560704231262
evaluation-69155-non-000,0,0.6906408071517944
evaluation-69166-tar-000,1,0.6952686905860901
evaluation-69166-non-000,0,0.7297536730766296
evaluation-69169-tar-000,1,0.6331906318664551
evaluation-69169-non-000,0,0.5510790348052979
evaluation-69235-tar-000,1,0.6606100797653198
evaluation-69235-non-000,0,0.6212676763534546
evaluation-69279-tar-000,1,0.7583843469619751
evaluation-69279-non-000,0,0.6496077179908752
evaluation-69315-tar-000,1,0.7127874493598938
evaluation-69315-non-000,0,0.5391736030578613
evaluation-6932-tar-000,1,0.599327564239502
evaluation-6932-non-000,0,0.7364500761032104
evaluation-69361-tar-000,1,0.6681206822395325
evaluation-69361-non-000,0,0.658078134059906
evaluation-69425-tar-000,1,0.7571479082107544
evaluation-69425-non-000,0,0.7657790184020996
evaluation-69526-tar-000,1,0.7289924621582031
evaluation-69526-non-000,0,0.6593947410583496
evaluation-69529-tar-000,1,0.6423314809799194
evaluation-69529-non-000,0,0.6752811670303345
evaluation-6957-tar-000,1,0.6376063823699951
evaluation-6957-non-000,0,0.6081616282463074
evaluation-69573-tar-000,1,0.7025830745697021
evaluation-69573-non-000,0,0.5876381397247314
evaluation-69617-tar-000,1,0.8653545379638672
evaluation-69617-non-000,0,0.6363848447799683
evaluation-69672-tar-000,1,0.6723477840423584
evaluation-69672-non-000,0,0.8381096720695496
evaluation-69724-tar-000,1,0.6917821764945984
evaluation-69724-non-000,0,0.6380443572998047
evaluation-69848-tar-000,1,0.6482924222946167
evaluation-69848-non-000,0,0.6660006642341614
evaluation-69927-tar-000,1,0.659112811088562
evaluation-69927-non-000,0,0.7144495248794556
evaluation-6993-tar-000,1,0.5955134630203247
evaluation-6993-non-000,0,0.7568854093551636
evaluation-6994-tar-000,1,0.806876540184021
evaluation-6994-non-000,0,0.5841784477233887
evaluation-7006-tar-000,1,0.7093669176101685
evaluation-7006-non-000,0,0.7409951090812683
evaluation-70130-tar-000,1,0.6521804332733154
evaluation-70130-non-000,0,0.7614768743515015
evaluation-70169-tar-000,1,0.8205682039260864
evaluation-70169-non-000,0,0.7427844405174255
evaluation-70191-tar-000,1,0.7395851612091064
evaluation-70191-non-000,0,0.716927707195282
evaluation-7029-tar-000,1,0.6727575659751892
evaluation-7029-non-000,0,0.7048304080963135
evaluation-70290-tar-000,1,0.6842766404151917
evaluation-70290-non-000,0,0.7788724899291992
evaluation-70320-tar-000,1,0.7228882312774658
evaluation-70320-non-000,0,0.6405043005943298
evaluation-70347-tar-000,1,0.6317350268363953
evaluation-70347-non-000,0,0.6254457831382751
evaluation-7036-tar-000,1,0.6803338527679443
evaluation-7036-non-000,0,0.7137134075164795
evaluation-70501-tar-000,1,0.6644304990768433
evaluation-70501-non-000,0,0.616814911365509
evaluation-7055-tar-000,1,0.7055896520614624
evaluation-7055-non-000,0,0.7784748673439026
evaluation-70592-tar-000,1,0.5251790285110474
evaluation-70592-non-000,0,0.5991044640541077
evaluation-70641-tar-000,1,0.7662751078605652
evaluation-70641-non-000,0,0.7598589658737183
evaluation-70671-tar-000,1,0.7832915782928467
evaluation-70671-non-000,0,0.6453668475151062
evaluation-7077-tar-000,1,0.7435266971588135
evaluation-7077-non-000,0,0.6708428263664246
evaluation-7078-tar-000,1,0.7436195015907288
evaluation-7078-non-000,0,0.5021304488182068
evaluation-70781-tar-000,1,0.7390623092651367
evaluation-70781-non-000,0,0.5527706146240234
evaluation-70801-tar-000,1,0.6297106742858887
evaluation-70801-non-000,0,0.6123847961425781
evaluation-7092-tar-000,1,0.7486839294433594
evaluation-7092-non-000,0,0.6853164434432983
evaluation-70952-tar-000,1,0.7065640091896057
evaluation-70952-non-000,0,0.631610631942749
evaluation-71001-tar-000,1,0.8258674740791321
evaluation-71001-non-000,0,0.7051612734794617
evaluation-71015-tar-000,1,0.6312544345855713
evaluation-71015-non-000,0,0.6915860176086426
evaluation-71042-tar-000,1,0.6449099779129028
evaluation-71042-non-000,0,0.6886947154998779
evaluation-7108-tar-000,1,0.725662112236023
evaluation-7108-non-000,0,0.7806401252746582
evaluation-7123-tar-000,1,0.6355084180831909
evaluation-7123-non-000,0,0.6145246028900146
evaluation-71300-tar-000,1,0.741561233997345
evaluation-71300-non-000,0,0.6980921626091003
evaluation-7131-tar-000,1,0.710842490196228
evaluation-7131-non-000,0,0.7534396648406982
evaluation-7140-tar-000,1,0.7827317714691162
evaluation-7140-non-000,0,0.681113600730896
evaluation-71402-tar-000,1,0.6118898391723633
evaluation-71402-non-000,0,0.7229121923446655
evaluation-71441-tar-000,1,0.8203242421150208
evaluation-71441-non-000,0,0.6497862339019775
evaluation-71457-tar-000,1,0.8087835907936096
evaluation-71457-non-000,0,0.6702064275741577
evaluation-7149-tar-000,1,0.6294806003570557
evaluation-7149-non-000,0,0.7135012149810791
evaluation-71528-tar-000,1,0.6656442880630493
evaluation-71528-non-000,0,0.6783950924873352
evaluation-71594-tar-000,1,0.7340447902679443
evaluation-71594-non-000,0,0.6139683723449707
evaluation-7174-tar-000,1,0.6920729875564575
evaluation-7174-non-000,0,0.6909856796264648
evaluation-7177-tar-000,1,0.7339051365852356
evaluation-7177-non-000,0,0.7450106143951416
evaluation-71798-tar-000,1,0.593260645866394
evaluation-71798-non-000,0,0.7631970643997192
evaluation-71839-tar-000,1,0.684694766998291
evaluation-71839-non-000,0,0.7561705708503723
evaluation-71924-tar-000,1,0.7569757699966431
evaluation-71924-non-000,0,0.5164287090301514
evaluation-72009-tar-000,1,0.7638199329376221
evaluation-72009-non-000,0,0.6108349561691284
evaluation-72017-tar-000,1,0.6688205003738403
evaluation-72017-non-000,0,0.5751123428344727
evaluation-72078-tar-000,1,0.6733924150466919
evaluation-72078-non-000,0,0.6800856590270996
evaluation-7211-tar-000,1,0.5256968140602112
evaluation-7211-non-000,0,0.7174955606460571
evaluation-7214-tar-000,1,0.663943886756897
evaluation-7214-non-000,0,0.6948980093002319
evaluation-72182-tar-000,1,0.7028505802154541
evaluation-72182-non-000,0,0.7038695812225342
evaluation-72221-tar-000,1,0.7702532410621643
evaluation-72221-non-000,0,0.6678266525268555
evaluation-7225-tar-000,1,0.7418613433837891
evaluation-7225-non-000,0,0.6375613212585449
evaluation-72267-tar-000,1,0.7095701098442078
evaluation-72267-non-000,0,0.6949769854545593
evaluation-7228-tar-000,1,0.7077770829200745
evaluation-7228-non-000,0,0.7039501667022705
evaluation-72328-tar-000,1,0.6835319995880127
evaluation-72328-non-000,0,0.7056193351745605
evaluation-72355-tar-000,1,0.7136934995651245
evaluation-72355-non-000,0,0.5988576412200928
evaluation-72531-tar-000,1,0.722925066947937
evaluation-72531-non-000,0,0.5915829539299011
evaluation-7259-tar-000,1,0.7413049936294556
evaluation-7259-non-000,0,0.7368568181991577
evaluation-72646-tar-000,1,0.7437753677368164
evaluation-72646-non-000,0,0.6662864685058594
evaluation-72685-tar-000,1,0.723585844039917
evaluation-72685-non-000,0,0.7708988785743713
evaluation-72718-tar-000,1,0.7980952262878418
evaluation-72718-non-000,0,0.7482181191444397
evaluation-72731-tar-000,1,0.7130069732666016
evaluation-72731-non-000,0,0.6919058561325073
evaluation-72800-tar-000,1,0.6720141172409058
evaluation-72800-non-000,0,0.4707660973072052
evaluation-7285-tar-000,1,0.8266934156417847
evaluation-7285-non-000,0,0.6363281011581421
evaluation-7290-tar-000,1,0.6584566235542297
evaluation-7290-non-000,0,0.6517956852912903
evaluation-7302-tar-000,1,0.6770459413528442
evaluation-7302-non-000,0,0.6615133285522461
evaluation-73086-tar-000,1,0.8082518577575684
evaluation-73086-non-000,0,0.6461428999900818
evaluation-7314-tar-000,1,0.7904012799263
evaluation-7314-non-000,0,0.7430808544158936
evaluation-73366-tar-000,1,0.7332614660263062
evaluation-73366-non-000,0,0.7525606751441956
evaluation-73396-tar-000,1,0.6358097791671753
evaluation-73396-non-000,0,0.5446147322654724
evaluation-7343-tar-000,1,0.7290045022964478
evaluation-7343-non-000,0,0.5912773609161377
evaluation-73465-tar-000,1,0.7235696315765381
evaluation-73465-non-000,0,0.5735517740249634
evaluation-7350-tar-000,1,0.7788918018341064
evaluation-7350-non-000,0,0.6455734968185425
evaluation-7353-tar-000,1,0.8003208637237549
evaluation-7353-non-000,0,0.587615966796875
evaluation-7354-tar-000,1,0.7020655274391174
evaluation-7354-non-000,0,0.6298385262489319
evaluation-73660-tar-000,1,0.7693724632263184
evaluation-73660-non-000,0,0.7765021324157715
evaluation-73814-tar-000,1,0.6657966375350952
evaluation-73814-non-000,0,0.6195971965789795
evaluation-73858-tar-000,1,0.7889035940170288
evaluation-73858-non-000,0,0.5699408650398254
evaluation-73923-tar-000,1,0.6692473888397217
evaluation-73923-non-000,0,0.626444935798645
evaluation-73995-tar-000,1,0.6216765642166138
evaluation-73995-non-000,0,0.7669976949691772
evaluation-74014-tar-000,1,0.6166984438896179
evaluation-74014-non-000,0,0.48656025528907776
evaluation-74028-tar-000,1,0.6425040364265442
evaluation-74028-non-000,0,0.6061294078826904
evaluation-74033-tar-000,1,0.7191519737243652
evaluation-74033-non-000,0,0.7104141712188721
evaluation-7406-tar-000,1,0.7546014785766602
evaluation-7406-non-000,0,0.7952294945716858
evaluation-7408-tar-000,1,0.5593090057373047
evaluation-7408-non-000,0,0.737153172492981
evaluation-74110-tar-000,1,0.750214695930481
evaluation-74110-non-000,0,0.7649205327033997
evaluation-74179-tar-000,1,0.7677825689315796
evaluation-74179-non-000,0,0.7009953856468201
evaluation-74195-tar-000,1,0.7209459543228149
evaluation-74195-non-000,0,0.6471713781356812
evaluation-74234-tar-000,1,0.7273798584938049
evaluation-74234-non-000,0,0.5800526142120361
evaluation-74250-tar-000,1,0.7507092952728271
evaluation-74250-non-000,0,0.6568822860717773
evaluation-7428-tar-000,1,0.724141001701355
evaluation-7428-non-000,0,0.6101090312004089
evaluation-74324-tar-000,1,0.7898639440536499
evaluation-74324-non-000,0,0.7093998789787292
evaluation-74335-tar-000,1,0.6293468475341797
evaluation-74335-non-000,0,0.7712738513946533
evaluation-74357-tar-000,1,0.7810165882110596
evaluation-74357-non-000,0,0.5829094052314758
evaluation-7438-tar-000,1,0.7323311567306519
evaluation-7438-non-000,0,0.6637218594551086
evaluation-74388-tar-000,1,0.6914180517196655
evaluation-74388-non-000,0,0.6902627944946289
evaluation-74481-tar-000,1,0.8331881165504456
evaluation-74481-non-000,0,0.7920958995819092
evaluation-74599-tar-000,1,0.7091959714889526
evaluation-74599-non-000,0,0.745275616645813
evaluation-74720-tar-000,1,0.6891875863075256
evaluation-74720-non-000,0,0.6611667275428772
evaluation-74745-tar-000,1,0.6724094152450562
evaluation-74745-non-000,0,0.6860063672065735
evaluation-74783-tar-000,1,0.7067804336547852
evaluation-74783-non-000,0,0.5548770427703857
evaluation-74953-tar-000,1,0.6388541460037231
evaluation-74953-non-000,0,0.7720824480056763
evaluation-7500-tar-000,1,0.6763788461685181
evaluation-7500-non-000,0,0.5664955973625183
evaluation-75011-tar-000,1,0.7137711048126221
evaluation-75011-non-000,0,0.6384649872779846
evaluation-7511-tar-000,1,0.5651588439941406
evaluation-7511-non-000,0,0.6458609104156494
evaluation-75157-tar-000,1,0.6876557469367981
evaluation-75157-non-000,0,0.767505943775177
evaluation-7516-tar-000,1,0.6328794360160828
evaluation-7516-non-000,0,0.6485579013824463
evaluation-75176-tar-000,1,0.703245997428894
evaluation-75176-non-000,0,0.8151779174804688
evaluation-75192-tar-000,1,0.5807119011878967
evaluation-75192-non-000,0,0.7816433906555176
evaluation-7536-tar-000,1,0.7437731623649597
evaluation-7536-non-000,0,0.7383185625076294
evaluation-7544-tar-000,1,0.7042055726051331
evaluation-7544-non-000,0,0.7184122800827026
evaluation-75442-tar-000,1,0.7785197496414185
evaluation-75442-non-000,0,0.7825116515159607
evaluation-75448-tar-000,1,0.7864784002304077
evaluation-75448-non-000,0,0.693443775177002
evaluation-75451-tar-000,1,0.6959682106971741
evaluation-75451-non-000,0,0.6687121987342834
evaluation-75555-tar-000,1,0.5602768659591675
evaluation-75555-non-000,0,0.7505732774734497
evaluation-75690-tar-000,1,0.7613681554794312
evaluation-75690-non-000,0,0.7362011075019836
evaluation-75753-tar-000,1,0.6100353002548218
evaluation-75753-non-000,0,0.6505167484283447
evaluation-75802-tar-000,1,0.809619665145874
evaluation-75802-non-000,0,0.7207565307617188
evaluation-75849-tar-000,1,0.7503139972686768
evaluation-75849-non-000,0,0.7864493131637573
evaluation-75860-tar-000,1,0.6895897388458252
evaluation-75860-non-000,0,0.7549437284469604
evaluation-75874-tar-000,1,0.8331364989280701
evaluation-75874-non-000,0,0.7331531047821045
evaluation-75945-tar-000,1,0.6904956102371216
evaluation-75945-non-000,0,0.6419647932052612
evaluation-7604-tar-000,1,0.7396914958953857
evaluation-7604-non-000,0,0.6139599084854126
evaluation-76085-tar-000,1,0.7420089244842529
evaluation-76085-non-000,0,0.6736353039741516
evaluation-76101-tar-000,1,0.6862086653709412
evaluation-76101-non-000,0,0.7745846509933472
evaluation-7617-tar-000,1,0.7941653728485107
evaluation-7617-non-000,0,0.6477560997009277
evaluation-76192-tar-000,1,0.652009129524231
evaluation-76192-non-000,0,0.6581921577453613
evaluation-76247-tar-000,1,0.6842742562294006
evaluation-76247-non-000,0,0.6745010018348694
evaluation-76299-tar-000,1,0.583794116973877
evaluation-76299-non-000,0,0.6033014059066772
evaluation-76420-tar-000,1,0.5122109651565552
evaluation-76420-non-000,0,0.6758016347885132
evaluation-7645-tar-000,1,0.6298949122428894
evaluation-7645-non-000,0,0.7247374653816223
evaluation-76453-tar-000,1,0.8344943523406982
evaluation-76453-non-000,0,0.521199107170105
evaluation-7646-tar-000,1,0.8020469546318054
evaluation-7646-non-000,0,0.61895352602005
evaluation-7654-tar-000,1,0.592313289642334
evaluation-7654-non-000,0,0.6827390789985657
evaluation-7655-tar-000,1,0.7390486001968384
evaluation-7655-non-000,0,0.7557485103607178
evaluation-76585-tar-000,1,0.8517143726348877
evaluation-76585-non-000,0,0.7811675071716309
evaluation-76695-tar-000,1,0.6560587882995605
evaluation-76695-non-000,0,0.7376871109008789
evaluation-76719-tar-000,1,0.7490370273590088
evaluation-76719-non-000,0,0.7372417449951172
evaluation-76725-tar-000,1,0.6969569325447083
evaluation-76725-non-000,0,0.6695618629455566
evaluation-7679-tar-000,1,0.8078338503837585
evaluation-7679-non-000,0,0.6732865571975708
evaluation-76862-tar-000,1,0.8131698369979858
evaluation-76862-non-000,0,0.6563178300857544
evaluation-77101-tar-000,1,0.7995012402534485
evaluation-77101-non-000,0,0.6123566627502441
evaluation-7712-tar-000,1,0.7959380149841309
evaluation-7712-non-000,0,0.7988468408584595
evaluation-77175-tar-000,1,0.800445556640625
evaluation-77175-non-000,0,0.5973451137542725
evaluation-7721-tar-000,1,0.8184231519699097
evaluation-7721-non-000,0,0.5175963640213013
evaluation-7726-tar-000,1,0.7987403273582458
evaluation-7726-non-000,0,0.5048363208770752
evaluation-7728-tar-000,1,0.6079535484313965
evaluation-7728-non-000,0,0.7337089776992798
evaluation-7735-tar-000,1,0.7423966526985168
evaluation-7735-non-000,0,0.8011035919189453
evaluation-77351-tar-000,1,0.6378551721572876
evaluation-77351-non-000,0,0.752243161201477
evaluation-77376-tar-000,1,0.8150579333305359
evaluation-77376-non-000,0,0.7824517488479614
evaluation-77486-tar-000,1,0.7700496315956116
evaluation-77486-non-000,0,0.4358121156692505
evaluation-7750-tar-000,1,0.6403293609619141
evaluation-7750-non-000,0,0.590587317943573
evaluation-77571-tar-000,1,0.7319252490997314
evaluation-77571-non-000,0,0.8242663145065308
evaluation-77656-tar-000,1,0.7293037176132202
evaluation-77656-non-000,0,0.5150802135467529
evaluation-77851-tar-000,1,0.794723629951477
evaluation-77851-non-000,0,0.42335787415504456
evaluation-77854-tar-000,1,0.8537575006484985
evaluation-77854-non-000,0,0.7448015213012695
evaluation-77879-tar-000,1,0.7179372906684875
evaluation-77879-non-000,0,0.5911330580711365
evaluation-7789-tar-000,1,0.7687525749206543
evaluation-7789-non-000,0,0.6816067695617676
evaluation-7790-tar-000,1,0.7654738426208496
evaluation-7790-non-000,0,0.7647912502288818
evaluation-7810-tar-000,1,0.7593763470649719
evaluation-7810-non-000,0,0.6296326518058777
evaluation-78247-tar-000,1,0.8124566078186035
evaluation-78247-non-000,0,0.498771607875824
evaluation-78249-tar-000,1,0.7484593391418457
evaluation-78249-non-000,0,0.6741279363632202
evaluation-7827-tar-000,1,0.7158181667327881
evaluation-7827-non-000,0,0.7203106880187988
evaluation-78370-tar-000,1,0.675397515296936
evaluation-78370-non-000,0,0.7439531087875366
evaluation-78400-tar-000,1,0.8129421472549438
evaluation-78400-non-000,0,0.6693927049636841
evaluation-78436-tar-000,1,0.7281931042671204
evaluation-78436-non-000,0,0.7180595397949219
evaluation-78444-tar-000,1,0.8413509726524353
evaluation-78444-non-000,0,0.6235935688018799
evaluation-7846-tar-000,1,0.6612560749053955
evaluation-7846-non-000,0,0.7355073690414429
evaluation-7848-tar-000,1,0.6892040371894836
evaluation-7848-non-000,0,0.6814205050468445
evaluation-7849-tar-000,1,0.7079413533210754
evaluation-7849-non-000,0,0.7174030542373657
evaluation-78540-tar-000,1,0.7018097043037415
evaluation-78540-non-000,0,0.7543264031410217
evaluation-78571-tar-000,1,0.7402413487434387
evaluation-78571-non-000,0,0.7353019714355469
evaluation-78576-tar-000,1,0.7294033169746399
evaluation-78576-non-000,0,0.7221086621284485
evaluation-78584-tar-000,1,0.6925613880157471
evaluation-78584-non-000,0,0.6923875212669373
evaluation-78615-tar-000,1,0.7834155559539795
evaluation-78615-non-000,0,0.7317386865615845
evaluation-78675-tar-000,1,0.8344302773475647
evaluation-78675-non-000,0,0.6638581156730652
evaluation-78752-tar-000,1,0.6817156076431274
evaluation-78752-non-000,0,0.6624445915222168
evaluation-7878-tar-000,1,0.6707420349121094
evaluation-7878-non-000,0,0.7290693521499634
evaluation-78782-tar-000,1,0.7051856517791748
evaluation-78782-non-000,0,0.37025186419487
evaluation-78815-tar-000,1,0.7261807918548584
evaluation-78815-non-000,0,0.615410327911377
evaluation-78826-tar-000,1,0.7241336107254028
evaluation-78826-non-000,0,0.7491288185119629
evaluation-78887-tar-000,1,0.7086671590805054
evaluation-78887-non-000,0,0.5707271695137024
evaluation-78963-tar-000,1,0.5820766091346741
evaluation-78963-non-000,0,0.6591131091117859
evaluation-78972-tar-000,1,0.6403976678848267
evaluation-78972-non-000,0,0.7338907122612
evaluation-79095-tar-000,1,0.5789436101913452
evaluation-79095-non-000,0,0.7217875719070435
evaluation-79255-tar-000,1,0.8013700246810913
evaluation-79255-non-000,0,0.6296013593673706
evaluation-79474-tar-000,1,0.6503937244415283
evaluation-79474-non-000,0,0.6725107431411743
evaluation-79521-tar-000,1,0.7547490000724792
evaluation-79521-non-000,0,0.6667203903198242
evaluation-79581-tar-000,1,0.5987570285797119
evaluation-79581-non-000,0,0.6138870716094971
evaluation-7964-tar-000,1,0.7279512882232666
evaluation-7964-non-000,0,0.7173079252243042
evaluation-7972-tar-000,1,0.8041082620620728
evaluation-7972-non-000,0,0.7845732569694519
evaluation-79776-tar-000,1,0.7313224077224731
evaluation-79776-non-000,0,0.762917697429657
evaluation-79798-tar-000,1,0.6312142610549927
evaluation-79798-non-000,0,0.5645109415054321
evaluation-79807-tar-000,1,0.7826210856437683
evaluation-79807-non-000,0,0.6586266756057739
evaluation-7983-tar-000,1,0.6971622109413147
evaluation-7983-non-000,0,0.7592228651046753
evaluation-79843-tar-000,1,0.712398886680603
evaluation-79843-non-000,0,0.778552234172821
evaluation-7989-tar-000,1,0.7896138429641724
evaluation-7989-non-000,0,0.7343610525131226
evaluation-79980-tar-000,1,0.7677494287490845
evaluation-79980-non-000,0,0.7116276025772095
evaluation-79991-tar-000,1,0.8233140707015991
evaluation-79991-non-000,0,0.604576826095581
evaluation-80153-tar-000,1,0.7157211303710938
evaluation-80153-non-000,0,0.7020207643508911
evaluation-80180-tar-000,1,0.8318814039230347
evaluation-80180-non-000,0,0.6768358945846558
evaluation-8019-tar-000,1,0.726533830165863
evaluation-8019-non-000,0,0.7624129056930542
evaluation-80210-tar-000,1,0.7030529975891113
evaluation-80210-non-000,0,0.70967698097229
evaluation-80221-tar-000,1,0.785051167011261
evaluation-80221-non-000,0,0.6759893894195557
evaluation-8023-tar-000,1,0.744217038154602
evaluation-8023-non-000,0,0.6699352264404297
evaluation-8027-tar-000,1,0.7698423266410828
evaluation-8027-non-000,0,0.7907113432884216
evaluation-8028-tar-000,1,0.655647873878479
evaluation-8028-non-000,0,0.6520972847938538
evaluation-80353-tar-000,1,0.6488874554634094
evaluation-80353-non-000,0,0.7701162099838257
evaluation-8041-tar-000,1,0.8303107619285583
evaluation-8041-non-000,0,0.6550754308700562
evaluation-80449-tar-000,1,0.7533931732177734
evaluation-80449-non-000,0,0.7902379035949707
evaluation-80504-tar-000,1,0.831615686416626
evaluation-80504-non-000,0,0.7506400346755981
evaluation-8068-tar-000,1,0.7825438380241394
evaluation-8068-non-000,0,0.6768308877944946
evaluation-80710-tar-000,1,0.7639076709747314
evaluation-80710-non-000,0,0.6317412257194519
evaluation-80773-tar-000,1,0.6806795001029968
evaluation-80773-non-000,0,0.7451290488243103
evaluation-80793-tar-000,1,0.6465557813644409
evaluation-80793-non-000,0,0.5707635879516602
evaluation-80798-tar-000,1,0.7734756469726562
evaluation-80798-non-000,0,0.6787832379341125
evaluation-80806-tar-000,1,0.5853445529937744
evaluation-80806-non-000,0,0.7180205583572388
evaluation-80900-tar-000,1,0.7784522771835327
evaluation-80900-non-000,0,0.5341570377349854
evaluation-80935-tar-000,1,0.6072162389755249
evaluation-80935-non-000,0,0.6606446504592896
evaluation-80938-tar-000,1,0.7026749849319458
evaluation-80938-non-000,0,0.7593085765838623
evaluation-8097-tar-000,1,0.7032687067985535
evaluation-8097-non-000,0,0.6700303554534912
evaluation-81034-tar-000,1,0.6488243341445923
evaluation-81034-non-000,0,0.7172695994377136
evaluation-81103-tar-000,1,0.7570843696594238
evaluation-81103-non-000,0,0.6148442029953003
evaluation-81106-tar-000,1,0.6112037897109985
evaluation-81106-non-000,0,0.7404245734214783
evaluation-81111-tar-000,1,0.7665219902992249
evaluation-81111-non-000,0,0.6405130624771118
evaluation-81119-tar-000,1,0.7362905740737915
evaluation-81119-non-000,0,0.6586008667945862
evaluation-81128-tar-000,1,0.7778304815292358
evaluation-81128-non-000,0,0.5172053575515747
evaluation-81174-tar-000,1,0.8000505566596985
evaluation-81174-non-000,0,0.714076042175293
evaluation-81271-tar-000,1,0.66362464427948
evaluation-81271-non-000,0,0.7971897125244141
evaluation-81276-tar-000,1,0.7797638177871704
evaluation-81276-non-000,0,0.648435115814209
evaluation-81309-tar-000,1,0.8138625025749207
evaluation-81309-non-000,0,0.6680331826210022
evaluation-8143-tar-000,1,0.7807480692863464
evaluation-8143-non-000,0,0.6255464553833008
evaluation-81441-tar-000,1,0.7603487968444824
evaluation-81441-non-000,0,0.7820107936859131
evaluation-81455-tar-000,1,0.7142717242240906
evaluation-81455-non-000,0,0.5820159912109375
evaluation-81823-tar-000,1,0.6351392269134521
evaluation-81823-non-000,0,0.729665994644165
evaluation-8185-tar-000,1,0.6524837613105774
evaluation-8185-non-000,0,0.673278272151947
evaluation-81858-tar-000,1,0.7875592708587646
evaluation-81858-non-000,0,0.720458984375
evaluation-8191-tar-000,1,0.7102799415588379
evaluation-8191-non-000,0,0.700218677520752
evaluation-81913-tar-000,1,0.8096988201141357
evaluation-81913-non-000,0,0.6971523761749268
evaluation-81963-tar-000,1,0.645374596118927
evaluation-81963-non-000,0,0.6757856607437134
evaluation-8203-tar-000,1,0.7464910745620728
evaluation-8203-non-000,0,0.8232007622718811
evaluation-82040-tar-000,1,0.7538834810256958
evaluation-82040-non-000,0,0.710277259349823
evaluation-8210-tar-000,1,0.6610394716262817
evaluation-8210-non-000,0,0.6338765621185303
evaluation-8215-tar-000,1,0.6595346331596375
evaluation-8215-non-000,0,0.7564467787742615
evaluation-8216-tar-000,1,0.761784553527832
evaluation-8216-non-000,0,0.628939688205719
evaluation-8219-tar-000,1,0.8025040626525879
evaluation-8219-non-000,0,0.6987380981445312
evaluation-82273-tar-000,1,0.7174252867698669
evaluation-82273-non-000,0,0.7238782644271851
evaluation-82342-tar-000,1,0.698009729385376
evaluation-82342-non-000,0,0.7190134525299072
evaluation-8236-tar-000,1,0.693493664264679
evaluation-8236-non-000,0,0.6065868139266968
evaluation-82421-tar-000,1,0.6564856767654419
evaluation-82421-non-000,0,0.673780083656311
evaluation-82603-tar-000,1,0.7194671630859375
evaluation-82603-non-000,0,0.7764654159545898
evaluation-82641-tar-000,1,0.6246985197067261
evaluation-82641-non-000,0,0.7228041887283325
evaluation-82842-tar-000,1,0.6740764379501343
evaluation-82842-non-000,0,0.7033287286758423
evaluation-82847-tar-000,1,0.6740338206291199
evaluation-82847-non-000,0,0.7007499933242798
evaluation-8299-tar-000,1,0.6928493976593018
evaluation-8299-non-000,0,0.7226990461349487
evaluation-83006-tar-000,1,0.7079905271530151
evaluation-83006-non-000,0,0.6512235403060913
evaluation-83028-tar-000,1,0.6829161643981934
evaluation-83028-non-000,0,0.7315819263458252
evaluation-83094-tar-000,1,0.6819741725921631
evaluation-83094-non-000,0,0.575426459312439
evaluation-83204-tar-000,1,0.6700953245162964
evaluation-83204-non-000,0,0.5247024297714233
evaluation-8328-tar-000,1,0.6267015933990479
evaluation-8328-non-000,0,0.6387134790420532
evaluation-8335-tar-000,1,0.66190505027771
evaluation-8335-non-000,0,0.7154659032821655
evaluation-83355-tar-000,1,0.6626148819923401
evaluation-83355-non-000,0,0.5875171422958374
evaluation-83674-tar-000,1,0.7881786823272705
evaluation-83674-non-000,0,0.7171912789344788
evaluation-83696-tar-000,1,0.7754728198051453
evaluation-83696-non-000,0,0.663621187210083
evaluation-8383-tar-000,1,0.5624594688415527
evaluation-8383-non-000,0,0.6668282747268677
evaluation-83839-tar-000,1,0.7601574063301086
evaluation-83839-non-000,0,0.7727023363113403
evaluation-83905-tar-000,1,0.7013216018676758
evaluation-83905-non-000,0,0.6883692741394043
evaluation-83918-tar-000,1,0.7355512976646423
evaluation-83918-non-000,0,0.7383409738540649
evaluation-83927-tar-000,1,0.8494065403938293
evaluation-83927-non-000,0,0.6306420564651489
evaluation-83995-tar-000,1,0.6630483865737915
evaluation-83995-non-000,0,0.6189127564430237
evaluation-8407-tar-000,1,0.803809404373169
evaluation-8407-non-000,0,0.5494675636291504
evaluation-84075-tar-000,1,0.624303936958313
evaluation-84075-non-000,0,0.7144218683242798
evaluation-84160-tar-000,1,0.7674515247344971
evaluation-84160-non-000,0,0.6918278336524963
evaluation-84187-tar-000,1,0.7583868503570557
evaluation-84187-non-000,0,0.6699798107147217
evaluation-84300-tar-000,1,0.7928167581558228
evaluation-84300-non-000,0,0.6773954629898071
evaluation-84457-tar-000,1,0.6826502084732056
evaluation-84457-non-000,0,0.5325579643249512
evaluation-84512-tar-000,1,0.7390384674072266
evaluation-84512-non-000,0,0.705437958240509
evaluation-8452-tar-000,1,0.7347497344017029
evaluation-8452-non-000,0,0.7250684499740601
evaluation-8453-tar-000,1,0.6094701290130615
evaluation-8453-non-000,0,0.462267130613327
evaluation-84544-tar-000,1,0.7851417064666748
evaluation-84544-non-000,0,0.630794107913971
evaluation-84547-tar-000,1,0.630521833896637
evaluation-84547-non-000,0,0.5854665040969849
evaluation-84649-tar-000,1,0.7381301522254944
evaluation-84649-non-000,0,0.7676555514335632
evaluation-84693-tar-000,1,0.6812409162521362
evaluation-84693-non-000,0,0.7520043849945068
evaluation-84704-tar-000,1,0.7579048871994019
evaluation-84704-non-000,0,0.6712546348571777
evaluation-84753-tar-000,1,0.7385283708572388
evaluation-84753-non-000,0,0.7164504528045654
evaluation-84929-tar-000,1,0.7687804102897644
evaluation-84929-non-000,0,0.6129504442214966
evaluation-8494-tar-000,1,0.7417383193969727
evaluation-8494-non-000,0,0.7268058061599731
evaluation-8502-tar-000,1,0.7714799642562866
evaluation-8502-non-000,0,0.6856973171234131
evaluation-85201-tar-000,1,0.7231248617172241
evaluation-85201-non-000,0,0.5031226277351379
evaluation-8522-tar-000,1,0.7887105941772461
evaluation-8522-non-000,0,0.5964323878288269
evaluation-8527-tar-000,1,0.6974571943283081
evaluation-8527-non-000,0,0.8164138793945312
evaluation-85286-tar-000,1,0.6509458422660828
evaluation-85286-non-000,0,0.7287865877151489
evaluation-85319-tar-000,1,0.7580897808074951
evaluation-85319-non-000,0,0.7838232517242432
evaluation-85396-tar-000,1,0.8474780321121216
evaluation-85396-non-000,0,0.6785480976104736
evaluation-85421-tar-000,1,0.7240075469017029
evaluation-85421-non-000,0,0.6970755457878113
evaluation-8557-tar-000,1,0.6747512817382812
evaluation-8557-non-000,0,0.5520970821380615
evaluation-85676-tar-000,1,0.7264581322669983
evaluation-85676-non-000,0,0.6870299577713013
evaluation-85750-tar-000,1,0.7352737188339233
evaluation-85750-non-000,0,0.5987839698791504
evaluation-85778-tar-000,1,0.5652923583984375
evaluation-85778-non-000,0,0.7277482748031616
evaluation-85871-tar-000,1,0.6902365684509277
evaluation-85871-non-000,0,0.7492164373397827
evaluation-8602-tar-000,1,0.7676403522491455
evaluation-8602-non-000,0,0.5042009353637695
evaluation-86107-tar-000,1,0.6480237245559692
evaluation-86107-non-000,0,0.6307779550552368
evaluation-8614-tar-000,1,0.6742674112319946
evaluation-8614-non-000,0,0.7294230461120605
evaluation-86151-tar-000,1,0.6865464448928833
evaluation-86151-non-000,0,0.690967321395874
evaluation-86198-tar-000,1,0.7796255350112915
evaluation-86198-non-000,0,0.7401375770568848
evaluation-86245-tar-000,1,0.7403960227966309
evaluation-86245-non-000,0,0.6408513784408569
evaluation-8628-tar-000,1,0.8337612748146057
evaluation-8628-non-000,0,0.7448658347129822
evaluation-8630-tar-000,1,0.6612873077392578
evaluation-8630-non-000,0,0.667190432548523
evaluation-86376-tar-000,1,0.7675045728683472
evaluation-86376-non-000,0,0.720503032207489
evaluation-8639-tar-000,1,0.5249320268630981
evaluation-8639-non-000,0,0.6999077796936035
evaluation-8640-tar-000,1,0.6609433889389038
evaluation-8640-non-000,0,0.6453628540039062
evaluation-86470-tar-000,1,0.729913592338562
evaluation-86470-non-000,0,0.705942690372467
evaluation-86478-tar-000,1,0.6345173120498657
evaluation-86478-non-000,0,0.5606324672698975
evaluation-86519-tar-000,1,0.5695112347602844
evaluation-86519-non-000,0,0.7137460708618164
evaluation-86577-tar-000,1,0.3703480362892151
evaluation-86577-non-000,0,0.4573937654495239
evaluation-86591-tar-000,1,0.8349007368087769
evaluation-86591-non-000,0,0.4992883801460266
evaluation-86799-tar-000,1,0.7330730557441711
evaluation-86799-non-000,0,0.6357713937759399
evaluation-86926-tar-000,1,0.530517578125
evaluation-86926-non-000,0,0.7896088361740112
evaluation-86945-tar-000,1,0.6073850989341736
evaluation-86945-non-000,0,0.7403391599655151
evaluation-8697-tar-000,1,0.6204801797866821
evaluation-8697-non-000,0,0.7123104333877563
evaluation-87016-tar-000,1,0.6943061351776123
evaluation-87016-non-000,0,0.6863855719566345
evaluation-87176-tar-000,1,0.5861676335334778
evaluation-87176-non-000,0,0.6341120600700378
evaluation-8724-tar-000,1,0.6617816686630249
evaluation-8724-non-000,0,0.4470524191856384
evaluation-87313-tar-000,1,0.7379798889160156
evaluation-87313-non-000,0,0.6517444252967834
evaluation-87338-tar-000,1,0.782219648361206
evaluation-87338-non-000,0,0.7204691171646118
evaluation-87362-tar-000,1,0.7535074949264526
evaluation-87362-non-000,0,0.501374363899231
evaluation-87450-tar-000,1,0.5921312570571899
evaluation-87450-non-000,0,0.5950665473937988
evaluation-8746-tar-000,1,0.5884901285171509
evaluation-8746-non-000,0,0.4749193489551544
evaluation-8756-tar-000,1,0.7955994009971619
evaluation-8756-non-000,0,0.7153396606445312
evaluation-87577-tar-000,1,0.7472820281982422
evaluation-87577-non-000,0,0.7782952189445496
evaluation-87601-tar-000,1,0.7436715364456177
evaluation-87601-non-000,0,0.7163885235786438
evaluation-8765-tar-000,1,0.7481973171234131
evaluation-8765-non-000,0,0.6072832345962524
evaluation-87711-tar-000,1,0.7946598529815674
evaluation-87711-non-000,0,0.5489826202392578
evaluation-87720-tar-000,1,0.7750062346458435
evaluation-87720-non-000,0,0.6776593327522278
evaluation-87722-tar-000,1,0.6453468203544617
evaluation-87722-non-000,0,0.7074735164642334
evaluation-87876-tar-000,1,0.6520205736160278
evaluation-87876-non-000,0,0.6081185340881348
evaluation-87923-tar-000,1,0.8072633147239685
evaluation-87923-non-000,0,0.7378881573677063
evaluation-8796-tar-000,1,0.7290485501289368
evaluation-8796-non-000,0,0.6306159496307373
evaluation-8804-tar-000,1,0.7596946358680725
evaluation-8804-non-000,0,0.8633685111999512
evaluation-88060-tar-000,1,0.6895195245742798
evaluation-88060-non-000,0,0.692650556564331
evaluation-8814-tar-000,1,0.7472707033157349
evaluation-8814-non-000,0,0.7559077143669128
evaluation-88156-tar-000,1,0.6668939590454102
evaluation-88156-non-000,0,0.7251303195953369
evaluation-88170-tar-000,1,0.6456819176673889
evaluation-88170-non-000,0,0.7182564735412598
evaluation-88313-tar-000,1,0.6999131441116333
evaluation-88313-non-000,0,0.724567711353302
evaluation-8836-tar-000,1,0.7257887125015259
evaluation-8836-non-000,0,0.6638577580451965
evaluation-88458-tar-000,1,0.7813187837600708
evaluation-88458-non-000,0,0.6299059391021729
evaluation-88524-tar-000,1,0.7131044864654541
evaluation-88524-non-000,0,0.7962352633476257
evaluation-88576-tar-000,1,0.7260565757751465
evaluation-88576-non-000,0,0.790391743183136
evaluation-88582-tar-000,1,0.735032320022583
evaluation-88582-non-000,0,0.7571982145309448
evaluation-88689-tar-000,1,0.6600879430770874
evaluation-88689-non-000,0,0.7580400705337524
evaluation-88747-tar-000,1,0.7334620356559753
evaluation-88747-non-000,0,0.6852582693099976
evaluation-88780-tar-000,1,0.7377995252609253
evaluation-88780-non-000,0,0.6349471807479858
evaluation-88791-tar-000,1,0.7926493287086487
evaluation-88791-non-000,0,0.627383828163147
evaluation-8896-tar-000,1,0.8333946466445923
evaluation-8896-non-000,0,0.7280906438827515
evaluation-89005-tar-000,1,0.8323982954025269
evaluation-89005-non-000,0,0.6490747332572937
evaluation-89027-tar-000,1,0.7447410821914673
evaluation-89027-non-000,0,0.7896628975868225
evaluation-89054-tar-000,1,0.6666960716247559
evaluation-89054-non-000,0,0.681587815284729
evaluation-89120-tar-000,1,0.6669510006904602
evaluation-89120-non-000,0,0.7223637104034424
evaluation-89255-tar-000,1,0.7644621133804321
evaluation-89255-non-000,0,0.8343731164932251
evaluation-89335-tar-000,1,0.7259404063224792
evaluation-89335-non-000,0,0.6390998363494873
evaluation-89340-tar-000,1,0.871624231338501
evaluation-89340-non-000,0,0.4481407701969147
evaluation-89346-tar-000,1,0.535754919052124
evaluation-89346-non-000,0,0.691713809967041
evaluation-89381-tar-000,1,0.6942679286003113
evaluation-89381-non-000,0,0.6112378835678101
evaluation-89557-tar-000,1,0.5360097885131836
evaluation-89557-non-000,0,0.6841253042221069
evaluation-89604-tar-000,1,0.7156086564064026
evaluation-89604-non-000,0,0.6709899306297302
evaluation-89615-tar-000,1,0.7903695702552795
evaluation-89615-non-000,0,0.6049985885620117
evaluation-89631-tar-000,1,0.7042017579078674
evaluation-89631-non-000,0,0.5993738174438477
evaluation-89757-tar-000,1,0.7439366579055786
evaluation-89757-non-000,0,0.7550592422485352
evaluation-89766-tar-000,1,0.7682689428329468
evaluation-89766-non-000,0,0.677001953125
evaluation-89782-tar-000,1,0.6920025944709778
evaluation-89782-non-000,0,0.6404061317443848
evaluation-89818-tar-000,1,0.6498457193374634
evaluation-89818-non-000,0,0.737444281578064
evaluation-89822-tar-000,1,0.7722123861312866
evaluation-89822-non-000,0,0.7047742605209351
evaluation-8983-tar-000,1,0.7773244380950928
evaluation-8983-non-000,0,0.6397982239723206
evaluation-90024-tar-000,1,0.7390289902687073
evaluation-90024-non-000,0,0.5499000549316406
evaluation-90032-tar-000,1,0.7515612840652466
evaluation-90032-non-000,0,0.650032639503479
evaluation-90038-tar-000,1,0.7742677927017212
evaluation-90038-non-000,0,0.7350590229034424
evaluation-90117-tar-000,1,0.7391352653503418
evaluation-90117-non-000,0,0.6711299419403076
evaluation-90145-tar-000,1,0.6551960706710815
evaluation-90145-non-000,0,0.7325555086135864
evaluation-90148-tar-000,1,0.7784496545791626
evaluation-90148-non-000,0,0.6990965604782104
evaluation-90169-tar-000,1,0.8800375461578369
evaluation-90169-non-000,0,0.7359796762466431
evaluation-90257-tar-000,1,0.6766583323478699
evaluation-90257-non-000,0,0.7284848093986511
evaluation-90301-tar-000,1,0.7262293100357056
evaluation-90301-non-000,0,0.7288047075271606
evaluation-90304-tar-000,1,0.8441791534423828
evaluation-90304-non-000,0,0.6129933595657349
evaluation-90381-tar-000,1,0.6804174184799194
evaluation-90381-non-000,0,0.7205864787101746
evaluation-90414-tar-000,1,0.7094728946685791
evaluation-90414-non-000,0,0.7188835740089417
evaluation-90469-tar-000,1,0.734993577003479
evaluation-90469-non-000,0,0.7509430050849915
evaluation-90562-tar-000,1,0.6869125366210938
evaluation-90562-non-000,0,0.6030486822128296
evaluation-90631-tar-000,1,0.7746994495391846
evaluation-90631-non-000,0,0.7563304305076599
evaluation-90862-tar-000,1,0.6977455615997314
evaluation-90862-non-000,0,0.6101581454277039
evaluation-90875-tar-000,1,0.7237917184829712
evaluation-90875-non-000,0,0.7003679275512695
evaluation-90939-tar-000,1,0.6246866583824158
evaluation-90939-non-000,0,0.760779857635498
evaluation-9109-tar-000,1,0.7618837356567383
evaluation-9109-non-000,0,0.8007858395576477
evaluation-91106-tar-000,1,0.6283771395683289
evaluation-91106-non-000,0,0.7742022275924683
evaluation-91166-tar-000,1,0.7142735123634338
evaluation-91166-non-000,0,0.6942260265350342
evaluation-91205-tar-000,1,0.7046980857849121
evaluation-91205-non-000,0,0.6498996615409851
evaluation-9125-tar-000,1,0.7474818229675293
evaluation-9125-non-000,0,0.6495836973190308
evaluation-91433-tar-000,1,0.7411746978759766
evaluation-91433-non-000,0,0.7132712602615356
evaluation-91441-tar-000,1,0.7816042900085449
evaluation-91441-non-000,0,0.693659782409668
evaluation-91466-tar-000,1,0.7101453542709351
evaluation-91466-non-000,0,0.7324584126472473
evaluation-9148-tar-000,1,0.7979040741920471
evaluation-9148-non-000,0,0.5622924566268921
evaluation-91496-tar-000,1,0.8161956071853638
evaluation-91496-non-000,0,0.4210593104362488
evaluation-91543-tar-000,1,0.6728320717811584
evaluation-91543-non-000,0,0.6010837554931641
evaluation-91642-tar-000,1,0.7972762584686279
evaluation-91642-non-000,0,0.7440310716629028
evaluation-9165-tar-000,1,0.7426748871803284
evaluation-9165-non-000,0,0.6847822070121765
evaluation-91719-tar-000,1,0.7738404870033264
evaluation-91719-non-000,0,0.7079430222511292
evaluation-9179-tar-000,1,0.7231455445289612
evaluation-9179-non-000,0,0.6999802589416504
evaluation-91798-tar-000,1,0.7065816521644592
evaluation-91798-non-000,0,0.678962767124176
evaluation-91823-tar-000,1,0.7097369432449341
evaluation-91823-non-000,0,0.7319623231887817
evaluation-91886-tar-000,1,0.5763619542121887
evaluation-91886-non-000,0,0.6570959091186523
evaluation-9195-tar-000,1,0.699102520942688
evaluation-9195-non-000,0,0.4749528169631958
evaluation-9197-tar-000,1,0.7299168705940247
evaluation-9197-non-000,0,0.7236238718032837
evaluation-91974-tar-000,1,0.7179304361343384
evaluation-91974-non-000,0,0.5848492383956909
evaluation-92007-tar-000,1,0.6686888933181763
evaluation-92007-non-000,0,0.7184871435165405
evaluation-9210-tar-000,1,0.7460829615592957
evaluation-9210-non-000,0,0.7043810486793518
evaluation-92133-tar-000,1,0.7628374695777893
evaluation-92133-non-000,0,0.5767971277236938
evaluation-92260-tar-000,1,0.760151207447052
evaluation-92260-non-000,0,0.6728420853614807
evaluation-9229-tar-000,1,0.6262479424476624
evaluation-9229-non-000,0,0.6131659746170044
evaluation-9240-tar-000,1,0.5874199867248535
evaluation-9240-non-000,0,0.61262047290802
evaluation-9241-tar-000,1,0.7412190437316895
evaluation-9241-non-000,0,0.6470162272453308
evaluation-92438-tar-000,1,0.7501404881477356
evaluation-92438-non-000,0,0.44695165753364563
evaluation-92488-tar-000,1,0.7675681710243225
evaluation-92488-non-000,0,0.7445985078811646
evaluation-92630-tar-000,1,0.7567473649978638
evaluation-92630-non-000,0,0.6624301671981812
evaluation-92652-tar-000,1,0.7065491080284119
evaluation-92652-non-000,0,0.74859619140625
evaluation-92787-tar-000,1,0.8100442886352539
evaluation-92787-non-000,0,0.6621940732002258
evaluation-92825-tar-000,1,0.7937980890274048
evaluation-92825-non-000,0,0.594828724861145
evaluation-92845-tar-000,1,0.5423258543014526
evaluation-92845-non-000,0,0.7524762749671936
evaluation-92853-tar-000,1,0.8033665418624878
evaluation-92853-non-000,0,0.6865042448043823
evaluation-9286-tar-000,1,0.7160040140151978
evaluation-9286-non-000,0,0.6262985467910767
evaluation-9291-tar-000,1,0.5730090141296387
evaluation-9291-non-000,0,0.7610799074172974
evaluation-9303-tar-000,1,0.6288185715675354
evaluation-9303-non-000,0,0.5172311663627625
evaluation-93034-tar-000,1,0.8369020223617554
evaluation-93034-non-000,0,0.6843345165252686
evaluation-93042-tar-000,1,0.6769270896911621
evaluation-93042-non-000,0,0.7243295311927795
evaluation-93169-tar-000,1,0.7221782207489014
evaluation-93169-non-000,0,0.5562278032302856
evaluation-93210-tar-000,1,0.7395716905593872
evaluation-93210-non-000,0,0.6870862245559692
evaluation-93279-tar-000,1,0.719808042049408
evaluation-93279-non-000,0,0.5968338251113892
evaluation-93375-tar-000,1,0.643882155418396
evaluation-93375-non-000,0,0.5195667147636414
evaluation-93449-tar-000,1,0.8062716722488403
evaluation-93449-non-000,0,0.6376595497131348
evaluation-9355-tar-000,1,0.5888965129852295
evaluation-9355-non-000,0,0.4757043719291687
evaluation-93660-tar-000,1,0.5715320706367493
evaluation-93660-non-000,0,0.46951380372047424
evaluation-93718-tar-000,1,0.796836793422699
evaluation-93718-non-000,0,0.6016068458557129
evaluation-93735-tar-000,1,0.6079540252685547
evaluation-93735-non-000,0,0.7623274326324463
evaluation-93740-tar-000,1,0.7989422082901001
evaluation-93740-non-000,0,0.4412969946861267
evaluation-93811-tar-000,1,0.5678328275680542
evaluation-93811-non-000,0,0.7544907331466675
evaluation-93853-tar-000,1,0.7194737195968628
evaluation-93853-non-000,0,0.5576578378677368
evaluation-93886-tar-000,1,0.724889874458313
evaluation-93886-non-000,0,0.7118440866470337
evaluation-93930-tar-000,1,0.676897406578064
evaluation-93930-non-000,0,0.6927397847175598
evaluation-9403-tar-000,1,0.8439407348632812
evaluation-9403-non-000,0,0.6078675985336304
evaluation-9410-tar-000,1,0.6961166858673096
evaluation-9410-non-000,0,0.7902004718780518
evaluation-94105-tar-000,1,0.6497747302055359
evaluation-94105-non-000,0,0.6357682347297668
evaluation-94125-tar-000,1,0.5594019889831543
evaluation-94125-non-000,0,0.47726988792419434
evaluation-94226-tar-000,1,0.6532890796661377
evaluation-94226-non-000,0,0.6406115293502808
evaluation-94267-tar-000,1,0.6537812948226929
evaluation-94267-non-000,0,0.45945483446121216
evaluation-94270-tar-000,1,0.7014703750610352
evaluation-94270-non-000,0,0.7025471925735474
evaluation-94314-tar-000,1,0.6106947660446167
evaluation-94314-non-000,0,0.7403792142868042
evaluation-94421-tar-000,1,0.6602805852890015
evaluation-94421-non-000,0,0.7338199615478516
evaluation-94528-tar-000,1,0.6733872294425964
evaluation-94528-non-000,0,0.7115718722343445
evaluation-94550-tar-000,1,0.8081225752830505
evaluation-94550-non-000,0,0.5580620765686035
evaluation-94586-tar-000,1,0.8065454959869385
evaluation-94586-non-000,0,0.7020719051361084
evaluation-94633-tar-000,1,0.7652239799499512
evaluation-94633-non-000,0,0.742521345615387
evaluation-94663-tar-000,1,0.7825793623924255
evaluation-94663-non-000,0,0.7365996837615967
evaluation-94668-tar-000,1,0.8648091554641724
evaluation-94668-non-000,0,0.6592062711715698
evaluation-9469-tar-000,1,0.7953567504882812
evaluation-9469-non-000,0,0.7394969463348389
evaluation-94740-tar-000,1,0.5944229364395142
evaluation-94740-non-000,0,0.7287403345108032
evaluation-94828-tar-000,1,0.7464475631713867
evaluation-94828-non-000,0,0.7199450135231018
evaluation-9485-tar-000,1,0.7137307524681091
evaluation-9485-non-000,0,0.7070506811141968
evaluation-94855-tar-000,1,0.6759172677993774
evaluation-94855-non-000,0,0.7062090039253235
evaluation-94971-tar-000,1,0.7265910506248474
evaluation-94971-non-000,0,0.5610359311103821
evaluation-95006-tar-000,1,0.682947039604187
evaluation-95006-non-000,0,0.7674575448036194
evaluation-95020-tar-000,1,0.7547290921211243
evaluation-95020-non-000,0,0.6082872152328491
evaluation-95031-tar-000,1,0.7679421305656433
evaluation-95031-non-000,0,0.6019182205200195
evaluation-95045-tar-000,1,0.7170319557189941
evaluation-95045-non-000,0,0.6597113013267517
evaluation-95072-tar-000,1,0.7232171297073364
evaluation-95072-non-000,0,0.7125288844108582
evaluation-9512-tar-000,1,0.7745275497436523
evaluation-9512-non-000,0,0.8300424814224243
evaluation-95166-tar-000,1,0.7673380374908447
evaluation-95166-non-000,0,0.7174754738807678
evaluation-95174-tar-000,1,0.8211297988891602
evaluation-95174-non-000,0,0.659244179725647
evaluation-95198-tar-000,1,0.7715879082679749
evaluation-95198-non-000,0,0.7081683874130249
evaluation-9522-tar-000,1,0.8320161700248718
evaluation-9522-non-000,0,0.7469401359558105
evaluation-95229-tar-000,1,0.7184929847717285
evaluation-95229-non-000,0,0.788698673248291
evaluation-95295-tar-000,1,0.7845277786254883
evaluation-95295-non-000,0,0.6591315865516663
evaluation-95300-tar-000,1,0.6292026042938232
evaluation-95300-non-000,0,0.6109318733215332
evaluation-95303-tar-000,1,0.7801068425178528
evaluation-95303-non-000,0,0.6596758961677551
evaluation-95328-tar-000,1,0.7207768559455872
evaluation-95328-non-000,0,0.7265022993087769
evaluation-95388-tar-000,1,0.6862163543701172
evaluation-95388-non-000,0,0.6768124103546143
evaluation-9539-tar-000,1,0.6845583915710449
evaluation-9539-non-000,0,0.7087035775184631
evaluation-95424-tar-000,1,0.6914397478103638
evaluation-95424-non-000,0,0.4552417993545532
evaluation-95459-tar-000,1,0.7579670548439026
evaluation-95459-non-000,0,0.6793920397758484
evaluation-9549-tar-000,1,0.7503424882888794
evaluation-9549-non-000,0,0.67657470703125
evaluation-95789-tar-000,1,0.5886026620864868
evaluation-95789-non-000,0,0.7798956036567688
evaluation-95962-tar-000,1,0.7695452570915222
evaluation-95962-non-000,0,0.5876308679580688
evaluation-96017-tar-000,1,0.8310485482215881
evaluation-96017-non-000,0,0.8050582408905029
evaluation-96130-tar-000,1,0.8130526542663574
evaluation-96130-non-000,0,0.7240960597991943
evaluation-9620-tar-000,1,0.8097238540649414
evaluation-9620-non-000,0,0.7456409335136414
evaluation-96371-tar-000,1,0.6878455877304077
evaluation-96371-non-000,0,0.7380541563034058
evaluation-96418-tar-000,1,0.6862913370132446
evaluation-96418-non-000,0,0.5725484490394592
evaluation-96443-tar-000,1,0.783049464225769
evaluation-96443-non-000,0,0.7052327394485474
evaluation-96577-tar-000,1,0.7809956073760986
evaluation-96577-non-000,0,0.6973468065261841
evaluation-96613-tar-000,1,0.7504197359085083
evaluation-96613-non-000,0,0.6777671575546265
evaluation-96643-tar-000,1,0.7226062417030334
evaluation-96643-non-000,0,0.43201398849487305
evaluation-9666-tar-000,1,0.6844291687011719
evaluation-9666-non-000,0,0.6493233442306519
evaluation-96665-tar-000,1,0.7960922718048096
evaluation-96665-non-000,0,0.649523138999939
evaluation-96676-tar-000,1,0.7055327892303467
evaluation-96676-non-000,0,0.56124347448349
evaluation-96701-tar-000,1,0.6272807121276855
evaluation-96701-non-000,0,0.6778202056884766
evaluation-96706-tar-000,1,0.7038363814353943
evaluation-96706-non-000,0,0.6898983120918274
evaluation-96712-tar-000,1,0.8423270583152771
evaluation-96712-non-000,0,0.6826835870742798
evaluation-96767-tar-000,1,0.6879253387451172
evaluation-96767-non-000,0,0.7210733890533447
evaluation-96844-tar-000,1,0.6244568824768066
evaluation-96844-non-000,0,0.650057315826416
evaluation-9696-tar-000,1,0.8077877759933472
evaluation-9696-non-000,0,0.6732015609741211
evaluation-96984-tar-000,1,0.6557812094688416
evaluation-96984-non-000,0,0.7887835502624512
evaluation-9705-tar-000,1,0.8074454069137573
evaluation-9705-non-000,0,0.6382005214691162
evaluation-9706-tar-000,1,0.712646484375
evaluation-9706-non-000,0,0.8215843439102173
evaluation-97072-tar-000,1,0.7287517786026001
evaluation-97072-non-000,0,0.7015478610992432
evaluation-9737-tar-000,1,0.6845060586929321
evaluation-9737-non-000,0,0.6251389980316162
evaluation-97434-tar-000,1,0.7313299179077148
evaluation-97434-non-000,0,0.6398150324821472
evaluation-9752-tar-000,1,0.6694148182868958
evaluation-9752-non-000,0,0.6383322477340698
evaluation-97550-tar-000,1,0.7853808403015137
evaluation-97550-non-000,0,0.6192337274551392
evaluation-97588-tar-000,1,0.7228779196739197
evaluation-97588-non-000,0,0.8278404474258423
evaluation-97624-tar-000,1,0.7570064067840576
evaluation-97624-non-000,0,0.6588175296783447
evaluation-9767-tar-000,1,0.7586420774459839
evaluation-9767-non-000,0,0.6859555840492249
evaluation-97695-tar-000,1,0.5398589372634888
evaluation-97695-non-000,0,0.7206687927246094
evaluation-97860-tar-000,1,0.7265843152999878
evaluation-97860-non-000,0,0.5087595582008362
evaluation-97937-tar-000,1,0.6767522096633911
evaluation-97937-non-000,0,0.7345160245895386
evaluation-97953-tar-000,1,0.6901580095291138
evaluation-97953-non-000,0,0.6193586587905884
evaluation-9817-tar-000,1,0.7828079462051392
evaluation-9817-non-000,0,0.7575269341468811
evaluation-9830-tar-000,1,0.8833233714103699
evaluation-9830-non-000,0,0.8206266164779663
evaluation-98327-tar-000,1,0.8210219144821167
evaluation-98327-non-000,0,0.7454178333282471
evaluation-9835-tar-000,1,0.7750155329704285
evaluation-9835-non-000,0,0.6169546246528625
evaluation-98459-tar-000,1,0.7166489958763123
evaluation-98459-non-000,0,0.7775235176086426
evaluation-98514-tar-000,1,0.7276228666305542
evaluation-98514-non-000,0,0.642353892326355
evaluation-98588-tar-000,1,0.7929658889770508
evaluation-98588-non-000,0,0.6841745376586914
evaluation-9859-tar-000,1,0.7037118673324585
evaluation-9859-non-000,0,0.6246719360351562
evaluation-9863-tar-000,1,0.7553591728210449
evaluation-9863-non-000,0,0.6166999936103821
evaluation-9871-tar-000,1,0.7055585384368896
evaluation-9871-non-000,0,0.6043397188186646
evaluation-9872-tar-000,1,0.8099379539489746
evaluation-9872-non-000,0,0.5456031560897827
evaluation-98731-tar-000,1,0.5997005701065063
evaluation-98731-non-000,0,0.7253028750419617
evaluation-98744-tar-000,1,0.7226264476776123
evaluation-98744-non-000,0,0.7262744903564453
evaluation-98821-tar-000,1,0.7002317905426025
evaluation-98821-non-000,0,0.6614106893539429
evaluation-99038-tar-000,1,0.803271472454071
evaluation-99038-non-000,0,0.743354856967926
evaluation-9904-tar-000,1,0.5317667722702026
evaluation-9904-non-000,0,0.7279797792434692
evaluation-99123-tar-000,1,0.7682678699493408
evaluation-99123-non-000,0,0.7091189622879028
evaluation-99148-tar-000,1,0.5655303001403809
evaluation-99148-non-000,0,0.7993925213813782
evaluation-9915-tar-000,1,0.8051197528839111
evaluation-9915-non-000,0,0.6375434398651123
evaluation-99195-tar-000,1,0.6783110499382019
evaluation-99195-non-000,0,0.7447565793991089
evaluation-99206-tar-000,1,0.6820173263549805
evaluation-99206-non-000,0,0.6073311567306519
evaluation-99230-tar-000,1,0.7574836015701294
evaluation-99230-non-000,0,0.689383327960968
evaluation-99241-tar-000,1,0.7272404432296753
evaluation-99241-non-000,0,0.44273629784584045
evaluation-9928-tar-000,1,0.6685285568237305
evaluation-9928-non-000,0,0.6465879678726196
evaluation-9932-tar-000,1,0.5441161394119263
evaluation-9932-non-000,0,0.6924645900726318
evaluation-99321-tar-000,1,0.856887698173523
evaluation-99321-non-000,0,0.6428589820861816
evaluation-99349-tar-000,1,0.7386466264724731
evaluation-99349-non-000,0,0.7938017845153809
evaluation-9946-tar-000,1,0.851569414138794
evaluation-9946-non-000,0,0.7996013164520264
evaluation-99461-tar-000,1,0.7601338624954224
evaluation-99461-non-000,0,0.7166155576705933
evaluation-9948-tar-000,1,0.6739509105682373
evaluation-9948-non-000,0,0.6777762770652771
evaluation-9949-tar-000,1,0.7020883560180664
evaluation-9949-non-000,0,0.7906158566474915
evaluation-99497-tar-000,1,0.7904099225997925
evaluation-99497-non-000,0,0.7193619012832642
evaluation-99640-tar-000,1,0.6621440649032593
evaluation-99640-non-000,0,0.6250526905059814
evaluation-99692-tar-000,1,0.8047410249710083
evaluation-99692-non-000,0,0.7071621417999268
evaluation-9971-tar-000,1,0.708335280418396
evaluation-9971-non-000,0,0.8102856874465942
evaluation-9972-tar-000,1,0.7155588865280151
evaluation-9972-non-000,0,0.5909123420715332
evaluation-9979-tar-000,1,0.6862717866897583
evaluation-9979-non-000,0,0.5860158205032349
evaluation-9985-tar-000,1,0.7955442667007446
evaluation-9985-non-000,0,0.6622331738471985
evaluation-9993-tar-000,1,0.7784409523010254
evaluation-9993-non-000,0,0.8386121988296509
evaluation-9994-tar-000,1,0.49049118161201477
evaluation-9994-non-000,0,0.7125105857849121
evaluation-99945-tar-000,1,0.7515085339546204
evaluation-99945-non-000,0,0.8059350848197937
evaluation-99967-tar-000,1,0.7046468257904053
evaluation-99967-non-000,0,0.7035198211669922
evaluation-9997-tar-000,1,0.7614809274673462
evaluation-9997-non-000,0,0.6308220624923706
