trial_id,label,score
evaluation-1007-tar-000,1,0.8706486225128174
evaluation-1007-non-000,0,0.850649356842041
evaluation-1008-tar-000,1,0.8331611752510071
evaluation-1008-non-000,0,0.80279141664505
evaluation-1013-tar-000,1,0.8260751962661743
evaluation-1013-non-000,0,0.8086318969726562
evaluation-10178-tar-000,1,0.8679035902023315
evaluation-10178-non-000,0,0.7604255676269531
evaluation-1024-tar-000,1,0.8065527081489563
evaluation-1024-non-000,0,0.7652179598808289
evaluation-10282-tar-000,1,0.8477920293807983
evaluation-10282-non-000,0,0.8180721998214722
evaluation-10346-tar-000,1,0.8432769775390625
evaluation-10346-non-000,0,0.7697123885154724
evaluation-10406-tar-000,1,0.8434205055236816
evaluation-10406-non-000,0,0.8312481641769409
evaluation-10428-tar-000,1,0.8925694227218628
evaluation-10428-non-000,0,0.8134105205535889
evaluation-10444-tar-000,1,0.8461235165596008
evaluation-10444-non-000,0,0.7206931114196777
evaluation-10538-tar-000,1,0.8072730302810669
evaluation-10538-non-000,0,0.8723030090332031
evaluation-1055-tar-000,1,0.8141076564788818
evaluation-1055-non-000,0,0.6984259486198425
evaluation-1056-tar-000,1,0.846495509147644
evaluation-1056-non-000,0,0.7272578477859497
evaluation-10606-tar-000,1,0.7551093101501465
evaluation-10606-non-000,0,0.6733857989311218
evaluation-1063-tar-000,1,0.8434932827949524
evaluation-1063-non-000,0,0.7866802215576172
evaluation-10642-tar-000,1,0.8903802633285522
evaluation-10642-non-000,0,0.8545249104499817
evaluation-10689-tar-000,1,0.815146267414093
evaluation-10689-non-000,0,0.8076343536376953
evaluation-10711-tar-000,1,0.7609390020370483
evaluation-10711-non-000,0,0.7694573402404785
evaluation-10738-tar-000,1,0.7724589705467224
evaluation-10738-non-000,0,0.7650781869888306
evaluation-10802-tar-000,1,0.8821162581443787
evaluation-10802-non-000,0,0.7726832628250122
evaluation-10862-tar-000,1,0.841366171836853
evaluation-10862-non-000,0,0.8337836861610413
evaluation-10966-tar-000,1,0.9103881120681763
evaluation-10966-non-000,0,0.8454060554504395
evaluation-1100-tar-000,1,0.8260763883590698
evaluation-1100-non-000,0,0.705058217048645
evaluation-11060-tar-000,1,0.8055411577224731
evaluation-11060-non-000,0,0.8655081987380981
evaluation-11126-tar-000,1,0.827724039554596
evaluation-11126-non-000,0,0.811347246170044
evaluation-11189-tar-000,1,0.7791328430175781
evaluation-11189-non-000,0,0.7726221084594727
evaluation-1122-tar-000,1,0.8287999629974365
evaluation-1122-non-000,0,0.8429034948348999
evaluation-1130-tar-000,1,0.7662523984909058
evaluation-1130-non-000,0,0.8500585556030273
evaluation-11392-tar-000,1,0.856986939907074
evaluation-11392-non-000,0,0.8923460245132446
evaluation-11485-tar-000,1,0.9176710844039917
evaluation-11485-non-000,0,0.8311965465545654
evaluation-11513-tar-000,1,0.8911297917366028
evaluation-11513-non-000,0,0.6772295236587524
evaluation-1162-tar-000,1,0.8668732047080994
evaluation-1162-non-000,0,0.7423936128616333
evaluation-11647-tar-000,1,0.7465868592262268
evaluation-11647-non-000,0,0.7959398627281189
evaluation-1165-tar-000,1,0.8901035785675049
evaluation-1165-non-000,0,0.6299097537994385
evaluation-11664-tar-000,1,0.7870348691940308
evaluation-11664-non-000,0,0.8022755980491638
evaluation-1169-tar-000,1,0.8385440707206726
evaluation-1169-non-000,0,0.6937700510025024
evaluation-11757-tar-000,1,0.7976977825164795
evaluation-11757-non-000,0,0.7564349174499512
evaluation-11845-tar-000,1,0.756872296333313
evaluation-11845-non-000,0,0.7950546145439148
evaluation-1198-tar-000,1,0.825279712677002
evaluation-1198-non-000,0,0.7918225526809692
evaluation-1203-tar-000,1,0.7823853492736816
evaluation-1203-non-000,0,0.8442171812057495
evaluation-12106-tar-000,1,0.8727920651435852
evaluation-12106-non-000,0,0.8238551616668701
evaluation-12112-tar-000,1,0.8009939193725586
evaluation-12112-non-000,0,0.8567191362380981
evaluation-12156-tar-000,1,0.8835082650184631
evaluation-12156-non-000,0,0.8328266739845276
evaluation-12197-tar-000,1,0.8136938810348511
evaluation-12197-non-000,0,0.7994862794876099
evaluation-12210-tar-000,1,0.7905040383338928
evaluation-12210-non-000,0,0.8184652328491211
evaluation-12224-tar-000,1,0.8090442419052124
evaluation-12224-non-000,0,0.6620070338249207
evaluation-12323-tar-000,1,0.8087514638900757
evaluation-12323-non-000,0,0.8160204887390137
evaluation-1235-tar-000,1,0.8042911887168884
evaluation-1235-non-000,0,0.7962701320648193
evaluation-1238-tar-000,1,0.8092676997184753
evaluation-1238-non-000,0,0.7923078536987305
evaluation-12395-tar-000,1,0.8437061309814453
evaluation-12395-non-000,0,0.7305549383163452
evaluation-12408-tar-000,1,0.8260669708251953
evaluation-12408-non-000,0,0.7789672613143921
evaluation-12414-tar-000,1,0.8392044305801392
evaluation-12414-non-000,0,0.8044897317886353
evaluation-12661-tar-000,1,0.8540213108062744
evaluation-12661-non-000,0,0.7816755771636963
evaluation-12666-tar-000,1,0.7929105758666992
evaluation-12666-non-000,0,0.7051432132720947
evaluation-12669-tar-000,1,0.7376168966293335
evaluation-12669-non-000,0,0.7380065321922302
evaluation-1270-tar-000,1,0.7598663568496704
evaluation-1270-non-000,0,0.6966598629951477
evaluation-1274-tar-000,1,0.8696980476379395
evaluation-1274-non-000,0,0.7438814640045166
evaluation-12796-tar-000,1,0.8096298575401306
evaluation-12796-non-000,0,0.8297520875930786
evaluation-12807-tar-000,1,0.8022580146789551
evaluation-12807-non-000,0,0.7588965892791748
evaluation-12828-tar-000,1,0.8560762405395508
evaluation-12828-non-000,0,0.8007699251174927
evaluation-12919-tar-000,1,0.7548768520355225
evaluation-12919-non-000,0,0.7538864612579346
evaluation-1297-tar-000,1,0.8790609836578369
evaluation-1297-non-000,0,0.777370810508728
evaluation-1303-tar-000,1,0.7498674988746643
evaluation-1303-non-000,0,0.8148293495178223
evaluation-13194-tar-000,1,0.8366426229476929
evaluation-13194-non-000,0,0.8324171900749207
evaluation-1320-tar-000,1,0.7578371167182922
evaluation-1320-non-000,0,0.7475663423538208
evaluation-13298-tar-000,1,0.8912529945373535
evaluation-13298-non-000,0,0.8161407709121704
evaluation-1334-tar-000,1,0.8113601803779602
evaluation-1334-non-000,0,0.7519176006317139
evaluation-13663-tar-000,1,0.7662177085876465
evaluation-13663-non-000,0,0.7529422640800476
evaluation-13666-tar-000,1,0.8285702466964722
evaluation-13666-non-000,0,0.7559257745742798
evaluation-13707-tar-000,1,0.8086669445037842
evaluation-13707-non-000,0,0.7875094413757324
evaluation-1372-tar-000,1,0.8177582025527954
evaluation-1372-non-000,0,0.7411128282546997
evaluation-13754-tar-000,1,0.7246928215026855
evaluation-13754-non-000,0,0.8050730228424072
evaluation-13806-tar-000,1,0.7958891987800598
evaluation-13806-non-000,0,0.8296585083007812
evaluation-13839-tar-000,1,0.8173289895057678
evaluation-13839-non-000,0,0.765695333480835
evaluation-13985-tar-000,1,0.7776533365249634
evaluation-13985-non-000,0,0.7795505523681641
evaluation-14001-tar-000,1,0.8093334436416626
evaluation-14001-non-000,0,0.797635555267334
evaluation-1401-tar-000,1,0.8674407005310059
evaluation-1401-non-000,0,0.8540173172950745
evaluation-14075-tar-000,1,0.8223608732223511
evaluation-14075-non-000,0,0.7704368233680725
evaluation-1409-tar-000,1,0.8800166845321655
evaluation-1409-non-000,0,0.8519175052642822
evaluation-14106-tar-000,1,0.8437882661819458
evaluation-14106-non-000,0,0.7785567045211792
evaluation-1414-tar-000,1,0.8207392692565918
evaluation-1414-non-000,0,0.7733412981033325
evaluation-14259-tar-000,1,0.8431615829467773
evaluation-14259-non-000,0,0.7189517021179199
evaluation-14430-tar-000,1,0.8332688808441162
evaluation-14430-non-000,0,0.7708883881568909
evaluation-14737-tar-000,1,0.8623499870300293
evaluation-14737-non-000,0,0.7446221113204956
evaluation-1475-tar-000,1,0.7861541509628296
evaluation-1475-non-000,0,0.7483905553817749
evaluation-14790-tar-000,1,0.8294343948364258
evaluation-14790-non-000,0,0.765866756439209
evaluation-1480-tar-000,1,0.8198422193527222
evaluation-1480-non-000,0,0.7715282440185547
evaluation-14869-tar-000,1,0.7808690071105957
evaluation-14869-non-000,0,0.8372354507446289
evaluation-14875-tar-000,1,0.7063342332839966
evaluation-14875-non-000,0,0.83180832862854
evaluation-14877-tar-000,1,0.8678704500198364
evaluation-14877-non-000,0,0.6873812675476074
evaluation-14888-tar-000,1,0.7089905738830566
evaluation-14888-non-000,0,0.8492530584335327
evaluation-14987-tar-000,1,0.8420202136039734
evaluation-14987-non-000,0,0.7391389608383179
evaluation-1507-tar-000,1,0.7674480676651001
evaluation-1507-non-000,0,0.7144151329994202
evaluation-15073-tar-000,1,0.8425397872924805
evaluation-15073-non-000,0,0.8427630066871643
evaluation-15133-tar-000,1,0.8401974439620972
evaluation-15133-non-000,0,0.7315006256103516
evaluation-15169-tar-000,1,0.8191172480583191
evaluation-15169-non-000,0,0.8412854671478271
evaluation-15180-tar-000,1,0.8375810384750366
evaluation-15180-non-000,0,0.7777290344238281
evaluation-1522-tar-000,1,0.837105929851532
evaluation-1522-non-000,0,0.7268476486206055
evaluation-1524-tar-000,1,0.8502908945083618
evaluation-1524-non-000,0,0.8157572746276855
evaluation-15243-tar-000,1,0.864870011806488
evaluation-15243-non-000,0,0.814498782157898
evaluation-15298-tar-000,1,0.8683536648750305
evaluation-15298-non-000,0,0.7244532108306885
evaluation-1539-tar-000,1,0.8298988938331604
evaluation-1539-non-000,0,0.7536885738372803
evaluation-15462-tar-000,1,0.8143384456634521
evaluation-15462-non-000,0,0.7303857207298279
evaluation-1548-tar-000,1,0.6898996829986572
evaluation-1548-non-000,0,0.8051128387451172
evaluation-15501-tar-000,1,0.9105383157730103
evaluation-15501-non-000,0,0.7954288721084595
evaluation-15515-tar-000,1,0.8199203014373779
evaluation-15515-non-000,0,0.7280580997467041
evaluation-1554-tar-000,1,0.8108340501785278
evaluation-1554-non-000,0,0.8444334268569946
evaluation-15570-tar-000,1,0.8377561569213867
evaluation-15570-non-000,0,0.7384982705116272
evaluation-15581-tar-000,1,0.8338619470596313
evaluation-15581-non-000,0,0.6811213493347168
evaluation-15600-tar-000,1,0.8513083457946777
evaluation-15600-non-000,0,0.761846661567688
evaluation-15699-tar-000,1,0.8515731692314148
evaluation-15699-non-000,0,0.7284169793128967
evaluation-15817-tar-000,1,0.871161699295044
evaluation-15817-non-000,0,0.8287193775177002
evaluation-15839-tar-000,1,0.8737417459487915
evaluation-15839-non-000,0,0.7561646699905396
evaluation-15855-tar-000,1,0.8421826958656311
evaluation-15855-non-000,0,0.8575139045715332
evaluation-15866-tar-000,1,0.8403470516204834
evaluation-15866-non-000,0,0.7647149562835693
evaluation-15885-tar-000,1,0.8624159097671509
evaluation-15885-non-000,0,0.7364811897277832
evaluation-15993-tar-000,1,0.7128157019615173
evaluation-15993-non-000,0,0.7980972528457642
evaluation-1603-tar-000,1,0.838934063911438
evaluation-1603-non-000,0,0.7633519172668457
evaluation-16223-tar-000,1,0.8853440880775452
evaluation-16223-non-000,0,0.785956084728241
evaluation-1631-tar-000,1,0.8752356767654419
evaluation-1631-non-000,0,0.6605833172798157
evaluation-1632-tar-000,1,0.8462710380554199
evaluation-1632-non-000,0,0.8215619325637817
evaluation-1633-tar-000,1,0.8549501299858093
evaluation-1633-non-000,0,0.8525179624557495
evaluation-1646-tar-000,1,0.8812469244003296
evaluation-1646-non-000,0,0.7976916432380676
evaluation-16473-tar-000,1,0.8811203241348267
evaluation-16473-non-000,0,0.7584993243217468
evaluation-16490-tar-000,1,0.7207324504852295
evaluation-16490-non-000,0,0.7751559019088745
evaluation-1650-tar-000,1,0.8470787405967712
evaluation-1650-non-000,0,0.6890065670013428
evaluation-16520-tar-000,1,0.8329415321350098
evaluation-16520-non-000,0,0.7826881408691406
evaluation-16608-tar-000,1,0.8486769199371338
evaluation-16608-non-000,0,0.7611817121505737
evaluation-16635-tar-000,1,0.8112269043922424
evaluation-16635-non-000,0,0.7589332461357117
evaluation-16665-tar-000,1,0.8499881029129028
evaluation-16665-non-000,0,0.7352924346923828
evaluation-1681-tar-000,1,0.8407583236694336
evaluation-1681-non-000,0,0.7780991196632385
evaluation-16849-tar-000,1,0.8063170909881592
evaluation-16849-non-000,0,0.7721207737922668
evaluation-16855-tar-000,1,0.8981568813323975
evaluation-16855-non-000,0,0.8232402801513672
evaluation-16976-tar-000,1,0.8367760181427002
evaluation-16976-non-000,0,0.7418612241744995
evaluation-1707-tar-000,1,0.898944616317749
evaluation-1707-non-000,0,0.8504154682159424
evaluation-17121-tar-000,1,0.8648229837417603
evaluation-17121-non-000,0,0.7618823647499084
evaluation-17163-tar-000,1,0.8277447819709778
evaluation-17163-non-000,0,0.8612406253814697
evaluation-17165-tar-000,1,0.8618969917297363
evaluation-17165-non-000,0,0.784334659576416
evaluation-17182-tar-000,1,0.8462427854537964
evaluation-17182-non-000,0,0.7830500602722168
evaluation-17717-tar-000,1,0.8793497085571289
evaluation-17717-non-000,0,0.8188252449035645
evaluation-1777-tar-000,1,0.7750685214996338
evaluation-1777-non-000,0,0.761574387550354
evaluation-1778-tar-000,1,0.8047417402267456
evaluation-1778-non-000,0,0.7563496232032776
evaluation-1780-tar-000,1,0.8209487199783325
evaluation-1780-non-000,0,0.8267181515693665
evaluation-17805-tar-000,1,0.8162617683410645
evaluation-17805-non-000,0,0.7782961130142212
evaluation-1781-tar-000,1,0.7979723811149597
evaluation-1781-non-000,0,0.8304275870323181
evaluation-17871-tar-000,1,0.830579400062561
evaluation-17871-non-000,0,0.7254807353019714
evaluation-1790-tar-000,1,0.8598841428756714
evaluation-1790-non-000,0,0.7976445555686951
evaluation-17918-tar-000,1,0.8025366067886353
evaluation-17918-non-000,0,0.7707892656326294
evaluation-17970-tar-000,1,0.8524073362350464
evaluation-17970-non-000,0,0.7591038942337036
evaluation-1800-tar-000,1,0.8880611658096313
evaluation-1800-non-000,0,0.8309019804000854
evaluation-18041-tar-000,1,0.8430827856063843
evaluation-18041-non-000,0,0.7396983504295349
evaluation-1812-tar-000,1,0.7513967752456665
evaluation-1812-non-000,0,0.7714691162109375
evaluation-18146-tar-000,1,0.8728852272033691
evaluation-18146-non-000,0,0.8028382062911987
evaluation-18176-tar-000,1,0.8552830815315247
evaluation-18176-non-000,0,0.8182668685913086
evaluation-1818-tar-000,1,0.790217399597168
evaluation-1818-non-000,0,0.7521646022796631
evaluation-18245-tar-000,1,0.8146762847900391
evaluation-18245-non-000,0,0.7733324766159058
evaluation-18286-tar-000,1,0.8382852077484131
evaluation-18286-non-000,0,0.8182463645935059
evaluation-18294-tar-000,1,0.8419116735458374
evaluation-18294-non-000,0,0.6513710021972656
evaluation-18390-tar-000,1,0.8261228799819946
evaluation-18390-non-000,0,0.8665921688079834
evaluation-18407-tar-000,1,0.8427473902702332
evaluation-18407-non-000,0,0.7912793159484863
evaluation-1845-tar-000,1,0.8449439406394958
evaluation-1845-non-000,0,0.8053106069564819
evaluation-1847-tar-000,1,0.8101575374603271
evaluation-1847-non-000,0,0.7937668561935425
evaluation-1859-tar-000,1,0.7847100496292114
evaluation-1859-non-000,0,0.8029459714889526
evaluation-1868-tar-000,1,0.8274514675140381
evaluation-1868-non-000,0,0.7651575803756714
evaluation-18708-tar-000,1,0.8239315748214722
evaluation-18708-non-000,0,0.6887823939323425
evaluation-18835-tar-000,1,0.8120083808898926
evaluation-18835-non-000,0,0.7592934966087341
evaluation-1896-tar-000,1,0.8598083257675171
evaluation-1896-non-000,0,0.7972865104675293
evaluation-1904-tar-000,1,0.8765948414802551
evaluation-1904-non-000,0,0.8181977272033691
evaluation-19077-tar-000,1,0.7704922556877136
evaluation-19077-non-000,0,0.6495895981788635
evaluation-19288-tar-000,1,0.821914553642273
evaluation-19288-non-000,0,0.7761011123657227
evaluation-19371-tar-000,1,0.846285343170166
evaluation-19371-non-000,0,0.7979773283004761
evaluation-19407-tar-000,1,0.7260615825653076
evaluation-19407-non-000,0,0.7674225568771362
evaluation-19549-tar-000,1,0.8561841249465942
evaluation-19549-non-000,0,0.7231817841529846
evaluation-1958-tar-000,1,0.8774382472038269
evaluation-1958-non-000,0,0.83231520652771
evaluation-1960-tar-000,1,0.8424254655838013
evaluation-1960-non-000,0,0.7496732473373413
evaluation-19659-tar-000,1,0.8268939852714539
evaluation-19659-non-000,0,0.7755453586578369
evaluation-19714-tar-000,1,0.8559938073158264
evaluation-19714-non-000,0,0.7483214139938354
evaluation-19761-tar-000,1,0.741736888885498
evaluation-19761-non-000,0,0.8071391582489014
evaluation-19819-tar-000,1,0.7909246683120728
evaluation-19819-non-000,0,0.784452497959137
evaluation-19865-tar-000,1,0.6115422248840332
evaluation-19865-non-000,0,0.7361325025558472
evaluation-1994-tar-000,1,0.7884013652801514
evaluation-1994-non-000,0,0.7326529622077942
evaluation-20000-tar-000,1,0.8307031393051147
evaluation-20000-non-000,0,0.718475341796875
evaluation-2020-tar-000,1,0.8954513072967529
evaluation-2020-non-000,0,0.8434072732925415
evaluation-20244-tar-000,1,0.7037341594696045
evaluation-20244-non-000,0,0.6829700469970703
evaluation-2037-tar-000,1,0.7976980209350586
evaluation-2037-non-000,0,0.7739378213882446
evaluation-20458-tar-000,1,0.8114194869995117
evaluation-20458-non-000,0,0.7269353270530701
evaluation-20461-tar-000,1,0.8208049535751343
evaluation-20461-non-000,0,0.809360921382904
evaluation-2059-tar-000,1,0.8288751840591431
evaluation-2059-non-000,0,0.7937686443328857
evaluation-20667-tar-000,1,0.8942660689353943
evaluation-20667-non-000,0,0.7492596507072449
evaluation-20673-tar-000,1,0.7867083549499512
evaluation-20673-non-000,0,0.8231179714202881
evaluation-2077-tar-000,1,0.914861798286438
evaluation-2077-non-000,0,0.7824681997299194
evaluation-20870-tar-000,1,0.9283450841903687
evaluation-20870-non-000,0,0.7828264832496643
evaluation-20881-tar-000,1,0.8636476993560791
evaluation-20881-non-000,0,0.7489133477210999
evaluation-2090-tar-000,1,0.8146421909332275
evaluation-2090-non-000,0,0.8181517124176025
evaluation-2092-tar-000,1,0.8378685116767883
evaluation-2092-non-000,0,0.7741699814796448
evaluation-2093-tar-000,1,0.6894636750221252
evaluation-2093-non-000,0,0.7724465131759644
evaluation-2094-tar-000,1,0.8131479024887085
evaluation-2094-non-000,0,0.8482623100280762
evaluation-20947-tar-000,1,0.8418123126029968
evaluation-20947-non-000,0,0.8200189471244812
evaluation-21041-tar-000,1,0.8883205652236938
evaluation-21041-non-000,0,0.6752903461456299
evaluation-21082-tar-000,1,0.899410605430603
evaluation-21082-non-000,0,0.7722184062004089
evaluation-21120-tar-000,1,0.8561865091323853
evaluation-21120-non-000,0,0.792426586151123
evaluation-21181-tar-000,1,0.8267149925231934
evaluation-21181-non-000,0,0.8142541646957397
evaluation-2124-tar-000,1,0.8566598892211914
evaluation-2124-non-000,0,0.7855709791183472
evaluation-21258-tar-000,1,0.7898241877555847
evaluation-21258-non-000,0,0.8231303691864014
evaluation-21280-tar-000,1,0.8151613473892212
evaluation-21280-non-000,0,0.8399094939231873
evaluation-2130-tar-000,1,0.8324959874153137
evaluation-2130-non-000,0,0.7590046525001526
evaluation-21403-tar-000,1,0.8080607652664185
evaluation-21403-non-000,0,0.848128080368042
evaluation-2159-tar-000,1,0.8544019460678101
evaluation-2159-non-000,0,0.8034087419509888
evaluation-21629-tar-000,1,0.7710169553756714
evaluation-21629-non-000,0,0.835787296295166
evaluation-2168-tar-000,1,0.8646714687347412
evaluation-2168-non-000,0,0.676064133644104
evaluation-2171-tar-000,1,0.7672873139381409
evaluation-2171-non-000,0,0.787076473236084
evaluation-2181-tar-000,1,0.801777720451355
evaluation-2181-non-000,0,0.7861391305923462
evaluation-2186-tar-000,1,0.8454033136367798
evaluation-2186-non-000,0,0.6640876531600952
evaluation-21928-tar-000,1,0.89715176820755
evaluation-21928-non-000,0,0.7877883911132812
evaluation-2196-tar-000,1,0.7834168672561646
evaluation-2196-non-000,0,0.7549278736114502
evaluation-21969-tar-000,1,0.7874957323074341
evaluation-21969-non-000,0,0.775965690612793
evaluation-2199-tar-000,1,0.8178979158401489
evaluation-2199-non-000,0,0.7433431148529053
evaluation-21991-tar-000,1,0.8579333424568176
evaluation-21991-non-000,0,0.7667242884635925
evaluation-2200-tar-000,1,0.8575237989425659
evaluation-2200-non-000,0,0.8129754662513733
evaluation-22062-tar-000,1,0.8325157165527344
evaluation-22062-non-000,0,0.7505485415458679
evaluation-22090-tar-000,1,0.8376184701919556
evaluation-22090-non-000,0,0.7438514828681946
evaluation-22134-tar-000,1,0.8865342736244202
evaluation-22134-non-000,0,0.7292945384979248
evaluation-22142-tar-000,1,0.811812162399292
evaluation-22142-non-000,0,0.7512484788894653
evaluation-22290-tar-000,1,0.8842353820800781
evaluation-22290-non-000,0,0.7520051002502441
evaluation-2233-tar-000,1,0.7445803880691528
evaluation-2233-non-000,0,0.7955679297447205
evaluation-22345-tar-000,1,0.8333897590637207
evaluation-22345-non-000,0,0.8492421507835388
evaluation-22365-tar-000,1,0.7850407958030701
evaluation-22365-non-000,0,0.6648340225219727
evaluation-22483-tar-000,1,0.8684870004653931
evaluation-22483-non-000,0,0.7443539500236511
evaluation-22521-tar-000,1,0.8721320033073425
evaluation-22521-non-000,0,0.80755615234375
evaluation-22595-tar-000,1,0.8078437447547913
evaluation-22595-non-000,0,0.6943448781967163
evaluation-22738-tar-000,1,0.7873643636703491
evaluation-22738-non-000,0,0.8306207060813904
evaluation-22760-tar-000,1,0.8911067247390747
evaluation-22760-non-000,0,0.7136521339416504
evaluation-2290-tar-000,1,0.8643331527709961
evaluation-2290-non-000,0,0.7574987411499023
evaluation-2291-tar-000,1,0.8525179624557495
evaluation-2291-non-000,0,0.8570979833602905
evaluation-22988-tar-000,1,0.8431062698364258
evaluation-22988-non-000,0,0.8449850082397461
evaluation-2305-tar-000,1,0.7877321243286133
evaluation-2305-non-000,0,0.8510845899581909
evaluation-23051-tar-000,1,0.7801053524017334
evaluation-23051-non-000,0,0.8072443008422852
evaluation-23200-tar-000,1,0.8749397993087769
evaluation-23200-non-000,0,0.7100151777267456
evaluation-23224-tar-000,1,0.8514007329940796
evaluation-23224-non-000,0,0.7916644215583801
evaluation-23246-tar-000,1,0.8056491613388062
evaluation-23246-non-000,0,0.7887313365936279
evaluation-2327-tar-000,1,0.9185724258422852
evaluation-2327-non-000,0,0.7374435663223267
evaluation-23406-tar-000,1,0.8175998330116272
evaluation-23406-non-000,0,0.604672372341156
evaluation-23422-tar-000,1,0.8099324703216553
evaluation-23422-non-000,0,0.77379310131073
evaluation-2346-tar-000,1,0.8529771566390991
evaluation-2346-non-000,0,0.8140276670455933
evaluation-23482-tar-000,1,0.8330870866775513
evaluation-23482-non-000,0,0.7837338447570801
evaluation-2349-tar-000,1,0.6812288165092468
evaluation-2349-non-000,0,0.8250236511230469
evaluation-23510-tar-000,1,0.8103171586990356
evaluation-23510-non-000,0,0.8784722685813904
evaluation-23623-tar-000,1,0.8953777551651001
evaluation-23623-non-000,0,0.8041326999664307
evaluation-2363-tar-000,1,0.8590853214263916
evaluation-2363-non-000,0,0.751813530921936
evaluation-23721-tar-000,1,0.8333644866943359
evaluation-23721-non-000,0,0.7930436134338379
evaluation-23743-tar-000,1,0.8758015632629395
evaluation-23743-non-000,0,0.8689558506011963
evaluation-23845-tar-000,1,0.8239436149597168
evaluation-23845-non-000,0,0.8154209852218628
evaluation-23878-tar-000,1,0.7215974926948547
evaluation-23878-non-000,0,0.5715060234069824
evaluation-2389-tar-000,1,0.8747918605804443
evaluation-2389-non-000,0,0.7779641151428223
evaluation-23988-tar-000,1,0.871148943901062
evaluation-23988-non-000,0,0.7748080492019653
evaluation-2400-tar-000,1,0.8578281402587891
evaluation-2400-non-000,0,0.7271122932434082
evaluation-24035-tar-000,1,0.8952100276947021
evaluation-24035-non-000,0,0.7412834167480469
evaluation-24054-tar-000,1,0.8433850407600403
evaluation-24054-non-000,0,0.791398823261261
evaluation-24117-tar-000,1,0.7977327108383179
evaluation-24117-non-000,0,0.7947031855583191
evaluation-24158-tar-000,1,0.7460979223251343
evaluation-24158-non-000,0,0.8309513330459595
evaluation-2421-tar-000,1,0.8916339874267578
evaluation-2421-non-000,0,0.7737566232681274
evaluation-24241-tar-000,1,0.8019275069236755
evaluation-24241-non-000,0,0.6902463436126709
evaluation-2427-tar-000,1,0.8815436363220215
evaluation-2427-non-000,0,0.8495268821716309
evaluation-2451-tar-000,1,0.7675957679748535
evaluation-2451-non-000,0,0.8101562261581421
evaluation-24512-tar-000,1,0.881624162197113
evaluation-24512-non-000,0,0.8077858090400696
evaluation-24526-tar-000,1,0.8314582109451294
evaluation-24526-non-000,0,0.6876600980758667
evaluation-24534-tar-000,1,0.7830624580383301
evaluation-24534-non-000,0,0.8499789237976074
evaluation-2454-tar-000,1,0.6962594985961914
evaluation-2454-non-000,0,0.7916165590286255
evaluation-2455-tar-000,1,0.8508205413818359
evaluation-2455-non-000,0,0.7976409196853638
evaluation-24584-tar-000,1,0.7123066186904907
evaluation-24584-non-000,0,0.8592929840087891
evaluation-24620-tar-000,1,0.7166734933853149
evaluation-24620-non-000,0,0.7709294557571411
evaluation-2467-tar-000,1,0.7705749273300171
evaluation-2467-non-000,0,0.8353199362754822
evaluation-24688-tar-000,1,0.7169051170349121
evaluation-24688-non-000,0,0.825615406036377
evaluation-24699-tar-000,1,0.8200742602348328
evaluation-24699-non-000,0,0.772717297077179
evaluation-2473-tar-000,1,0.7388355731964111
evaluation-2473-non-000,0,0.8307712078094482
evaluation-2481-tar-000,1,0.7876156568527222
evaluation-2481-non-000,0,0.7989202737808228
evaluation-2487-tar-000,1,0.8250086307525635
evaluation-2487-non-000,0,0.868394136428833
evaluation-24872-tar-000,1,0.7947955131530762
evaluation-24872-non-000,0,0.6522778272628784
evaluation-24875-tar-000,1,0.89069002866745
evaluation-24875-non-000,0,0.8241519927978516
evaluation-24916-tar-000,1,0.8769400119781494
evaluation-24916-non-000,0,0.7725170254707336
evaluation-25070-tar-000,1,0.714229941368103
evaluation-25070-non-000,0,0.795673668384552
evaluation-2509-tar-000,1,0.7082406282424927
evaluation-2509-non-000,0,0.7759407758712769
evaluation-2515-tar-000,1,0.7914686799049377
evaluation-2515-non-000,0,0.6436916589736938
evaluation-25185-tar-000,1,0.7467571496963501
evaluation-25185-non-000,0,0.7649174928665161
evaluation-25284-tar-000,1,0.8474454879760742
evaluation-25284-non-000,0,0.7997608184814453
evaluation-25295-tar-000,1,0.8469932079315186
evaluation-25295-non-000,0,0.7964498996734619
evaluation-25323-tar-000,1,0.8268710970878601
evaluation-25323-non-000,0,0.8032057285308838
evaluation-2544-tar-000,1,0.7273283004760742
evaluation-2544-non-000,0,0.7452436685562134
evaluation-25485-tar-000,1,0.8467453718185425
evaluation-25485-non-000,0,0.7054030895233154
evaluation-25586-tar-000,1,0.8637165427207947
evaluation-25586-non-000,0,0.7949158549308777
evaluation-25619-tar-000,1,0.8050437569618225
evaluation-25619-non-000,0,0.8544211387634277
evaluation-2565-tar-000,1,0.8241608142852783
evaluation-2565-non-000,0,0.7411569356918335
evaluation-25748-tar-000,1,0.8876783847808838
evaluation-25748-non-000,0,0.76682448387146
evaluation-25960-tar-000,1,0.885333776473999
evaluation-25960-non-000,0,0.7824233174324036
evaluation-2602-tar-000,1,0.8531562089920044
evaluation-2602-non-000,0,0.6007814407348633
evaluation-2610-tar-000,1,0.7880956530570984
evaluation-2610-non-000,0,0.7948066592216492
evaluation-26125-tar-000,1,0.8519765734672546
evaluation-26125-non-000,0,0.7683637142181396
evaluation-26138-tar-000,1,0.8636696338653564
evaluation-26138-non-000,0,0.766740083694458
evaluation-26158-tar-000,1,0.8877376317977905
evaluation-26158-non-000,0,0.7462278008460999
evaluation-2618-tar-000,1,0.8685972690582275
evaluation-2618-non-000,0,0.7515542507171631
evaluation-26221-tar-000,1,0.7738958597183228
evaluation-26221-non-000,0,0.7967293858528137
evaluation-26287-tar-000,1,0.8934735059738159
evaluation-26287-non-000,0,0.7595973610877991
evaluation-26435-tar-000,1,0.8412501811981201
evaluation-26435-non-000,0,0.7804352045059204
evaluation-26443-tar-000,1,0.8150346279144287
evaluation-26443-non-000,0,0.7959116697311401
evaluation-26454-tar-000,1,0.8236938714981079
evaluation-26454-non-000,0,0.7668765187263489
evaluation-26473-tar-000,1,0.8940292596817017
evaluation-26473-non-000,0,0.784187912940979
evaluation-26501-tar-000,1,0.8529177904129028
evaluation-26501-non-000,0,0.8372039794921875
evaluation-26545-tar-000,1,0.7580857276916504
evaluation-26545-non-000,0,0.8558640480041504
evaluation-26666-tar-000,1,0.9199928641319275
evaluation-26666-non-000,0,0.7918329238891602
evaluation-26679-tar-000,1,0.8186001777648926
evaluation-26679-non-000,0,0.6635773181915283
evaluation-2674-tar-000,1,0.7314578294754028
evaluation-2674-non-000,0,0.8796175122261047
evaluation-2689-tar-000,1,0.7727009057998657
evaluation-2689-non-000,0,0.7584130764007568
evaluation-26894-tar-000,1,0.8472567796707153
evaluation-26894-non-000,0,0.7912337183952332
evaluation-2699-tar-000,1,0.7326391935348511
evaluation-2699-non-000,0,0.8308007717132568
evaluation-2707-tar-000,1,0.8514100909233093
evaluation-2707-non-000,0,0.7760109901428223
evaluation-27124-tar-000,1,0.8788833022117615
evaluation-27124-non-000,0,0.7741476893424988
evaluation-27135-tar-000,1,0.8392671346664429
evaluation-27135-non-000,0,0.8300220966339111
evaluation-2714-tar-000,1,0.8649696111679077
evaluation-2714-non-000,0,0.8738842606544495
evaluation-27199-tar-000,1,0.8285320401191711
evaluation-27199-non-000,0,0.7806990146636963
evaluation-2739-tar-000,1,0.8634434342384338
evaluation-2739-non-000,0,0.8257119655609131
evaluation-2752-tar-000,1,0.747078537940979
evaluation-2752-non-000,0,0.800467312335968
evaluation-2762-tar-000,1,0.8859483599662781
evaluation-2762-non-000,0,0.7950916290283203
evaluation-2775-tar-000,1,0.8325451612472534
evaluation-2775-non-000,0,0.7757141590118408
evaluation-27811-tar-000,1,0.891228437423706
evaluation-27811-non-000,0,0.7254685163497925
evaluation-27932-tar-000,1,0.712801992893219
evaluation-27932-non-000,0,0.7158607244491577
evaluation-27943-tar-000,1,0.8597298860549927
evaluation-27943-non-000,0,0.7978003025054932
evaluation-27979-tar-000,1,0.8584588766098022
evaluation-27979-non-000,0,0.7090921401977539
evaluation-28017-tar-000,1,0.85084468126297
evaluation-28017-non-000,0,0.851417064666748
evaluation-28028-tar-000,1,0.896642804145813
evaluation-28028-non-000,0,0.7413989305496216
evaluation-28053-tar-000,1,0.8753421306610107
evaluation-28053-non-000,0,0.7583365440368652
evaluation-2806-tar-000,1,0.7880567312240601
evaluation-2806-non-000,0,0.8259788751602173
evaluation-28086-tar-000,1,0.796857476234436
evaluation-28086-non-000,0,0.7832481861114502
evaluation-28105-tar-000,1,0.7341985702514648
evaluation-28105-non-000,0,0.7457066774368286
evaluation-28152-tar-000,1,0.7648473381996155
evaluation-28152-non-000,0,0.8612268567085266
evaluation-28182-tar-000,1,0.5009556412696838
evaluation-28182-non-000,0,0.7380770444869995
evaluation-28248-tar-000,1,0.8631142377853394
evaluation-28248-non-000,0,0.8582503795623779
evaluation-2831-tar-000,1,0.6483692526817322
evaluation-2831-non-000,0,0.7720288038253784
evaluation-28338-tar-000,1,0.8625555634498596
evaluation-28338-non-000,0,0.7473182082176208
evaluation-28679-tar-000,1,0.8288731575012207
evaluation-28679-non-000,0,0.8151798248291016
evaluation-28682-tar-000,1,0.867639422416687
evaluation-28682-non-000,0,0.8453728556632996
evaluation-28750-tar-000,1,0.8612263202667236
evaluation-28750-non-000,0,0.7952957153320312
evaluation-28781-tar-000,1,0.7753932476043701
evaluation-28781-non-000,0,0.8635133504867554
evaluation-28822-tar-000,1,0.8623582124710083
evaluation-28822-non-000,0,0.8339428901672363
evaluation-2892-tar-000,1,0.7602348327636719
evaluation-2892-non-000,0,0.7752581238746643
evaluation-2901-tar-000,1,0.7292678356170654
evaluation-2901-non-000,0,0.7949641942977905
evaluation-2908-tar-000,1,0.7096056342124939
evaluation-2908-non-000,0,0.7875605225563049
evaluation-29102-tar-000,1,0.7990717887878418
evaluation-29102-non-000,0,0.7575879096984863
evaluation-29105-tar-000,1,0.8100697994232178
evaluation-29105-non-000,0,0.774553656578064
evaluation-29237-tar-000,1,0.8277742862701416
evaluation-29237-non-000,0,0.8016469478607178
evaluation-29278-tar-000,1,0.8432886600494385
evaluation-29278-non-000,0,0.8340744972229004
evaluation-29434-tar-000,1,0.8764818906784058
evaluation-29434-non-000,0,0.8771916031837463
evaluation-2950-tar-000,1,0.7681853771209717
evaluation-2950-non-000,0,0.7916560173034668
evaluation-29500-tar-000,1,0.8324782252311707
evaluation-29500-non-000,0,0.7119587659835815
evaluation-2957-tar-000,1,0.7763082981109619
evaluation-2957-non-000,0,0.8181856274604797
evaluation-29668-tar-000,1,0.8023035526275635
evaluation-29668-non-000,0,0.7812314033508301
evaluation-29778-tar-000,1,0.795644998550415
evaluation-29778-non-000,0,0.6900519728660583
evaluation-2984-tar-000,1,0.8037011623382568
evaluation-2984-non-000,0,0.8130838871002197
evaluation-2990-tar-000,1,0.7911403179168701
evaluation-2990-non-000,0,0.7931553721427917
evaluation-29904-tar-000,1,0.650829017162323
evaluation-29904-non-000,0,0.7802343368530273
evaluation-30085-tar-000,1,0.8398338556289673
evaluation-30085-non-000,0,0.817381739616394
evaluation-3015-tar-000,1,0.8199494481086731
evaluation-3015-non-000,0,0.8032330274581909
evaluation-3023-tar-000,1,0.8572321534156799
evaluation-3023-non-000,0,0.7296723127365112
evaluation-30261-tar-000,1,0.8351377248764038
evaluation-30261-non-000,0,0.8719263076782227
evaluation-30302-tar-000,1,0.8730369210243225
evaluation-30302-non-000,0,0.7600553035736084
evaluation-30316-tar-000,1,0.7913371324539185
evaluation-30316-non-000,0,0.8752737641334534
evaluation-30610-tar-000,1,0.8698259592056274
evaluation-30610-non-000,0,0.8150498867034912
evaluation-3062-tar-000,1,0.8185244202613831
evaluation-3062-non-000,0,0.7662467360496521
evaluation-30621-tar-000,1,0.8347193002700806
evaluation-30621-non-000,0,0.7466145157814026
evaluation-30659-tar-000,1,0.846152126789093
evaluation-30659-non-000,0,0.8228201866149902
evaluation-30824-tar-000,1,0.8546780347824097
evaluation-30824-non-000,0,0.8261394500732422
evaluation-30923-tar-000,1,0.8635138273239136
evaluation-30923-non-000,0,0.7266337871551514
evaluation-30967-tar-000,1,0.8037042617797852
evaluation-30967-non-000,0,0.8238965272903442
evaluation-31008-tar-000,1,0.8936196565628052
evaluation-31008-non-000,0,0.7471504211425781
evaluation-3124-tar-000,1,0.7995277643203735
evaluation-3124-non-000,0,0.8009071350097656
evaluation-31280-tar-000,1,0.830400824546814
evaluation-31280-non-000,0,0.8637163639068604
evaluation-31294-tar-000,1,0.7305786609649658
evaluation-31294-non-000,0,0.7072266340255737
evaluation-31307-tar-000,1,0.7942256927490234
evaluation-31307-non-000,0,0.7637858390808105
evaluation-31346-tar-000,1,0.7685983180999756
evaluation-31346-non-000,0,0.8346990942955017
evaluation-31360-tar-000,1,0.8681322336196899
evaluation-31360-non-000,0,0.7209580540657043
evaluation-31384-tar-000,1,0.8856129050254822
evaluation-31384-non-000,0,0.7963367700576782
evaluation-3139-tar-000,1,0.834972620010376
evaluation-3139-non-000,0,0.8339313864707947
evaluation-31390-tar-000,1,0.8344020247459412
evaluation-31390-non-000,0,0.807998538017273
evaluation-3145-tar-000,1,0.8857468962669373
evaluation-3145-non-000,0,0.7103303670883179
evaluation-31464-tar-000,1,0.824517011642456
evaluation-31464-non-000,0,0.818435549736023
evaluation-3161-tar-000,1,0.8649357557296753
evaluation-3161-non-000,0,0.7709460258483887
evaluation-31665-tar-000,1,0.7777146100997925
evaluation-31665-non-000,0,0.7008787989616394
evaluation-3167-tar-000,1,0.8220748901367188
evaluation-3167-non-000,0,0.7288508415222168
evaluation-31838-tar-000,1,0.8428596258163452
evaluation-31838-non-000,0,0.6836028099060059
evaluation-31947-tar-000,1,0.8138687014579773
evaluation-31947-non-000,0,0.7727193236351013
evaluation-31950-tar-000,1,0.8286983966827393
evaluation-31950-non-000,0,0.8010333776473999
evaluation-31964-tar-000,1,0.8539514541625977
evaluation-31964-non-000,0,0.8435914516448975
evaluation-31986-tar-000,1,0.7991937398910522
evaluation-31986-non-000,0,0.870786190032959
evaluation-32005-tar-000,1,0.8171608448028564
evaluation-32005-non-000,0,0.7670131921768188
evaluation-32046-tar-000,1,0.8588294982910156
evaluation-32046-non-000,0,0.8359907865524292
evaluation-32057-tar-000,1,0.8634142875671387
evaluation-32057-non-000,0,0.7107211947441101
evaluation-3215-tar-000,1,0.8739809989929199
evaluation-3215-non-000,0,0.7101818919181824
evaluation-32285-tar-000,1,0.7963448762893677
evaluation-32285-non-000,0,0.875965416431427
evaluation-32368-tar-000,1,0.9007528424263
evaluation-32368-non-000,0,0.7382049560546875
evaluation-32521-tar-000,1,0.8383083343505859
evaluation-32521-non-000,0,0.7829627990722656
evaluation-32620-tar-000,1,0.883258581161499
evaluation-32620-non-000,0,0.8855373859405518
evaluation-32730-tar-000,1,0.8538395762443542
evaluation-32730-non-000,0,0.825947642326355
evaluation-32785-tar-000,1,0.862407922744751
evaluation-32785-non-000,0,0.7570972442626953
evaluation-32810-tar-000,1,0.8772991895675659
evaluation-32810-non-000,0,0.7782004475593567
evaluation-3292-tar-000,1,0.8762308359146118
evaluation-3292-non-000,0,0.8458297848701477
evaluation-3301-tar-000,1,0.7775605320930481
evaluation-3301-non-000,0,0.7610760927200317
evaluation-33060-tar-000,1,0.8897734880447388
evaluation-33060-non-000,0,0.898474931716919
evaluation-33096-tar-000,1,0.6780305504798889
evaluation-33096-non-000,0,0.7540480494499207
evaluation-33120-tar-000,1,0.8394485712051392
evaluation-33120-non-000,0,0.7598124742507935
evaluation-3314-tar-000,1,0.8106597661972046
evaluation-3314-non-000,0,0.7809200882911682
evaluation-33255-tar-000,1,0.8542449474334717
evaluation-33255-non-000,0,0.7765347957611084
evaluation-33258-tar-000,1,0.8678607940673828
evaluation-33258-non-000,0,0.7358044385910034
evaluation-33274-tar-000,1,0.8809298276901245
evaluation-33274-non-000,0,0.7953736186027527
evaluation-33598-tar-000,1,0.7995800375938416
evaluation-33598-non-000,0,0.7570208311080933
evaluation-3361-tar-000,1,0.7487541437149048
evaluation-3361-non-000,0,0.7910600900650024
evaluation-33623-tar-000,1,0.7754406929016113
evaluation-33623-non-000,0,0.7381453514099121
evaluation-3365-tar-000,1,0.8031103610992432
evaluation-3365-non-000,0,0.784008264541626
evaluation-3369-tar-000,1,0.7846611142158508
evaluation-3369-non-000,0,0.8461587429046631
evaluation-33711-tar-000,1,0.8541211485862732
evaluation-33711-non-000,0,0.8367160558700562
evaluation-33790-tar-000,1,0.815606951713562
evaluation-33790-non-000,0,0.7765080332756042
evaluation-3395-tar-000,1,0.7934823632240295
evaluation-3395-non-000,0,0.7774176597595215
evaluation-3407-tar-000,1,0.7555891275405884
evaluation-3407-non-000,0,0.7587011456489563
evaluation-3409-tar-000,1,0.788411557674408
evaluation-3409-non-000,0,0.698809027671814
evaluation-34158-tar-000,1,0.8123641610145569
evaluation-34158-non-000,0,0.8423523902893066
evaluation-3417-tar-000,1,0.8698796033859253
evaluation-3417-non-000,0,0.836406946182251
evaluation-3425-tar-000,1,0.8199466466903687
evaluation-3425-non-000,0,0.8047049045562744
evaluation-34257-tar-000,1,0.854685366153717
evaluation-34257-non-000,0,0.8577438592910767
evaluation-3427-tar-000,1,0.7956414818763733
evaluation-3427-non-000,0,0.7493389844894409
evaluation-34458-tar-000,1,0.7562544345855713
evaluation-34458-non-000,0,0.8120836019515991
evaluation-34485-tar-000,1,0.8475282192230225
evaluation-34485-non-000,0,0.7743552327156067
evaluation-34631-tar-000,1,0.8544072508811951
evaluation-34631-non-000,0,0.8406534194946289
evaluation-34647-tar-000,1,0.8709778189659119
evaluation-34647-non-000,0,0.7525454759597778
evaluation-3471-tar-000,1,0.7277653217315674
evaluation-3471-non-000,0,0.7477065920829773
evaluation-34719-tar-000,1,0.8231261968612671
evaluation-34719-non-000,0,0.818787693977356
evaluation-3473-tar-000,1,0.8170976638793945
evaluation-3473-non-000,0,0.7180206179618835
evaluation-34738-tar-000,1,0.8928117156028748
evaluation-34738-non-000,0,0.7908015251159668
evaluation-34771-tar-000,1,0.806484043598175
evaluation-34771-non-000,0,0.8268025517463684
evaluation-3479-tar-000,1,0.7914612889289856
evaluation-3479-non-000,0,0.7823286056518555
evaluation-34807-tar-000,1,0.8489976525306702
evaluation-34807-non-000,0,0.7752572298049927
evaluation-3482-tar-000,1,0.8568925857543945
evaluation-3482-non-000,0,0.7749289274215698
evaluation-34859-tar-000,1,0.8591861128807068
evaluation-34859-non-000,0,0.8385374546051025
evaluation-3497-tar-000,1,0.828257143497467
evaluation-3497-non-000,0,0.7873315811157227
evaluation-34996-tar-000,1,0.8099973797798157
evaluation-34996-non-000,0,0.7937983870506287
evaluation-35043-tar-000,1,0.7826260328292847
evaluation-35043-non-000,0,0.7395552396774292
evaluation-3507-tar-000,1,0.7913360595703125
evaluation-3507-non-000,0,0.7288956642150879
evaluation-35101-tar-000,1,0.808650016784668
evaluation-35101-non-000,0,0.7287354469299316
evaluation-3518-tar-000,1,0.8321390151977539
evaluation-3518-non-000,0,0.8151301145553589
evaluation-3522-tar-000,1,0.75962895154953
evaluation-3522-non-000,0,0.8287827968597412
evaluation-35293-tar-000,1,0.8953588008880615
evaluation-35293-non-000,0,0.8035807013511658
evaluation-35359-tar-000,1,0.8462958335876465
evaluation-35359-non-000,0,0.7836096286773682
evaluation-3540-tar-000,1,0.6997518539428711
evaluation-3540-non-000,0,0.7242394089698792
evaluation-35416-tar-000,1,0.8916194438934326
evaluation-35416-non-000,0,0.7587321996688843
evaluation-35449-tar-000,1,0.8494396209716797
evaluation-35449-non-000,0,0.7165160179138184
evaluation-35510-tar-000,1,0.8759809732437134
evaluation-35510-non-000,0,0.8193631172180176
evaluation-35562-tar-000,1,0.8807834386825562
evaluation-35562-non-000,0,0.6810073852539062
evaluation-35587-tar-000,1,0.9113067984580994
evaluation-35587-non-000,0,0.6525360345840454
evaluation-3564-tar-000,1,0.8677710294723511
evaluation-3564-non-000,0,0.8270444869995117
evaluation-35683-tar-000,1,0.7802305817604065
evaluation-35683-non-000,0,0.7840379476547241
evaluation-35699-tar-000,1,0.8388279676437378
evaluation-35699-non-000,0,0.8122307062149048
evaluation-3571-tar-000,1,0.8218138217926025
evaluation-3571-non-000,0,0.7985949516296387
evaluation-3572-tar-000,1,0.8474447727203369
evaluation-3572-non-000,0,0.7957607507705688
evaluation-35793-tar-000,1,0.7521898746490479
evaluation-35793-non-000,0,0.8077225685119629
evaluation-35823-tar-000,1,0.7100176811218262
evaluation-35823-non-000,0,0.7895501852035522
evaluation-35872-tar-000,1,0.7881333827972412
evaluation-35872-non-000,0,0.8450775146484375
evaluation-3597-tar-000,1,0.8485807180404663
evaluation-3597-non-000,0,0.8322288990020752
evaluation-35996-tar-000,1,0.8333291411399841
evaluation-35996-non-000,0,0.6889424324035645
evaluation-36004-tar-000,1,0.886253833770752
evaluation-36004-non-000,0,0.7021112442016602
evaluation-36051-tar-000,1,0.7390505075454712
evaluation-36051-non-000,0,0.8216725587844849
evaluation-3619-tar-000,1,0.8110476732254028
evaluation-3619-non-000,0,0.872212827205658
evaluation-36196-tar-000,1,0.8136226534843445
evaluation-36196-non-000,0,0.7212271690368652
evaluation-36298-tar-000,1,0.7882740497589111
evaluation-36298-non-000,0,0.8080730438232422
evaluation-36323-tar-000,1,0.8186620473861694
evaluation-36323-non-000,0,0.8396816849708557
evaluation-36386-tar-000,1,0.8550587892532349
evaluation-36386-non-000,0,0.7808300852775574
evaluation-36395-tar-000,1,0.8273066282272339
evaluation-36395-non-000,0,0.7740710377693176
evaluation-36460-tar-000,1,0.7649343013763428
evaluation-36460-non-000,0,0.735176682472229
evaluation-36499-tar-000,1,0.9011759757995605
evaluation-36499-non-000,0,0.7931588292121887
evaluation-3656-tar-000,1,0.770382821559906
evaluation-3656-non-000,0,0.7645829916000366
evaluation-36611-tar-000,1,0.8981506824493408
evaluation-36611-non-000,0,0.7810485363006592
evaluation-36619-tar-000,1,0.8376669883728027
evaluation-36619-non-000,0,0.8110660314559937
evaluation-36625-tar-000,1,0.7157300114631653
evaluation-36625-non-000,0,0.76055508852005
evaluation-36633-tar-000,1,0.8490327000617981
evaluation-36633-non-000,0,0.8080474138259888
evaluation-36685-tar-000,1,0.834620475769043
evaluation-36685-non-000,0,0.8853611946105957
evaluation-3669-tar-000,1,0.7385199069976807
evaluation-3669-non-000,0,0.7142331004142761
evaluation-36853-tar-000,1,0.8589653968811035
evaluation-36853-non-000,0,0.8241368532180786
evaluation-3693-tar-000,1,0.8595826029777527
evaluation-3693-non-000,0,0.7356662154197693
evaluation-3720-tar-000,1,0.9252390265464783
evaluation-3720-non-000,0,0.8126947283744812
evaluation-37259-tar-000,1,0.6592247486114502
evaluation-37259-non-000,0,0.8271803855895996
evaluation-37301-tar-000,1,0.8475033044815063
evaluation-37301-non-000,0,0.7359033823013306
evaluation-37328-tar-000,1,0.8759692907333374
evaluation-37328-non-000,0,0.8187099099159241
evaluation-37625-tar-000,1,0.8518352508544922
evaluation-37625-non-000,0,0.7874999046325684
evaluation-37658-tar-000,1,0.8363938331604004
evaluation-37658-non-000,0,0.844700813293457
evaluation-3767-tar-000,1,0.8844839334487915
evaluation-3767-non-000,0,0.7922214865684509
evaluation-37696-tar-000,1,0.8456125855445862
evaluation-37696-non-000,0,0.685329020023346
evaluation-3770-tar-000,1,0.8491778373718262
evaluation-3770-non-000,0,0.7502718567848206
evaluation-37740-tar-000,1,0.8088919520378113
evaluation-37740-non-000,0,0.852746844291687
evaluation-3778-tar-000,1,0.8576793074607849
evaluation-3778-non-000,0,0.7855253219604492
evaluation-37844-tar-000,1,0.8007259368896484
evaluation-37844-non-000,0,0.8317816257476807
evaluation-37921-tar-000,1,0.830916702747345
evaluation-37921-non-000,0,0.7551131248474121
evaluation-37932-tar-000,1,0.8137771487236023
evaluation-37932-non-000,0,0.8467410802841187
evaluation-37946-tar-000,1,0.8300721645355225
evaluation-37946-non-000,0,0.8114593029022217
evaluation-37965-tar-000,1,0.8301669359207153
evaluation-37965-non-000,0,0.7116237878799438
evaluation-37971-tar-000,1,0.786028265953064
evaluation-37971-non-000,0,0.8238815665245056
evaluation-3805-tar-000,1,0.8222926259040833
evaluation-3805-non-000,0,0.7328474521636963
evaluation-38056-tar-000,1,0.8104430437088013
evaluation-38056-non-000,0,0.8058454990386963
evaluation-38083-tar-000,1,0.7951052188873291
evaluation-38083-non-000,0,0.7998716831207275
evaluation-3813-tar-000,1,0.8418079614639282
evaluation-3813-non-000,0,0.7686144113540649
evaluation-38157-tar-000,1,0.8633466362953186
evaluation-38157-non-000,0,0.8157394528388977
evaluation-38166-tar-000,1,0.8031019568443298
evaluation-38166-non-000,0,0.5642132759094238
evaluation-38196-tar-000,1,0.8017341494560242
evaluation-38196-non-000,0,0.6449034810066223
evaluation-3827-tar-000,1,0.7463934421539307
evaluation-3827-non-000,0,0.710152268409729
evaluation-38388-tar-000,1,0.8610405921936035
evaluation-38388-non-000,0,0.8118671774864197
evaluation-3839-tar-000,1,0.8978716731071472
evaluation-3839-non-000,0,0.7318021059036255
evaluation-3840-tar-000,1,0.8100674152374268
evaluation-3840-non-000,0,0.7852227687835693
evaluation-38657-tar-000,1,0.7767909169197083
evaluation-38657-non-000,0,0.7404402494430542
evaluation-38792-tar-000,1,0.8541821837425232
evaluation-38792-non-000,0,0.7855359315872192
evaluation-3888-tar-000,1,0.787384033203125
evaluation-3888-non-000,0,0.7639761567115784
evaluation-3892-tar-000,1,0.8788754940032959
evaluation-3892-non-000,0,0.8262611627578735
evaluation-3901-tar-000,1,0.8521985411643982
evaluation-3901-non-000,0,0.7642339468002319
evaluation-39025-tar-000,1,0.7859533429145813
evaluation-39025-non-000,0,0.8354587554931641
evaluation-39031-tar-000,1,0.8792721033096313
evaluation-39031-non-000,0,0.7347305417060852
evaluation-3911-tar-000,1,0.8473295569419861
evaluation-3911-non-000,0,0.814979612827301
evaluation-39163-tar-000,1,0.8654129505157471
evaluation-39163-non-000,0,0.8472704887390137
evaluation-39201-tar-000,1,0.855309784412384
evaluation-39201-non-000,0,0.8215914368629456
evaluation-3921-tar-000,1,0.8194191455841064
evaluation-3921-non-000,0,0.8211876153945923
evaluation-3926-tar-000,1,0.8783267736434937
evaluation-3926-non-000,0,0.7933982610702515
evaluation-3928-tar-000,1,0.8531523942947388
evaluation-3928-non-000,0,0.7615545392036438
evaluation-3931-tar-000,1,0.8045932054519653
evaluation-3931-non-000,0,0.8577209711074829
evaluation-3939-tar-000,1,0.751599907875061
evaluation-3939-non-000,0,0.7692925930023193
evaluation-39421-tar-000,1,0.8770492076873779
evaluation-39421-non-000,0,0.7591663002967834
evaluation-3954-tar-000,1,0.786543071269989
evaluation-3954-non-000,0,0.7512048482894897
evaluation-39720-tar-000,1,0.9002503156661987
evaluation-39720-non-000,0,0.8465678691864014
evaluation-39756-tar-000,1,0.7951088547706604
evaluation-39756-non-000,0,0.8508495092391968
evaluation-39877-tar-000,1,0.8535799384117126
evaluation-39877-non-000,0,0.6986261606216431
evaluation-3989-tar-000,1,0.8685826063156128
evaluation-3989-non-000,0,0.7113068699836731
evaluation-40025-tar-000,1,0.8791345357894897
evaluation-40025-non-000,0,0.7316701412200928
evaluation-4004-tar-000,1,0.8513624668121338
evaluation-4004-non-000,0,0.7464419603347778
evaluation-40064-tar-000,1,0.8947489857673645
evaluation-40064-non-000,0,0.7956357002258301
evaluation-40075-tar-000,1,0.8169744610786438
evaluation-40075-non-000,0,0.7603074312210083
evaluation-4013-tar-000,1,0.7943240404129028
evaluation-4013-non-000,0,0.8482567071914673
evaluation-40173-tar-000,1,0.8671461343765259
evaluation-40173-non-000,0,0.7475266456604004
evaluation-40311-tar-000,1,0.8512413501739502
evaluation-40311-non-000,0,0.6975595951080322
evaluation-4044-tar-000,1,0.8061358332633972
evaluation-4044-non-000,0,0.7817419171333313
evaluation-40525-tar-000,1,0.860110342502594
evaluation-40525-non-000,0,0.7193088531494141
evaluation-40577-tar-000,1,0.8653751611709595
evaluation-40577-non-000,0,0.8379758596420288
evaluation-40588-tar-000,1,0.807975172996521
evaluation-40588-non-000,0,0.7162957191467285
evaluation-40676-tar-000,1,0.7659024000167847
evaluation-40676-non-000,0,0.8726714849472046
evaluation-4068-tar-000,1,0.7337226867675781
evaluation-4068-non-000,0,0.8011071681976318
evaluation-4077-tar-000,1,0.8982512950897217
evaluation-4077-non-000,0,0.8195393085479736
evaluation-40772-tar-000,1,0.7511583566665649
evaluation-40772-non-000,0,0.8246965408325195
evaluation-40929-tar-000,1,0.8308150172233582
evaluation-40929-non-000,0,0.7408088445663452
evaluation-41000-tar-000,1,0.9048481583595276
evaluation-41000-non-000,0,0.7476032972335815
evaluation-41025-tar-000,1,0.7565346956253052
evaluation-41025-non-000,0,0.7056255340576172
evaluation-4123-tar-000,1,0.8155555725097656
evaluation-4123-non-000,0,0.8166490793228149
evaluation-41278-tar-000,1,0.8285892605781555
evaluation-41278-non-000,0,0.824400782585144
evaluation-4134-tar-000,1,0.8594332933425903
evaluation-4134-non-000,0,0.8100622892379761
evaluation-41357-tar-000,1,0.9090121388435364
evaluation-41357-non-000,0,0.8440172672271729
evaluation-41390-tar-000,1,0.870396077632904
evaluation-41390-non-000,0,0.8226343393325806
evaluation-41404-tar-000,1,0.8262802362442017
evaluation-41404-non-000,0,0.8165546655654907
evaluation-41492-tar-000,1,0.8813892602920532
evaluation-41492-non-000,0,0.7904949188232422
evaluation-41536-tar-000,1,0.8635352849960327
evaluation-41536-non-000,0,0.8710887432098389
evaluation-41706-tar-000,1,0.8883145451545715
evaluation-41706-non-000,0,0.7585588693618774
evaluation-41750-tar-000,1,0.8359983563423157
evaluation-41750-non-000,0,0.7985951900482178
evaluation-41755-tar-000,1,0.82292640209198
evaluation-41755-non-000,0,0.8083332180976868
evaluation-41854-tar-000,1,0.8678382635116577
evaluation-41854-non-000,0,0.7296269536018372
evaluation-41945-tar-000,1,0.8759303092956543
evaluation-41945-non-000,0,0.7912537455558777
evaluation-41994-tar-000,1,0.8941106796264648
evaluation-41994-non-000,0,0.8619134426116943
evaluation-4202-tar-000,1,0.8075634241104126
evaluation-4202-non-000,0,0.8488408923149109
evaluation-42025-tar-000,1,0.7962881922721863
evaluation-42025-non-000,0,0.8485761284828186
evaluation-4204-tar-000,1,0.844251275062561
evaluation-4204-non-000,0,0.7132033109664917
evaluation-42173-tar-000,1,0.80592942237854
evaluation-42173-non-000,0,0.6705771684646606
evaluation-42176-tar-000,1,0.8372886180877686
evaluation-42176-non-000,0,0.7975481152534485
evaluation-42209-tar-000,1,0.8801020979881287
evaluation-42209-non-000,0,0.7756000757217407
evaluation-42250-tar-000,1,0.7484108805656433
evaluation-42250-non-000,0,0.7562363147735596
evaluation-4240-tar-000,1,0.8152762055397034
evaluation-4240-non-000,0,0.8144609928131104
evaluation-42401-tar-000,1,0.8267017602920532
evaluation-42401-non-000,0,0.7687687873840332
evaluation-4246-tar-000,1,0.8438286185264587
evaluation-4246-non-000,0,0.8302286267280579
evaluation-42505-tar-000,1,0.7748461961746216
evaluation-42505-non-000,0,0.8286129832267761
evaluation-4251-tar-000,1,0.8236809968948364
evaluation-4251-non-000,0,0.8157225847244263
evaluation-42546-tar-000,1,0.8541650772094727
evaluation-42546-non-000,0,0.6703436374664307
evaluation-42648-tar-000,1,0.8764986395835876
evaluation-42648-non-000,0,0.8080345392227173
evaluation-42681-tar-000,1,0.8353264331817627
evaluation-42681-non-000,0,0.7859932780265808
evaluation-42717-tar-000,1,0.8679220080375671
evaluation-42717-non-000,0,0.8055901527404785
evaluation-42728-tar-000,1,0.8892208337783813
evaluation-42728-non-000,0,0.7460005283355713
evaluation-42744-tar-000,1,0.8253706693649292
evaluation-42744-non-000,0,0.7724579572677612
evaluation-42772-tar-000,1,0.8064156174659729
evaluation-42772-non-000,0,0.7393701672554016
evaluation-4288-tar-000,1,0.8072425127029419
evaluation-4288-non-000,0,0.8575063943862915
evaluation-42904-tar-000,1,0.8060965538024902
evaluation-42904-non-000,0,0.8740131258964539
evaluation-4295-tar-000,1,0.8800610303878784
evaluation-4295-non-000,0,0.6302955746650696
evaluation-43042-tar-000,1,0.8801461458206177
evaluation-43042-non-000,0,0.8131992816925049
evaluation-43063-tar-000,1,0.8431859016418457
evaluation-43063-non-000,0,0.7396522760391235
evaluation-4308-tar-000,1,0.8563012480735779
evaluation-4308-non-000,0,0.7825087308883667
evaluation-4315-tar-000,1,0.8155213594436646
evaluation-4315-non-000,0,0.7514916062355042
evaluation-43184-tar-000,1,0.8136109113693237
evaluation-43184-non-000,0,0.7523568272590637
evaluation-43225-tar-000,1,0.8586532473564148
evaluation-43225-non-000,0,0.8999376893043518
evaluation-43269-tar-000,1,0.8615500926971436
evaluation-43269-non-000,0,0.7002710103988647
evaluation-43288-tar-000,1,0.8498737812042236
evaluation-43288-non-000,0,0.7170389890670776
evaluation-4341-tar-000,1,0.8779520392417908
evaluation-4341-non-000,0,0.8355269432067871
evaluation-43483-tar-000,1,0.8268754482269287
evaluation-43483-non-000,0,0.8059372305870056
evaluation-43604-tar-000,1,0.7679724097251892
evaluation-43604-non-000,0,0.7641536593437195
evaluation-43675-tar-000,1,0.745751678943634
evaluation-43675-non-000,0,0.690825343132019
evaluation-4368-tar-000,1,0.7824033498764038
evaluation-4368-non-000,0,0.7209120988845825
evaluation-43744-tar-000,1,0.7836196422576904
evaluation-43744-non-000,0,0.708906888961792
evaluation-43818-tar-000,1,0.8661224246025085
evaluation-43818-non-000,0,0.8569797277450562
evaluation-43865-tar-000,1,0.8588076829910278
evaluation-43865-non-000,0,0.7591208219528198
evaluation-43958-tar-000,1,0.8336786031723022
evaluation-43958-non-000,0,0.7984234690666199
evaluation-44085-tar-000,1,0.7495361566543579
evaluation-44085-non-000,0,0.6908242702484131
evaluation-44175-tar-000,1,0.8946012258529663
evaluation-44175-non-000,0,0.7897325754165649
evaluation-44285-tar-000,1,0.8732025623321533
evaluation-44285-non-000,0,0.7783498764038086
evaluation-44392-tar-000,1,0.7633358240127563
evaluation-44392-non-000,0,0.8122242093086243
evaluation-4440-tar-000,1,0.725719153881073
evaluation-4440-non-000,0,0.8271254301071167
evaluation-44406-tar-000,1,0.7533886432647705
evaluation-44406-non-000,0,0.8716202974319458
evaluation-4442-tar-000,1,0.8675426244735718
evaluation-4442-non-000,0,0.7963905930519104
evaluation-4468-tar-000,1,0.668968677520752
evaluation-4468-non-000,0,0.8154619932174683
evaluation-44683-tar-000,1,0.8242736458778381
evaluation-44683-non-000,0,0.777197003364563
evaluation-44727-tar-000,1,0.8270801901817322
evaluation-44727-non-000,0,0.7192029356956482
evaluation-4477-tar-000,1,0.8723244667053223
evaluation-4477-non-000,0,0.7732924222946167
evaluation-44829-tar-000,1,0.8921413421630859
evaluation-44829-non-000,0,0.8096624612808228
evaluation-4506-tar-000,1,0.8033888339996338
evaluation-4506-non-000,0,0.7725520133972168
evaluation-45084-tar-000,1,0.894214391708374
evaluation-45084-non-000,0,0.7948381900787354
evaluation-45213-tar-000,1,0.8609748482704163
evaluation-45213-non-000,0,0.7554317116737366
evaluation-45252-tar-000,1,0.8641891479492188
evaluation-45252-non-000,0,0.6891933083534241
evaluation-4529-tar-000,1,0.831680953502655
evaluation-4529-non-000,0,0.7211408019065857
evaluation-45538-tar-000,1,0.7755841016769409
evaluation-45538-non-000,0,0.8328631520271301
evaluation-45617-tar-000,1,0.8489682674407959
evaluation-45617-non-000,0,0.7915568351745605
evaluation-45658-tar-000,1,0.9044050574302673
evaluation-45658-non-000,0,0.8557236194610596
evaluation-45744-tar-000,1,0.8087515830993652
evaluation-45744-non-000,0,0.7347059845924377
evaluation-45749-tar-000,1,0.8608867526054382
evaluation-45749-non-000,0,0.8208169937133789
evaluation-45793-tar-000,1,0.7991337180137634
evaluation-45793-non-000,0,0.8007838726043701
evaluation-4581-tar-000,1,0.8037247657775879
evaluation-4581-non-000,0,0.7969846725463867
evaluation-45834-tar-000,1,0.8731401562690735
evaluation-45834-non-000,0,0.7289655208587646
evaluation-45870-tar-000,1,0.7787519693374634
evaluation-45870-non-000,0,0.7865750193595886
evaluation-4591-tar-000,1,0.8760470151901245
evaluation-4591-non-000,0,0.7758306264877319
evaluation-45985-tar-000,1,0.7733327150344849
evaluation-45985-non-000,0,0.7429211139678955
evaluation-46029-tar-000,1,0.8927819728851318
evaluation-46029-non-000,0,0.8155176639556885
evaluation-4603-tar-000,1,0.9290352463722229
evaluation-4603-non-000,0,0.7623246908187866
evaluation-4612-tar-000,1,0.8162493705749512
evaluation-4612-non-000,0,0.7741140127182007
evaluation-4619-tar-000,1,0.8098884224891663
evaluation-4619-non-000,0,0.6161372661590576
evaluation-46202-tar-000,1,0.8214226961135864
evaluation-46202-non-000,0,0.7848727107048035
evaluation-46241-tar-000,1,0.8614934682846069
evaluation-46241-non-000,0,0.8141810894012451
evaluation-46298-tar-000,1,0.8719820380210876
evaluation-46298-non-000,0,0.8206650018692017
evaluation-46466-tar-000,1,0.9001376628875732
evaluation-46466-non-000,0,0.7977820634841919
evaluation-4649-tar-000,1,0.8109394311904907
evaluation-4649-non-000,0,0.7426904439926147
evaluation-4664-tar-000,1,0.7941015958786011
evaluation-4664-non-000,0,0.7191309332847595
evaluation-46955-tar-000,1,0.7993639707565308
evaluation-46955-non-000,0,0.6182101964950562
evaluation-4709-tar-000,1,0.847366213798523
evaluation-4709-non-000,0,0.8166870474815369
evaluation-4710-tar-000,1,0.7443739771842957
evaluation-4710-non-000,0,0.7821117043495178
evaluation-47139-tar-000,1,0.7849524021148682
evaluation-47139-non-000,0,0.744128942489624
evaluation-47142-tar-000,1,0.8281556963920593
evaluation-47142-non-000,0,0.7844370603561401
evaluation-47169-tar-000,1,0.7707490921020508
evaluation-47169-non-000,0,0.8439699411392212
evaluation-47238-tar-000,1,0.8166283369064331
evaluation-47238-non-000,0,0.6924014687538147
evaluation-4728-tar-000,1,0.8604393005371094
evaluation-4728-non-000,0,0.8733522295951843
evaluation-47342-tar-000,1,0.7791290283203125
evaluation-47342-non-000,0,0.8258665204048157
evaluation-47504-tar-000,1,0.8489298820495605
evaluation-47504-non-000,0,0.8159404397010803
evaluation-4763-tar-000,1,0.8213800191879272
evaluation-4763-non-000,0,0.7674907445907593
evaluation-47650-tar-000,1,0.8137267827987671
evaluation-47650-non-000,0,0.818682074546814
evaluation-47658-tar-000,1,0.7626501321792603
evaluation-47658-non-000,0,0.7330902814865112
evaluation-4773-tar-000,1,0.8258531093597412
evaluation-4773-non-000,0,0.8410173058509827
evaluation-4774-tar-000,1,0.7844581604003906
evaluation-4774-non-000,0,0.8211376070976257
evaluation-47913-tar-000,1,0.8828176856040955
evaluation-47913-non-000,0,0.8734242916107178
evaluation-47998-tar-000,1,0.7818350791931152
evaluation-47998-non-000,0,0.6815148591995239
evaluation-4800-tar-000,1,0.8317680358886719
evaluation-4800-non-000,0,0.8439273834228516
evaluation-48095-tar-000,1,0.8037664294242859
evaluation-48095-non-000,0,0.8190215826034546
evaluation-48193-tar-000,1,0.8179695010185242
evaluation-48193-non-000,0,0.7143176794052124
evaluation-4821-tar-000,1,0.8467020988464355
evaluation-4821-non-000,0,0.803686261177063
evaluation-48232-tar-000,1,0.8487818241119385
evaluation-48232-non-000,0,0.8165592551231384
evaluation-48262-tar-000,1,0.7996925115585327
evaluation-48262-non-000,0,0.778327465057373
evaluation-48388-tar-000,1,0.8192523717880249
evaluation-48388-non-000,0,0.8072685599327087
evaluation-4841-tar-000,1,0.7702988982200623
evaluation-4841-non-000,0,0.7402697801589966
evaluation-4842-tar-000,1,0.7725982666015625
evaluation-4842-non-000,0,0.8025156259536743
evaluation-48443-tar-000,1,0.8458585739135742
evaluation-48443-non-000,0,0.7552139759063721
evaluation-48454-tar-000,1,0.8222777843475342
evaluation-48454-non-000,0,0.8683257699012756
evaluation-48575-tar-000,1,0.8512192964553833
evaluation-48575-non-000,0,0.7387615442276001
evaluation-48578-tar-000,1,0.7907033562660217
evaluation-48578-non-000,0,0.7670242786407471
evaluation-4867-tar-000,1,0.8346295356750488
evaluation-4867-non-000,0,0.8103997707366943
evaluation-48726-tar-000,1,0.8816485404968262
evaluation-48726-non-000,0,0.7389752864837646
evaluation-48759-tar-000,1,0.7802110314369202
evaluation-48759-non-000,0,0.6835429072380066
evaluation-48787-tar-000,1,0.9044339656829834
evaluation-48787-non-000,0,0.7539635896682739
evaluation-48833-tar-000,1,0.8256655931472778
evaluation-48833-non-000,0,0.6652689576148987
evaluation-48905-tar-000,1,0.8332338929176331
evaluation-48905-non-000,0,0.7551524639129639
evaluation-4891-tar-000,1,0.794230580329895
evaluation-4891-non-000,0,0.8226379752159119
evaluation-4894-tar-000,1,0.7924662232398987
evaluation-4894-non-000,0,0.815949022769928
evaluation-48952-tar-000,1,0.8301428556442261
evaluation-48952-non-000,0,0.7958623766899109
evaluation-49004-tar-000,1,0.703845739364624
evaluation-49004-non-000,0,0.7935168147087097
evaluation-49037-tar-000,1,0.8491697311401367
evaluation-49037-non-000,0,0.8088155388832092
evaluation-49045-tar-000,1,0.8320749402046204
evaluation-49045-non-000,0,0.8715384006500244
evaluation-49097-tar-000,1,0.813031792640686
evaluation-49097-non-000,0,0.8264001607894897
evaluation-49116-tar-000,1,0.7645177245140076
evaluation-49116-non-000,0,0.8000343441963196
evaluation-49196-tar-000,1,0.8750161528587341
evaluation-49196-non-000,0,0.6981461644172668
evaluation-49207-tar-000,1,0.8256974220275879
evaluation-49207-non-000,0,0.8375493288040161
evaluation-4921-tar-000,1,0.8889284133911133
evaluation-4921-non-000,0,0.7664586901664734
evaluation-49215-tar-000,1,0.9007432460784912
evaluation-49215-non-000,0,0.7786812782287598
evaluation-4934-tar-000,1,0.7850849628448486
evaluation-4934-non-000,0,0.8271162509918213
evaluation-49446-tar-000,1,0.8367854952812195
evaluation-49446-non-000,0,0.7946996688842773
evaluation-49476-tar-000,1,0.806059718132019
evaluation-49476-non-000,0,0.6559081077575684
evaluation-49484-tar-000,1,0.8820725679397583
evaluation-49484-non-000,0,0.7698058485984802
evaluation-49520-tar-000,1,0.8923738598823547
evaluation-49520-non-000,0,0.7514221668243408
evaluation-49539-tar-000,1,0.8578285574913025
evaluation-49539-non-000,0,0.7111682891845703
evaluation-4958-tar-000,1,0.8017846345901489
evaluation-4958-non-000,0,0.8205425143241882
evaluation-4961-tar-000,1,0.8196532726287842
evaluation-4961-non-000,0,0.7832467555999756
evaluation-49677-tar-000,1,0.8805444240570068
evaluation-49677-non-000,0,0.7246216535568237
evaluation-49792-tar-000,1,0.8191725015640259
evaluation-49792-non-000,0,0.8093796968460083
evaluation-49808-tar-000,1,0.8905565142631531
evaluation-49808-non-000,0,0.7935960292816162
evaluation-49872-tar-000,1,0.7480374574661255
evaluation-49872-non-000,0,0.653432309627533
evaluation-50056-tar-000,1,0.8551334142684937
evaluation-50056-non-000,0,0.7464570999145508
evaluation-5008-tar-000,1,0.827053964138031
evaluation-5008-non-000,0,0.7064050436019897
evaluation-5010-tar-000,1,0.8564047813415527
evaluation-5010-non-000,0,0.8568298816680908
evaluation-50138-tar-000,1,0.8649922609329224
evaluation-50138-non-000,0,0.8224558234214783
evaluation-5018-tar-000,1,0.8298947215080261
evaluation-5018-non-000,0,0.8707364797592163
evaluation-5021-tar-000,1,0.8603555560112
evaluation-5021-non-000,0,0.7444684505462646
evaluation-5024-tar-000,1,0.826323390007019
evaluation-5024-non-000,0,0.8077161312103271
evaluation-50374-tar-000,1,0.7495141625404358
evaluation-50374-non-000,0,0.8490380048751831
evaluation-5042-tar-000,1,0.7773300409317017
evaluation-5042-non-000,0,0.7120776176452637
evaluation-50440-tar-000,1,0.8433945775032043
evaluation-50440-non-000,0,0.8010807037353516
evaluation-50490-tar-000,1,0.8262850046157837
evaluation-50490-non-000,0,0.7919989824295044
evaluation-50591-tar-000,1,0.8190019130706787
evaluation-50591-non-000,0,0.8202214241027832
evaluation-50608-tar-000,1,0.8881497979164124
evaluation-50608-non-000,0,0.6754445433616638
evaluation-50613-tar-000,1,0.8618777990341187
evaluation-50613-non-000,0,0.7645821571350098
evaluation-50643-tar-000,1,0.8802359104156494
evaluation-50643-non-000,0,0.7254163026809692
evaluation-50652-tar-000,1,0.8278180956840515
evaluation-50652-non-000,0,0.6895772218704224
evaluation-50676-tar-000,1,0.8392268419265747
evaluation-50676-non-000,0,0.7943778038024902
evaluation-50679-tar-000,1,0.8261760473251343
evaluation-50679-non-000,0,0.8494040369987488
evaluation-50723-tar-000,1,0.8295154571533203
evaluation-50723-non-000,0,0.773842453956604
evaluation-50786-tar-000,1,0.7924025058746338
evaluation-50786-non-000,0,0.732237696647644
evaluation-51050-tar-000,1,0.8271033763885498
evaluation-51050-non-000,0,0.7573742270469666
evaluation-51080-tar-000,1,0.7137159109115601
evaluation-51080-non-000,0,0.7502703666687012
evaluation-51099-tar-000,1,0.874286949634552
evaluation-51099-non-000,0,0.7726101875305176
evaluation-5135-tar-000,1,0.8271334171295166
evaluation-5135-non-000,0,0.781075119972229
evaluation-51399-tar-000,1,0.7754999399185181
evaluation-51399-non-000,0,0.8251709938049316
evaluation-51459-tar-000,1,0.7658622860908508
evaluation-51459-non-000,0,0.8089241981506348
evaluation-5148-tar-000,1,0.7728625535964966
evaluation-5148-non-000,0,0.7921942472457886
evaluation-5149-tar-000,1,0.7720568776130676
evaluation-5149-non-000,0,0.6978766918182373
evaluation-51506-tar-000,1,0.9080864787101746
evaluation-51506-non-000,0,0.853023886680603
evaluation-51525-tar-000,1,0.8733437061309814
evaluation-51525-non-000,0,0.6629802584648132
evaluation-5153-tar-000,1,0.8667141199111938
evaluation-5153-non-000,0,0.7625300884246826
evaluation-51531-tar-000,1,0.789602518081665
evaluation-51531-non-000,0,0.787336528301239
evaluation-51544-tar-000,1,0.8555723428726196
evaluation-51544-non-000,0,0.6558806896209717
evaluation-51624-tar-000,1,0.8360686302185059
evaluation-51624-non-000,0,0.7079011797904968
evaluation-51629-tar-000,1,0.8407499194145203
evaluation-51629-non-000,0,0.7813180685043335
evaluation-5167-tar-000,1,0.803552508354187
evaluation-5167-non-000,0,0.7161494493484497
evaluation-5171-tar-000,1,0.8511004447937012
evaluation-5171-non-000,0,0.7880393266677856
evaluation-51899-tar-000,1,0.8745462894439697
evaluation-51899-non-000,0,0.7275177240371704
evaluation-51940-tar-000,1,0.8359742760658264
evaluation-51940-non-000,0,0.7539949417114258
evaluation-51962-tar-000,1,0.8638685941696167
evaluation-51962-non-000,0,0.7367528676986694
evaluation-5203-tar-000,1,0.8517085909843445
evaluation-5203-non-000,0,0.8185036182403564
evaluation-5215-tar-000,1,0.853057861328125
evaluation-5215-non-000,0,0.8544689416885376
evaluation-52213-tar-000,1,0.8434302806854248
evaluation-52213-non-000,0,0.8437497615814209
evaluation-5225-tar-000,1,0.8430097103118896
evaluation-5225-non-000,0,0.7962651252746582
evaluation-52371-tar-000,1,0.81600421667099
evaluation-52371-non-000,0,0.7565755248069763
evaluation-52374-tar-000,1,0.7461103200912476
evaluation-52374-non-000,0,0.8478186130523682
evaluation-5246-tar-000,1,0.8841284513473511
evaluation-5246-non-000,0,0.7595577836036682
evaluation-52486-tar-000,1,0.8744173645973206
evaluation-52486-non-000,0,0.7205407619476318
evaluation-5253-tar-000,1,0.8795250654220581
evaluation-5253-non-000,0,0.8097896575927734
evaluation-52530-tar-000,1,0.8666344285011292
evaluation-52530-non-000,0,0.7171300649642944
evaluation-5256-tar-000,1,0.7927356362342834
evaluation-5256-non-000,0,0.8156120181083679
evaluation-5261-tar-000,1,0.755492091178894
evaluation-5261-non-000,0,0.6541365385055542
evaluation-52651-tar-000,1,0.9017009735107422
evaluation-52651-non-000,0,0.685855507850647
evaluation-52709-tar-000,1,0.8481032848358154
evaluation-52709-non-000,0,0.8525106906890869
evaluation-5289-tar-000,1,0.7660847902297974
evaluation-5289-non-000,0,0.724482536315918
evaluation-52912-tar-000,1,0.75227290391922
evaluation-52912-non-000,0,0.747960090637207
evaluation-52929-tar-000,1,0.8078776001930237
evaluation-52929-non-000,0,0.6792314052581787
evaluation-5309-tar-000,1,0.8618091344833374
evaluation-5309-non-000,0,0.7719602584838867
evaluation-53170-tar-000,1,0.7891086339950562
evaluation-53170-non-000,0,0.7355378866195679
evaluation-5322-tar-000,1,0.7964547872543335
evaluation-5322-non-000,0,0.8079599142074585
evaluation-5325-tar-000,1,0.7861404418945312
evaluation-5325-non-000,0,0.7171118259429932
evaluation-53266-tar-000,1,0.8260798454284668
evaluation-53266-non-000,0,0.8008602857589722
evaluation-53269-tar-000,1,0.8422673344612122
evaluation-53269-non-000,0,0.7639671564102173
evaluation-53272-tar-000,1,0.8344933986663818
evaluation-53272-non-000,0,0.821226954460144
evaluation-5334-tar-000,1,0.8465271592140198
evaluation-5334-non-000,0,0.8099387884140015
evaluation-53354-tar-000,1,0.8023532032966614
evaluation-53354-non-000,0,0.7882800102233887
evaluation-5336-tar-000,1,0.8817285299301147
evaluation-5336-non-000,0,0.7506283521652222
evaluation-5339-tar-000,1,0.7980404496192932
evaluation-5339-non-000,0,0.7550103664398193
evaluation-53390-tar-000,1,0.8655946254730225
evaluation-53390-non-000,0,0.8820827603340149
evaluation-53434-tar-000,1,0.8247010707855225
evaluation-53434-non-000,0,0.8154377937316895
evaluation-53544-tar-000,1,0.8636994957923889
evaluation-53544-non-000,0,0.7925866842269897
evaluation-53588-tar-000,1,0.8765038251876831
evaluation-53588-non-000,0,0.8375966548919678
evaluation-53755-tar-000,1,0.7828215956687927
evaluation-53755-non-000,0,0.7841624021530151
evaluation-53972-tar-000,1,0.8658881783485413
evaluation-53972-non-000,0,0.8236095905303955
evaluation-5399-tar-000,1,0.8429430723190308
evaluation-5399-non-000,0,0.7610419988632202
evaluation-54035-tar-000,1,0.7775546312332153
evaluation-54035-non-000,0,0.6892573237419128
evaluation-54085-tar-000,1,0.8290547132492065
evaluation-54085-non-000,0,0.816296398639679
evaluation-5413-tar-000,1,0.8457942605018616
evaluation-5413-non-000,0,0.7976243495941162
evaluation-54197-tar-000,1,0.8725772500038147
evaluation-54197-non-000,0,0.7096091508865356
evaluation-54250-tar-000,1,0.718666136264801
evaluation-54250-non-000,0,0.6381280422210693
evaluation-54261-tar-000,1,0.8511937856674194
evaluation-54261-non-000,0,0.7868257164955139
evaluation-5437-tar-000,1,0.8431743383407593
evaluation-5437-non-000,0,0.8299744129180908
evaluation-54376-tar-000,1,0.8186739087104797
evaluation-54376-non-000,0,0.8284597396850586
evaluation-5438-tar-000,1,0.87375408411026
evaluation-5438-non-000,0,0.7686737179756165
evaluation-54568-tar-000,1,0.8411177396774292
evaluation-54568-non-000,0,0.8311820030212402
evaluation-54596-tar-000,1,0.8061506748199463
evaluation-54596-non-000,0,0.7732852697372437
evaluation-54637-tar-000,1,0.7896246910095215
evaluation-54637-non-000,0,0.6535603404045105
evaluation-54725-tar-000,1,0.8415641784667969
evaluation-54725-non-000,0,0.7125438451766968
evaluation-5490-tar-000,1,0.8015876412391663
evaluation-5490-non-000,0,0.8525568842887878
evaluation-55027-tar-000,1,0.8640778064727783
evaluation-55027-non-000,0,0.675847053527832
evaluation-55052-tar-000,1,0.8240751624107361
evaluation-55052-non-000,0,0.7941203117370605
evaluation-55225-tar-000,1,0.7751497030258179
evaluation-55225-non-000,0,0.8214492797851562
evaluation-5532-tar-000,1,0.7090170383453369
evaluation-5532-non-000,0,0.527895987033844
evaluation-55354-tar-000,1,0.9001929759979248
evaluation-55354-non-000,0,0.7558714151382446
evaluation-55362-tar-000,1,0.829993486404419
evaluation-55362-non-000,0,0.6858048439025879
evaluation-5542-tar-000,1,0.8649691939353943
evaluation-5542-non-000,0,0.845565915107727
evaluation-55488-tar-000,1,0.7753584384918213
evaluation-55488-non-000,0,0.8639686107635498
evaluation-55656-tar-000,1,0.8184436559677124
evaluation-55656-non-000,0,0.85204017162323
evaluation-55681-tar-000,1,0.8028968572616577
evaluation-55681-non-000,0,0.8103024959564209
evaluation-55807-tar-000,1,0.8300243616104126
evaluation-55807-non-000,0,0.8294848203659058
evaluation-55810-tar-000,1,0.8067230582237244
evaluation-55810-non-000,0,0.8583719730377197
evaluation-55870-tar-000,1,0.858128547668457
evaluation-55870-non-000,0,0.8233941793441772
evaluation-55928-tar-000,1,0.8135868310928345
evaluation-55928-non-000,0,0.7860437631607056
evaluation-5594-tar-000,1,0.7913718819618225
evaluation-5594-non-000,0,0.818493664264679
evaluation-55953-tar-000,1,0.8902888298034668
evaluation-55953-non-000,0,0.7468997240066528
evaluation-55966-tar-000,1,0.8732389211654663
evaluation-55966-non-000,0,0.7865219712257385
evaluation-5599-tar-000,1,0.7121684551239014
evaluation-5599-non-000,0,0.7357258796691895
evaluation-56043-tar-000,1,0.7512048482894897
evaluation-56043-non-000,0,0.8087581396102905
evaluation-5605-tar-000,1,0.8436170816421509
evaluation-5605-non-000,0,0.7684558629989624
evaluation-56073-tar-000,1,0.7602344155311584
evaluation-56073-non-000,0,0.7684191465377808
evaluation-56098-tar-000,1,0.8488649129867554
evaluation-56098-non-000,0,0.8659207224845886
evaluation-56112-tar-000,1,0.8886255621910095
evaluation-56112-non-000,0,0.8071070909500122
evaluation-56170-tar-000,1,0.8384035229682922
evaluation-56170-non-000,0,0.7798400521278381
evaluation-56181-tar-000,1,0.8190591931343079
evaluation-56181-non-000,0,0.7714066505432129
evaluation-56293-tar-000,1,0.7847636342048645
evaluation-56293-non-000,0,0.8128172159194946
evaluation-5631-tar-000,1,0.8021612167358398
evaluation-5631-non-000,0,0.7371484637260437
evaluation-5645-tar-000,1,0.8618086576461792
evaluation-5645-non-000,0,0.8192715644836426
evaluation-5648-tar-000,1,0.8108919262886047
evaluation-5648-non-000,0,0.7294268012046814
evaluation-5653-tar-000,1,0.8240244388580322
evaluation-5653-non-000,0,0.8217663764953613
evaluation-56568-tar-000,1,0.8521449565887451
evaluation-56568-non-000,0,0.7237989902496338
evaluation-5671-tar-000,1,0.7666089534759521
evaluation-5671-non-000,0,0.8485154509544373
evaluation-56722-tar-000,1,0.8387103080749512
evaluation-56722-non-000,0,0.8239692449569702
evaluation-56771-tar-000,1,0.7896232604980469
evaluation-56771-non-000,0,0.7764805555343628
evaluation-56829-tar-000,1,0.7934292554855347
evaluation-56829-non-000,0,0.7910997867584229
evaluation-56853-tar-000,1,0.827642560005188
evaluation-56853-non-000,0,0.8672221302986145
evaluation-56939-tar-000,1,0.8777086734771729
evaluation-56939-non-000,0,0.784747838973999
evaluation-5706-tar-000,1,0.7250138521194458
evaluation-5706-non-000,0,0.8366073369979858
evaluation-57103-tar-000,1,0.8199471235275269
evaluation-57103-non-000,0,0.7331925630569458
evaluation-57208-tar-000,1,0.838983952999115
evaluation-57208-non-000,0,0.7463259696960449
evaluation-57246-tar-000,1,0.9109911918640137
evaluation-57246-non-000,0,0.718707799911499
evaluation-57263-tar-000,1,0.8675782084465027
evaluation-57263-non-000,0,0.764157772064209
evaluation-5734-tar-000,1,0.8790549635887146
evaluation-5734-non-000,0,0.755733847618103
evaluation-57364-tar-000,1,0.8202846050262451
evaluation-57364-non-000,0,0.7341930866241455
evaluation-57384-tar-000,1,0.8264898657798767
evaluation-57384-non-000,0,0.7075103521347046
evaluation-57413-tar-000,1,0.8928854465484619
evaluation-57413-non-000,0,0.7196028232574463
evaluation-5745-tar-000,1,0.8519680500030518
evaluation-5745-non-000,0,0.6439346671104431
evaluation-57502-tar-000,1,0.8358818292617798
evaluation-57502-non-000,0,0.7801506519317627
evaluation-57587-tar-000,1,0.8497627377510071
evaluation-57587-non-000,0,0.8442950248718262
evaluation-5763-tar-000,1,0.7773782014846802
evaluation-5763-non-000,0,0.6127924919128418
evaluation-57661-tar-000,1,0.8128453493118286
evaluation-57661-non-000,0,0.8572070002555847
evaluation-57710-tar-000,1,0.7740600109100342
evaluation-57710-non-000,0,0.8236963748931885
evaluation-57719-tar-000,1,0.8793603181838989
evaluation-57719-non-000,0,0.8347835540771484
evaluation-5773-tar-000,1,0.8622157573699951
evaluation-5773-non-000,0,0.763434648513794
evaluation-57944-tar-000,1,0.8183044791221619
evaluation-57944-non-000,0,0.7561227083206177
evaluation-57980-tar-000,1,0.8726109266281128
evaluation-57980-non-000,0,0.7957509756088257
evaluation-58059-tar-000,1,0.7873107194900513
evaluation-58059-non-000,0,0.7610547542572021
evaluation-58067-tar-000,1,0.8926324248313904
evaluation-58067-non-000,0,0.8407838344573975
evaluation-58081-tar-000,1,0.8252263069152832
evaluation-58081-non-000,0,0.7195173501968384
evaluation-58087-tar-000,1,0.8254072666168213
evaluation-58087-non-000,0,0.7833635807037354
evaluation-58098-tar-000,1,0.8231132626533508
evaluation-58098-non-000,0,0.7554721832275391
evaluation-5814-tar-000,1,0.7979075312614441
evaluation-5814-non-000,0,0.8451209664344788
evaluation-58144-tar-000,1,0.8059192299842834
evaluation-58144-non-000,0,0.75621497631073
evaluation-5832-tar-000,1,0.7616024017333984
evaluation-5832-non-000,0,0.7766997218132019
evaluation-5836-tar-000,1,0.8851534128189087
evaluation-5836-non-000,0,0.8081624507904053
evaluation-5841-tar-000,1,0.806236207485199
evaluation-5841-non-000,0,0.8417912721633911
evaluation-58430-tar-000,1,0.8003976345062256
evaluation-58430-non-000,0,0.830560564994812
evaluation-58587-tar-000,1,0.817388117313385
evaluation-58587-non-000,0,0.8442617654800415
evaluation-5861-tar-000,1,0.8643372058868408
evaluation-5861-non-000,0,0.8557771444320679
evaluation-5868-tar-000,1,0.8409343957901001
evaluation-5868-non-000,0,0.7746825218200684
evaluation-58694-tar-000,1,0.8280779123306274
evaluation-58694-non-000,0,0.8231806755065918
evaluation-58724-tar-000,1,0.8173888921737671
evaluation-58724-non-000,0,0.8216149806976318
evaluation-58771-tar-000,1,0.8656834363937378
evaluation-58771-non-000,0,0.7933407425880432
evaluation-5884-tar-000,1,0.8602360486984253
evaluation-5884-non-000,0,0.7830377817153931
evaluation-58968-tar-000,1,0.8459056615829468
evaluation-58968-non-000,0,0.6503289937973022
evaluation-5900-tar-000,1,0.74568772315979
evaluation-5900-non-000,0,0.8142738938331604
evaluation-59029-tar-000,1,0.8212078809738159
evaluation-59029-non-000,0,0.7705398797988892
evaluation-59235-tar-000,1,0.8611077666282654
evaluation-59235-non-000,0,0.7663058042526245
evaluation-59284-tar-000,1,0.8835405707359314
evaluation-59284-non-000,0,0.7346804141998291
evaluation-59443-tar-000,1,0.8387547731399536
evaluation-59443-non-000,0,0.8604435324668884
evaluation-5946-tar-000,1,0.8765473961830139
evaluation-5946-non-000,0,0.838812530040741
evaluation-5949-tar-000,1,0.8629320859909058
evaluation-5949-non-000,0,0.8403828144073486
evaluation-59496-tar-000,1,0.9014385938644409
evaluation-59496-non-000,0,0.7797102332115173
evaluation-59564-tar-000,1,0.8690246343612671
evaluation-59564-non-000,0,0.8469961881637573
evaluation-59663-tar-000,1,0.7705102562904358
evaluation-59663-non-000,0,0.8164818286895752
evaluation-59779-tar-000,1,0.810219943523407
evaluation-59779-non-000,0,0.7505065202713013
evaluation-59820-tar-000,1,0.8854831457138062
evaluation-59820-non-000,0,0.6941848993301392
evaluation-59963-tar-000,1,0.8095558285713196
evaluation-59963-non-000,0,0.8447118997573853
evaluation-59971-tar-000,1,0.9016205072402954
evaluation-59971-non-000,0,0.8119121193885803
evaluation-6006-tar-000,1,0.8219798803329468
evaluation-6006-non-000,0,0.6523751020431519
evaluation-6010-tar-000,1,0.8246185779571533
evaluation-6010-non-000,0,0.8376386165618896
evaluation-60240-tar-000,1,0.7803405523300171
evaluation-60240-non-000,0,0.7721881866455078
evaluation-60627-tar-000,1,0.8482233285903931
evaluation-60627-non-000,0,0.8271166086196899
evaluation-60646-tar-000,1,0.8678445816040039
evaluation-60646-non-000,0,0.7786003947257996
evaluation-60699-tar-000,1,0.7919666171073914
evaluation-60699-non-000,0,0.673283576965332
evaluation-60748-tar-000,1,0.8380815982818604
evaluation-60748-non-000,0,0.8299028873443604
evaluation-60803-tar-000,1,0.8337368965148926
evaluation-60803-non-000,0,0.7561878561973572
evaluation-6081-tar-000,1,0.8748921751976013
evaluation-6081-non-000,0,0.7985241413116455
evaluation-6086-tar-000,1,0.7032278776168823
evaluation-6086-non-000,0,0.7456846833229065
evaluation-6089-tar-000,1,0.7819255590438843
evaluation-6089-non-000,0,0.7758662104606628
evaluation-6097-tar-000,1,0.8339169025421143
evaluation-6097-non-000,0,0.7673546075820923
evaluation-61015-tar-000,1,0.8621918559074402
evaluation-61015-non-000,0,0.7990245819091797
evaluation-61078-tar-000,1,0.8827985525131226
evaluation-61078-non-000,0,0.7931458950042725
evaluation-6108-tar-000,1,0.8384170532226562
evaluation-6108-non-000,0,0.6883789896965027
evaluation-61119-tar-000,1,0.8813435435295105
evaluation-61119-non-000,0,0.6282545328140259
evaluation-61122-tar-000,1,0.8723037242889404
evaluation-61122-non-000,0,0.7769556045532227
evaluation-61133-tar-000,1,0.8538051843643188
evaluation-61133-non-000,0,0.769798755645752
evaluation-61174-tar-000,1,0.8511688709259033
evaluation-61174-non-000,0,0.8657916784286499
evaluation-61207-tar-000,1,0.7534255981445312
evaluation-61207-non-000,0,0.7670721411705017
evaluation-61292-tar-000,1,0.8440041542053223
evaluation-61292-non-000,0,0.7754385471343994
evaluation-61410-tar-000,1,0.795712411403656
evaluation-61410-non-000,0,0.8305821418762207
evaluation-61421-tar-000,1,0.804410457611084
evaluation-61421-non-000,0,0.7765783667564392
evaluation-6163-tar-000,1,0.8252267837524414
evaluation-6163-non-000,0,0.8509551882743835
evaluation-61663-tar-000,1,0.8511618375778198
evaluation-61663-non-000,0,0.8275166153907776
evaluation-61712-tar-000,1,0.8063502311706543
evaluation-61712-non-000,0,0.8597794771194458
evaluation-61775-tar-000,1,0.832552433013916
evaluation-61775-non-000,0,0.6600916385650635
evaluation-61800-tar-000,1,0.8583335876464844
evaluation-61800-non-000,0,0.7849923372268677
evaluation-6186-tar-000,1,0.8500160574913025
evaluation-6186-non-000,0,0.8488372564315796
evaluation-6194-tar-000,1,0.8329559564590454
evaluation-6194-non-000,0,0.7246098518371582
evaluation-61979-tar-000,1,0.8130674362182617
evaluation-61979-non-000,0,0.8024043440818787
evaluation-62012-tar-000,1,0.8364759683609009
evaluation-62012-non-000,0,0.8546942472457886
evaluation-6202-tar-000,1,0.8654625415802002
evaluation-6202-non-000,0,0.7807384133338928
evaluation-62066-tar-000,1,0.7340249419212341
evaluation-62066-non-000,0,0.7601817846298218
evaluation-62086-tar-000,1,0.8394144773483276
evaluation-62086-non-000,0,0.8774237632751465
evaluation-6209-tar-000,1,0.8072524666786194
evaluation-6209-non-000,0,0.8163264989852905
evaluation-62138-tar-000,1,0.8638845682144165
evaluation-62138-non-000,0,0.8188334703445435
evaluation-62179-tar-000,1,0.8768551349639893
evaluation-62179-non-000,0,0.7840253710746765
evaluation-62223-tar-000,1,0.8689283728599548
evaluation-62223-non-000,0,0.791067898273468
evaluation-62292-tar-000,1,0.799420952796936
evaluation-62292-non-000,0,0.7503125071525574
evaluation-6231-tar-000,1,0.7192486524581909
evaluation-6231-non-000,0,0.6720221042633057
evaluation-62325-tar-000,1,0.8258821964263916
evaluation-62325-non-000,0,0.8336232304573059
evaluation-62404-tar-000,1,0.785677433013916
evaluation-62404-non-000,0,0.7708585858345032
evaluation-6246-tar-000,1,0.8681212663650513
evaluation-6246-non-000,0,0.6769651174545288
evaluation-62544-tar-000,1,0.822893500328064
evaluation-62544-non-000,0,0.7542403340339661
evaluation-6257-tar-000,1,0.8126918077468872
evaluation-6257-non-000,0,0.7621802091598511
evaluation-62572-tar-000,1,0.8670158386230469
evaluation-62572-non-000,0,0.8316508531570435
evaluation-62660-tar-000,1,0.8456944227218628
evaluation-62660-non-000,0,0.7150132656097412
evaluation-62748-tar-000,1,0.8516331911087036
evaluation-62748-non-000,0,0.7944011092185974
evaluation-6287-tar-000,1,0.7881600260734558
evaluation-6287-non-000,0,0.7739657759666443
evaluation-6292-tar-000,1,0.7500438690185547
evaluation-6292-non-000,0,0.750702977180481
evaluation-6296-tar-000,1,0.8072293996810913
evaluation-6296-non-000,0,0.7173882722854614
evaluation-63077-tar-000,1,0.7987741231918335
evaluation-63077-non-000,0,0.8591439127922058
evaluation-6310-tar-000,1,0.7562134265899658
evaluation-6310-non-000,0,0.800808310508728
evaluation-63132-tar-000,1,0.82584148645401
evaluation-63132-non-000,0,0.7553064823150635
evaluation-63138-tar-000,1,0.8496533632278442
evaluation-63138-non-000,0,0.7776883244514465
evaluation-63415-tar-000,1,0.823707103729248
evaluation-63415-non-000,0,0.77403324842453
evaluation-63478-tar-000,1,0.8771530389785767
evaluation-63478-non-000,0,0.7188382148742676
evaluation-63536-tar-000,1,0.8682853579521179
evaluation-63536-non-000,0,0.8170123100280762
evaluation-6358-tar-000,1,0.8138831853866577
evaluation-6358-non-000,0,0.6733237504959106
evaluation-6359-tar-000,1,0.8660628795623779
evaluation-6359-non-000,0,0.646660327911377
evaluation-63627-tar-000,1,0.8203065991401672
evaluation-63627-non-000,0,0.8067407608032227
evaluation-63629-tar-000,1,0.8991119861602783
evaluation-63629-non-000,0,0.8506951332092285
evaluation-63714-tar-000,1,0.8516589999198914
evaluation-63714-non-000,0,0.748954176902771
evaluation-63739-tar-000,1,0.7314896583557129
evaluation-63739-non-000,0,0.8602509498596191
evaluation-63805-tar-000,1,0.8270788192749023
evaluation-63805-non-000,0,0.8502422571182251
evaluation-63838-tar-000,1,0.8649140000343323
evaluation-63838-non-000,0,0.8693555593490601
evaluation-63852-tar-000,1,0.8368049263954163
evaluation-63852-non-000,0,0.7808486819267273
evaluation-63984-tar-000,1,0.8281180262565613
evaluation-63984-non-000,0,0.8059476017951965
evaluation-6401-tar-000,1,0.8677968978881836
evaluation-6401-non-000,0,0.8894424438476562
evaluation-64082-tar-000,1,0.8243328332901001
evaluation-64082-non-000,0,0.7669927477836609
evaluation-6410-tar-000,1,0.7540520429611206
evaluation-6410-non-000,0,0.7560397386550903
evaluation-64291-tar-000,1,0.888766884803772
evaluation-64291-non-000,0,0.7998002767562866
evaluation-64354-tar-000,1,0.779040515422821
evaluation-64354-non-000,0,0.7619355916976929
evaluation-64431-tar-000,1,0.8137215375900269
evaluation-64431-non-000,0,0.8249968886375427
evaluation-64456-tar-000,1,0.8573878407478333
evaluation-64456-non-000,0,0.7713293433189392
evaluation-64489-tar-000,1,0.8238799571990967
evaluation-64489-non-000,0,0.7658225297927856
evaluation-64494-tar-000,1,0.7568246722221375
evaluation-64494-non-000,0,0.7949397563934326
evaluation-64541-tar-000,1,0.8810087442398071
evaluation-64541-non-000,0,0.8802538514137268
evaluation-64593-tar-000,1,0.8580746650695801
evaluation-64593-non-000,0,0.7511023283004761
evaluation-64626-tar-000,1,0.8023607730865479
evaluation-64626-non-000,0,0.877056360244751
evaluation-64747-tar-000,1,0.8491673469543457
evaluation-64747-non-000,0,0.7618217468261719
evaluation-6478-tar-000,1,0.7911604642868042
evaluation-6478-non-000,0,0.797272801399231
evaluation-6494-tar-000,1,0.8760539293289185
evaluation-6494-non-000,0,0.6691111326217651
evaluation-64961-tar-000,1,0.9296590089797974
evaluation-64961-non-000,0,0.8262090086936951
evaluation-64967-tar-000,1,0.7865391373634338
evaluation-64967-non-000,0,0.7062212228775024
evaluation-65079-tar-000,1,0.7802081108093262
evaluation-65079-non-000,0,0.8089455962181091
evaluation-65159-tar-000,1,0.8354463577270508
evaluation-65159-non-000,0,0.718280553817749
evaluation-6527-tar-000,1,0.7618007659912109
evaluation-6527-non-000,0,0.7861356735229492
evaluation-65368-tar-000,1,0.8495839238166809
evaluation-65368-non-000,0,0.7512374520301819
evaluation-65404-tar-000,1,0.8463116884231567
evaluation-65404-non-000,0,0.7206316590309143
evaluation-65423-tar-000,1,0.8876820802688599
evaluation-65423-non-000,0,0.8057018518447876
evaluation-65511-tar-000,1,0.7424752712249756
evaluation-65511-non-000,0,0.8149895668029785
evaluation-65513-tar-000,1,0.9072351455688477
evaluation-65513-non-000,0,0.7712015509605408
evaluation-6552-tar-000,1,0.6919765472412109
evaluation-6552-non-000,0,0.760378897190094
evaluation-65538-tar-000,1,0.8827468752861023
evaluation-65538-non-000,0,0.7048783302307129
evaluation-65541-tar-000,1,0.8641622066497803
evaluation-65541-non-000,0,0.6977890729904175
evaluation-65761-tar-000,1,0.8870996832847595
evaluation-65761-non-000,0,0.7175521850585938
evaluation-65807-tar-000,1,0.8860975503921509
evaluation-65807-non-000,0,0.8733493089675903
evaluation-65868-tar-000,1,0.9125580191612244
evaluation-65868-non-000,0,0.8060380220413208
evaluation-65945-tar-000,1,0.8190585374832153
evaluation-65945-non-000,0,0.7894656658172607
evaluation-6595-tar-000,1,0.8837258815765381
evaluation-6595-non-000,0,0.7816939353942871
evaluation-65986-tar-000,1,0.856421172618866
evaluation-65986-non-000,0,0.7981648445129395
evaluation-66002-tar-000,1,0.8669175505638123
evaluation-66002-non-000,0,0.6797926425933838
evaluation-66030-tar-000,1,0.8856333494186401
evaluation-66030-non-000,0,0.8743124008178711
evaluation-66230-tar-000,1,0.8093016743659973
evaluation-66230-non-000,0,0.7851232290267944
evaluation-6625-tar-000,1,0.7605711221694946
evaluation-6625-non-000,0,0.802069902420044
evaluation-6634-tar-000,1,0.8429489731788635
evaluation-6634-non-000,0,0.8182234764099121
evaluation-66436-tar-000,1,0.8849731683731079
evaluation-66436-non-000,0,0.7159631252288818
evaluation-66466-tar-000,1,0.7944522500038147
evaluation-66466-non-000,0,0.7883061766624451
evaluation-66508-tar-000,1,0.6974533200263977
evaluation-66508-non-000,0,0.739600658416748
evaluation-6661-tar-000,1,0.7720878720283508
evaluation-6661-non-000,0,0.7006894946098328
evaluation-66749-tar-000,1,0.879264771938324
evaluation-66749-non-000,0,0.7471011877059937
evaluation-66782-tar-000,1,0.8080431818962097
evaluation-66782-non-000,0,0.8327909708023071
evaluation-6682-tar-000,1,0.8335763216018677
evaluation-6682-non-000,0,0.8243817687034607
evaluation-66944-tar-000,1,0.8517979383468628
evaluation-66944-non-000,0,0.7643872499465942
evaluation-67057-tar-000,1,0.8732501864433289
evaluation-67057-non-000,0,0.7926885485649109
evaluation-67087-tar-000,1,0.8570638298988342
evaluation-67087-non-000,0,0.7633013725280762
evaluation-67137-tar-000,1,0.8073575496673584
evaluation-67137-non-000,0,0.7915420532226562
evaluation-67288-tar-000,1,0.7051399946212769
evaluation-67288-non-000,0,0.7873860597610474
evaluation-6731-tar-000,1,0.8461812138557434
evaluation-6731-non-000,0,0.7965859174728394
evaluation-67370-tar-000,1,0.7530480623245239
evaluation-67370-non-000,0,0.790215253829956
evaluation-67488-tar-000,1,0.8458088636398315
evaluation-67488-non-000,0,0.823759913444519
evaluation-6749-tar-000,1,0.8443093299865723
evaluation-6749-non-000,0,0.7813958525657654
evaluation-67521-tar-000,1,0.7655065059661865
evaluation-67521-non-000,0,0.8608070015907288
evaluation-67529-tar-000,1,0.8158438205718994
evaluation-67529-non-000,0,0.7223365306854248
evaluation-67538-tar-000,1,0.9076517224311829
evaluation-67538-non-000,0,0.7475806474685669
evaluation-67686-tar-000,1,0.8240606784820557
evaluation-67686-non-000,0,0.8044512271881104
evaluation-67697-tar-000,1,0.8854033946990967
evaluation-67697-non-000,0,0.8499455451965332
evaluation-67859-tar-000,1,0.8377363681793213
evaluation-67859-non-000,0,0.8680469393730164
evaluation-6789-tar-000,1,0.878024697303772
evaluation-6789-non-000,0,0.7490274310112
evaluation-67991-tar-000,1,0.8533294796943665
evaluation-67991-non-000,0,0.660097599029541
evaluation-68068-tar-000,1,0.8444795608520508
evaluation-68068-non-000,0,0.7754515409469604
evaluation-68131-tar-000,1,0.8904882669448853
evaluation-68131-non-000,0,0.8051176071166992
evaluation-6818-tar-000,1,0.8249358534812927
evaluation-6818-non-000,0,0.7434686422348022
evaluation-68227-tar-000,1,0.8831838369369507
evaluation-68227-non-000,0,0.765081524848938
evaluation-68268-tar-000,1,0.8235841989517212
evaluation-68268-non-000,0,0.8126774430274963
evaluation-68334-tar-000,1,0.8576459288597107
evaluation-68334-non-000,0,0.8678015470504761
evaluation-68378-tar-000,1,0.8287293910980225
evaluation-68378-non-000,0,0.8287843465805054
evaluation-68430-tar-000,1,0.7519920468330383
evaluation-68430-non-000,0,0.7482399940490723
evaluation-68785-tar-000,1,0.7172125577926636
evaluation-68785-non-000,0,0.8758046627044678
evaluation-68886-tar-000,1,0.842123806476593
evaluation-68886-non-000,0,0.8576103448867798
evaluation-68908-tar-000,1,0.7337724566459656
evaluation-68908-non-000,0,0.7827333211898804
evaluation-6898-tar-000,1,0.8148888945579529
evaluation-6898-non-000,0,0.7899864315986633
evaluation-69035-tar-000,1,0.7722099423408508
evaluation-69035-non-000,0,0.7884448766708374
evaluation-69087-tar-000,1,0.8784318566322327
evaluation-69087-non-000,0,0.8197171688079834
evaluation-69155-tar-000,1,0.8895111083984375
evaluation-69155-non-000,0,0.7869999408721924
evaluation-69166-tar-000,1,0.8103933334350586
evaluation-69166-non-000,0,0.7135030031204224
evaluation-69169-tar-000,1,0.7933453917503357
evaluation-69169-non-000,0,0.7377037405967712
evaluation-69235-tar-000,1,0.7889459133148193
evaluation-69235-non-000,0,0.7604079842567444
evaluation-69279-tar-000,1,0.819770097732544
evaluation-69279-non-000,0,0.7211395502090454
evaluation-69315-tar-000,1,0.8487815856933594
evaluation-69315-non-000,0,0.6666125059127808
evaluation-6932-tar-000,1,0.8317943811416626
evaluation-6932-non-000,0,0.8383963108062744
evaluation-69361-tar-000,1,0.844496488571167
evaluation-69361-non-000,0,0.8471266031265259
evaluation-69425-tar-000,1,0.8642650842666626
evaluation-69425-non-000,0,0.8625036478042603
evaluation-69526-tar-000,1,0.8009376525878906
evaluation-69526-non-000,0,0.7535041570663452
evaluation-69529-tar-000,1,0.829180121421814
evaluation-69529-non-000,0,0.7703306674957275
evaluation-6957-tar-000,1,0.7718759179115295
evaluation-6957-non-000,0,0.7984983921051025
evaluation-69573-tar-000,1,0.8716058731079102
evaluation-69573-non-000,0,0.803435742855072
evaluation-69617-tar-000,1,0.8554060459136963
evaluation-69617-non-000,0,0.785580039024353
evaluation-69672-tar-000,1,0.8074758052825928
evaluation-69672-non-000,0,0.8699119091033936
evaluation-69724-tar-000,1,0.8139909505844116
evaluation-69724-non-000,0,0.8114515542984009
evaluation-69848-tar-000,1,0.682219386100769
evaluation-69848-non-000,0,0.8099919557571411
evaluation-69927-tar-000,1,0.7705317735671997
evaluation-69927-non-000,0,0.8187029957771301
evaluation-6993-tar-000,1,0.839144766330719
evaluation-6993-non-000,0,0.8343175053596497
evaluation-6994-tar-000,1,0.8698067665100098
evaluation-6994-non-000,0,0.7468669414520264
evaluation-7006-tar-000,1,0.7934533357620239
evaluation-7006-non-000,0,0.7737417817115784
evaluation-70130-tar-000,1,0.8373497128486633
evaluation-70130-non-000,0,0.8201221227645874
evaluation-70169-tar-000,1,0.9040554761886597
evaluation-70169-non-000,0,0.7240660190582275
evaluation-70191-tar-000,1,0.8603023290634155
evaluation-70191-non-000,0,0.7613062262535095
evaluation-7029-tar-000,1,0.8169733285903931
evaluation-7029-non-000,0,0.7085046768188477
evaluation-70290-tar-000,1,0.7933836579322815
evaluation-70290-non-000,0,0.8281114101409912
evaluation-70320-tar-000,1,0.8591914176940918
evaluation-70320-non-000,0,0.6773061156272888
evaluation-70347-tar-000,1,0.815261960029602
evaluation-70347-non-000,0,0.6896345019340515
evaluation-7036-tar-000,1,0.7629315853118896
evaluation-7036-non-000,0,0.7521214485168457
evaluation-70501-tar-000,1,0.8147898316383362
evaluation-70501-non-000,0,0.7087026834487915
evaluation-7055-tar-000,1,0.7984662652015686
evaluation-7055-non-000,0,0.8182535767555237
evaluation-70592-tar-000,1,0.8336130380630493
evaluation-70592-non-000,0,0.8287776708602905
evaluation-70641-tar-000,1,0.7763802409172058
evaluation-70641-non-000,0,0.7622556090354919
evaluation-70671-tar-000,1,0.8372429609298706
evaluation-70671-non-000,0,0.7178583145141602
evaluation-7077-tar-000,1,0.8094477653503418
evaluation-7077-non-000,0,0.7679057121276855
evaluation-7078-tar-000,1,0.8253167867660522
evaluation-7078-non-000,0,0.7532302141189575
evaluation-70781-tar-000,1,0.805282711982727
evaluation-70781-non-000,0,0.7617428302764893
evaluation-70801-tar-000,1,0.7391886115074158
evaluation-70801-non-000,0,0.8288703560829163
evaluation-7092-tar-000,1,0.8106156587600708
evaluation-7092-non-000,0,0.8123642206192017
evaluation-70952-tar-000,1,0.8155767917633057
evaluation-70952-non-000,0,0.8079241514205933
evaluation-71001-tar-000,1,0.8902568817138672
evaluation-71001-non-000,0,0.8028565645217896
evaluation-71015-tar-000,1,0.8160114884376526
evaluation-71015-non-000,0,0.8069344758987427
evaluation-71042-tar-000,1,0.8006902933120728
evaluation-71042-non-000,0,0.796603798866272
evaluation-7108-tar-000,1,0.848660945892334
evaluation-7108-non-000,0,0.8101298809051514
evaluation-7123-tar-000,1,0.8367128372192383
evaluation-7123-non-000,0,0.7763496041297913
evaluation-71300-tar-000,1,0.8625048995018005
evaluation-71300-non-000,0,0.803968071937561
evaluation-7131-tar-000,1,0.8585616946220398
evaluation-7131-non-000,0,0.7257657647132874
evaluation-7140-tar-000,1,0.8181853294372559
evaluation-7140-non-000,0,0.80739426612854
evaluation-71402-tar-000,1,0.6570643186569214
evaluation-71402-non-000,0,0.8444016575813293
evaluation-71441-tar-000,1,0.8269751071929932
evaluation-71441-non-000,0,0.7690385580062866
evaluation-71457-tar-000,1,0.8663936853408813
evaluation-71457-non-000,0,0.7883388996124268
evaluation-7149-tar-000,1,0.8243629336357117
evaluation-7149-non-000,0,0.7919976711273193
evaluation-71528-tar-000,1,0.8242084980010986
evaluation-71528-non-000,0,0.7939954996109009
evaluation-71594-tar-000,1,0.8823211193084717
evaluation-71594-non-000,0,0.6930676698684692
evaluation-7174-tar-000,1,0.7925237417221069
evaluation-7174-non-000,0,0.7615374326705933
evaluation-7177-tar-000,1,0.8668846487998962
evaluation-7177-non-000,0,0.7730398178100586
evaluation-71798-tar-000,1,0.8314578533172607
evaluation-71798-non-000,0,0.739548921585083
evaluation-71839-tar-000,1,0.8827297687530518
evaluation-71839-non-000,0,0.798617959022522
evaluation-71924-tar-000,1,0.8202418088912964
evaluation-71924-non-000,0,0.7392494082450867
evaluation-72009-tar-000,1,0.8484698534011841
evaluation-72009-non-000,0,0.709051251411438
evaluation-72017-tar-000,1,0.8052846193313599
evaluation-72017-non-000,0,0.7586649656295776
evaluation-72078-tar-000,1,0.8409086465835571
evaluation-72078-non-000,0,0.7895481586456299
evaluation-7211-tar-000,1,0.7900253534317017
evaluation-7211-non-000,0,0.8147740960121155
evaluation-7214-tar-000,1,0.791316568851471
evaluation-7214-non-000,0,0.8218087553977966
evaluation-72182-tar-000,1,0.8763225674629211
evaluation-72182-non-000,0,0.824018657207489
evaluation-72221-tar-000,1,0.8687602281570435
evaluation-72221-non-000,0,0.7810854911804199
evaluation-7225-tar-000,1,0.8914108872413635
evaluation-7225-non-000,0,0.7966011762619019
evaluation-72267-tar-000,1,0.8900681734085083
evaluation-72267-non-000,0,0.8140769600868225
evaluation-7228-tar-000,1,0.8514652252197266
evaluation-7228-non-000,0,0.8050673604011536
evaluation-72328-tar-000,1,0.8319557309150696
evaluation-72328-non-000,0,0.843622088432312
evaluation-72355-tar-000,1,0.803952157497406
evaluation-72355-non-000,0,0.8201198577880859
evaluation-72531-tar-000,1,0.8676106333732605
evaluation-72531-non-000,0,0.7836896181106567
evaluation-7259-tar-000,1,0.7921984195709229
evaluation-7259-non-000,0,0.8183186054229736
evaluation-72646-tar-000,1,0.8644319772720337
evaluation-72646-non-000,0,0.7428601980209351
evaluation-72685-tar-000,1,0.8159025311470032
evaluation-72685-non-000,0,0.8120954036712646
evaluation-72718-tar-000,1,0.8266657590866089
evaluation-72718-non-000,0,0.814192533493042
evaluation-72731-tar-000,1,0.8217016458511353
evaluation-72731-non-000,0,0.8145512342453003
evaluation-72800-tar-000,1,0.8326049447059631
evaluation-72800-non-000,0,0.6973764896392822
evaluation-7285-tar-000,1,0.8871983289718628
evaluation-7285-non-000,0,0.7423184514045715
evaluation-7290-tar-000,1,0.8338785171508789
evaluation-7290-non-000,0,0.8348464965820312
evaluation-7302-tar-000,1,0.7944010496139526
evaluation-7302-non-000,0,0.8532480001449585
evaluation-73086-tar-000,1,0.8718523979187012
evaluation-73086-non-000,0,0.7430948615074158
evaluation-7314-tar-000,1,0.9126241207122803
evaluation-7314-non-000,0,0.853567898273468
evaluation-73366-tar-000,1,0.8441838026046753
evaluation-73366-non-000,0,0.7495124340057373
evaluation-73396-tar-000,1,0.8075888156890869
evaluation-73396-non-000,0,0.7599518895149231
evaluation-7343-tar-000,1,0.8128795623779297
evaluation-7343-non-000,0,0.7125101089477539
evaluation-73465-tar-000,1,0.8004379272460938
evaluation-73465-non-000,0,0.7289735674858093
evaluation-7350-tar-000,1,0.883906364440918
evaluation-7350-non-000,0,0.7510231137275696
evaluation-7353-tar-000,1,0.8404147624969482
evaluation-7353-non-000,0,0.7063500881195068
evaluation-7354-tar-000,1,0.8294460773468018
evaluation-7354-non-000,0,0.7980798482894897
evaluation-73660-tar-000,1,0.8608536720275879
evaluation-73660-non-000,0,0.798831582069397
evaluation-73814-tar-000,1,0.8574902415275574
evaluation-73814-non-000,0,0.7927095890045166
evaluation-73858-tar-000,1,0.8773874044418335
evaluation-73858-non-000,0,0.6926690936088562
evaluation-73923-tar-000,1,0.8470171689987183
evaluation-73923-non-000,0,0.7901765704154968
evaluation-73995-tar-000,1,0.8312889337539673
evaluation-73995-non-000,0,0.8731098175048828
evaluation-74014-tar-000,1,0.7996899485588074
evaluation-74014-non-000,0,0.6605030298233032
evaluation-74028-tar-000,1,0.8040115833282471
evaluation-74028-non-000,0,0.7356465458869934
evaluation-74033-tar-000,1,0.8400243520736694
evaluation-74033-non-000,0,0.8019201159477234
evaluation-7406-tar-000,1,0.8565491437911987
evaluation-7406-non-000,0,0.8327672481536865
evaluation-7408-tar-000,1,0.7363413572311401
evaluation-7408-non-000,0,0.7988470792770386
evaluation-74110-tar-000,1,0.7790692448616028
evaluation-74110-non-000,0,0.7308143377304077
evaluation-74179-tar-000,1,0.8209210634231567
evaluation-74179-non-000,0,0.784784197807312
evaluation-74195-tar-000,1,0.8626081347465515
evaluation-74195-non-000,0,0.799580454826355
evaluation-74234-tar-000,1,0.8419923186302185
evaluation-74234-non-000,0,0.7542399764060974
evaluation-74250-tar-000,1,0.7514737844467163
evaluation-74250-non-000,0,0.8420053720474243
evaluation-7428-tar-000,1,0.8438621163368225
evaluation-7428-non-000,0,0.8141128420829773
evaluation-74324-tar-000,1,0.8494765758514404
evaluation-74324-non-000,0,0.7407090663909912
evaluation-74335-tar-000,1,0.7071738243103027
evaluation-74335-non-000,0,0.8315776586532593
evaluation-74357-tar-000,1,0.8546178340911865
evaluation-74357-non-000,0,0.7664135098457336
evaluation-7438-tar-000,1,0.8062021732330322
evaluation-7438-non-000,0,0.8318811058998108
evaluation-74388-tar-000,1,0.8796797394752502
evaluation-74388-non-000,0,0.7488445043563843
evaluation-74481-tar-000,1,0.8820599317550659
evaluation-74481-non-000,0,0.8627329468727112
evaluation-74599-tar-000,1,0.8300285339355469
evaluation-74599-non-000,0,0.8636046648025513
evaluation-74720-tar-000,1,0.8665234446525574
evaluation-74720-non-000,0,0.610730767250061
evaluation-74745-tar-000,1,0.7658606767654419
evaluation-74745-non-000,0,0.7969551086425781
evaluation-74783-tar-000,1,0.8683028221130371
evaluation-74783-non-000,0,0.6257010698318481
evaluation-74953-tar-000,1,0.8062027096748352
evaluation-74953-non-000,0,0.8382205963134766
evaluation-7500-tar-000,1,0.7586665153503418
evaluation-7500-non-000,0,0.6940405368804932
evaluation-75011-tar-000,1,0.8022929430007935
evaluation-75011-non-000,0,0.6817595958709717
evaluation-7511-tar-000,1,0.7652286291122437
evaluation-7511-non-000,0,0.7727645635604858
evaluation-75157-tar-000,1,0.860033392906189
evaluation-75157-non-000,0,0.870059609413147
evaluation-7516-tar-000,1,0.8497220277786255
evaluation-7516-non-000,0,0.7721151113510132
evaluation-75176-tar-000,1,0.8232746124267578
evaluation-75176-non-000,0,0.8112581968307495
evaluation-75192-tar-000,1,0.7104401588439941
evaluation-75192-non-000,0,0.8220081329345703
evaluation-7536-tar-000,1,0.8213778734207153
evaluation-7536-non-000,0,0.7940999269485474
evaluation-7544-tar-000,1,0.8883450031280518
evaluation-7544-non-000,0,0.708788275718689
evaluation-75442-tar-000,1,0.8545389175415039
evaluation-75442-non-000,0,0.838644802570343
evaluation-75448-tar-000,1,0.7807600498199463
evaluation-75448-non-000,0,0.807900071144104
evaluation-75451-tar-000,1,0.7677686214447021
evaluation-75451-non-000,0,0.7633006572723389
evaluation-75555-tar-000,1,0.7951954007148743
evaluation-75555-non-000,0,0.7851447463035583
evaluation-75690-tar-000,1,0.8221350908279419
evaluation-75690-non-000,0,0.8101761937141418
evaluation-75753-tar-000,1,0.7804965972900391
evaluation-75753-non-000,0,0.7877084016799927
evaluation-75802-tar-000,1,0.8513793349266052
evaluation-75802-non-000,0,0.7667157649993896
evaluation-75849-tar-000,1,0.850348711013794
evaluation-75849-non-000,0,0.8480274677276611
evaluation-75860-tar-000,1,0.841194748878479
evaluation-75860-non-000,0,0.7605207562446594
evaluation-75874-tar-000,1,0.8770657777786255
evaluation-75874-non-000,0,0.7775383591651917
evaluation-75945-tar-000,1,0.8219021558761597
evaluation-75945-non-000,0,0.7059460878372192
evaluation-7604-tar-000,1,0.8415337204933167
evaluation-7604-non-000,0,0.7524608373641968
evaluation-76085-tar-000,1,0.8174681663513184
evaluation-76085-non-000,0,0.810645341873169
evaluation-76101-tar-000,1,0.8326731324195862
evaluation-76101-non-000,0,0.7515153884887695
evaluation-7617-tar-000,1,0.8429299592971802
evaluation-7617-non-000,0,0.7785928249359131
evaluation-76192-tar-000,1,0.8711800575256348
evaluation-76192-non-000,0,0.774570107460022
evaluation-76247-tar-000,1,0.757323145866394
evaluation-76247-non-000,0,0.8056373000144958
evaluation-76299-tar-000,1,0.7694571018218994
evaluation-76299-non-000,0,0.7703361511230469
evaluation-76420-tar-000,1,0.7857544422149658
evaluation-76420-non-000,0,0.8150752782821655
evaluation-7645-tar-000,1,0.8581900596618652
evaluation-7645-non-000,0,0.814970850944519
evaluation-76453-tar-000,1,0.8279645442962646
evaluation-76453-non-000,0,0.7277675867080688
evaluation-7646-tar-000,1,0.8552114963531494
evaluation-7646-non-000,0,0.7396926283836365
evaluation-7654-tar-000,1,0.8101277351379395
evaluation-7654-non-000,0,0.816636323928833
evaluation-7655-tar-000,1,0.8489598035812378
evaluation-7655-non-000,0,0.811621904373169
evaluation-76585-tar-000,1,0.8926703333854675
evaluation-76585-non-000,0,0.8185575008392334
evaluation-76695-tar-000,1,0.7711102366447449
evaluation-76695-non-000,0,0.8276285529136658
evaluation-76719-tar-000,1,0.8135875463485718
evaluation-76719-non-000,0,0.844046950340271
evaluation-76725-tar-000,1,0.8695645332336426
evaluation-76725-non-000,0,0.720483124256134
evaluation-7679-tar-000,1,0.8535048365592957
evaluation-7679-non-000,0,0.7696327567100525
evaluation-76862-tar-000,1,0.856497049331665
evaluation-76862-non-000,0,0.7644137144088745
evaluation-77101-tar-000,1,0.8068987131118774
evaluation-77101-non-000,0,0.6948539018630981
evaluation-7712-tar-000,1,0.8428676128387451
evaluation-7712-non-000,0,0.8743297457695007
evaluation-77175-tar-000,1,0.8754655718803406
evaluation-77175-non-000,0,0.662169337272644
evaluation-7721-tar-000,1,0.8322842121124268
evaluation-7721-non-000,0,0.7360872030258179
evaluation-7726-tar-000,1,0.851169764995575
evaluation-7726-non-000,0,0.7675296068191528
evaluation-7728-tar-000,1,0.7890746593475342
evaluation-7728-non-000,0,0.7157597541809082
evaluation-7735-tar-000,1,0.8048131465911865
evaluation-7735-non-000,0,0.8456469774246216
evaluation-77351-tar-000,1,0.7747107744216919
evaluation-77351-non-000,0,0.8054014444351196
evaluation-77376-tar-000,1,0.8749080896377563
evaluation-77376-non-000,0,0.7764458656311035
evaluation-77486-tar-000,1,0.8264482021331787
evaluation-77486-non-000,0,0.7171259522438049
evaluation-7750-tar-000,1,0.7454060316085815
evaluation-7750-non-000,0,0.7439987063407898
evaluation-77571-tar-000,1,0.8473823666572571
evaluation-77571-non-000,0,0.8346133232116699
evaluation-77656-tar-000,1,0.8590113520622253
evaluation-77656-non-000,0,0.8081920146942139
evaluation-77851-tar-000,1,0.8790376782417297
evaluation-77851-non-000,0,0.5661889910697937
evaluation-77854-tar-000,1,0.889229416847229
evaluation-77854-non-000,0,0.8478814363479614
evaluation-77879-tar-000,1,0.797281801700592
evaluation-77879-non-000,0,0.7512147426605225
evaluation-7789-tar-000,1,0.8101292252540588
evaluation-7789-non-000,0,0.7552541494369507
evaluation-7790-tar-000,1,0.8855295181274414
evaluation-7790-non-000,0,0.7824576497077942
evaluation-7810-tar-000,1,0.8494482040405273
evaluation-7810-non-000,0,0.7694200873374939
evaluation-78247-tar-000,1,0.8946125507354736
evaluation-78247-non-000,0,0.6937289237976074
evaluation-78249-tar-000,1,0.8199203610420227
evaluation-78249-non-000,0,0.7763446569442749
evaluation-7827-tar-000,1,0.7974081635475159
evaluation-7827-non-000,0,0.7752411365509033
evaluation-78370-tar-000,1,0.8494100570678711
evaluation-78370-non-000,0,0.8085277676582336
evaluation-78400-tar-000,1,0.893409252166748
evaluation-78400-non-000,0,0.763051450252533
evaluation-78436-tar-000,1,0.8610248565673828
evaluation-78436-non-000,0,0.7652368545532227
evaluation-78444-tar-000,1,0.8613988161087036
evaluation-78444-non-000,0,0.7525951862335205
evaluation-7846-tar-000,1,0.7893825769424438
evaluation-7846-non-000,0,0.7889759540557861
evaluation-7848-tar-000,1,0.7773165702819824
evaluation-7848-non-000,0,0.7738475799560547
evaluation-7849-tar-000,1,0.8329968452453613
evaluation-7849-non-000,0,0.8349865078926086
evaluation-78540-tar-000,1,0.8622344136238098
evaluation-78540-non-000,0,0.8282519578933716
evaluation-78571-tar-000,1,0.8431098461151123
evaluation-78571-non-000,0,0.8234351873397827
evaluation-78576-tar-000,1,0.808473527431488
evaluation-78576-non-000,0,0.7639511823654175
evaluation-78584-tar-000,1,0.7730598449707031
evaluation-78584-non-000,0,0.859874963760376
evaluation-78615-tar-000,1,0.8639000654220581
evaluation-78615-non-000,0,0.7979947328567505
evaluation-78675-tar-000,1,0.9116183519363403
evaluation-78675-non-000,0,0.7763358354568481
evaluation-78752-tar-000,1,0.8571140170097351
evaluation-78752-non-000,0,0.7981796264648438
evaluation-7878-tar-000,1,0.8359236121177673
evaluation-7878-non-000,0,0.7742437124252319
evaluation-78782-tar-000,1,0.8032569289207458
evaluation-78782-non-000,0,0.6275891065597534
evaluation-78815-tar-000,1,0.8155606389045715
evaluation-78815-non-000,0,0.7848894000053406
evaluation-78826-tar-000,1,0.8326997756958008
evaluation-78826-non-000,0,0.7694954872131348
evaluation-78887-tar-000,1,0.7733601927757263
evaluation-78887-non-000,0,0.7364920377731323
evaluation-78963-tar-000,1,0.7871476411819458
evaluation-78963-non-000,0,0.757870614528656
evaluation-78972-tar-000,1,0.7567490339279175
evaluation-78972-non-000,0,0.8241935968399048
evaluation-79095-tar-000,1,0.8353049159049988
evaluation-79095-non-000,0,0.8460493087768555
evaluation-79255-tar-000,1,0.8616065979003906
evaluation-79255-non-000,0,0.7874046564102173
evaluation-79474-tar-000,1,0.7856251001358032
evaluation-79474-non-000,0,0.7622031569480896
evaluation-79521-tar-000,1,0.8358186483383179
evaluation-79521-non-000,0,0.7956172823905945
evaluation-79581-tar-000,1,0.7700175642967224
evaluation-79581-non-000,0,0.7349438667297363
evaluation-7964-tar-000,1,0.7758064866065979
evaluation-7964-non-000,0,0.8653513193130493
evaluation-7972-tar-000,1,0.8643798828125
evaluation-7972-non-000,0,0.8265711069107056
evaluation-79776-tar-000,1,0.8165969252586365
evaluation-79776-non-000,0,0.8097251057624817
evaluation-79798-tar-000,1,0.7152258157730103
evaluation-79798-non-000,0,0.8177107572555542
evaluation-79807-tar-000,1,0.8303002119064331
evaluation-79807-non-000,0,0.7667250633239746
evaluation-7983-tar-000,1,0.8929540514945984
evaluation-7983-non-000,0,0.8298113942146301
evaluation-79843-tar-000,1,0.8419984579086304
evaluation-79843-non-000,0,0.8038872480392456
evaluation-7989-tar-000,1,0.7828233242034912
evaluation-7989-non-000,0,0.8405424356460571
evaluation-79980-tar-000,1,0.8455201983451843
evaluation-79980-non-000,0,0.8308271169662476
evaluation-79991-tar-000,1,0.8514525294303894
evaluation-79991-non-000,0,0.7417099475860596
evaluation-80153-tar-000,1,0.8272048234939575
evaluation-80153-non-000,0,0.7504452466964722
evaluation-80180-tar-000,1,0.8967195749282837
evaluation-80180-non-000,0,0.7925835847854614
evaluation-8019-tar-000,1,0.876181960105896
evaluation-8019-non-000,0,0.8341034650802612
evaluation-80210-tar-000,1,0.7514289021492004
evaluation-80210-non-000,0,0.7391068935394287
evaluation-80221-tar-000,1,0.8369079232215881
evaluation-80221-non-000,0,0.8116530776023865
evaluation-8023-tar-000,1,0.8237764835357666
evaluation-8023-non-000,0,0.7616276741027832
evaluation-8027-tar-000,1,0.8711391687393188
evaluation-8027-non-000,0,0.8077744841575623
evaluation-8028-tar-000,1,0.8666478395462036
evaluation-8028-non-000,0,0.7791377305984497
evaluation-80353-tar-000,1,0.8610286116600037
evaluation-80353-non-000,0,0.8454068303108215
evaluation-8041-tar-000,1,0.82927405834198
evaluation-8041-non-000,0,0.7769186496734619
evaluation-80449-tar-000,1,0.8359850645065308
evaluation-80449-non-000,0,0.7963851690292358
evaluation-80504-tar-000,1,0.8839726448059082
evaluation-80504-non-000,0,0.8112376928329468
evaluation-8068-tar-000,1,0.8180690407752991
evaluation-8068-non-000,0,0.7547417879104614
evaluation-80710-tar-000,1,0.7934602499008179
evaluation-80710-non-000,0,0.7910120487213135
evaluation-80773-tar-000,1,0.8036578893661499
evaluation-80773-non-000,0,0.8865245580673218
evaluation-80793-tar-000,1,0.857725977897644
evaluation-80793-non-000,0,0.7926463484764099
evaluation-80798-tar-000,1,0.8774303197860718
evaluation-80798-non-000,0,0.7986003160476685
evaluation-80806-tar-000,1,0.7672715187072754
evaluation-80806-non-000,0,0.7858853340148926
evaluation-80900-tar-000,1,0.887505292892456
evaluation-80900-non-000,0,0.7161989212036133
evaluation-80935-tar-000,1,0.7016136646270752
evaluation-80935-non-000,0,0.8780410289764404
evaluation-80938-tar-000,1,0.832980751991272
evaluation-80938-non-000,0,0.8584890365600586
evaluation-8097-tar-000,1,0.8138147592544556
evaluation-8097-non-000,0,0.7371004223823547
evaluation-81034-tar-000,1,0.869977593421936
evaluation-81034-non-000,0,0.7630488276481628
evaluation-81103-tar-000,1,0.83573317527771
evaluation-81103-non-000,0,0.7118663787841797
evaluation-81106-tar-000,1,0.8233104944229126
evaluation-81106-non-000,0,0.786767840385437
evaluation-81111-tar-000,1,0.8888692855834961
evaluation-81111-non-000,0,0.8231070041656494
evaluation-81119-tar-000,1,0.8483351469039917
evaluation-81119-non-000,0,0.7840554118156433
evaluation-81128-tar-000,1,0.8305841088294983
evaluation-81128-non-000,0,0.8092590570449829
evaluation-81174-tar-000,1,0.9257525205612183
evaluation-81174-non-000,0,0.7754473090171814
evaluation-81271-tar-000,1,0.8586347103118896
evaluation-81271-non-000,0,0.8592969179153442
evaluation-81276-tar-000,1,0.8088383078575134
evaluation-81276-non-000,0,0.8295632600784302
evaluation-81309-tar-000,1,0.8753262758255005
evaluation-81309-non-000,0,0.7017073631286621
evaluation-8143-tar-000,1,0.8408151865005493
evaluation-8143-non-000,0,0.7622856497764587
evaluation-81441-tar-000,1,0.836480975151062
evaluation-81441-non-000,0,0.8629093170166016
evaluation-81455-tar-000,1,0.833115816116333
evaluation-81455-non-000,0,0.6951252818107605
evaluation-81823-tar-000,1,0.7861706018447876
evaluation-81823-non-000,0,0.8155530691146851
evaluation-8185-tar-000,1,0.8072531223297119
evaluation-8185-non-000,0,0.7854350805282593
evaluation-81858-tar-000,1,0.8351846933364868
evaluation-81858-non-000,0,0.8187468647956848
evaluation-8191-tar-000,1,0.814895510673523
evaluation-8191-non-000,0,0.7752326726913452
evaluation-81913-tar-000,1,0.8714983463287354
evaluation-81913-non-000,0,0.8462622165679932
evaluation-81963-tar-000,1,0.8297345638275146
evaluation-81963-non-000,0,0.8120401501655579
evaluation-8203-tar-000,1,0.8022371530532837
evaluation-8203-non-000,0,0.8718715906143188
evaluation-82040-tar-000,1,0.8356761336326599
evaluation-82040-non-000,0,0.8330913186073303
evaluation-8210-tar-000,1,0.8667944669723511
evaluation-8210-non-000,0,0.782471776008606
evaluation-8215-tar-000,1,0.8079543709754944
evaluation-8215-non-000,0,0.8201324939727783
evaluation-8216-tar-000,1,0.8577425479888916
evaluation-8216-non-000,0,0.7306523323059082
evaluation-8219-tar-000,1,0.8706624507904053
evaluation-8219-non-000,0,0.7371987104415894
evaluation-82273-tar-000,1,0.8276200294494629
evaluation-82273-non-000,0,0.8340063095092773
evaluation-82342-tar-000,1,0.8398107290267944
evaluation-82342-non-000,0,0.7339757680892944
evaluation-8236-tar-000,1,0.7557361125946045
evaluation-8236-non-000,0,0.7606267333030701
evaluation-82421-tar-000,1,0.8589494824409485
evaluation-82421-non-000,0,0.6929516792297363
evaluation-82603-tar-000,1,0.795367956161499
evaluation-82603-non-000,0,0.8198091983795166
evaluation-82641-tar-000,1,0.7694772481918335
evaluation-82641-non-000,0,0.8379381895065308
evaluation-82842-tar-000,1,0.7885717749595642
evaluation-82842-non-000,0,0.7083930969238281
evaluation-82847-tar-000,1,0.8087196946144104
evaluation-82847-non-000,0,0.7905727624893188
evaluation-8299-tar-000,1,0.8641573190689087
evaluation-8299-non-000,0,0.7578426599502563
evaluation-83006-tar-000,1,0.8461863994598389
evaluation-83006-non-000,0,0.7504070997238159
evaluation-83028-tar-000,1,0.8145054578781128
evaluation-83028-non-000,0,0.8035509586334229
evaluation-83094-tar-000,1,0.8271973133087158
evaluation-83094-non-000,0,0.7911924123764038
evaluation-83204-tar-000,1,0.8690819144248962
evaluation-83204-non-000,0,0.7174063920974731
evaluation-8328-tar-000,1,0.7297157049179077
evaluation-8328-non-000,0,0.7359200119972229
evaluation-8335-tar-000,1,0.8742099404335022
evaluation-8335-non-000,0,0.7711881399154663
evaluation-83355-tar-000,1,0.7958545088768005
evaluation-83355-non-000,0,0.7532603740692139
evaluation-83674-tar-000,1,0.8563151359558105
evaluation-83674-non-000,0,0.8144999742507935
evaluation-83696-tar-000,1,0.8475805521011353
evaluation-83696-non-000,0,0.7680139541625977
evaluation-8383-tar-000,1,0.7887502908706665
evaluation-8383-non-000,0,0.7477692365646362
evaluation-83839-tar-000,1,0.8646979331970215
evaluation-83839-non-000,0,0.8192195892333984
evaluation-83905-tar-000,1,0.8799628019332886
evaluation-83905-non-000,0,0.8840795755386353
evaluation-83918-tar-000,1,0.8727560043334961
evaluation-83918-non-000,0,0.8655087947845459
evaluation-83927-tar-000,1,0.8280004262924194
evaluation-83927-non-000,0,0.8051061034202576
evaluation-83995-tar-000,1,0.7328685522079468
evaluation-83995-non-000,0,0.761716902256012
evaluation-8407-tar-000,1,0.8930516242980957
evaluation-8407-non-000,0,0.7892590165138245
evaluation-84075-tar-000,1,0.7337121963500977
evaluation-84075-non-000,0,0.7777381539344788
evaluation-84160-tar-000,1,0.8537172079086304
evaluation-84160-non-000,0,0.7781250476837158
evaluation-84187-tar-000,1,0.9013939499855042
evaluation-84187-non-000,0,0.764205276966095
evaluation-84300-tar-000,1,0.7410420179367065
evaluation-84300-non-000,0,0.8385022878646851
evaluation-84457-tar-000,1,0.8673661947250366
evaluation-84457-non-000,0,0.6840112805366516
evaluation-84512-tar-000,1,0.8618347644805908
evaluation-84512-non-000,0,0.8330849409103394
evaluation-8452-tar-000,1,0.9062265157699585
evaluation-8452-non-000,0,0.7993020415306091
evaluation-8453-tar-000,1,0.8427567481994629
evaluation-8453-non-000,0,0.5482316017150879
evaluation-84544-tar-000,1,0.807839035987854
evaluation-84544-non-000,0,0.7088651061058044
evaluation-84547-tar-000,1,0.7980966567993164
evaluation-84547-non-000,0,0.6665430068969727
evaluation-84649-tar-000,1,0.7229562997817993
evaluation-84649-non-000,0,0.8287702202796936
evaluation-84693-tar-000,1,0.6004716157913208
evaluation-84693-non-000,0,0.8304117918014526
evaluation-84704-tar-000,1,0.8090347051620483
evaluation-84704-non-000,0,0.7910969257354736
evaluation-84753-tar-000,1,0.8744213581085205
evaluation-84753-non-000,0,0.8429694771766663
evaluation-84929-tar-000,1,0.8507644534111023
evaluation-84929-non-000,0,0.7535369396209717
evaluation-8494-tar-000,1,0.888956606388092
evaluation-8494-non-000,0,0.828673779964447
evaluation-8502-tar-000,1,0.8718892931938171
evaluation-8502-non-000,0,0.8400681614875793
evaluation-85201-tar-000,1,0.855755090713501
evaluation-85201-non-000,0,0.7052179574966431
evaluation-8522-tar-000,1,0.8380364179611206
evaluation-8522-non-000,0,0.7742626667022705
evaluation-8527-tar-000,1,0.8526883125305176
evaluation-8527-non-000,0,0.8096630573272705
evaluation-85286-tar-000,1,0.7939465045928955
evaluation-85286-non-000,0,0.8267271518707275
evaluation-85319-tar-000,1,0.8839375972747803
evaluation-85319-non-000,0,0.7851884365081787
evaluation-85396-tar-000,1,0.8766460418701172
evaluation-85396-non-000,0,0.7522480487823486
evaluation-85421-tar-000,1,0.8001230955123901
evaluation-85421-non-000,0,0.7944498062133789
evaluation-8557-tar-000,1,0.8039294481277466
evaluation-8557-non-000,0,0.6897063255310059
evaluation-85676-tar-000,1,0.8064951300621033
evaluation-85676-non-000,0,0.7782430052757263
evaluation-85750-tar-000,1,0.8897446393966675
evaluation-85750-non-000,0,0.7735744118690491
evaluation-85778-tar-000,1,0.8027795553207397
evaluation-85778-non-000,0,0.807857871055603
evaluation-85871-tar-000,1,0.8632022738456726
evaluation-85871-non-000,0,0.8183313012123108
evaluation-8602-tar-000,1,0.8393620252609253
evaluation-8602-non-000,0,0.7543213367462158
evaluation-86107-tar-000,1,0.7603617310523987
evaluation-86107-non-000,0,0.7706954479217529
evaluation-8614-tar-000,1,0.8230730891227722
evaluation-8614-non-000,0,0.82627272605896
evaluation-86151-tar-000,1,0.7561319470405579
evaluation-86151-non-000,0,0.7976745963096619
evaluation-86198-tar-000,1,0.837176501750946
evaluation-86198-non-000,0,0.8667024970054626
evaluation-86245-tar-000,1,0.8960761427879333
evaluation-86245-non-000,0,0.7516191005706787
evaluation-8628-tar-000,1,0.8985278606414795
evaluation-8628-non-000,0,0.7998549938201904
evaluation-8630-tar-000,1,0.7848150730133057
evaluation-8630-non-000,0,0.80135178565979
evaluation-86376-tar-000,1,0.8942491412162781
evaluation-86376-non-000,0,0.7866861820220947
evaluation-8639-tar-000,1,0.8159299492835999
evaluation-8639-non-000,0,0.8296705484390259
evaluation-8640-tar-000,1,0.831811785697937
evaluation-8640-non-000,0,0.7813872694969177
evaluation-86470-tar-000,1,0.794438362121582
evaluation-86470-non-000,0,0.7997327446937561
evaluation-86478-tar-000,1,0.8263862133026123
evaluation-86478-non-000,0,0.6782189607620239
evaluation-86519-tar-000,1,0.8305699825286865
evaluation-86519-non-000,0,0.8072837591171265
evaluation-86577-tar-000,1,0.6496882438659668
evaluation-86577-non-000,0,0.5628342032432556
evaluation-86591-tar-000,1,0.9197925329208374
evaluation-86591-non-000,0,0.7053440809249878
evaluation-86799-tar-000,1,0.8501893281936646
evaluation-86799-non-000,0,0.741696834564209
evaluation-86926-tar-000,1,0.6893569231033325
evaluation-86926-non-000,0,0.8140021562576294
evaluation-86945-tar-000,1,0.7420887351036072
evaluation-86945-non-000,0,0.7664285898208618
evaluation-8697-tar-000,1,0.7893424034118652
evaluation-8697-non-000,0,0.7956098318099976
evaluation-87016-tar-000,1,0.8249320983886719
evaluation-87016-non-000,0,0.78162682056427
evaluation-87176-tar-000,1,0.8447772264480591
evaluation-87176-non-000,0,0.8452774286270142
evaluation-8724-tar-000,1,0.8304105997085571
evaluation-8724-non-000,0,0.6591758131980896
evaluation-87313-tar-000,1,0.85737544298172
evaluation-87313-non-000,0,0.8019665479660034
evaluation-87338-tar-000,1,0.8354872465133667
evaluation-87338-non-000,0,0.8168662786483765
evaluation-87362-tar-000,1,0.8716604709625244
evaluation-87362-non-000,0,0.7249230146408081
evaluation-87450-tar-000,1,0.8364862203598022
evaluation-87450-non-000,0,0.7631416320800781
evaluation-8746-tar-000,1,0.8157452940940857
evaluation-8746-non-000,0,0.7579029202461243
evaluation-8756-tar-000,1,0.894353985786438
evaluation-8756-non-000,0,0.7612489461898804
evaluation-87577-tar-000,1,0.8239898681640625
evaluation-87577-non-000,0,0.8510212898254395
evaluation-87601-tar-000,1,0.837532639503479
evaluation-87601-non-000,0,0.789130449295044
evaluation-8765-tar-000,1,0.8810464143753052
evaluation-8765-non-000,0,0.6937131881713867
evaluation-87711-tar-000,1,0.8589174747467041
evaluation-87711-non-000,0,0.6486470103263855
evaluation-87720-tar-000,1,0.8313616514205933
evaluation-87720-non-000,0,0.7853676676750183
evaluation-87722-tar-000,1,0.7923275232315063
evaluation-87722-non-000,0,0.731298565864563
evaluation-87876-tar-000,1,0.8485825061798096
evaluation-87876-non-000,0,0.6388256549835205
evaluation-87923-tar-000,1,0.8869741559028625
evaluation-87923-non-000,0,0.7749385833740234
evaluation-8796-tar-000,1,0.8225811719894409
evaluation-8796-non-000,0,0.740527868270874
evaluation-8804-tar-000,1,0.8780853748321533
evaluation-8804-non-000,0,0.8538012504577637
evaluation-88060-tar-000,1,0.808469295501709
evaluation-88060-non-000,0,0.7593558430671692
evaluation-8814-tar-000,1,0.8065909147262573
evaluation-8814-non-000,0,0.7950358390808105
evaluation-88156-tar-000,1,0.8485543727874756
evaluation-88156-non-000,0,0.7807698249816895
evaluation-88170-tar-000,1,0.7895782589912415
evaluation-88170-non-000,0,0.8249255418777466
evaluation-88313-tar-000,1,0.855270504951477
evaluation-88313-non-000,0,0.8556733131408691
evaluation-8836-tar-000,1,0.8559246063232422
evaluation-8836-non-000,0,0.7751277685165405
evaluation-88458-tar-000,1,0.8587053418159485
evaluation-88458-non-000,0,0.7553597688674927
evaluation-88524-tar-000,1,0.8888065814971924
evaluation-88524-non-000,0,0.8578342795372009
evaluation-88576-tar-000,1,0.8393207788467407
evaluation-88576-non-000,0,0.8389352560043335
evaluation-88582-tar-000,1,0.9042832851409912
evaluation-88582-non-000,0,0.8513724207878113
evaluation-88689-tar-000,1,0.7882589101791382
evaluation-88689-non-000,0,0.8401138782501221
evaluation-88747-tar-000,1,0.8567187786102295
evaluation-88747-non-000,0,0.8320108652114868
evaluation-88780-tar-000,1,0.8215233683586121
evaluation-88780-non-000,0,0.7729800939559937
evaluation-88791-tar-000,1,0.8714356422424316
evaluation-88791-non-000,0,0.8143061399459839
evaluation-8896-tar-000,1,0.8816452026367188
evaluation-8896-non-000,0,0.7848955392837524
evaluation-89005-tar-000,1,0.8294112682342529
evaluation-89005-non-000,0,0.7932989001274109
evaluation-89027-tar-000,1,0.845941424369812
evaluation-89027-non-000,0,0.7735865116119385
evaluation-89054-tar-000,1,0.8195350766181946
evaluation-89054-non-000,0,0.7940506935119629
evaluation-89120-tar-000,1,0.8376550674438477
evaluation-89120-non-000,0,0.7712057828903198
evaluation-89255-tar-000,1,0.869271457195282
evaluation-89255-non-000,0,0.8538424968719482
evaluation-89335-tar-000,1,0.8696589469909668
evaluation-89335-non-000,0,0.714551568031311
evaluation-89340-tar-000,1,0.8994508981704712
evaluation-89340-non-000,0,0.6927080750465393
evaluation-89346-tar-000,1,0.7179158329963684
evaluation-89346-non-000,0,0.810334324836731
evaluation-89381-tar-000,1,0.7928005456924438
evaluation-89381-non-000,0,0.7261924743652344
evaluation-89557-tar-000,1,0.7836393713951111
evaluation-89557-non-000,0,0.8465189933776855
evaluation-89604-tar-000,1,0.8498220443725586
evaluation-89604-non-000,0,0.745375394821167
evaluation-89615-tar-000,1,0.836909830570221
evaluation-89615-non-000,0,0.7019603252410889
evaluation-89631-tar-000,1,0.8563870191574097
evaluation-89631-non-000,0,0.7013628482818604
evaluation-89757-tar-000,1,0.7890884876251221
evaluation-89757-non-000,0,0.8609183430671692
evaluation-89766-tar-000,1,0.8161761164665222
evaluation-89766-non-000,0,0.7072216272354126
evaluation-89782-tar-000,1,0.7938025593757629
evaluation-89782-non-000,0,0.7401754856109619
evaluation-89818-tar-000,1,0.7137316465377808
evaluation-89818-non-000,0,0.8286933898925781
evaluation-89822-tar-000,1,0.8574405312538147
evaluation-89822-non-000,0,0.8538267612457275
evaluation-8983-tar-000,1,0.8600803017616272
evaluation-8983-non-000,0,0.6778790950775146
evaluation-90024-tar-000,1,0.8453244566917419
evaluation-90024-non-000,0,0.7376770973205566
evaluation-90032-tar-000,1,0.8735885620117188
evaluation-90032-non-000,0,0.7649310827255249
evaluation-90038-tar-000,1,0.808277428150177
evaluation-90038-non-000,0,0.7873860001564026
evaluation-90117-tar-000,1,0.8544833064079285
evaluation-90117-non-000,0,0.8039611577987671
evaluation-90145-tar-000,1,0.7719584703445435
evaluation-90145-non-000,0,0.7752851843833923
evaluation-90148-tar-000,1,0.8707690834999084
evaluation-90148-non-000,0,0.814812183380127
evaluation-90169-tar-000,1,0.8743716478347778
evaluation-90169-non-000,0,0.8102949857711792
evaluation-90257-tar-000,1,0.7517333030700684
evaluation-90257-non-000,0,0.7893309593200684
evaluation-90301-tar-000,1,0.8631212115287781
evaluation-90301-non-000,0,0.8017779588699341
evaluation-90304-tar-000,1,0.8601713180541992
evaluation-90304-non-000,0,0.6748573780059814
evaluation-90381-tar-000,1,0.7967368960380554
evaluation-90381-non-000,0,0.7025429010391235
evaluation-90414-tar-000,1,0.8734898567199707
evaluation-90414-non-000,0,0.7676935195922852
evaluation-90469-tar-000,1,0.8543965816497803
evaluation-90469-non-000,0,0.7757344245910645
evaluation-90562-tar-000,1,0.8270559310913086
evaluation-90562-non-000,0,0.7771974205970764
evaluation-90631-tar-000,1,0.8674211502075195
evaluation-90631-non-000,0,0.8253430128097534
evaluation-90862-tar-000,1,0.8261523246765137
evaluation-90862-non-000,0,0.7632811069488525
evaluation-90875-tar-000,1,0.7974740266799927
evaluation-90875-non-000,0,0.8351356983184814
evaluation-90939-tar-000,1,0.7821811437606812
evaluation-90939-non-000,0,0.8282393217086792
evaluation-9109-tar-000,1,0.831021785736084
evaluation-9109-non-000,0,0.7592724561691284
evaluation-91106-tar-000,1,0.8394728899002075
evaluation-91106-non-000,0,0.856035590171814
evaluation-91166-tar-000,1,0.8286116123199463
evaluation-91166-non-000,0,0.774943470954895
evaluation-91205-tar-000,1,0.8257830739021301
evaluation-91205-non-000,0,0.7618619799613953
evaluation-9125-tar-000,1,0.8470689654350281
evaluation-9125-non-000,0,0.7316602468490601
evaluation-91433-tar-000,1,0.8661211133003235
evaluation-91433-non-000,0,0.7631313800811768
evaluation-91441-tar-000,1,0.8231847286224365
evaluation-91441-non-000,0,0.7792037725448608
evaluation-91466-tar-000,1,0.8082337975502014
evaluation-91466-non-000,0,0.7520750761032104
evaluation-9148-tar-000,1,0.8384531736373901
evaluation-9148-non-000,0,0.7294570207595825
evaluation-91496-tar-000,1,0.8620373010635376
evaluation-91496-non-000,0,0.7790451049804688
evaluation-91543-tar-000,1,0.7867528200149536
evaluation-91543-non-000,0,0.7774955034255981
evaluation-91642-tar-000,1,0.8613881468772888
evaluation-91642-non-000,0,0.830091118812561
evaluation-9165-tar-000,1,0.7985142469406128
evaluation-9165-non-000,0,0.7713534832000732
evaluation-91719-tar-000,1,0.7986061573028564
evaluation-91719-non-000,0,0.7806878089904785
evaluation-9179-tar-000,1,0.8084838390350342
evaluation-9179-non-000,0,0.7519205808639526
evaluation-91798-tar-000,1,0.8362221121788025
evaluation-91798-non-000,0,0.7487776875495911
evaluation-91823-tar-000,1,0.7731702327728271
evaluation-91823-non-000,0,0.8065117597579956
evaluation-91886-tar-000,1,0.7716641426086426
evaluation-91886-non-000,0,0.7762429714202881
evaluation-9195-tar-000,1,0.805017352104187
evaluation-9195-non-000,0,0.7034858465194702
evaluation-9197-tar-000,1,0.7864710092544556
evaluation-9197-non-000,0,0.8277255892753601
evaluation-91974-tar-000,1,0.8752584457397461
evaluation-91974-non-000,0,0.7095452547073364
evaluation-92007-tar-000,1,0.8627715110778809
evaluation-92007-non-000,0,0.7502127885818481
evaluation-9210-tar-000,1,0.8306761384010315
evaluation-9210-non-000,0,0.7690775990486145
evaluation-92133-tar-000,1,0.8319488763809204
evaluation-92133-non-000,0,0.7626024484634399
evaluation-92260-tar-000,1,0.8276616334915161
evaluation-92260-non-000,0,0.7092318534851074
evaluation-9229-tar-000,1,0.8092837333679199
evaluation-9229-non-000,0,0.7168878316879272
evaluation-9240-tar-000,1,0.8283644914627075
evaluation-9240-non-000,0,0.7409704923629761
evaluation-9241-tar-000,1,0.8440362215042114
evaluation-9241-non-000,0,0.8098405003547668
evaluation-92438-tar-000,1,0.836270809173584
evaluation-92438-non-000,0,0.755044162273407
evaluation-92488-tar-000,1,0.9001959562301636
evaluation-92488-non-000,0,0.8873519897460938
evaluation-92630-tar-000,1,0.8271191716194153
evaluation-92630-non-000,0,0.7736320495605469
evaluation-92652-tar-000,1,0.8487542867660522
evaluation-92652-non-000,0,0.7622296214103699
evaluation-92787-tar-000,1,0.7828953266143799
evaluation-92787-non-000,0,0.7756197452545166
evaluation-92825-tar-000,1,0.760672390460968
evaluation-92825-non-000,0,0.7357901334762573
evaluation-92845-tar-000,1,0.7577734589576721
evaluation-92845-non-000,0,0.7956366539001465
evaluation-92853-tar-000,1,0.8686032891273499
evaluation-92853-non-000,0,0.7461082339286804
evaluation-9286-tar-000,1,0.8092727065086365
evaluation-9286-non-000,0,0.7139166593551636
evaluation-9291-tar-000,1,0.7409011125564575
evaluation-9291-non-000,0,0.8147619962692261
evaluation-9303-tar-000,1,0.8518691062927246
evaluation-9303-non-000,0,0.7093327641487122
evaluation-93034-tar-000,1,0.8835934400558472
evaluation-93034-non-000,0,0.7071801424026489
evaluation-93042-tar-000,1,0.8369710445404053
evaluation-93042-non-000,0,0.8636724948883057
evaluation-93169-tar-000,1,0.8226974010467529
evaluation-93169-non-000,0,0.5127027034759521
evaluation-93210-tar-000,1,0.8934059143066406
evaluation-93210-non-000,0,0.7882472276687622
evaluation-93279-tar-000,1,0.8488990068435669
evaluation-93279-non-000,0,0.7427489757537842
evaluation-93375-tar-000,1,0.792589545249939
evaluation-93375-non-000,0,0.7057812809944153
evaluation-93449-tar-000,1,0.8414261341094971
evaluation-93449-non-000,0,0.7403900623321533
evaluation-9355-tar-000,1,0.7760790586471558
evaluation-9355-non-000,0,0.6808980703353882
evaluation-93660-tar-000,1,0.810593843460083
evaluation-93660-non-000,0,0.6896692514419556
evaluation-93718-tar-000,1,0.8115763664245605
evaluation-93718-non-000,0,0.7678474187850952
evaluation-93735-tar-000,1,0.7338170409202576
evaluation-93735-non-000,0,0.849999725818634
evaluation-93740-tar-000,1,0.7840703725814819
evaluation-93740-non-000,0,0.7351284027099609
evaluation-93811-tar-000,1,0.7721957564353943
evaluation-93811-non-000,0,0.8260484337806702
evaluation-93853-tar-000,1,0.788003146648407
evaluation-93853-non-000,0,0.7586344480514526
evaluation-93886-tar-000,1,0.7976943254470825
evaluation-93886-non-000,0,0.8137027025222778
evaluation-93930-tar-000,1,0.8099749088287354
evaluation-93930-non-000,0,0.7221457958221436
evaluation-9403-tar-000,1,0.8141056299209595
evaluation-9403-non-000,0,0.7626262307167053
evaluation-9410-tar-000,1,0.8187805414199829
evaluation-9410-non-000,0,0.8436925411224365
evaluation-94105-tar-000,1,0.798157811164856
evaluation-94105-non-000,0,0.7548401355743408
evaluation-94125-tar-000,1,0.7887440919876099
evaluation-94125-non-000,0,0.6557177305221558
evaluation-94226-tar-000,1,0.8565119504928589
evaluation-94226-non-000,0,0.7297163009643555
evaluation-94267-tar-000,1,0.7721216678619385
evaluation-94267-non-000,0,0.6565728783607483
evaluation-94270-tar-000,1,0.8180471658706665
evaluation-94270-non-000,0,0.8484504222869873
evaluation-94314-tar-000,1,0.7801121473312378
evaluation-94314-non-000,0,0.790534496307373
evaluation-94421-tar-000,1,0.8087140321731567
evaluation-94421-non-000,0,0.7212246656417847
evaluation-94528-tar-000,1,0.8670333623886108
evaluation-94528-non-000,0,0.8110419511795044
evaluation-94550-tar-000,1,0.8879366517066956
evaluation-94550-non-000,0,0.6951431035995483
evaluation-94586-tar-000,1,0.928463339805603
evaluation-94586-non-000,0,0.8548287153244019
evaluation-94633-tar-000,1,0.8711890578269958
evaluation-94633-non-000,0,0.8790270090103149
evaluation-94663-tar-000,1,0.8971614837646484
evaluation-94663-non-000,0,0.8254653215408325
evaluation-94668-tar-000,1,0.8966661691665649
evaluation-94668-non-000,0,0.7865825295448303
evaluation-9469-tar-000,1,0.880392849445343
evaluation-9469-non-000,0,0.8440635204315186
evaluation-94740-tar-000,1,0.8124641180038452
evaluation-94740-non-000,0,0.8368063569068909
evaluation-94828-tar-000,1,0.8592803478240967
evaluation-94828-non-000,0,0.8399412035942078
evaluation-9485-tar-000,1,0.8605832457542419
evaluation-9485-non-000,0,0.8079644441604614
evaluation-94855-tar-000,1,0.7945336103439331
evaluation-94855-non-000,0,0.8476226329803467
evaluation-94971-tar-000,1,0.7815093398094177
evaluation-94971-non-000,0,0.7898520827293396
evaluation-95006-tar-000,1,0.8395603895187378
evaluation-95006-non-000,0,0.8492671251296997
evaluation-95020-tar-000,1,0.843677818775177
evaluation-95020-non-000,0,0.7269260883331299
evaluation-95031-tar-000,1,0.7922862768173218
evaluation-95031-non-000,0,0.7758268713951111
evaluation-95045-tar-000,1,0.8896774053573608
evaluation-95045-non-000,0,0.7683212757110596
evaluation-95072-tar-000,1,0.8082547187805176
evaluation-95072-non-000,0,0.7886427640914917
evaluation-9512-tar-000,1,0.8451346755027771
evaluation-9512-non-000,0,0.8524120450019836
evaluation-95166-tar-000,1,0.8267992734909058
evaluation-95166-non-000,0,0.7426183223724365
evaluation-95174-tar-000,1,0.8480322360992432
evaluation-95174-non-000,0,0.7689774036407471
evaluation-95198-tar-000,1,0.882551908493042
evaluation-95198-non-000,0,0.8093723058700562
evaluation-9522-tar-000,1,0.8812152743339539
evaluation-9522-non-000,0,0.8217129111289978
evaluation-95229-tar-000,1,0.8726550340652466
evaluation-95229-non-000,0,0.8309903144836426
evaluation-95295-tar-000,1,0.840739369392395
evaluation-95295-non-000,0,0.7680498361587524
evaluation-95300-tar-000,1,0.8531067371368408
evaluation-95300-non-000,0,0.7804328203201294
evaluation-95303-tar-000,1,0.908690869808197
evaluation-95303-non-000,0,0.763762354850769
evaluation-95328-tar-000,1,0.8605414628982544
evaluation-95328-non-000,0,0.7631409764289856
evaluation-95388-tar-000,1,0.8242771029472351
evaluation-95388-non-000,0,0.7293252944946289
evaluation-9539-tar-000,1,0.815677285194397
evaluation-9539-non-000,0,0.8457251787185669
evaluation-95424-tar-000,1,0.8137890100479126
evaluation-95424-non-000,0,0.6830201148986816
evaluation-95459-tar-000,1,0.8536853790283203
evaluation-95459-non-000,0,0.815039336681366
evaluation-9549-tar-000,1,0.7888221144676208
evaluation-9549-non-000,0,0.7359726428985596
evaluation-95789-tar-000,1,0.7659177780151367
evaluation-95789-non-000,0,0.8047404289245605
evaluation-95962-tar-000,1,0.8540387153625488
evaluation-95962-non-000,0,0.7637651562690735
evaluation-96017-tar-000,1,0.8669962882995605
evaluation-96017-non-000,0,0.878265917301178
evaluation-96130-tar-000,1,0.849298357963562
evaluation-96130-non-000,0,0.731841504573822
evaluation-9620-tar-000,1,0.8821408748626709
evaluation-9620-non-000,0,0.8514170050621033
evaluation-96371-tar-000,1,0.8309696912765503
evaluation-96371-non-000,0,0.8143208026885986
evaluation-96418-tar-000,1,0.838463306427002
evaluation-96418-non-000,0,0.75348299741745
evaluation-96443-tar-000,1,0.8554997444152832
evaluation-96443-non-000,0,0.8175917863845825
evaluation-96577-tar-000,1,0.8584578037261963
evaluation-96577-non-000,0,0.7478591203689575
evaluation-96613-tar-000,1,0.8041328191757202
evaluation-96613-non-000,0,0.7396323680877686
evaluation-96643-tar-000,1,0.8447617292404175
evaluation-96643-non-000,0,0.6714277863502502
evaluation-9666-tar-000,1,0.7892106771469116
evaluation-9666-non-000,0,0.6703358888626099
evaluation-96665-tar-000,1,0.8442485332489014
evaluation-96665-non-000,0,0.8167499899864197
evaluation-96676-tar-000,1,0.8428536057472229
evaluation-96676-non-000,0,0.7964688539505005
evaluation-96701-tar-000,1,0.7904276847839355
evaluation-96701-non-000,0,0.7613195776939392
evaluation-96706-tar-000,1,0.8399640321731567
evaluation-96706-non-000,0,0.8489747643470764
evaluation-96712-tar-000,1,0.9118707180023193
evaluation-96712-non-000,0,0.8289150595664978
evaluation-96767-tar-000,1,0.8308415412902832
evaluation-96767-non-000,0,0.6717258095741272
evaluation-96844-tar-000,1,0.7734665274620056
evaluation-96844-non-000,0,0.7754572629928589
evaluation-9696-tar-000,1,0.8209277987480164
evaluation-9696-non-000,0,0.6575592756271362
evaluation-96984-tar-000,1,0.8378787040710449
evaluation-96984-non-000,0,0.8280496597290039
evaluation-9705-tar-000,1,0.8325550556182861
evaluation-9705-non-000,0,0.8236171007156372
evaluation-9706-tar-000,1,0.8464231491088867
evaluation-9706-non-000,0,0.8671361207962036
evaluation-97072-tar-000,1,0.8546295762062073
evaluation-97072-non-000,0,0.8431659936904907
evaluation-9737-tar-000,1,0.7900979518890381
evaluation-9737-non-000,0,0.7543485164642334
evaluation-97434-tar-000,1,0.8576729893684387
evaluation-97434-non-000,0,0.7773200273513794
evaluation-9752-tar-000,1,0.761963963508606
evaluation-9752-non-000,0,0.7122416496276855
evaluation-97550-tar-000,1,0.8986971378326416
evaluation-97550-non-000,0,0.7580596208572388
evaluation-97588-tar-000,1,0.8695662021636963
evaluation-97588-non-000,0,0.8731755018234253
evaluation-97624-tar-000,1,0.7963205575942993
evaluation-97624-non-000,0,0.8172702193260193
evaluation-9767-tar-000,1,0.8097917437553406
evaluation-9767-non-000,0,0.8100029230117798
evaluation-97695-tar-000,1,0.7393151521682739
evaluation-97695-non-000,0,0.8426441550254822
evaluation-97860-tar-000,1,0.8356806635856628
evaluation-97860-non-000,0,0.7065883874893188
evaluation-97937-tar-000,1,0.802094042301178
evaluation-97937-non-000,0,0.8684612512588501
evaluation-97953-tar-000,1,0.8232632279396057
evaluation-97953-non-000,0,0.6941751837730408
evaluation-9817-tar-000,1,0.8426758646965027
evaluation-9817-non-000,0,0.8072506189346313
evaluation-9830-tar-000,1,0.897972822189331
evaluation-9830-non-000,0,0.8301356434822083
evaluation-98327-tar-000,1,0.8884752988815308
evaluation-98327-non-000,0,0.8607509136199951
evaluation-9835-tar-000,1,0.7989085912704468
evaluation-9835-non-000,0,0.8124769926071167
evaluation-98459-tar-000,1,0.7881560921669006
evaluation-98459-non-000,0,0.792931318283081
evaluation-98514-tar-000,1,0.833604097366333
evaluation-98514-non-000,0,0.6824243664741516
evaluation-98588-tar-000,1,0.9030638933181763
evaluation-98588-non-000,0,0.7727037668228149
evaluation-9859-tar-000,1,0.7925645112991333
evaluation-9859-non-000,0,0.7383912205696106
evaluation-9863-tar-000,1,0.8386613130569458
evaluation-9863-non-000,0,0.7395796775817871
evaluation-9871-tar-000,1,0.7742460370063782
evaluation-9871-non-000,0,0.753127932548523
evaluation-9872-tar-000,1,0.8234000205993652
evaluation-9872-non-000,0,0.6872057914733887
evaluation-98731-tar-000,1,0.8102085590362549
evaluation-98731-non-000,0,0.810044527053833
evaluation-98744-tar-000,1,0.8172488808631897
evaluation-98744-non-000,0,0.7540606260299683
evaluation-98821-tar-000,1,0.8467715978622437
evaluation-98821-non-000,0,0.735144853591919
evaluation-99038-tar-000,1,0.8323942422866821
evaluation-99038-non-000,0,0.8120479583740234
evaluation-9904-tar-000,1,0.7416864633560181
evaluation-9904-non-000,0,0.8071218729019165
evaluation-99123-tar-000,1,0.8144819140434265
evaluation-99123-non-000,0,0.7863749861717224
evaluation-99148-tar-000,1,0.7058460116386414
evaluation-99148-non-000,0,0.8247029781341553
evaluation-9915-tar-000,1,0.8309961557388306
evaluation-9915-non-000,0,0.8241826891899109
evaluation-99195-tar-000,1,0.8388506174087524
evaluation-99195-non-000,0,0.8692002296447754
evaluation-99206-tar-000,1,0.7974164485931396
evaluation-99206-non-000,0,0.7572439908981323
evaluation-99230-tar-000,1,0.8217100501060486
evaluation-99230-non-000,0,0.7668859362602234
evaluation-99241-tar-000,1,0.8484617471694946
evaluation-99241-non-000,0,0.7304476499557495
evaluation-9928-tar-000,1,0.8433725833892822
evaluation-9928-non-000,0,0.810394287109375
evaluation-9932-tar-000,1,0.8292545676231384
evaluation-9932-non-000,0,0.7159927487373352
evaluation-99321-tar-000,1,0.9076418280601501
evaluation-99321-non-000,0,0.831977128982544
evaluation-99349-tar-000,1,0.8776688575744629
evaluation-99349-non-000,0,0.9000660181045532
evaluation-9946-tar-000,1,0.8205724954605103
evaluation-9946-non-000,0,0.838379979133606
evaluation-99461-tar-000,1,0.8189473152160645
evaluation-99461-non-000,0,0.8584171533584595
evaluation-9948-tar-000,1,0.8096226453781128
evaluation-9948-non-000,0,0.8028476238250732
evaluation-9949-tar-000,1,0.808905303478241
evaluation-9949-non-000,0,0.848504900932312
evaluation-99497-tar-000,1,0.8728117942810059
evaluation-99497-non-000,0,0.8080312609672546
evaluation-99640-tar-000,1,0.7921546101570129
evaluation-99640-non-000,0,0.7300956845283508
evaluation-99692-tar-000,1,0.8768520355224609
evaluation-99692-non-000,0,0.7464852333068848
evaluation-9971-tar-000,1,0.7391617298126221
evaluation-9971-non-000,0,0.8411858081817627
evaluation-9972-tar-000,1,0.8160132169723511
evaluation-9972-non-000,0,0.711999773979187
evaluation-9979-tar-000,1,0.8800889849662781
evaluation-9979-non-000,0,0.7255151271820068
evaluation-9985-tar-000,1,0.824882984161377
evaluation-9985-non-000,0,0.774198055267334
evaluation-9993-tar-000,1,0.846116304397583
evaluation-9993-non-000,0,0.8259559869766235
evaluation-9994-tar-000,1,0.719215989112854
evaluation-9994-non-000,0,0.8338714838027954
evaluation-99945-tar-000,1,0.8303048610687256
evaluation-99945-non-000,0,0.8016492128372192
evaluation-99967-tar-000,1,0.8236624002456665
evaluation-99967-non-000,0,0.798539400100708
evaluation-9997-tar-000,1,0.8281916975975037
evaluation-9997-non-000,0,0.8058713674545288
