trial_id,label,score
evaluation-1007-tar-000,1,0.8888856768608093
evaluation-1007-non-000,0,0.8453643918037415
evaluation-1008-tar-000,1,0.9556506872177124
evaluation-1008-non-000,0,0.49300992488861084
evaluation-1013-tar-000,1,0.9437371492385864
evaluation-1013-non-000,0,0.4027956426143646
evaluation-10178-tar-000,1,0.9868005514144897
evaluation-10178-non-000,0,0.8190826177597046
evaluation-1024-tar-000,1,0.580726683139801
evaluation-1024-non-000,0,0.6124931573867798
evaluation-10282-tar-000,1,0.8785399794578552
evaluation-10282-non-000,0,0.10710962861776352
evaluation-10346-tar-000,1,0.9278883934020996
evaluation-10346-non-000,0,0.2470165193080902
evaluation-10406-tar-000,1,0.7145991325378418
evaluation-10406-non-000,0,-0.29878729581832886
evaluation-10428-tar-000,1,0.9144346714019775
evaluation-10428-non-000,0,0.1802242398262024
evaluation-10444-tar-000,1,0.8983440399169922
evaluation-10444-non-000,0,0.7108404636383057
evaluation-10538-tar-000,1,0.6307275295257568
evaluation-10538-non-000,0,0.15306134521961212
evaluation-1055-tar-000,1,0.8407342433929443
evaluation-1055-non-000,0,0.8507713079452515
evaluation-1056-tar-000,1,0.7549696564674377
evaluation-1056-non-000,0,0.7463711500167847
evaluation-10606-tar-000,1,0.9503006935119629
evaluation-10606-non-000,0,0.5211867094039917
evaluation-1063-tar-000,1,0.9132243394851685
evaluation-1063-non-000,0,0.9003316164016724
evaluation-10642-tar-000,1,0.9367235898971558
evaluation-10642-non-000,0,0.39412498474121094
evaluation-10689-tar-000,1,0.893490731716156
evaluation-10689-non-000,0,0.9183074235916138
evaluation-10711-tar-000,1,0.7931503057479858
evaluation-10711-non-000,0,0.8113687634468079
evaluation-10738-tar-000,1,0.8897096514701843
evaluation-10738-non-000,0,0.955204963684082
evaluation-10802-tar-000,1,0.9244081974029541
evaluation-10802-non-000,0,0.2947099804878235
evaluation-10862-tar-000,1,0.9483469128608704
evaluation-10862-non-000,0,0.7927945852279663
evaluation-10966-tar-000,1,0.9924017190933228
evaluation-10966-non-000,0,0.36834418773651123
evaluation-1100-tar-000,1,0.33680182695388794
evaluation-1100-non-000,0,0.19531066715717316
evaluation-11060-tar-000,1,0.9416751861572266
evaluation-11060-non-000,0,0.6807371377944946
evaluation-11126-tar-000,1,0.9283331632614136
evaluation-11126-non-000,0,0.5799883604049683
evaluation-11189-tar-000,1,0.6599858999252319
evaluation-11189-non-000,0,0.9672346115112305
evaluation-1122-tar-000,1,0.6883061528205872
evaluation-1122-non-000,0,0.27629655599594116
evaluation-1130-tar-000,1,0.5481562614440918
evaluation-1130-non-000,0,0.38144636154174805
evaluation-11392-tar-000,1,0.8128364682197571
evaluation-11392-non-000,0,0.6048637628555298
evaluation-11485-tar-000,1,0.9614824652671814
evaluation-11485-non-000,0,0.9432961940765381
evaluation-11513-tar-000,1,0.9324019551277161
evaluation-11513-non-000,0,0.4710761308670044
evaluation-1162-tar-000,1,0.9706259965896606
evaluation-1162-non-000,0,0.973214328289032
evaluation-11647-tar-000,1,0.8571934700012207
evaluation-11647-non-000,0,0.641994059085846
evaluation-1165-tar-000,1,0.9303539991378784
evaluation-1165-non-000,0,0.8523010611534119
evaluation-11664-tar-000,1,0.843011200428009
evaluation-11664-non-000,0,0.3957921862602234
evaluation-1169-tar-000,1,0.40850305557250977
evaluation-1169-non-000,0,-0.45552077889442444
evaluation-11757-tar-000,1,0.9241546988487244
evaluation-11757-non-000,0,-0.33880898356437683
evaluation-11845-tar-000,1,0.91364586353302
evaluation-11845-non-000,0,0.7341762781143188
evaluation-1198-tar-000,1,0.711471676826477
evaluation-1198-non-000,0,0.5309476852416992
evaluation-1203-tar-000,1,0.26374831795692444
evaluation-1203-non-000,0,0.41718316078186035
evaluation-12106-tar-000,1,0.9182376861572266
evaluation-12106-non-000,0,0.3875378370285034
evaluation-12112-tar-000,1,0.5868983864784241
evaluation-12112-non-000,0,0.347870796918869
evaluation-12156-tar-000,1,0.8535619974136353
evaluation-12156-non-000,0,0.07850692421197891
evaluation-12197-tar-000,1,0.9388597011566162
evaluation-12197-non-000,0,0.7608340978622437
evaluation-12210-tar-000,1,0.9247105121612549
evaluation-12210-non-000,0,0.8473572731018066
evaluation-12224-tar-000,1,0.9668755531311035
evaluation-12224-non-000,0,0.9634937644004822
evaluation-12323-tar-000,1,0.98305344581604
evaluation-12323-non-000,0,0.9800301194190979
evaluation-1235-tar-000,1,0.858705997467041
evaluation-1235-non-000,0,0.6299031972885132
evaluation-1238-tar-000,1,0.8703250885009766
evaluation-1238-non-000,0,0.5527918338775635
evaluation-12395-tar-000,1,0.4265013039112091
evaluation-12395-non-000,0,0.8660165667533875
evaluation-12408-tar-000,1,0.9604665040969849
evaluation-12408-non-000,0,0.6672134399414062
evaluation-12414-tar-000,1,0.9738624691963196
evaluation-12414-non-000,0,0.7255463004112244
evaluation-12661-tar-000,1,0.9880028963088989
evaluation-12661-non-000,0,0.6178646087646484
evaluation-12666-tar-000,1,0.6076356172561646
evaluation-12666-non-000,0,0.6961807012557983
evaluation-12669-tar-000,1,0.9488379955291748
evaluation-12669-non-000,0,0.47207289934158325
evaluation-1270-tar-000,1,0.9302660226821899
evaluation-1270-non-000,0,0.10979868471622467
evaluation-1274-tar-000,1,0.6748026013374329
evaluation-1274-non-000,0,-0.007192552089691162
evaluation-12796-tar-000,1,0.631126880645752
evaluation-12796-non-000,0,0.7482105493545532
evaluation-12807-tar-000,1,0.8971369862556458
evaluation-12807-non-000,0,0.3364230692386627
evaluation-12828-tar-000,1,0.9354190826416016
evaluation-12828-non-000,0,0.697260320186615
evaluation-12919-tar-000,1,0.8188234567642212
evaluation-12919-non-000,0,0.4837312698364258
evaluation-1297-tar-000,1,0.9481115341186523
evaluation-1297-non-000,0,0.7809128761291504
evaluation-1303-tar-000,1,0.7431007027626038
evaluation-1303-non-000,0,0.6111922264099121
evaluation-13194-tar-000,1,0.9668341875076294
evaluation-13194-non-000,0,0.2632046341896057
evaluation-1320-tar-000,1,0.7570289969444275
evaluation-1320-non-000,0,-0.15332287549972534
evaluation-13298-tar-000,1,0.8676939010620117
evaluation-13298-non-000,0,0.3675398528575897
evaluation-1334-tar-000,1,0.5810286998748779
evaluation-1334-non-000,0,0.7229341268539429
evaluation-13663-tar-000,1,0.8851974606513977
evaluation-13663-non-000,0,-0.018473990261554718
evaluation-13666-tar-000,1,0.9829189777374268
evaluation-13666-non-000,0,0.8704074621200562
evaluation-13707-tar-000,1,0.9621890187263489
evaluation-13707-non-000,0,0.9074844717979431
evaluation-1372-tar-000,1,0.5633848905563354
evaluation-1372-non-000,0,0.59211665391922
evaluation-13754-tar-000,1,0.8597361445426941
evaluation-13754-non-000,0,0.9028408527374268
evaluation-13806-tar-000,1,0.921523928642273
evaluation-13806-non-000,0,0.5387229323387146
evaluation-13839-tar-000,1,0.9050470590591431
evaluation-13839-non-000,0,0.8829360008239746
evaluation-13985-tar-000,1,0.5421597361564636
evaluation-13985-non-000,0,0.7986063957214355
evaluation-14001-tar-000,1,0.9834160804748535
evaluation-14001-non-000,0,0.2852381467819214
evaluation-1401-tar-000,1,0.8220821619033813
evaluation-1401-non-000,0,0.641923189163208
evaluation-14075-tar-000,1,0.9285375475883484
evaluation-14075-non-000,0,0.41839611530303955
evaluation-1409-tar-000,1,0.939715564250946
evaluation-1409-non-000,0,0.8749346733093262
evaluation-14106-tar-000,1,0.9954562187194824
evaluation-14106-non-000,0,0.7976157665252686
evaluation-1414-tar-000,1,0.925259530544281
evaluation-1414-non-000,0,0.10062901675701141
evaluation-14259-tar-000,1,0.9216392040252686
evaluation-14259-non-000,0,0.7032796144485474
evaluation-14430-tar-000,1,0.8768101334571838
evaluation-14430-non-000,0,0.46964699029922485
evaluation-14737-tar-000,1,0.5586179494857788
evaluation-14737-non-000,0,0.8673997521400452
evaluation-1475-tar-000,1,0.8911856412887573
evaluation-1475-non-000,0,0.6726359128952026
evaluation-14790-tar-000,1,0.8565474152565002
evaluation-14790-non-000,0,0.07652623951435089
evaluation-1480-tar-000,1,0.39854148030281067
evaluation-1480-non-000,0,0.5312274098396301
evaluation-14869-tar-000,1,0.8896085619926453
evaluation-14869-non-000,0,0.7441635131835938
evaluation-14875-tar-000,1,0.1913822591304779
evaluation-14875-non-000,0,0.28794947266578674
evaluation-14877-tar-000,1,0.9496093988418579
evaluation-14877-non-000,0,0.4881729781627655
evaluation-14888-tar-000,1,0.9618178009986877
evaluation-14888-non-000,0,0.9462103843688965
evaluation-14987-tar-000,1,0.8973075747489929
evaluation-14987-non-000,0,0.72943115234375
evaluation-1507-tar-000,1,0.9765352010726929
evaluation-1507-non-000,0,0.7353562116622925
evaluation-15073-tar-000,1,0.791263222694397
evaluation-15073-non-000,0,0.7199633121490479
evaluation-15133-tar-000,1,0.9944480657577515
evaluation-15133-non-000,0,0.5318824052810669
evaluation-15169-tar-000,1,0.9276306629180908
evaluation-15169-non-000,0,0.6258386969566345
evaluation-15180-tar-000,1,0.9920711517333984
evaluation-15180-non-000,0,0.9570077061653137
evaluation-1522-tar-000,1,0.9954971671104431
evaluation-1522-non-000,0,0.23662759363651276
evaluation-1524-tar-000,1,0.5914561152458191
evaluation-1524-non-000,0,0.955868124961853
evaluation-15243-tar-000,1,0.9733330011367798
evaluation-15243-non-000,0,0.7994763851165771
evaluation-15298-tar-000,1,0.7818807363510132
evaluation-15298-non-000,0,0.8853453993797302
evaluation-1539-tar-000,1,0.4958721995353699
evaluation-1539-non-000,0,0.2313295155763626
evaluation-15462-tar-000,1,0.7352582216262817
evaluation-15462-non-000,0,0.6644593477249146
evaluation-1548-tar-000,1,0.9455694556236267
evaluation-1548-non-000,0,0.7494533061981201
evaluation-15501-tar-000,1,0.9484568238258362
evaluation-15501-non-000,0,0.5670796632766724
evaluation-15515-tar-000,1,0.9572423100471497
evaluation-15515-non-000,0,0.5325648188591003
evaluation-1554-tar-000,1,0.8773587942123413
evaluation-1554-non-000,0,-0.14928418397903442
evaluation-15570-tar-000,1,0.9798094034194946
evaluation-15570-non-000,0,0.2648341953754425
evaluation-15581-tar-000,1,0.7461106181144714
evaluation-15581-non-000,0,0.405225545167923
evaluation-15600-tar-000,1,0.9715957641601562
evaluation-15600-non-000,0,0.6411243677139282
evaluation-15699-tar-000,1,0.890808641910553
evaluation-15699-non-000,0,0.845510721206665
evaluation-15817-tar-000,1,0.890884280204773
evaluation-15817-non-000,0,0.8684619665145874
evaluation-15839-tar-000,1,0.9137395620346069
evaluation-15839-non-000,0,0.8492904901504517
evaluation-15855-tar-000,1,0.9447691440582275
evaluation-15855-non-000,0,0.8990434408187866
evaluation-15866-tar-000,1,0.9929810166358948
evaluation-15866-non-000,0,0.9889498949050903
evaluation-15885-tar-000,1,0.8596547842025757
evaluation-15885-non-000,0,0.7138228416442871
evaluation-15993-tar-000,1,0.8861442804336548
evaluation-15993-non-000,0,0.19253160059452057
evaluation-1603-tar-000,1,0.5698564648628235
evaluation-1603-non-000,0,0.7354874610900879
evaluation-16223-tar-000,1,0.9565786123275757
evaluation-16223-non-000,0,0.8974837064743042
evaluation-1631-tar-000,1,0.9932583570480347
evaluation-1631-non-000,0,-0.2001563012599945
evaluation-1632-tar-000,1,0.9103698134422302
evaluation-1632-non-000,0,0.8985970616340637
evaluation-1633-tar-000,1,0.9785722494125366
evaluation-1633-non-000,0,0.9175726175308228
evaluation-1646-tar-000,1,0.9391889572143555
evaluation-1646-non-000,0,0.374003142118454
evaluation-16473-tar-000,1,0.9405689239501953
evaluation-16473-non-000,0,0.46902555227279663
evaluation-16490-tar-000,1,0.9841506481170654
evaluation-16490-non-000,0,0.9748318195343018
evaluation-1650-tar-000,1,0.8726133704185486
evaluation-1650-non-000,0,0.37003257870674133
evaluation-16520-tar-000,1,0.96849524974823
evaluation-16520-non-000,0,0.14555129408836365
evaluation-16608-tar-000,1,0.9691391587257385
evaluation-16608-non-000,0,0.7791706323623657
evaluation-16635-tar-000,1,0.9326443076133728
evaluation-16635-non-000,0,0.9643062353134155
evaluation-16665-tar-000,1,0.701915979385376
evaluation-16665-non-000,0,0.8824068307876587
evaluation-1681-tar-000,1,0.9649158716201782
evaluation-1681-non-000,0,0.8781976699829102
evaluation-16849-tar-000,1,0.43218082189559937
evaluation-16849-non-000,0,-0.3923830986022949
evaluation-16855-tar-000,1,0.9715594053268433
evaluation-16855-non-000,0,0.45564353466033936
evaluation-16976-tar-000,1,0.8840094804763794
evaluation-16976-non-000,0,0.12196794897317886
evaluation-1707-tar-000,1,0.9613107442855835
evaluation-1707-non-000,0,0.7352127432823181
evaluation-17121-tar-000,1,0.9813475608825684
evaluation-17121-non-000,0,-0.08803398162126541
evaluation-17163-tar-000,1,0.9886599779129028
evaluation-17163-non-000,0,0.6000038385391235
evaluation-17165-tar-000,1,0.8577520847320557
evaluation-17165-non-000,0,0.7032071352005005
evaluation-17182-tar-000,1,0.8578201532363892
evaluation-17182-non-000,0,0.9035656452178955
evaluation-17717-tar-000,1,0.9456582069396973
evaluation-17717-non-000,0,0.9677976369857788
evaluation-1777-tar-000,1,0.8892273306846619
evaluation-1777-non-000,0,0.5127778053283691
evaluation-1778-tar-000,1,0.845273494720459
evaluation-1778-non-000,0,0.9366370439529419
evaluation-1780-tar-000,1,0.6094768047332764
evaluation-1780-non-000,0,0.03507488965988159
evaluation-17805-tar-000,1,0.9323562383651733
evaluation-17805-non-000,0,0.9586955308914185
evaluation-1781-tar-000,1,0.9660874605178833
evaluation-1781-non-000,0,-0.01218269020318985
evaluation-17871-tar-000,1,0.990365743637085
evaluation-17871-non-000,0,-0.3732662796974182
evaluation-1790-tar-000,1,0.890274703502655
evaluation-1790-non-000,0,-0.2907392978668213
evaluation-17918-tar-000,1,0.9971863031387329
evaluation-17918-non-000,0,0.43166741728782654
evaluation-17970-tar-000,1,0.7794078588485718
evaluation-17970-non-000,0,0.7199262976646423
evaluation-1800-tar-000,1,0.9155939817428589
evaluation-1800-non-000,0,-0.4805828332901001
evaluation-18041-tar-000,1,0.9551659822463989
evaluation-18041-non-000,0,0.9196128845214844
evaluation-1812-tar-000,1,0.8535982370376587
evaluation-1812-non-000,0,0.469825804233551
evaluation-18146-tar-000,1,0.8446347713470459
evaluation-18146-non-000,0,0.9212039709091187
evaluation-18176-tar-000,1,0.9437795877456665
evaluation-18176-non-000,0,0.8618766665458679
evaluation-1818-tar-000,1,0.6645500063896179
evaluation-1818-non-000,0,0.4470396935939789
evaluation-18245-tar-000,1,0.9898032546043396
evaluation-18245-non-000,0,0.9206135272979736
evaluation-18286-tar-000,1,0.975992739200592
evaluation-18286-non-000,0,-0.053480636328458786
evaluation-18294-tar-000,1,0.8623844385147095
evaluation-18294-non-000,0,-0.3846338391304016
evaluation-18390-tar-000,1,0.9914277791976929
evaluation-18390-non-000,0,0.8404563665390015
evaluation-18407-tar-000,1,0.790351390838623
evaluation-18407-non-000,0,0.7637310028076172
evaluation-1845-tar-000,1,0.7242471575737
evaluation-1845-non-000,0,0.6401817798614502
evaluation-1847-tar-000,1,0.5311384797096252
evaluation-1847-non-000,0,0.6100120544433594
evaluation-1859-tar-000,1,0.620134174823761
evaluation-1859-non-000,0,0.7083886861801147
evaluation-1868-tar-000,1,0.8773328065872192
evaluation-1868-non-000,0,0.439383327960968
evaluation-18708-tar-000,1,-0.24327903985977173
evaluation-18708-non-000,0,0.4385588765144348
evaluation-18835-tar-000,1,0.9309024214744568
evaluation-18835-non-000,0,0.7088183164596558
evaluation-1896-tar-000,1,0.9825972318649292
evaluation-1896-non-000,0,0.18744555115699768
evaluation-1904-tar-000,1,0.6705867052078247
evaluation-1904-non-000,0,0.7176481485366821
evaluation-19077-tar-000,1,0.2835147976875305
evaluation-19077-non-000,0,0.7455286979675293
evaluation-19288-tar-000,1,0.9169769287109375
evaluation-19288-non-000,0,0.5510514378547668
evaluation-19371-tar-000,1,0.9219470620155334
evaluation-19371-non-000,0,0.9589056968688965
evaluation-19407-tar-000,1,0.9380598068237305
evaluation-19407-non-000,0,0.8406025171279907
evaluation-19549-tar-000,1,0.9861652851104736
evaluation-19549-non-000,0,0.8631291389465332
evaluation-1958-tar-000,1,0.9326597452163696
evaluation-1958-non-000,0,0.22498458623886108
evaluation-1960-tar-000,1,0.9260759353637695
evaluation-1960-non-000,0,0.5280216336250305
evaluation-19659-tar-000,1,0.9848108291625977
evaluation-19659-non-000,0,-0.022416040301322937
evaluation-19714-tar-000,1,0.8964198231697083
evaluation-19714-non-000,0,0.9132706522941589
evaluation-19761-tar-000,1,0.989669919013977
evaluation-19761-non-000,0,0.6768710613250732
evaluation-19819-tar-000,1,0.9725909233093262
evaluation-19819-non-000,0,-0.5957158207893372
evaluation-19865-tar-000,1,0.9104256629943848
evaluation-19865-non-000,0,0.8543110489845276
evaluation-1994-tar-000,1,0.6509390473365784
evaluation-1994-non-000,0,-0.5671256184577942
evaluation-20000-tar-000,1,0.9861997961997986
evaluation-20000-non-000,0,0.939010739326477
evaluation-2020-tar-000,1,0.8459181785583496
evaluation-2020-non-000,0,0.5561059713363647
evaluation-20244-tar-000,1,0.665998101234436
evaluation-20244-non-000,0,0.07719550281763077
evaluation-2037-tar-000,1,0.8303263187408447
evaluation-2037-non-000,0,0.8360944986343384
evaluation-20458-tar-000,1,0.7929170727729797
evaluation-20458-non-000,0,-0.1580992043018341
evaluation-20461-tar-000,1,0.9849002361297607
evaluation-20461-non-000,0,0.6898707747459412
evaluation-2059-tar-000,1,0.5533106327056885
evaluation-2059-non-000,0,0.7076740860939026
evaluation-20667-tar-000,1,0.9282660484313965
evaluation-20667-non-000,0,0.04774807393550873
evaluation-20673-tar-000,1,0.7919095754623413
evaluation-20673-non-000,0,0.9895569086074829
evaluation-2077-tar-000,1,0.971071720123291
evaluation-2077-non-000,0,0.77370685338974
evaluation-20870-tar-000,1,0.9643092751502991
evaluation-20870-non-000,0,0.9120250940322876
evaluation-20881-tar-000,1,0.9804812669754028
evaluation-20881-non-000,0,0.7418386936187744
evaluation-2090-tar-000,1,0.5596795082092285
evaluation-2090-non-000,0,-0.056456271559000015
evaluation-2092-tar-000,1,0.8512090444564819
evaluation-2092-non-000,0,0.6832780838012695
evaluation-2093-tar-000,1,0.8670216798782349
evaluation-2093-non-000,0,0.8027424216270447
evaluation-2094-tar-000,1,0.8678616285324097
evaluation-2094-non-000,0,0.18425247073173523
evaluation-20947-tar-000,1,0.8557926416397095
evaluation-20947-non-000,0,0.8944516181945801
evaluation-21041-tar-000,1,0.6674977540969849
evaluation-21041-non-000,0,0.9077786803245544
evaluation-21082-tar-000,1,0.9960525035858154
evaluation-21082-non-000,0,0.9897421002388
evaluation-21120-tar-000,1,0.8627526760101318
evaluation-21120-non-000,0,0.14215660095214844
evaluation-21181-tar-000,1,0.8137785196304321
evaluation-21181-non-000,0,0.7860103249549866
evaluation-2124-tar-000,1,0.9905513525009155
evaluation-2124-non-000,0,0.7156808376312256
evaluation-21258-tar-000,1,0.8416658639907837
evaluation-21258-non-000,0,0.9428446888923645
evaluation-21280-tar-000,1,0.9419741630554199
evaluation-21280-non-000,0,0.11951391398906708
evaluation-2130-tar-000,1,0.87114417552948
evaluation-2130-non-000,0,0.01342637836933136
evaluation-21403-tar-000,1,0.7658885717391968
evaluation-21403-non-000,0,0.9779576659202576
evaluation-2159-tar-000,1,0.9433256387710571
evaluation-2159-non-000,0,0.781349778175354
evaluation-21629-tar-000,1,0.8040369153022766
evaluation-21629-non-000,0,0.8939245343208313
evaluation-2168-tar-000,1,0.7805726528167725
evaluation-2168-non-000,0,0.7879766821861267
evaluation-2171-tar-000,1,0.1377679705619812
evaluation-2171-non-000,0,0.674677848815918
evaluation-2181-tar-000,1,0.6315594911575317
evaluation-2181-non-000,0,0.3229846954345703
evaluation-2186-tar-000,1,0.8824430108070374
evaluation-2186-non-000,0,0.44057509303092957
evaluation-21928-tar-000,1,0.9897864460945129
evaluation-21928-non-000,0,0.3569185137748718
evaluation-2196-tar-000,1,0.8864339590072632
evaluation-2196-non-000,0,0.5266733169555664
evaluation-21969-tar-000,1,0.8592206239700317
evaluation-21969-non-000,0,0.8765654563903809
evaluation-2199-tar-000,1,0.8762479424476624
evaluation-2199-non-000,0,0.20332485437393188
evaluation-21991-tar-000,1,0.7824959754943848
evaluation-21991-non-000,0,0.30372855067253113
evaluation-2200-tar-000,1,0.4499671459197998
evaluation-2200-non-000,0,0.26107800006866455
evaluation-22062-tar-000,1,0.9716247320175171
evaluation-22062-non-000,0,0.9604542851448059
evaluation-22090-tar-000,1,0.9848865270614624
evaluation-22090-non-000,0,0.6659750938415527
evaluation-22134-tar-000,1,0.9716183543205261
evaluation-22134-non-000,0,0.6434545516967773
evaluation-22142-tar-000,1,0.9859326481819153
evaluation-22142-non-000,0,0.9892565608024597
evaluation-22290-tar-000,1,0.9523069858551025
evaluation-22290-non-000,0,0.8019065856933594
evaluation-2233-tar-000,1,0.7005066275596619
evaluation-2233-non-000,0,0.8969184160232544
evaluation-22345-tar-000,1,0.25955766439437866
evaluation-22345-non-000,0,0.6599123477935791
evaluation-22365-tar-000,1,0.9636570811271667
evaluation-22365-non-000,0,-0.28370770812034607
evaluation-22483-tar-000,1,0.9234195947647095
evaluation-22483-non-000,0,0.5561522245407104
evaluation-22521-tar-000,1,0.9925053119659424
evaluation-22521-non-000,0,-0.1583048552274704
evaluation-22595-tar-000,1,0.9050110578536987
evaluation-22595-non-000,0,0.7813763618469238
evaluation-22738-tar-000,1,0.9854671955108643
evaluation-22738-non-000,0,0.7283397912979126
evaluation-22760-tar-000,1,0.9828687906265259
evaluation-22760-non-000,0,0.5136370658874512
evaluation-2290-tar-000,1,0.908814549446106
evaluation-2290-non-000,0,-0.20358309149742126
evaluation-2291-tar-000,1,0.6994451880455017
evaluation-2291-non-000,0,0.8759576082229614
evaluation-22988-tar-000,1,0.22776277363300323
evaluation-22988-non-000,0,0.437357097864151
evaluation-2305-tar-000,1,0.3521283268928528
evaluation-2305-non-000,0,-0.1613793969154358
evaluation-23051-tar-000,1,0.536035418510437
evaluation-23051-non-000,0,0.6646778583526611
evaluation-23200-tar-000,1,0.5036076903343201
evaluation-23200-non-000,0,0.71247398853302
evaluation-23224-tar-000,1,0.6669763922691345
evaluation-23224-non-000,0,0.2940053939819336
evaluation-23246-tar-000,1,0.9373073577880859
evaluation-23246-non-000,0,0.5983403325080872
evaluation-2327-tar-000,1,0.9256123900413513
evaluation-2327-non-000,0,0.6614161729812622
evaluation-23406-tar-000,1,0.8328924179077148
evaluation-23406-non-000,0,0.7777812480926514
evaluation-23422-tar-000,1,0.9118785858154297
evaluation-23422-non-000,0,0.6820888519287109
evaluation-2346-tar-000,1,0.6400110125541687
evaluation-2346-non-000,0,0.40241944789886475
evaluation-23482-tar-000,1,0.9413683414459229
evaluation-23482-non-000,0,0.16704091429710388
evaluation-2349-tar-000,1,0.8654369115829468
evaluation-2349-non-000,0,0.4113692343235016
evaluation-23510-tar-000,1,0.441089004278183
evaluation-23510-non-000,0,0.5172830820083618
evaluation-23623-tar-000,1,0.9835538268089294
evaluation-23623-non-000,0,0.8705632090568542
evaluation-2363-tar-000,1,0.26534727215766907
evaluation-2363-non-000,0,0.963028073310852
evaluation-23721-tar-000,1,0.9434952735900879
evaluation-23721-non-000,0,0.9207466840744019
evaluation-23743-tar-000,1,0.8492941856384277
evaluation-23743-non-000,0,0.891895592212677
evaluation-23845-tar-000,1,0.7580670714378357
evaluation-23845-non-000,0,0.16221170127391815
evaluation-23878-tar-000,1,0.5005109310150146
evaluation-23878-non-000,0,0.6447862386703491
evaluation-2389-tar-000,1,0.9588274359703064
evaluation-2389-non-000,0,0.45428532361984253
evaluation-23988-tar-000,1,0.7745426893234253
evaluation-23988-non-000,0,0.5786975622177124
evaluation-2400-tar-000,1,0.9355819225311279
evaluation-2400-non-000,0,-0.22967545688152313
evaluation-24035-tar-000,1,0.9485138654708862
evaluation-24035-non-000,0,0.9429073333740234
evaluation-24054-tar-000,1,0.9952099919319153
evaluation-24054-non-000,0,0.43018990755081177
evaluation-24117-tar-000,1,0.9720492959022522
evaluation-24117-non-000,0,0.7021884918212891
evaluation-24158-tar-000,1,0.9665447473526001
evaluation-24158-non-000,0,0.44343405961990356
evaluation-2421-tar-000,1,0.8600740432739258
evaluation-2421-non-000,0,0.3442726731300354
evaluation-24241-tar-000,1,0.9792413711547852
evaluation-24241-non-000,0,-0.12646162509918213
evaluation-2427-tar-000,1,0.9773832559585571
evaluation-2427-non-000,0,0.6091340184211731
evaluation-2451-tar-000,1,0.21927037835121155
evaluation-2451-non-000,0,0.29579564929008484
evaluation-24512-tar-000,1,0.9771424531936646
evaluation-24512-non-000,0,0.7273310422897339
evaluation-24526-tar-000,1,0.8646299839019775
evaluation-24526-non-000,0,-0.11173684149980545
evaluation-24534-tar-000,1,0.8766469955444336
evaluation-24534-non-000,0,0.07861609756946564
evaluation-2454-tar-000,1,0.7265864014625549
evaluation-2454-non-000,0,0.7159477472305298
evaluation-2455-tar-000,1,0.9642390012741089
evaluation-2455-non-000,0,0.5030442476272583
evaluation-24584-tar-000,1,0.5468014478683472
evaluation-24584-non-000,0,0.03444618359208107
evaluation-24620-tar-000,1,0.6324429512023926
evaluation-24620-non-000,0,0.04290810227394104
evaluation-2467-tar-000,1,0.8091607093811035
evaluation-2467-non-000,0,0.6649442315101624
evaluation-24688-tar-000,1,0.7980247139930725
evaluation-24688-non-000,0,0.5234792232513428
evaluation-24699-tar-000,1,0.7308993339538574
evaluation-24699-non-000,0,0.9360909461975098
evaluation-2473-tar-000,1,0.8752889633178711
evaluation-2473-non-000,0,-0.32703104615211487
evaluation-2481-tar-000,1,0.8703793287277222
evaluation-2481-non-000,0,0.8478361964225769
evaluation-2487-tar-000,1,0.657030463218689
evaluation-2487-non-000,0,0.69866544008255
evaluation-24872-tar-000,1,0.6236003637313843
evaluation-24872-non-000,0,0.6532222628593445
evaluation-24875-tar-000,1,0.8507400155067444
evaluation-24875-non-000,0,0.7870461940765381
evaluation-24916-tar-000,1,0.9246618747711182
evaluation-24916-non-000,0,0.7816410064697266
evaluation-25070-tar-000,1,0.90886390209198
evaluation-25070-non-000,0,0.01148117147386074
evaluation-2509-tar-000,1,0.6269431114196777
evaluation-2509-non-000,0,0.7464985251426697
evaluation-2515-tar-000,1,0.888677716255188
evaluation-2515-non-000,0,0.34036749601364136
evaluation-25185-tar-000,1,0.745191752910614
evaluation-25185-non-000,0,0.675782322883606
evaluation-25284-tar-000,1,0.9582654237747192
evaluation-25284-non-000,0,0.8725641965866089
evaluation-25295-tar-000,1,0.8812283277511597
evaluation-25295-non-000,0,0.5916560292243958
evaluation-25323-tar-000,1,0.8150986433029175
evaluation-25323-non-000,0,0.6910266280174255
evaluation-2544-tar-000,1,0.9546691179275513
evaluation-2544-non-000,0,0.7388671636581421
evaluation-25485-tar-000,1,0.8757586479187012
evaluation-25485-non-000,0,0.3712584972381592
evaluation-25586-tar-000,1,0.9730952382087708
evaluation-25586-non-000,0,0.8135321736335754
evaluation-25619-tar-000,1,0.49181175231933594
evaluation-25619-non-000,0,0.7456691265106201
evaluation-2565-tar-000,1,0.8941816687583923
evaluation-2565-non-000,0,0.9661697745323181
evaluation-25748-tar-000,1,0.8844637274742126
evaluation-25748-non-000,0,0.3122706711292267
evaluation-25960-tar-000,1,0.9915592670440674
evaluation-25960-non-000,0,0.7443646788597107
evaluation-2602-tar-000,1,0.9635443687438965
evaluation-2602-non-000,0,0.9938092231750488
evaluation-2610-tar-000,1,0.658564031124115
evaluation-2610-non-000,0,0.9181551933288574
evaluation-26125-tar-000,1,0.7938068509101868
evaluation-26125-non-000,0,-0.4382728636264801
evaluation-26138-tar-000,1,0.8490060567855835
evaluation-26138-non-000,0,0.9878740906715393
evaluation-26158-tar-000,1,0.9588785171508789
evaluation-26158-non-000,0,0.7234815359115601
evaluation-2618-tar-000,1,0.8855688571929932
evaluation-2618-non-000,0,-0.23387311398983002
evaluation-26221-tar-000,1,0.8707420825958252
evaluation-26221-non-000,0,-0.026578731834888458
evaluation-26287-tar-000,1,0.9854224920272827
evaluation-26287-non-000,0,0.8283532857894897
evaluation-26435-tar-000,1,0.9333981275558472
evaluation-26435-non-000,0,0.6772152781486511
evaluation-26443-tar-000,1,0.1298629641532898
evaluation-26443-non-000,0,0.5513345003128052
evaluation-26454-tar-000,1,0.8909193873405457
evaluation-26454-non-000,0,0.6979848146438599
evaluation-26473-tar-000,1,0.6651926040649414
evaluation-26473-non-000,0,0.2404678761959076
evaluation-26501-tar-000,1,0.9175968170166016
evaluation-26501-non-000,0,0.8568087220191956
evaluation-26545-tar-000,1,0.8233944773674011
evaluation-26545-non-000,0,0.6135120987892151
evaluation-26666-tar-000,1,0.9544795155525208
evaluation-26666-non-000,0,0.5362648963928223
evaluation-26679-tar-000,1,0.9836902618408203
evaluation-26679-non-000,0,0.9811604022979736
evaluation-2674-tar-000,1,-0.017686042934656143
evaluation-2674-non-000,0,0.8901844024658203
evaluation-2689-tar-000,1,0.8475910425186157
evaluation-2689-non-000,0,0.7277237176895142
evaluation-26894-tar-000,1,0.9242331981658936
evaluation-26894-non-000,0,0.9227454662322998
evaluation-2699-tar-000,1,0.9788987636566162
evaluation-2699-non-000,0,0.1787821352481842
evaluation-2707-tar-000,1,0.9233158826828003
evaluation-2707-non-000,0,0.9222495555877686
evaluation-27124-tar-000,1,0.7492866516113281
evaluation-27124-non-000,0,0.25198155641555786
evaluation-27135-tar-000,1,0.9056385159492493
evaluation-27135-non-000,0,0.962121844291687
evaluation-2714-tar-000,1,0.9837659597396851
evaluation-2714-non-000,0,0.7828428745269775
evaluation-27199-tar-000,1,0.910368800163269
evaluation-27199-non-000,0,0.8186850547790527
evaluation-2739-tar-000,1,0.9863313436508179
evaluation-2739-non-000,0,0.25101569294929504
evaluation-2752-tar-000,1,0.9816820025444031
evaluation-2752-non-000,0,0.9293269515037537
evaluation-2762-tar-000,1,0.9603772163391113
evaluation-2762-non-000,0,0.8204208016395569
evaluation-2775-tar-000,1,0.9315893650054932
evaluation-2775-non-000,0,0.9300515055656433
evaluation-27811-tar-000,1,0.983275830745697
evaluation-27811-non-000,0,0.8783100247383118
evaluation-27932-tar-000,1,0.7089139819145203
evaluation-27932-non-000,0,0.8191908597946167
evaluation-27943-tar-000,1,0.5274717807769775
evaluation-27943-non-000,0,0.8222496509552002
evaluation-27979-tar-000,1,0.9565896987915039
evaluation-27979-non-000,0,0.463246613740921
evaluation-28017-tar-000,1,0.7026032209396362
evaluation-28017-non-000,0,0.6927070617675781
evaluation-28028-tar-000,1,0.7173939943313599
evaluation-28028-non-000,0,0.8867971301078796
evaluation-28053-tar-000,1,0.9781445860862732
evaluation-28053-non-000,0,0.5500136017799377
evaluation-2806-tar-000,1,0.4583341181278229
evaluation-2806-non-000,0,0.5477545857429504
evaluation-28086-tar-000,1,0.5941920876502991
evaluation-28086-non-000,0,0.9258451461791992
evaluation-28105-tar-000,1,0.4378430247306824
evaluation-28105-non-000,0,0.5244220495223999
evaluation-28152-tar-000,1,0.7022092342376709
evaluation-28152-non-000,0,0.18746063113212585
evaluation-28182-tar-000,1,0.8857790231704712
evaluation-28182-non-000,0,0.8938769698143005
evaluation-28248-tar-000,1,0.2786783277988434
evaluation-28248-non-000,0,0.9605832695960999
evaluation-2831-tar-000,1,0.8127142786979675
evaluation-2831-non-000,0,0.9258555769920349
evaluation-28338-tar-000,1,0.8502179980278015
evaluation-28338-non-000,0,0.679916501045227
evaluation-28679-tar-000,1,0.8990557193756104
evaluation-28679-non-000,0,0.1759953647851944
evaluation-28682-tar-000,1,0.981234073638916
evaluation-28682-non-000,0,0.6409928202629089
evaluation-28750-tar-000,1,0.8081490397453308
evaluation-28750-non-000,0,0.025163013488054276
evaluation-28781-tar-000,1,0.7921208143234253
evaluation-28781-non-000,0,0.9147999286651611
evaluation-28822-tar-000,1,0.6622360944747925
evaluation-28822-non-000,0,0.0005069058388471603
evaluation-2892-tar-000,1,0.21728932857513428
evaluation-2892-non-000,0,0.867179811000824
evaluation-2901-tar-000,1,0.903127908706665
evaluation-2901-non-000,0,0.9203683137893677
evaluation-2908-tar-000,1,0.23430390655994415
evaluation-2908-non-000,0,-0.32287514209747314
evaluation-29102-tar-000,1,0.9757636785507202
evaluation-29102-non-000,0,0.5316468477249146
evaluation-29105-tar-000,1,0.792061984539032
evaluation-29105-non-000,0,0.6355539560317993
evaluation-29237-tar-000,1,0.9984164237976074
evaluation-29237-non-000,0,0.34237247705459595
evaluation-29278-tar-000,1,0.988143265247345
evaluation-29278-non-000,0,0.37653470039367676
evaluation-29434-tar-000,1,0.17907628417015076
evaluation-29434-non-000,0,-0.3268861770629883
evaluation-2950-tar-000,1,0.8888024091720581
evaluation-2950-non-000,0,0.7744377255439758
evaluation-29500-tar-000,1,0.7775576710700989
evaluation-29500-non-000,0,0.4445878565311432
evaluation-2957-tar-000,1,0.9478826522827148
evaluation-2957-non-000,0,0.7865608334541321
evaluation-29668-tar-000,1,0.9726135730743408
evaluation-29668-non-000,0,0.67449951171875
evaluation-29778-tar-000,1,0.9180939197540283
evaluation-29778-non-000,0,0.2775574326515198
evaluation-2984-tar-000,1,0.9438774585723877
evaluation-2984-non-000,0,0.9664707779884338
evaluation-2990-tar-000,1,0.790977954864502
evaluation-2990-non-000,0,0.3466346263885498
evaluation-29904-tar-000,1,0.1540740579366684
evaluation-29904-non-000,0,0.65376877784729
evaluation-30085-tar-000,1,0.948675274848938
evaluation-30085-non-000,0,0.9631484746932983
evaluation-3015-tar-000,1,0.291046679019928
evaluation-3015-non-000,0,-0.059422291815280914
evaluation-3023-tar-000,1,0.8263226747512817
evaluation-3023-non-000,0,0.22582972049713135
evaluation-30261-tar-000,1,0.741714358329773
evaluation-30261-non-000,0,0.9768693447113037
evaluation-30302-tar-000,1,0.4414745569229126
evaluation-30302-non-000,0,0.33060237765312195
evaluation-30316-tar-000,1,0.5429964065551758
evaluation-30316-non-000,0,0.32758042216300964
evaluation-30610-tar-000,1,0.9500842094421387
evaluation-30610-non-000,0,0.7220127582550049
evaluation-3062-tar-000,1,0.5315159559249878
evaluation-3062-non-000,0,0.9159926176071167
evaluation-30621-tar-000,1,0.7704595923423767
evaluation-30621-non-000,0,0.8289613127708435
evaluation-30659-tar-000,1,0.9089092016220093
evaluation-30659-non-000,0,0.6930969953536987
evaluation-30824-tar-000,1,0.7490909099578857
evaluation-30824-non-000,0,-0.15138795971870422
evaluation-30923-tar-000,1,0.8968418836593628
evaluation-30923-non-000,0,0.6258023977279663
evaluation-30967-tar-000,1,0.5765551924705505
evaluation-30967-non-000,0,-0.012827321887016296
evaluation-31008-tar-000,1,0.9987869262695312
evaluation-31008-non-000,0,0.822199821472168
evaluation-3124-tar-000,1,0.9309467673301697
evaluation-3124-non-000,0,0.7547785043716431
evaluation-31280-tar-000,1,0.974775493144989
evaluation-31280-non-000,0,0.45333391427993774
evaluation-31294-tar-000,1,0.4013907015323639
evaluation-31294-non-000,0,0.8690147399902344
evaluation-31307-tar-000,1,0.7305781841278076
evaluation-31307-non-000,0,0.696664571762085
evaluation-31346-tar-000,1,-0.13395905494689941
evaluation-31346-non-000,0,0.4798944294452667
evaluation-31360-tar-000,1,0.9305918216705322
evaluation-31360-non-000,0,0.7690736055374146
evaluation-31384-tar-000,1,0.9448152780532837
evaluation-31384-non-000,0,0.7731072306632996
evaluation-3139-tar-000,1,0.9309948682785034
evaluation-3139-non-000,0,0.5145895481109619
evaluation-31390-tar-000,1,0.9856855869293213
evaluation-31390-non-000,0,0.9638806581497192
evaluation-3145-tar-000,1,0.9407738447189331
evaluation-3145-non-000,0,0.912868082523346
evaluation-31464-tar-000,1,0.8076597452163696
evaluation-31464-non-000,0,0.3989299535751343
evaluation-3161-tar-000,1,0.5807459354400635
evaluation-3161-non-000,0,-0.06257017701864243
evaluation-31665-tar-000,1,0.9936823844909668
evaluation-31665-non-000,0,0.5645734667778015
evaluation-3167-tar-000,1,0.660456120967865
evaluation-3167-non-000,0,0.8034354448318481
evaluation-31838-tar-000,1,0.8134843111038208
evaluation-31838-non-000,0,0.8602758646011353
evaluation-31947-tar-000,1,0.9895602464675903
evaluation-31947-non-000,0,0.49949514865875244
evaluation-31950-tar-000,1,0.9705618023872375
evaluation-31950-non-000,0,0.9159166216850281
evaluation-31964-tar-000,1,0.9876348376274109
evaluation-31964-non-000,0,0.06963369250297546
evaluation-31986-tar-000,1,0.8378868103027344
evaluation-31986-non-000,0,-0.4152417778968811
evaluation-32005-tar-000,1,0.8271417021751404
evaluation-32005-non-000,0,0.7378790378570557
evaluation-32046-tar-000,1,0.9163521528244019
evaluation-32046-non-000,0,0.7128583192825317
evaluation-32057-tar-000,1,0.47598522901535034
evaluation-32057-non-000,0,0.5713921785354614
evaluation-3215-tar-000,1,0.9766111373901367
evaluation-3215-non-000,0,0.7505583167076111
evaluation-32285-tar-000,1,0.9064241647720337
evaluation-32285-non-000,0,0.14998701214790344
evaluation-32368-tar-000,1,0.9701690673828125
evaluation-32368-non-000,0,0.36468225717544556
evaluation-32521-tar-000,1,0.9757837057113647
evaluation-32521-non-000,0,0.41726747155189514
evaluation-32620-tar-000,1,0.8514630794525146
evaluation-32620-non-000,0,0.6302748322486877
evaluation-32730-tar-000,1,0.47146832942962646
evaluation-32730-non-000,0,0.9131448268890381
evaluation-32785-tar-000,1,0.9087836146354675
evaluation-32785-non-000,0,0.7823020219802856
evaluation-32810-tar-000,1,0.9725173115730286
evaluation-32810-non-000,0,0.9797588586807251
evaluation-3292-tar-000,1,-0.04318879544734955
evaluation-3292-non-000,0,0.13279573619365692
evaluation-3301-tar-000,1,0.8105412721633911
evaluation-3301-non-000,0,0.4042319059371948
evaluation-33060-tar-000,1,0.8620449304580688
evaluation-33060-non-000,0,0.6779999732971191
evaluation-33096-tar-000,1,0.9079481363296509
evaluation-33096-non-000,0,-0.32844871282577515
evaluation-33120-tar-000,1,0.9959242343902588
evaluation-33120-non-000,0,0.7872379422187805
evaluation-3314-tar-000,1,0.9545400142669678
evaluation-3314-non-000,0,0.8821825981140137
evaluation-33255-tar-000,1,0.9500070810317993
evaluation-33255-non-000,0,-0.26565858721733093
evaluation-33258-tar-000,1,0.961844801902771
evaluation-33258-non-000,0,0.8264260292053223
evaluation-33274-tar-000,1,0.9511842131614685
evaluation-33274-non-000,0,0.6112740635871887
evaluation-33598-tar-000,1,0.8078127503395081
evaluation-33598-non-000,0,0.3423042893409729
evaluation-3361-tar-000,1,0.4095368981361389
evaluation-3361-non-000,0,0.4568786919116974
evaluation-33623-tar-000,1,0.6475111246109009
evaluation-33623-non-000,0,0.34085923433303833
evaluation-3365-tar-000,1,0.7648523449897766
evaluation-3365-non-000,0,0.8411128520965576
evaluation-3369-tar-000,1,0.7763421535491943
evaluation-3369-non-000,0,0.806739091873169
evaluation-33711-tar-000,1,0.9809388518333435
evaluation-33711-non-000,0,0.5924887657165527
evaluation-33790-tar-000,1,0.9821124076843262
evaluation-33790-non-000,0,0.9115031361579895
evaluation-3395-tar-000,1,0.9141011238098145
evaluation-3395-non-000,0,0.8456169366836548
evaluation-3407-tar-000,1,0.9222897291183472
evaluation-3407-non-000,0,0.7040305733680725
evaluation-3409-tar-000,1,0.8847614526748657
evaluation-3409-non-000,0,0.45824170112609863
evaluation-34158-tar-000,1,0.5039207935333252
evaluation-34158-non-000,0,0.9302716851234436
evaluation-3417-tar-000,1,0.3819660544395447
evaluation-3417-non-000,0,0.6393520832061768
evaluation-3425-tar-000,1,0.9557304978370667
evaluation-3425-non-000,0,0.8503541946411133
evaluation-34257-tar-000,1,0.8046215176582336
evaluation-34257-non-000,0,0.6261763572692871
evaluation-3427-tar-000,1,0.8100804090499878
evaluation-3427-non-000,0,0.27398425340652466
evaluation-34458-tar-000,1,0.22856342792510986
evaluation-34458-non-000,0,0.6510006785392761
evaluation-34485-tar-000,1,0.9775173664093018
evaluation-34485-non-000,0,0.8491724729537964
evaluation-34631-tar-000,1,0.9297466278076172
evaluation-34631-non-000,0,0.32247206568717957
evaluation-34647-tar-000,1,0.7765772938728333
evaluation-34647-non-000,0,0.6133893132209778
evaluation-3471-tar-000,1,0.39447104930877686
evaluation-3471-non-000,0,0.7140563130378723
evaluation-34719-tar-000,1,0.7083747982978821
evaluation-34719-non-000,0,0.5818508863449097
evaluation-3473-tar-000,1,0.9573728442192078
evaluation-3473-non-000,0,0.9659319519996643
evaluation-34738-tar-000,1,0.8615998029708862
evaluation-34738-non-000,0,0.5978090763092041
evaluation-34771-tar-000,1,0.8102506995201111
evaluation-34771-non-000,0,0.23920339345932007
evaluation-3479-tar-000,1,0.3621920347213745
evaluation-3479-non-000,0,0.6721804141998291
evaluation-34807-tar-000,1,0.85764080286026
evaluation-34807-non-000,0,0.7809871435165405
evaluation-3482-tar-000,1,0.9547057747840881
evaluation-3482-non-000,0,0.7628059387207031
evaluation-34859-tar-000,1,0.8362346291542053
evaluation-34859-non-000,0,0.6138314008712769
evaluation-3497-tar-000,1,0.9619177579879761
evaluation-3497-non-000,0,0.770674467086792
evaluation-34996-tar-000,1,0.7304677963256836
evaluation-34996-non-000,0,0.6353363394737244
evaluation-35043-tar-000,1,0.9606122374534607
evaluation-35043-non-000,0,0.8535869717597961
evaluation-3507-tar-000,1,0.9640375971794128
evaluation-3507-non-000,0,0.021961987018585205
evaluation-35101-tar-000,1,0.923978328704834
evaluation-35101-non-000,0,0.9661098122596741
evaluation-3518-tar-000,1,0.6764743328094482
evaluation-3518-non-000,0,0.45839551091194153
evaluation-3522-tar-000,1,0.20121650397777557
evaluation-3522-non-000,0,0.6561283469200134
evaluation-35293-tar-000,1,0.9132565259933472
evaluation-35293-non-000,0,0.3280281722545624
evaluation-35359-tar-000,1,0.9592825174331665
evaluation-35359-non-000,0,0.6196334362030029
evaluation-3540-tar-000,1,0.39305540919303894
evaluation-3540-non-000,0,-0.6987291574478149
evaluation-35416-tar-000,1,0.7685631513595581
evaluation-35416-non-000,0,0.5420466065406799
evaluation-35449-tar-000,1,0.9981784820556641
evaluation-35449-non-000,0,0.8640464544296265
evaluation-35510-tar-000,1,0.5864683985710144
evaluation-35510-non-000,0,0.8573570847511292
evaluation-35562-tar-000,1,0.9711514711380005
evaluation-35562-non-000,0,0.3546736240386963
evaluation-35587-tar-000,1,0.8406616449356079
evaluation-35587-non-000,0,0.9379615187644958
evaluation-3564-tar-000,1,0.996651291847229
evaluation-3564-non-000,0,0.40783798694610596
evaluation-35683-tar-000,1,0.6798404455184937
evaluation-35683-non-000,0,0.9289219379425049
evaluation-35699-tar-000,1,0.16354787349700928
evaluation-35699-non-000,0,0.2787802815437317
evaluation-3571-tar-000,1,0.6247999668121338
evaluation-3571-non-000,0,0.6563620567321777
evaluation-3572-tar-000,1,0.946185290813446
evaluation-3572-non-000,0,0.3853406310081482
evaluation-35793-tar-000,1,0.3821290135383606
evaluation-35793-non-000,0,0.7128815650939941
evaluation-35823-tar-000,1,0.8235385417938232
evaluation-35823-non-000,0,0.9873566627502441
evaluation-35872-tar-000,1,0.9310421943664551
evaluation-35872-non-000,0,0.9634743928909302
evaluation-3597-tar-000,1,0.9243712425231934
evaluation-3597-non-000,0,0.027582788839936256
evaluation-35996-tar-000,1,0.8885818719863892
evaluation-35996-non-000,0,0.4957314729690552
evaluation-36004-tar-000,1,0.9663835763931274
evaluation-36004-non-000,0,0.924721360206604
evaluation-36051-tar-000,1,0.795365571975708
evaluation-36051-non-000,0,0.92289799451828
evaluation-3619-tar-000,1,0.9777668714523315
evaluation-3619-non-000,0,0.9076528549194336
evaluation-36196-tar-000,1,0.4949927031993866
evaluation-36196-non-000,0,0.8964642882347107
evaluation-36298-tar-000,1,0.9010517597198486
evaluation-36298-non-000,0,0.9729548096656799
evaluation-36323-tar-000,1,0.9723080992698669
evaluation-36323-non-000,0,0.8423222899436951
evaluation-36386-tar-000,1,0.9948288202285767
evaluation-36386-non-000,0,-0.6035109758377075
evaluation-36395-tar-000,1,0.965096652507782
evaluation-36395-non-000,0,0.2934003472328186
evaluation-36460-tar-000,1,0.9494098424911499
evaluation-36460-non-000,0,0.6001787781715393
evaluation-36499-tar-000,1,0.994831919670105
evaluation-36499-non-000,0,0.4856162369251251
evaluation-3656-tar-000,1,0.9508273601531982
evaluation-3656-non-000,0,0.3203498125076294
evaluation-36611-tar-000,1,0.7713587284088135
evaluation-36611-non-000,0,0.9357300400733948
evaluation-36619-tar-000,1,0.7733416557312012
evaluation-36619-non-000,0,0.8873388767242432
evaluation-36625-tar-000,1,0.9219141006469727
evaluation-36625-non-000,0,0.9090869426727295
evaluation-36633-tar-000,1,0.8962918519973755
evaluation-36633-non-000,0,0.9144253134727478
evaluation-36685-tar-000,1,0.9558369517326355
evaluation-36685-non-000,0,0.7464383840560913
evaluation-3669-tar-000,1,0.9608666896820068
evaluation-3669-non-000,0,0.873328685760498
evaluation-36853-tar-000,1,0.9782020449638367
evaluation-36853-non-000,0,0.9503760933876038
evaluation-3693-tar-000,1,0.9287290573120117
evaluation-3693-non-000,0,0.9736371040344238
evaluation-3720-tar-000,1,0.9645962715148926
evaluation-3720-non-000,0,0.9486786127090454
evaluation-37259-tar-000,1,0.9611237645149231
evaluation-37259-non-000,0,0.4266369342803955
evaluation-37301-tar-000,1,0.6415525674819946
evaluation-37301-non-000,0,0.6923685073852539
evaluation-37328-tar-000,1,0.9339744448661804
evaluation-37328-non-000,0,0.6271592974662781
evaluation-37625-tar-000,1,0.7316336631774902
evaluation-37625-non-000,0,0.8878594040870667
evaluation-37658-tar-000,1,0.5990124940872192
evaluation-37658-non-000,0,0.7650774717330933
evaluation-3767-tar-000,1,0.20237372815608978
evaluation-3767-non-000,0,0.752861738204956
evaluation-37696-tar-000,1,0.9160053730010986
evaluation-37696-non-000,0,0.6900860071182251
evaluation-3770-tar-000,1,0.9886120557785034
evaluation-3770-non-000,0,0.8766392469406128
evaluation-37740-tar-000,1,0.7952902317047119
evaluation-37740-non-000,0,0.8918615579605103
evaluation-3778-tar-000,1,0.3580471873283386
evaluation-3778-non-000,0,0.6206611394882202
evaluation-37844-tar-000,1,0.9797215461730957
evaluation-37844-non-000,0,0.8109056949615479
evaluation-37921-tar-000,1,0.9310154318809509
evaluation-37921-non-000,0,0.5861514806747437
evaluation-37932-tar-000,1,0.9904615879058838
evaluation-37932-non-000,0,0.8374390602111816
evaluation-37946-tar-000,1,0.9905014038085938
evaluation-37946-non-000,0,0.7747448086738586
evaluation-37965-tar-000,1,0.9496986865997314
evaluation-37965-non-000,0,-0.31970447301864624
evaluation-37971-tar-000,1,0.9830389618873596
evaluation-37971-non-000,0,0.9131208062171936
evaluation-3805-tar-000,1,0.9131364822387695
evaluation-3805-non-000,0,0.8471857309341431
evaluation-38056-tar-000,1,0.9852843880653381
evaluation-38056-non-000,0,0.8943207263946533
evaluation-38083-tar-000,1,0.6170934438705444
evaluation-38083-non-000,0,-0.05617552995681763
evaluation-3813-tar-000,1,0.8528805375099182
evaluation-3813-non-000,0,0.36706870794296265
evaluation-38157-tar-000,1,0.9817403554916382
evaluation-38157-non-000,0,-0.38327327370643616
evaluation-38166-tar-000,1,0.9768761396408081
evaluation-38166-non-000,0,0.010548146441578865
evaluation-38196-tar-000,1,0.8386785984039307
evaluation-38196-non-000,0,0.7037352323532104
evaluation-3827-tar-000,1,-0.2666306495666504
evaluation-3827-non-000,0,-0.267031192779541
evaluation-38388-tar-000,1,0.9955596923828125
evaluation-38388-non-000,0,0.8579073548316956
evaluation-3839-tar-000,1,0.9958082437515259
evaluation-3839-non-000,0,0.9833191633224487
evaluation-3840-tar-000,1,0.7336952686309814
evaluation-3840-non-000,0,0.8058861494064331
evaluation-38657-tar-000,1,0.8937085866928101
evaluation-38657-non-000,0,0.836862325668335
evaluation-38792-tar-000,1,0.3861444592475891
evaluation-38792-non-000,0,0.8042265176773071
evaluation-3888-tar-000,1,0.2850337028503418
evaluation-3888-non-000,0,0.5217787027359009
evaluation-3892-tar-000,1,0.8811862468719482
evaluation-3892-non-000,0,0.08137114346027374
evaluation-3901-tar-000,1,0.7384147047996521
evaluation-3901-non-000,0,0.4371207058429718
evaluation-39025-tar-000,1,0.993219792842865
evaluation-39025-non-000,0,0.896141767501831
evaluation-39031-tar-000,1,0.9842440485954285
evaluation-39031-non-000,0,0.7224189043045044
evaluation-3911-tar-000,1,0.9884701371192932
evaluation-3911-non-000,0,0.604824423789978
evaluation-39163-tar-000,1,0.9729220867156982
evaluation-39163-non-000,0,0.9376799464225769
evaluation-39201-tar-000,1,0.9699971079826355
evaluation-39201-non-000,0,0.8435678482055664
evaluation-3921-tar-000,1,0.9322766065597534
evaluation-3921-non-000,0,0.9178990125656128
evaluation-3926-tar-000,1,0.5381921529769897
evaluation-3926-non-000,0,0.8684182167053223
evaluation-3928-tar-000,1,0.5450481176376343
evaluation-3928-non-000,0,0.21509864926338196
evaluation-3931-tar-000,1,0.7016624212265015
evaluation-3931-non-000,0,0.2996675968170166
evaluation-3939-tar-000,1,0.9796870946884155
evaluation-3939-non-000,0,0.7566735744476318
evaluation-39421-tar-000,1,0.963650643825531
evaluation-39421-non-000,0,0.9791593551635742
evaluation-3954-tar-000,1,0.7678091526031494
evaluation-3954-non-000,0,0.7772514224052429
evaluation-39720-tar-000,1,0.9574799537658691
evaluation-39720-non-000,0,0.6099008321762085
evaluation-39756-tar-000,1,0.8801596760749817
evaluation-39756-non-000,0,0.8858656883239746
evaluation-39877-tar-000,1,0.9496942758560181
evaluation-39877-non-000,0,0.8077788352966309
evaluation-3989-tar-000,1,0.6965233683586121
evaluation-3989-non-000,0,0.6090788841247559
evaluation-40025-tar-000,1,0.8881950378417969
evaluation-40025-non-000,0,0.6265690922737122
evaluation-4004-tar-000,1,0.8047864437103271
evaluation-4004-non-000,0,0.8441137075424194
evaluation-40064-tar-000,1,0.9928631782531738
evaluation-40064-non-000,0,0.356954425573349
evaluation-40075-tar-000,1,0.9331026077270508
evaluation-40075-non-000,0,0.283359169960022
evaluation-4013-tar-000,1,0.6572765111923218
evaluation-4013-non-000,0,0.8361803293228149
evaluation-40173-tar-000,1,0.9888073205947876
evaluation-40173-non-000,0,-0.5409746766090393
evaluation-40311-tar-000,1,0.9427279233932495
evaluation-40311-non-000,0,0.6908133029937744
evaluation-4044-tar-000,1,0.7761157751083374
evaluation-4044-non-000,0,0.8309839367866516
evaluation-40525-tar-000,1,0.9626094102859497
evaluation-40525-non-000,0,0.9317917823791504
evaluation-40577-tar-000,1,0.8134801387786865
evaluation-40577-non-000,0,0.8615884780883789
evaluation-40588-tar-000,1,0.9774668216705322
evaluation-40588-non-000,0,0.7961148023605347
evaluation-40676-tar-000,1,0.9320483207702637
evaluation-40676-non-000,0,0.28509750962257385
evaluation-4068-tar-000,1,0.6146652698516846
evaluation-4068-non-000,0,0.44611746072769165
evaluation-4077-tar-000,1,0.7824317216873169
evaluation-4077-non-000,0,0.31089574098587036
evaluation-40772-tar-000,1,0.4731667935848236
evaluation-40772-non-000,0,0.6092000603675842
evaluation-40929-tar-000,1,0.9428744912147522
evaluation-40929-non-000,0,0.5820062756538391
evaluation-41000-tar-000,1,0.950449526309967
evaluation-41000-non-000,0,0.719367504119873
evaluation-41025-tar-000,1,0.759758472442627
evaluation-41025-non-000,0,0.11895240098237991
evaluation-4123-tar-000,1,0.9746139049530029
evaluation-4123-non-000,0,0.8453347682952881
evaluation-41278-tar-000,1,0.8870440721511841
evaluation-41278-non-000,0,0.5899924635887146
evaluation-4134-tar-000,1,0.8235383629798889
evaluation-4134-non-000,0,0.800631046295166
evaluation-41357-tar-000,1,0.9921667575836182
evaluation-41357-non-000,0,0.5409396886825562
evaluation-41390-tar-000,1,0.8027087450027466
evaluation-41390-non-000,0,0.7067830562591553
evaluation-41404-tar-000,1,0.9329161643981934
evaluation-41404-non-000,0,0.7229228019714355
evaluation-41492-tar-000,1,0.7209726572036743
evaluation-41492-non-000,0,-0.4820878803730011
evaluation-41536-tar-000,1,0.7758643627166748
evaluation-41536-non-000,0,0.596888542175293
evaluation-41706-tar-000,1,0.6734803318977356
evaluation-41706-non-000,0,0.9205891489982605
evaluation-41750-tar-000,1,0.9745738506317139
evaluation-41750-non-000,0,0.35965126752853394
evaluation-41755-tar-000,1,0.9772861003875732
evaluation-41755-non-000,0,0.3858470320701599
evaluation-41854-tar-000,1,0.992224931716919
evaluation-41854-non-000,0,0.7374631762504578
evaluation-41945-tar-000,1,0.9511151313781738
evaluation-41945-non-000,0,0.2294418215751648
evaluation-41994-tar-000,1,0.9300990104675293
evaluation-41994-non-000,0,0.920362651348114
evaluation-4202-tar-000,1,0.8859831094741821
evaluation-4202-non-000,0,-0.2437548190355301
evaluation-42025-tar-000,1,0.985727071762085
evaluation-42025-non-000,0,0.5334370136260986
evaluation-4204-tar-000,1,0.748306155204773
evaluation-4204-non-000,0,-0.20786073803901672
evaluation-42173-tar-000,1,0.6033987998962402
evaluation-42173-non-000,0,0.43306732177734375
evaluation-42176-tar-000,1,0.9688742160797119
evaluation-42176-non-000,0,0.988639235496521
evaluation-42209-tar-000,1,0.6486823558807373
evaluation-42209-non-000,0,0.585064172744751
evaluation-42250-tar-000,1,0.9171876907348633
evaluation-42250-non-000,0,0.8320344686508179
evaluation-4240-tar-000,1,0.7546883821487427
evaluation-4240-non-000,0,0.6976029872894287
evaluation-42401-tar-000,1,0.842313289642334
evaluation-42401-non-000,0,0.8693803548812866
evaluation-4246-tar-000,1,0.6484296917915344
evaluation-4246-non-000,0,0.957489550113678
evaluation-42505-tar-000,1,0.8341461420059204
evaluation-42505-non-000,0,0.45066553354263306
evaluation-4251-tar-000,1,0.9790838956832886
evaluation-4251-non-000,0,0.14327912032604218
evaluation-42546-tar-000,1,0.8131901025772095
evaluation-42546-non-000,0,0.4502233862876892
evaluation-42648-tar-000,1,0.9952303767204285
evaluation-42648-non-000,0,0.8849899768829346
evaluation-42681-tar-000,1,0.7163615226745605
evaluation-42681-non-000,0,0.2412867546081543
evaluation-42717-tar-000,1,0.9954724311828613
evaluation-42717-non-000,0,-0.43949204683303833
evaluation-42728-tar-000,1,0.9753571152687073
evaluation-42728-non-000,0,0.9117772579193115
evaluation-42744-tar-000,1,0.7675192356109619
evaluation-42744-non-000,0,0.769635796546936
evaluation-42772-tar-000,1,0.9708081483840942
evaluation-42772-non-000,0,0.8329638838768005
evaluation-4288-tar-000,1,0.5772696733474731
evaluation-4288-non-000,0,0.05599670112133026
evaluation-42904-tar-000,1,0.9924449920654297
evaluation-42904-non-000,0,0.9520871639251709
evaluation-4295-tar-000,1,0.6962997317314148
evaluation-4295-non-000,0,-0.4599049389362335
evaluation-43042-tar-000,1,0.881560206413269
evaluation-43042-non-000,0,0.7924736738204956
evaluation-43063-tar-000,1,0.9851526021957397
evaluation-43063-non-000,0,0.9521913528442383
evaluation-4308-tar-000,1,0.7474486827850342
evaluation-4308-non-000,0,0.7384344339370728
evaluation-4315-tar-000,1,0.8177338242530823
evaluation-4315-non-000,0,0.7390806674957275
evaluation-43184-tar-000,1,0.8920444250106812
evaluation-43184-non-000,0,0.8638203144073486
evaluation-43225-tar-000,1,0.9355958700180054
evaluation-43225-non-000,0,0.8319873809814453
evaluation-43269-tar-000,1,0.8988754749298096
evaluation-43269-non-000,0,0.8163770437240601
evaluation-43288-tar-000,1,0.8004319667816162
evaluation-43288-non-000,0,-0.367260217666626
evaluation-4341-tar-000,1,0.9691278338432312
evaluation-4341-non-000,0,0.791184663772583
evaluation-43483-tar-000,1,0.9765063524246216
evaluation-43483-non-000,0,0.9456136226654053
evaluation-43604-tar-000,1,0.9608832597732544
evaluation-43604-non-000,0,0.9624161720275879
evaluation-43675-tar-000,1,0.9402336478233337
evaluation-43675-non-000,0,0.17941871285438538
evaluation-4368-tar-000,1,0.8293882608413696
evaluation-4368-non-000,0,0.8778190612792969
evaluation-43744-tar-000,1,0.8627116680145264
evaluation-43744-non-000,0,0.9876036643981934
evaluation-43818-tar-000,1,0.603901743888855
evaluation-43818-non-000,0,0.7116996049880981
evaluation-43865-tar-000,1,0.9957748651504517
evaluation-43865-non-000,0,-0.5747042894363403
evaluation-43958-tar-000,1,0.9374451041221619
evaluation-43958-non-000,0,0.33166348934173584
evaluation-44085-tar-000,1,0.720594048500061
evaluation-44085-non-000,0,0.9010134935379028
evaluation-44175-tar-000,1,0.8438639044761658
evaluation-44175-non-000,0,-0.020730208605527878
evaluation-44285-tar-000,1,0.9881152510643005
evaluation-44285-non-000,0,0.8712986707687378
evaluation-44392-tar-000,1,0.979377031326294
evaluation-44392-non-000,0,0.38864850997924805
evaluation-4440-tar-000,1,0.7405357360839844
evaluation-4440-non-000,0,0.538810670375824
evaluation-44406-tar-000,1,0.82859206199646
evaluation-44406-non-000,0,0.8941819667816162
evaluation-4442-tar-000,1,0.9548392295837402
evaluation-4442-non-000,0,-0.4858320355415344
evaluation-4468-tar-000,1,-0.35146206617355347
evaluation-4468-non-000,0,0.04556107893586159
evaluation-44683-tar-000,1,0.8985013365745544
evaluation-44683-non-000,0,0.603075385093689
evaluation-44727-tar-000,1,0.7614099979400635
evaluation-44727-non-000,0,0.7819610834121704
evaluation-4477-tar-000,1,0.8647744655609131
evaluation-4477-non-000,0,0.7950202226638794
evaluation-44829-tar-000,1,0.9920905828475952
evaluation-44829-non-000,0,0.7605053782463074
evaluation-4506-tar-000,1,0.9129218459129333
evaluation-4506-non-000,0,-0.34595155715942383
evaluation-45084-tar-000,1,0.9538836479187012
evaluation-45084-non-000,0,0.8079707026481628
evaluation-45213-tar-000,1,0.8888180255889893
evaluation-45213-non-000,0,0.5422742366790771
evaluation-45252-tar-000,1,0.9509292840957642
evaluation-45252-non-000,0,-0.061557427048683167
evaluation-4529-tar-000,1,0.9116841554641724
evaluation-4529-non-000,0,0.6630358695983887
evaluation-45538-tar-000,1,0.9048501253128052
evaluation-45538-non-000,0,0.9923938512802124
evaluation-45617-tar-000,1,0.9687871336936951
evaluation-45617-non-000,0,0.6813530921936035
evaluation-45658-tar-000,1,0.9971626400947571
evaluation-45658-non-000,0,0.7149001955986023
evaluation-45744-tar-000,1,0.9768662452697754
evaluation-45744-non-000,0,0.9142484664916992
evaluation-45749-tar-000,1,0.8619122505187988
evaluation-45749-non-000,0,0.8305436372756958
evaluation-45793-tar-000,1,0.986847996711731
evaluation-45793-non-000,0,-0.20808371901512146
evaluation-4581-tar-000,1,0.8758202791213989
evaluation-4581-non-000,0,0.4040289521217346
evaluation-45834-tar-000,1,0.9754364490509033
evaluation-45834-non-000,0,0.649922251701355
evaluation-45870-tar-000,1,0.11149921268224716
evaluation-45870-non-000,0,-0.40222859382629395
evaluation-4591-tar-000,1,0.896103024482727
evaluation-4591-non-000,0,0.7929394245147705
evaluation-45985-tar-000,1,0.8000016212463379
evaluation-45985-non-000,0,0.5579845905303955
evaluation-46029-tar-000,1,0.7325609922409058
evaluation-46029-non-000,0,0.39519003033638
evaluation-4603-tar-000,1,0.9602695107460022
evaluation-4603-non-000,0,0.9905263185501099
evaluation-4612-tar-000,1,0.8269605040550232
evaluation-4612-non-000,0,-0.1123184785246849
evaluation-4619-tar-000,1,0.8475942611694336
evaluation-4619-non-000,0,-0.3534581661224365
evaluation-46202-tar-000,1,0.9920058250427246
evaluation-46202-non-000,0,0.8585258722305298
evaluation-46241-tar-000,1,0.9928698539733887
evaluation-46241-non-000,0,0.9787734746932983
evaluation-46298-tar-000,1,0.9784631729125977
evaluation-46298-non-000,0,0.025223195552825928
evaluation-46466-tar-000,1,0.9750580787658691
evaluation-46466-non-000,0,0.7989252209663391
evaluation-4649-tar-000,1,0.893640398979187
evaluation-4649-non-000,0,0.9679578542709351
evaluation-4664-tar-000,1,0.904848575592041
evaluation-4664-non-000,0,0.778644859790802
evaluation-46955-tar-000,1,0.9744571447372437
evaluation-46955-non-000,0,0.305742084980011
evaluation-4709-tar-000,1,0.9767842292785645
evaluation-4709-non-000,0,0.785386323928833
evaluation-4710-tar-000,1,0.7148274183273315
evaluation-4710-non-000,0,-0.41027677059173584
evaluation-47139-tar-000,1,0.9909812211990356
evaluation-47139-non-000,0,0.27519625425338745
evaluation-47142-tar-000,1,0.9095667004585266
evaluation-47142-non-000,0,0.24084684252738953
evaluation-47169-tar-000,1,0.8456413745880127
evaluation-47169-non-000,0,0.886164128780365
evaluation-47238-tar-000,1,0.21996422111988068
evaluation-47238-non-000,0,0.4577108919620514
evaluation-4728-tar-000,1,0.972934365272522
evaluation-4728-non-000,0,0.7608493566513062
evaluation-47342-tar-000,1,0.8247780799865723
evaluation-47342-non-000,0,0.6369500756263733
evaluation-47504-tar-000,1,0.870524525642395
evaluation-47504-non-000,0,0.8093888759613037
evaluation-4763-tar-000,1,0.8013516068458557
evaluation-4763-non-000,0,-0.04237448051571846
evaluation-47650-tar-000,1,0.966913104057312
evaluation-47650-non-000,0,0.9860310554504395
evaluation-47658-tar-000,1,0.3171936273574829
evaluation-47658-non-000,0,0.28349924087524414
evaluation-4773-tar-000,1,0.8537200093269348
evaluation-4773-non-000,0,0.06347206234931946
evaluation-4774-tar-000,1,0.08251048624515533
evaluation-4774-non-000,0,0.700215756893158
evaluation-47913-tar-000,1,0.9733728170394897
evaluation-47913-non-000,0,0.9718446135520935
evaluation-47998-tar-000,1,0.8003542423248291
evaluation-47998-non-000,0,0.2576941251754761
evaluation-4800-tar-000,1,0.687848687171936
evaluation-4800-non-000,0,0.6039367318153381
evaluation-48095-tar-000,1,0.9886559247970581
evaluation-48095-non-000,0,0.7311707139015198
evaluation-48193-tar-000,1,0.9925126433372498
evaluation-48193-non-000,0,0.899033784866333
evaluation-4821-tar-000,1,0.8196489810943604
evaluation-4821-non-000,0,0.48123955726623535
evaluation-48232-tar-000,1,0.9528965353965759
evaluation-48232-non-000,0,0.9738540053367615
evaluation-48262-tar-000,1,0.9072254300117493
evaluation-48262-non-000,0,0.3542684316635132
evaluation-48388-tar-000,1,0.9974631071090698
evaluation-48388-non-000,0,0.8242446780204773
evaluation-4841-tar-000,1,0.9541306495666504
evaluation-4841-non-000,0,0.6337147951126099
evaluation-4842-tar-000,1,0.7711017727851868
evaluation-4842-non-000,0,0.27794361114501953
evaluation-48443-tar-000,1,0.9219765663146973
evaluation-48443-non-000,0,0.9260343909263611
evaluation-48454-tar-000,1,0.8147218227386475
evaluation-48454-non-000,0,0.5138910412788391
evaluation-48575-tar-000,1,0.982576847076416
evaluation-48575-non-000,0,0.5080488920211792
evaluation-48578-tar-000,1,0.5313922762870789
evaluation-48578-non-000,0,0.6481114625930786
evaluation-4867-tar-000,1,0.8828260898590088
evaluation-4867-non-000,0,0.8069603443145752
evaluation-48726-tar-000,1,0.9895542860031128
evaluation-48726-non-000,0,0.07245317101478577
evaluation-48759-tar-000,1,0.7494845986366272
evaluation-48759-non-000,0,0.4690782427787781
evaluation-48787-tar-000,1,0.9858936071395874
evaluation-48787-non-000,0,0.4066644310951233
evaluation-48833-tar-000,1,0.7619196772575378
evaluation-48833-non-000,0,0.46579352021217346
evaluation-48905-tar-000,1,0.9640105366706848
evaluation-48905-non-000,0,0.8625833988189697
evaluation-4891-tar-000,1,0.7540581226348877
evaluation-4891-non-000,0,0.6847236156463623
evaluation-4894-tar-000,1,0.7125034332275391
evaluation-4894-non-000,0,0.8590081334114075
evaluation-48952-tar-000,1,0.9994431734085083
evaluation-48952-non-000,0,0.9259824156761169
evaluation-49004-tar-000,1,0.920455276966095
evaluation-49004-non-000,0,0.893950879573822
evaluation-49037-tar-000,1,0.850483775138855
evaluation-49037-non-000,0,0.45124971866607666
evaluation-49045-tar-000,1,0.9872078895568848
evaluation-49045-non-000,0,0.8485870361328125
evaluation-49097-tar-000,1,0.40959060192108154
evaluation-49097-non-000,0,0.3267093598842621
evaluation-49116-tar-000,1,0.9024468660354614
evaluation-49116-non-000,0,-0.41302117705345154
evaluation-49196-tar-000,1,0.8612504005432129
evaluation-49196-non-000,0,0.49364715814590454
evaluation-49207-tar-000,1,0.4483811557292938
evaluation-49207-non-000,0,0.75749671459198
evaluation-4921-tar-000,1,0.931293249130249
evaluation-4921-non-000,0,0.6646469831466675
evaluation-49215-tar-000,1,0.8919893503189087
evaluation-49215-non-000,0,0.6717063784599304
evaluation-4934-tar-000,1,0.9444705843925476
evaluation-4934-non-000,0,0.08965614438056946
evaluation-49446-tar-000,1,0.9962931871414185
evaluation-49446-non-000,0,0.8068363070487976
evaluation-49476-tar-000,1,0.9856971502304077
evaluation-49476-non-000,0,0.01277986727654934
evaluation-49484-tar-000,1,0.6595827341079712
evaluation-49484-non-000,0,0.46735072135925293
evaluation-49520-tar-000,1,0.9769544005393982
evaluation-49520-non-000,0,0.23859450221061707
evaluation-49539-tar-000,1,0.993148684501648
evaluation-49539-non-000,0,0.7162999510765076
evaluation-4958-tar-000,1,0.5063080191612244
evaluation-4958-non-000,0,0.6093336343765259
evaluation-4961-tar-000,1,0.9572250247001648
evaluation-4961-non-000,0,0.20267783105373383
evaluation-49677-tar-000,1,0.5711280703544617
evaluation-49677-non-000,0,0.5206141471862793
evaluation-49792-tar-000,1,0.04705020785331726
evaluation-49792-non-000,0,0.21481263637542725
evaluation-49808-tar-000,1,0.9346928596496582
evaluation-49808-non-000,0,0.9764995574951172
evaluation-49872-tar-000,1,0.3452352285385132
evaluation-49872-non-000,0,0.24699623882770538
evaluation-50056-tar-000,1,0.7561525106430054
evaluation-50056-non-000,0,0.6543048024177551
evaluation-5008-tar-000,1,0.7821977138519287
evaluation-5008-non-000,0,0.7805466651916504
evaluation-5010-tar-000,1,0.9609084129333496
evaluation-5010-non-000,0,0.785783588886261
evaluation-50138-tar-000,1,0.9763756990432739
evaluation-50138-non-000,0,0.9718033075332642
evaluation-5018-tar-000,1,0.9194234609603882
evaluation-5018-non-000,0,0.967807412147522
evaluation-5021-tar-000,1,0.9863553047180176
evaluation-5021-non-000,0,0.7573115825653076
evaluation-5024-tar-000,1,0.8777319192886353
evaluation-5024-non-000,0,0.8887071013450623
evaluation-50374-tar-000,1,0.9847739934921265
evaluation-50374-non-000,0,0.5805542469024658
evaluation-5042-tar-000,1,0.9656947255134583
evaluation-5042-non-000,0,0.9066733717918396
evaluation-50440-tar-000,1,0.8871825933456421
evaluation-50440-non-000,0,0.4521515965461731
evaluation-50490-tar-000,1,0.5077725648880005
evaluation-50490-non-000,0,0.06556341052055359
evaluation-50591-tar-000,1,0.9573190212249756
evaluation-50591-non-000,0,0.9163296222686768
evaluation-50608-tar-000,1,0.9135671257972717
evaluation-50608-non-000,0,0.5823284387588501
evaluation-50613-tar-000,1,0.9718462228775024
evaluation-50613-non-000,0,0.7893186807632446
evaluation-50643-tar-000,1,0.979733943939209
evaluation-50643-non-000,0,0.9751956462860107
evaluation-50652-tar-000,1,0.9888443350791931
evaluation-50652-non-000,0,0.971566915512085
evaluation-50676-tar-000,1,0.9723982810974121
evaluation-50676-non-000,0,-0.0996294617652893
evaluation-50679-tar-000,1,0.1026393473148346
evaluation-50679-non-000,0,0.5048540830612183
evaluation-50723-tar-000,1,0.8696069717407227
evaluation-50723-non-000,0,0.6193404197692871
evaluation-50786-tar-000,1,0.31289803981781006
evaluation-50786-non-000,0,-0.05901901423931122
evaluation-51050-tar-000,1,0.8936430811882019
evaluation-51050-non-000,0,0.693421483039856
evaluation-51080-tar-000,1,0.9542587995529175
evaluation-51080-non-000,0,0.20633448660373688
evaluation-51099-tar-000,1,0.5957798957824707
evaluation-51099-non-000,0,0.94780433177948
evaluation-5135-tar-000,1,0.9138461351394653
evaluation-5135-non-000,0,0.7013548612594604
evaluation-51399-tar-000,1,0.8795464634895325
evaluation-51399-non-000,0,-0.35228896141052246
evaluation-51459-tar-000,1,0.6631277799606323
evaluation-51459-non-000,0,-0.021601609885692596
evaluation-5148-tar-000,1,0.9236308932304382
evaluation-5148-non-000,0,0.2635156810283661
evaluation-5149-tar-000,1,0.5770115852355957
evaluation-5149-non-000,0,-0.2487960308790207
evaluation-51506-tar-000,1,0.9661949276924133
evaluation-51506-non-000,0,0.9926034212112427
evaluation-51525-tar-000,1,0.997444748878479
evaluation-51525-non-000,0,0.8878005743026733
evaluation-5153-tar-000,1,0.9325780868530273
evaluation-5153-non-000,0,0.8582502603530884
evaluation-51531-tar-000,1,0.9337432384490967
evaluation-51531-non-000,0,0.12162657082080841
evaluation-51544-tar-000,1,0.9777464866638184
evaluation-51544-non-000,0,0.415516197681427
evaluation-51624-tar-000,1,0.7066280841827393
evaluation-51624-non-000,0,0.27668097615242004
evaluation-51629-tar-000,1,0.7877836227416992
evaluation-51629-non-000,0,0.39695146679878235
evaluation-5167-tar-000,1,0.824061393737793
evaluation-5167-non-000,0,0.9338497519493103
evaluation-5171-tar-000,1,0.6657743453979492
evaluation-5171-non-000,0,0.6021111011505127
evaluation-51899-tar-000,1,0.8985670804977417
evaluation-51899-non-000,0,-0.12193480879068375
evaluation-51940-tar-000,1,0.754970133304596
evaluation-51940-non-000,0,0.6099168062210083
evaluation-51962-tar-000,1,0.9850861430168152
evaluation-51962-non-000,0,0.6912301182746887
evaluation-5203-tar-000,1,0.9701623916625977
evaluation-5203-non-000,0,0.6364222764968872
evaluation-5215-tar-000,1,0.9847739934921265
evaluation-5215-non-000,0,0.9275055527687073
evaluation-52213-tar-000,1,0.9608954787254333
evaluation-52213-non-000,0,0.7632863521575928
evaluation-5225-tar-000,1,0.8139625787734985
evaluation-5225-non-000,0,0.867832601070404
evaluation-52371-tar-000,1,0.9930765628814697
evaluation-52371-non-000,0,0.9675923585891724
evaluation-52374-tar-000,1,0.9057499170303345
evaluation-52374-non-000,0,0.9021815657615662
evaluation-5246-tar-000,1,0.9180282950401306
evaluation-5246-non-000,0,0.4140743315219879
evaluation-52486-tar-000,1,0.9553743600845337
evaluation-52486-non-000,0,0.9115734696388245
evaluation-5253-tar-000,1,0.998434841632843
evaluation-5253-non-000,0,0.9940405488014221
evaluation-52530-tar-000,1,0.9322975873947144
evaluation-52530-non-000,0,0.8412375450134277
evaluation-5256-tar-000,1,0.9737439751625061
evaluation-5256-non-000,0,0.759616494178772
evaluation-5261-tar-000,1,0.557755708694458
evaluation-5261-non-000,0,0.753626823425293
evaluation-52651-tar-000,1,0.96067214012146
evaluation-52651-non-000,0,0.8185586333274841
evaluation-52709-tar-000,1,0.635185956954956
evaluation-52709-non-000,0,0.19408881664276123
evaluation-5289-tar-000,1,0.6538863182067871
evaluation-5289-non-000,0,0.6070048809051514
evaluation-52912-tar-000,1,0.8127604722976685
evaluation-52912-non-000,0,0.4071686863899231
evaluation-52929-tar-000,1,0.5708391070365906
evaluation-52929-non-000,0,0.7072001099586487
evaluation-5309-tar-000,1,0.9817509651184082
evaluation-5309-non-000,0,0.7286427617073059
evaluation-53170-tar-000,1,0.9096584320068359
evaluation-53170-non-000,0,0.7924584150314331
evaluation-5322-tar-000,1,0.7214946150779724
evaluation-5322-non-000,0,0.5607849955558777
evaluation-5325-tar-000,1,0.5934227705001831
evaluation-5325-non-000,0,0.29756325483322144
evaluation-53266-tar-000,1,0.9581536054611206
evaluation-53266-non-000,0,0.7212321162223816
evaluation-53269-tar-000,1,0.8530450463294983
evaluation-53269-non-000,0,0.7244305610656738
evaluation-53272-tar-000,1,0.9717907905578613
evaluation-53272-non-000,0,0.7719020843505859
evaluation-5334-tar-000,1,0.9751270413398743
evaluation-5334-non-000,0,0.8867249488830566
evaluation-53354-tar-000,1,0.9437414407730103
evaluation-53354-non-000,0,0.4919291138648987
evaluation-5336-tar-000,1,0.9595133066177368
evaluation-5336-non-000,0,-0.5613985061645508
evaluation-5339-tar-000,1,0.7718638181686401
evaluation-5339-non-000,0,0.8134211897850037
evaluation-53390-tar-000,1,0.9822195768356323
evaluation-53390-non-000,0,0.9636298418045044
evaluation-53434-tar-000,1,0.9817972779273987
evaluation-53434-non-000,0,0.9628329277038574
evaluation-53544-tar-000,1,0.784566342830658
evaluation-53544-non-000,0,0.797157883644104
evaluation-53588-tar-000,1,0.9662052989006042
evaluation-53588-non-000,0,0.6074692010879517
evaluation-53755-tar-000,1,0.41443562507629395
evaluation-53755-non-000,0,0.020193755626678467
evaluation-53972-tar-000,1,0.9815901517868042
evaluation-53972-non-000,0,0.3157297670841217
evaluation-5399-tar-000,1,0.8769576549530029
evaluation-5399-non-000,0,0.517600417137146
evaluation-54035-tar-000,1,0.9061768651008606
evaluation-54035-non-000,0,0.5789799094200134
evaluation-54085-tar-000,1,0.8816595077514648
evaluation-54085-non-000,0,0.7241420745849609
evaluation-5413-tar-000,1,0.3810862600803375
evaluation-5413-non-000,0,0.47876986861228943
evaluation-54197-tar-000,1,0.9361239075660706
evaluation-54197-non-000,0,-0.4122970402240753
evaluation-54250-tar-000,1,0.9750912189483643
evaluation-54250-non-000,0,0.7079365253448486
evaluation-54261-tar-000,1,0.9404778480529785
evaluation-54261-non-000,0,0.6502538323402405
evaluation-5437-tar-000,1,0.9323936700820923
evaluation-5437-non-000,0,0.8842343091964722
evaluation-54376-tar-000,1,0.739982008934021
evaluation-54376-non-000,0,0.7089701890945435
evaluation-5438-tar-000,1,0.9873987436294556
evaluation-5438-non-000,0,0.8923954963684082
evaluation-54568-tar-000,1,0.8209226727485657
evaluation-54568-non-000,0,0.9419161081314087
evaluation-54596-tar-000,1,0.9716421961784363
evaluation-54596-non-000,0,0.7046983242034912
evaluation-54637-tar-000,1,0.9216203689575195
evaluation-54637-non-000,0,0.47699815034866333
evaluation-54725-tar-000,1,0.691186249256134
evaluation-54725-non-000,0,0.11733310669660568
evaluation-5490-tar-000,1,0.5155025720596313
evaluation-5490-non-000,0,-0.008701575919985771
evaluation-55027-tar-000,1,0.9703351259231567
evaluation-55027-non-000,0,0.3849117159843445
evaluation-55052-tar-000,1,0.8249640464782715
evaluation-55052-non-000,0,0.8382394909858704
evaluation-55225-tar-000,1,0.862583577632904
evaluation-55225-non-000,0,0.9027755260467529
evaluation-5532-tar-000,1,0.8480740785598755
evaluation-5532-non-000,0,0.46460580825805664
evaluation-55354-tar-000,1,0.8950316905975342
evaluation-55354-non-000,0,0.3893927335739136
evaluation-55362-tar-000,1,0.9149265289306641
evaluation-55362-non-000,0,0.5159709453582764
evaluation-5542-tar-000,1,0.7578209638595581
evaluation-5542-non-000,0,0.9375588893890381
evaluation-55488-tar-000,1,0.9411841630935669
evaluation-55488-non-000,0,0.5346392393112183
evaluation-55656-tar-000,1,0.44296717643737793
evaluation-55656-non-000,0,0.8424708843231201
evaluation-55681-tar-000,1,0.9158287048339844
evaluation-55681-non-000,0,0.08870023488998413
evaluation-55807-tar-000,1,0.7440177202224731
evaluation-55807-non-000,0,0.6776823401451111
evaluation-55810-tar-000,1,0.9576305150985718
evaluation-55810-non-000,0,0.8786522746086121
evaluation-55870-tar-000,1,0.9524401426315308
evaluation-55870-non-000,0,0.9428799748420715
evaluation-55928-tar-000,1,0.9787172079086304
evaluation-55928-non-000,0,0.7792373299598694
evaluation-5594-tar-000,1,0.8562033176422119
evaluation-5594-non-000,0,0.003937993198633194
evaluation-55953-tar-000,1,0.6822693347930908
evaluation-55953-non-000,0,0.7656958103179932
evaluation-55966-tar-000,1,0.9703952074050903
evaluation-55966-non-000,0,0.8077802658081055
evaluation-5599-tar-000,1,0.8949582576751709
evaluation-5599-non-000,0,0.7183996438980103
evaluation-56043-tar-000,1,0.7050575017929077
evaluation-56043-non-000,0,0.6555567979812622
evaluation-5605-tar-000,1,0.9946063160896301
evaluation-5605-non-000,0,0.9644423723220825
evaluation-56073-tar-000,1,0.9862960577011108
evaluation-56073-non-000,0,0.698649525642395
evaluation-56098-tar-000,1,0.973725438117981
evaluation-56098-non-000,0,0.9627892971038818
evaluation-56112-tar-000,1,0.9951971769332886
evaluation-56112-non-000,0,0.03758077323436737
evaluation-56170-tar-000,1,0.8955295085906982
evaluation-56170-non-000,0,0.950577437877655
evaluation-56181-tar-000,1,0.9107534885406494
evaluation-56181-non-000,0,0.7146667242050171
evaluation-56293-tar-000,1,0.6008530855178833
evaluation-56293-non-000,0,0.9464399814605713
evaluation-5631-tar-000,1,0.9654217958450317
evaluation-5631-non-000,0,0.2278815507888794
evaluation-5645-tar-000,1,0.4589376449584961
evaluation-5645-non-000,0,0.7793938517570496
evaluation-5648-tar-000,1,0.09452276676893234
evaluation-5648-non-000,0,0.7136577367782593
evaluation-5653-tar-000,1,0.945881724357605
evaluation-5653-non-000,0,0.9095335602760315
evaluation-56568-tar-000,1,0.973660945892334
evaluation-56568-non-000,0,0.5785181522369385
evaluation-5671-tar-000,1,0.825637698173523
evaluation-5671-non-000,0,0.8603373765945435
evaluation-56722-tar-000,1,0.8523907661437988
evaluation-56722-non-000,0,0.7025123834609985
evaluation-56771-tar-000,1,0.1978171169757843
evaluation-56771-non-000,0,0.13711810111999512
evaluation-56829-tar-000,1,0.9804033041000366
evaluation-56829-non-000,0,0.7270283699035645
evaluation-56853-tar-000,1,0.9784910082817078
evaluation-56853-non-000,0,0.8509742021560669
evaluation-56939-tar-000,1,0.8068374991416931
evaluation-56939-non-000,0,0.09470274299383163
evaluation-5706-tar-000,1,0.6066573858261108
evaluation-5706-non-000,0,0.8290470838546753
evaluation-57103-tar-000,1,0.7612764239311218
evaluation-57103-non-000,0,0.22103163599967957
evaluation-57208-tar-000,1,0.4668620228767395
evaluation-57208-non-000,0,-0.06400556862354279
evaluation-57246-tar-000,1,0.9805182218551636
evaluation-57246-non-000,0,0.7020750641822815
evaluation-57263-tar-000,1,0.8113642930984497
evaluation-57263-non-000,0,0.7606645822525024
evaluation-5734-tar-000,1,0.9285390377044678
evaluation-5734-non-000,0,0.1961226463317871
evaluation-57364-tar-000,1,0.8879314661026001
evaluation-57364-non-000,0,0.9254417419433594
evaluation-57384-tar-000,1,0.9287538528442383
evaluation-57384-non-000,0,0.8558601140975952
evaluation-57413-tar-000,1,0.9187349081039429
evaluation-57413-non-000,0,0.7251675128936768
evaluation-5745-tar-000,1,0.8730556964874268
evaluation-5745-non-000,0,0.6360496878623962
evaluation-57502-tar-000,1,0.9914849400520325
evaluation-57502-non-000,0,0.6627625823020935
evaluation-57587-tar-000,1,0.9701842069625854
evaluation-57587-non-000,0,0.6689207553863525
evaluation-5763-tar-000,1,-0.06373926997184753
evaluation-5763-non-000,0,0.01314086839556694
evaluation-57661-tar-000,1,0.9602874517440796
evaluation-57661-non-000,0,0.9011377096176147
evaluation-57710-tar-000,1,0.8269022703170776
evaluation-57710-non-000,0,-0.35061031579971313
evaluation-57719-tar-000,1,0.9802361726760864
evaluation-57719-non-000,0,0.9823267459869385
evaluation-5773-tar-000,1,0.9894088506698608
evaluation-5773-non-000,0,0.9183057546615601
evaluation-57944-tar-000,1,0.8350595235824585
evaluation-57944-non-000,0,0.5379936695098877
evaluation-57980-tar-000,1,0.9693570733070374
evaluation-57980-non-000,0,0.29371824860572815
evaluation-58059-tar-000,1,0.985031247138977
evaluation-58059-non-000,0,0.01074075698852539
evaluation-58067-tar-000,1,0.9913886785507202
evaluation-58067-non-000,0,0.5644433498382568
evaluation-58081-tar-000,1,0.8962729573249817
evaluation-58081-non-000,0,0.23443809151649475
evaluation-58087-tar-000,1,0.7885079383850098
evaluation-58087-non-000,0,0.8111990094184875
evaluation-58098-tar-000,1,0.9394403696060181
evaluation-58098-non-000,0,-0.5155363082885742
evaluation-5814-tar-000,1,0.9920233488082886
evaluation-5814-non-000,0,0.6018438339233398
evaluation-58144-tar-000,1,0.9896867275238037
evaluation-58144-non-000,0,0.03595631197094917
evaluation-5832-tar-000,1,0.6791378855705261
evaluation-5832-non-000,0,-0.02309226617217064
evaluation-5836-tar-000,1,0.8861193656921387
evaluation-5836-non-000,0,0.5411767959594727
evaluation-5841-tar-000,1,0.9454106092453003
evaluation-5841-non-000,0,0.9724851846694946
evaluation-58430-tar-000,1,0.8860456943511963
evaluation-58430-non-000,0,0.7874046564102173
evaluation-58587-tar-000,1,0.7300522923469543
evaluation-58587-non-000,0,0.5797550082206726
evaluation-5861-tar-000,1,0.7497259378433228
evaluation-5861-non-000,0,0.18284107744693756
evaluation-5868-tar-000,1,0.8752645254135132
evaluation-5868-non-000,0,0.6940964460372925
evaluation-58694-tar-000,1,0.7973582744598389
evaluation-58694-non-000,0,0.5751978158950806
evaluation-58724-tar-000,1,0.9283422231674194
evaluation-58724-non-000,0,0.25272828340530396
evaluation-58771-tar-000,1,0.5097079277038574
evaluation-58771-non-000,0,-0.14433592557907104
evaluation-5884-tar-000,1,0.6576763391494751
evaluation-5884-non-000,0,0.4746112525463104
evaluation-58968-tar-000,1,0.9107782244682312
evaluation-58968-non-000,0,-0.2518404722213745
evaluation-5900-tar-000,1,0.6336742639541626
evaluation-5900-non-000,0,0.5788702368736267
evaluation-59029-tar-000,1,0.9591723680496216
evaluation-59029-non-000,0,0.6452215313911438
evaluation-59235-tar-000,1,0.9898236393928528
evaluation-59235-non-000,0,0.972618818283081
evaluation-59284-tar-000,1,0.9005818367004395
evaluation-59284-non-000,0,0.714693009853363
evaluation-59443-tar-000,1,0.8170931339263916
evaluation-59443-non-000,0,-0.22378374636173248
evaluation-5946-tar-000,1,0.9687564373016357
evaluation-5946-non-000,0,0.9594472646713257
evaluation-5949-tar-000,1,0.903050422668457
evaluation-5949-non-000,0,0.23272639513015747
evaluation-59496-tar-000,1,0.9724501371383667
evaluation-59496-non-000,0,0.9478620290756226
evaluation-59564-tar-000,1,0.9647505283355713
evaluation-59564-non-000,0,0.7648477554321289
evaluation-59663-tar-000,1,0.8134424686431885
evaluation-59663-non-000,0,0.5209081768989563
evaluation-59779-tar-000,1,0.8808168768882751
evaluation-59779-non-000,0,0.8301035165786743
evaluation-59820-tar-000,1,0.8413766026496887
evaluation-59820-non-000,0,0.6787122488021851
evaluation-59963-tar-000,1,0.8811918497085571
evaluation-59963-non-000,0,0.8515995740890503
evaluation-59971-tar-000,1,0.8927530646324158
evaluation-59971-non-000,0,0.3865751028060913
evaluation-6006-tar-000,1,0.7527843713760376
evaluation-6006-non-000,0,0.43192577362060547
evaluation-6010-tar-000,1,0.9153234958648682
evaluation-6010-non-000,0,0.9712498784065247
evaluation-60240-tar-000,1,0.9729049205780029
evaluation-60240-non-000,0,0.6050666570663452
evaluation-60627-tar-000,1,0.9845288991928101
evaluation-60627-non-000,0,0.02951536700129509
evaluation-60646-tar-000,1,0.985420823097229
evaluation-60646-non-000,0,0.9480078816413879
evaluation-60699-tar-000,1,0.9607847929000854
evaluation-60699-non-000,0,0.8374159336090088
evaluation-60748-tar-000,1,0.648565411567688
evaluation-60748-non-000,0,0.5288895964622498
evaluation-60803-tar-000,1,0.8148384094238281
evaluation-60803-non-000,0,0.18008127808570862
evaluation-6081-tar-000,1,0.9272929430007935
evaluation-6081-non-000,0,0.729256808757782
evaluation-6086-tar-000,1,0.8207672238349915
evaluation-6086-non-000,0,0.49672818183898926
evaluation-6089-tar-000,1,0.1843223124742508
evaluation-6089-non-000,0,0.7274852991104126
evaluation-6097-tar-000,1,0.7656118869781494
evaluation-6097-non-000,0,0.8091949820518494
evaluation-61015-tar-000,1,-0.0032304003834724426
evaluation-61015-non-000,0,0.33905452489852905
evaluation-61078-tar-000,1,0.9927221536636353
evaluation-61078-non-000,0,-0.08986078202724457
evaluation-6108-tar-000,1,0.9580366611480713
evaluation-6108-non-000,0,0.9211465120315552
evaluation-61119-tar-000,1,0.8483574390411377
evaluation-61119-non-000,0,0.09662427008152008
evaluation-61122-tar-000,1,0.1678556352853775
evaluation-61122-non-000,0,0.050137944519519806
evaluation-61133-tar-000,1,0.8672096729278564
evaluation-61133-non-000,0,0.8870469927787781
evaluation-61174-tar-000,1,0.599052906036377
evaluation-61174-non-000,0,0.12073123455047607
evaluation-61207-tar-000,1,0.9948675036430359
evaluation-61207-non-000,0,0.3457132875919342
evaluation-61292-tar-000,1,0.7070605754852295
evaluation-61292-non-000,0,0.8600488305091858
evaluation-61410-tar-000,1,0.7961038947105408
evaluation-61410-non-000,0,0.9177001714706421
evaluation-61421-tar-000,1,0.8185316324234009
evaluation-61421-non-000,0,0.7459956407546997
evaluation-6163-tar-000,1,0.9438953399658203
evaluation-6163-non-000,0,0.24021340906620026
evaluation-61663-tar-000,1,0.7787933349609375
evaluation-61663-non-000,0,0.8549265265464783
evaluation-61712-tar-000,1,0.6453588604927063
evaluation-61712-non-000,0,0.4970012903213501
evaluation-61775-tar-000,1,0.8823528289794922
evaluation-61775-non-000,0,0.42401808500289917
evaluation-61800-tar-000,1,0.9408726692199707
evaluation-61800-non-000,0,0.11345621943473816
evaluation-6186-tar-000,1,0.8171913027763367
evaluation-6186-non-000,0,0.5738941431045532
evaluation-6194-tar-000,1,0.979752779006958
evaluation-6194-non-000,0,0.5095147490501404
evaluation-61979-tar-000,1,0.9575780034065247
evaluation-61979-non-000,0,0.6151489019393921
evaluation-62012-tar-000,1,0.9772331714630127
evaluation-62012-non-000,0,0.8636838793754578
evaluation-6202-tar-000,1,0.8698322772979736
evaluation-6202-non-000,0,0.734591543674469
evaluation-62066-tar-000,1,0.9232988357543945
evaluation-62066-non-000,0,0.658624529838562
evaluation-62086-tar-000,1,0.9712629318237305
evaluation-62086-non-000,0,0.3771282136440277
evaluation-6209-tar-000,1,0.5489554405212402
evaluation-6209-non-000,0,0.299125999212265
evaluation-62138-tar-000,1,0.27160218358039856
evaluation-62138-non-000,0,0.7465029954910278
evaluation-62179-tar-000,1,0.9238319396972656
evaluation-62179-non-000,0,-0.16057240962982178
evaluation-62223-tar-000,1,0.9689437747001648
evaluation-62223-non-000,0,-0.15395520627498627
evaluation-62292-tar-000,1,0.9817182421684265
evaluation-62292-non-000,0,0.45280060172080994
evaluation-6231-tar-000,1,0.7748143672943115
evaluation-6231-non-000,0,0.04177317023277283
evaluation-62325-tar-000,1,0.9329009056091309
evaluation-62325-non-000,0,0.780093789100647
evaluation-62404-tar-000,1,0.9139673113822937
evaluation-62404-non-000,0,0.9392691850662231
evaluation-6246-tar-000,1,0.9774422645568848
evaluation-6246-non-000,0,-0.40243104100227356
evaluation-62544-tar-000,1,0.849286675453186
evaluation-62544-non-000,0,0.6561168432235718
evaluation-6257-tar-000,1,0.6809085607528687
evaluation-6257-non-000,0,0.4576263725757599
evaluation-62572-tar-000,1,0.9613871574401855
evaluation-62572-non-000,0,0.846824049949646
evaluation-62660-tar-000,1,0.9918851256370544
evaluation-62660-non-000,0,0.9314081072807312
evaluation-62748-tar-000,1,0.6082457304000854
evaluation-62748-non-000,0,0.5985194444656372
evaluation-6287-tar-000,1,0.2653302252292633
evaluation-6287-non-000,0,0.1421026587486267
evaluation-6292-tar-000,1,0.32884660363197327
evaluation-6292-non-000,0,0.9181260466575623
evaluation-6296-tar-000,1,0.5849465131759644
evaluation-6296-non-000,0,0.3633776605129242
evaluation-63077-tar-000,1,0.7032784223556519
evaluation-63077-non-000,0,0.7376852631568909
evaluation-6310-tar-000,1,0.6559772491455078
evaluation-6310-non-000,0,0.8040196895599365
evaluation-63132-tar-000,1,0.9882993698120117
evaluation-63132-non-000,0,0.16338109970092773
evaluation-63138-tar-000,1,0.8881016969680786
evaluation-63138-non-000,0,0.7215924263000488
evaluation-63415-tar-000,1,0.907782256603241
evaluation-63415-non-000,0,0.6083691716194153
evaluation-63478-tar-000,1,0.977647066116333
evaluation-63478-non-000,0,0.9158761501312256
evaluation-63536-tar-000,1,0.7483394145965576
evaluation-63536-non-000,0,0.8558886051177979
evaluation-6358-tar-000,1,0.9694812297821045
evaluation-6358-non-000,0,0.1838843822479248
evaluation-6359-tar-000,1,0.9315775632858276
evaluation-6359-non-000,0,0.40603968501091003
evaluation-63627-tar-000,1,0.8811401128768921
evaluation-63627-non-000,0,0.9101637601852417
evaluation-63629-tar-000,1,0.9882457256317139
evaluation-63629-non-000,0,0.7977767586708069
evaluation-63714-tar-000,1,0.8345707654953003
evaluation-63714-non-000,0,0.8231786489486694
evaluation-63739-tar-000,1,0.9488162994384766
evaluation-63739-non-000,0,0.9766977429389954
evaluation-63805-tar-000,1,0.9727197885513306
evaluation-63805-non-000,0,0.7085525989532471
evaluation-63838-tar-000,1,0.9828993082046509
evaluation-63838-non-000,0,0.9363186359405518
evaluation-63852-tar-000,1,0.9910024404525757
evaluation-63852-non-000,0,0.9357483386993408
evaluation-63984-tar-000,1,0.9794513583183289
evaluation-63984-non-000,0,0.8146227598190308
evaluation-6401-tar-000,1,0.9744971394538879
evaluation-6401-non-000,0,0.9464468955993652
evaluation-64082-tar-000,1,0.9877241253852844
evaluation-64082-non-000,0,0.9472859501838684
evaluation-6410-tar-000,1,0.9831212759017944
evaluation-6410-non-000,0,0.18048246204853058
evaluation-64291-tar-000,1,0.7437588572502136
evaluation-64291-non-000,0,0.8234759569168091
evaluation-64354-tar-000,1,0.21840986609458923
evaluation-64354-non-000,0,0.044663459062576294
evaluation-64431-tar-000,1,0.9233509302139282
evaluation-64431-non-000,0,0.6922695636749268
evaluation-64456-tar-000,1,0.9774569272994995
evaluation-64456-non-000,0,0.592113733291626
evaluation-64489-tar-000,1,0.8892139196395874
evaluation-64489-non-000,0,0.842032253742218
evaluation-64494-tar-000,1,0.9942852854728699
evaluation-64494-non-000,0,0.8639847040176392
evaluation-64541-tar-000,1,0.5600025653839111
evaluation-64541-non-000,0,0.11963780224323273
evaluation-64593-tar-000,1,0.7593396306037903
evaluation-64593-non-000,0,0.008744463324546814
evaluation-64626-tar-000,1,0.9304736256599426
evaluation-64626-non-000,0,0.5464403629302979
evaluation-64747-tar-000,1,0.9737510681152344
evaluation-64747-non-000,0,0.4962911605834961
evaluation-6478-tar-000,1,0.8132955431938171
evaluation-6478-non-000,0,0.3714063763618469
evaluation-6494-tar-000,1,0.5437447428703308
evaluation-6494-non-000,0,0.1822073757648468
evaluation-64961-tar-000,1,0.9826186299324036
evaluation-64961-non-000,0,0.9764358401298523
evaluation-64967-tar-000,1,0.9720495939254761
evaluation-64967-non-000,0,0.4549703896045685
evaluation-65079-tar-000,1,0.9534410834312439
evaluation-65079-non-000,0,0.5090152025222778
evaluation-65159-tar-000,1,0.86400306224823
evaluation-65159-non-000,0,-0.31119388341903687
evaluation-6527-tar-000,1,0.8006912469863892
evaluation-6527-non-000,0,0.5075861811637878
evaluation-65368-tar-000,1,0.7346241474151611
evaluation-65368-non-000,0,0.8964871168136597
evaluation-65404-tar-000,1,0.8710625171661377
evaluation-65404-non-000,0,0.9252090454101562
evaluation-65423-tar-000,1,0.9941628575325012
evaluation-65423-non-000,0,0.8734426498413086
evaluation-65511-tar-000,1,0.9623041749000549
evaluation-65511-non-000,0,0.6897238492965698
evaluation-65513-tar-000,1,0.9116391539573669
evaluation-65513-non-000,0,0.8398864269256592
evaluation-6552-tar-000,1,0.9781537055969238
evaluation-6552-non-000,0,0.9145394563674927
evaluation-65538-tar-000,1,0.9897480010986328
evaluation-65538-non-000,0,0.8700425624847412
evaluation-65541-tar-000,1,0.6200423836708069
evaluation-65541-non-000,0,0.5318471789360046
evaluation-65761-tar-000,1,0.7688206434249878
evaluation-65761-non-000,0,0.15986523032188416
evaluation-65807-tar-000,1,0.9750841856002808
evaluation-65807-non-000,0,0.9502214193344116
evaluation-65868-tar-000,1,0.961522102355957
evaluation-65868-non-000,0,-0.18450793623924255
evaluation-65945-tar-000,1,0.9793655872344971
evaluation-65945-non-000,0,0.9633969664573669
evaluation-6595-tar-000,1,0.7686126232147217
evaluation-6595-non-000,0,0.1659945249557495
evaluation-65986-tar-000,1,0.9784905314445496
evaluation-65986-non-000,0,0.724159300327301
evaluation-66002-tar-000,1,0.9782845973968506
evaluation-66002-non-000,0,0.422609806060791
evaluation-66030-tar-000,1,0.9939497709274292
evaluation-66030-non-000,0,0.8410621881484985
evaluation-66230-tar-000,1,0.9922380447387695
evaluation-66230-non-000,0,0.4080088138580322
evaluation-6625-tar-000,1,0.3768796920776367
evaluation-6625-non-000,0,0.29377543926239014
evaluation-6634-tar-000,1,0.8740829229354858
evaluation-6634-non-000,0,0.7398978471755981
evaluation-66436-tar-000,1,0.9030409455299377
evaluation-66436-non-000,0,0.7206488847732544
evaluation-66466-tar-000,1,0.8384171724319458
evaluation-66466-non-000,0,0.8746764063835144
evaluation-66508-tar-000,1,0.8955603837966919
evaluation-66508-non-000,0,0.5800868272781372
evaluation-6661-tar-000,1,0.381854772567749
evaluation-6661-non-000,0,0.9250688552856445
evaluation-66749-tar-000,1,0.9437161684036255
evaluation-66749-non-000,0,0.5047392845153809
evaluation-66782-tar-000,1,0.9686304330825806
evaluation-66782-non-000,0,-0.485091894865036
evaluation-6682-tar-000,1,0.7877021431922913
evaluation-6682-non-000,0,0.7623364925384521
evaluation-66944-tar-000,1,0.4955418109893799
evaluation-66944-non-000,0,0.5784115195274353
evaluation-67057-tar-000,1,0.6496531963348389
evaluation-67057-non-000,0,0.7201910018920898
evaluation-67087-tar-000,1,0.7860519289970398
evaluation-67087-non-000,0,-0.10583728551864624
evaluation-67137-tar-000,1,0.9630732536315918
evaluation-67137-non-000,0,0.09791005402803421
evaluation-67288-tar-000,1,0.8801888823509216
evaluation-67288-non-000,0,0.2864000201225281
evaluation-6731-tar-000,1,0.9617696404457092
evaluation-6731-non-000,0,-0.26719269156455994
evaluation-67370-tar-000,1,0.5952324867248535
evaluation-67370-non-000,0,0.8334860801696777
evaluation-67488-tar-000,1,0.9459899663925171
evaluation-67488-non-000,0,0.9437066912651062
evaluation-6749-tar-000,1,0.9664719104766846
evaluation-6749-non-000,0,0.4069446921348572
evaluation-67521-tar-000,1,0.982947826385498
evaluation-67521-non-000,0,0.931618869304657
evaluation-67529-tar-000,1,0.8691030740737915
evaluation-67529-non-000,0,0.417611300945282
evaluation-67538-tar-000,1,0.8616436719894409
evaluation-67538-non-000,0,0.5444658994674683
evaluation-67686-tar-000,1,0.9765619039535522
evaluation-67686-non-000,0,0.7930265665054321
evaluation-67697-tar-000,1,0.9906327724456787
evaluation-67697-non-000,0,0.9574723839759827
evaluation-67859-tar-000,1,0.9476042985916138
evaluation-67859-non-000,0,0.6120048761367798
evaluation-6789-tar-000,1,0.9000802040100098
evaluation-6789-non-000,0,0.7032947540283203
evaluation-67991-tar-000,1,0.9727779626846313
evaluation-67991-non-000,0,0.10881473869085312
evaluation-68068-tar-000,1,0.8762906789779663
evaluation-68068-non-000,0,0.763636589050293
evaluation-68131-tar-000,1,0.9987962245941162
evaluation-68131-non-000,0,0.8670449256896973
evaluation-6818-tar-000,1,0.29485756158828735
evaluation-6818-non-000,0,-0.06018967553973198
evaluation-68227-tar-000,1,0.5339876413345337
evaluation-68227-non-000,0,0.5568845272064209
evaluation-68268-tar-000,1,0.9705548286437988
evaluation-68268-non-000,0,0.6994634866714478
evaluation-68334-tar-000,1,0.8572642207145691
evaluation-68334-non-000,0,0.4628032445907593
evaluation-68378-tar-000,1,0.9233969449996948
evaluation-68378-non-000,0,0.13648290932178497
evaluation-68430-tar-000,1,0.9755250215530396
evaluation-68430-non-000,0,0.4786369800567627
evaluation-68785-tar-000,1,0.548905074596405
evaluation-68785-non-000,0,0.805306613445282
evaluation-68886-tar-000,1,0.9435444474220276
evaluation-68886-non-000,0,0.368651807308197
evaluation-68908-tar-000,1,-0.047617871314287186
evaluation-68908-non-000,0,0.311249315738678
evaluation-6898-tar-000,1,0.9108852744102478
evaluation-6898-non-000,0,0.39820146560668945
evaluation-69035-tar-000,1,0.8741570115089417
evaluation-69035-non-000,0,0.6053647398948669
evaluation-69087-tar-000,1,0.9438985586166382
evaluation-69087-non-000,0,0.9517769813537598
evaluation-69155-tar-000,1,0.9747329354286194
evaluation-69155-non-000,0,0.5374890565872192
evaluation-69166-tar-000,1,0.9515206813812256
evaluation-69166-non-000,0,0.9463027715682983
evaluation-69169-tar-000,1,0.8975342512130737
evaluation-69169-non-000,0,0.829803466796875
evaluation-69235-tar-000,1,0.7462437152862549
evaluation-69235-non-000,0,0.7732734680175781
evaluation-69279-tar-000,1,0.5004168748855591
evaluation-69279-non-000,0,0.2620595097541809
evaluation-69315-tar-000,1,0.9903962016105652
evaluation-69315-non-000,0,0.8954756259918213
evaluation-6932-tar-000,1,0.3481733798980713
evaluation-6932-non-000,0,0.508678674697876
evaluation-69361-tar-000,1,0.4970402121543884
evaluation-69361-non-000,0,0.3245704770088196
evaluation-69425-tar-000,1,0.9224958419799805
evaluation-69425-non-000,0,0.9693720936775208
evaluation-69526-tar-000,1,0.9905343055725098
evaluation-69526-non-000,0,0.7308124303817749
evaluation-69529-tar-000,1,0.5706959962844849
evaluation-69529-non-000,0,0.9014049768447876
evaluation-6957-tar-000,1,0.842717170715332
evaluation-6957-non-000,0,0.06535804271697998
evaluation-69573-tar-000,1,0.8184564113616943
evaluation-69573-non-000,0,0.06619509309530258
evaluation-69617-tar-000,1,0.9793545007705688
evaluation-69617-non-000,0,0.6893027424812317
evaluation-69672-tar-000,1,0.8636533617973328
evaluation-69672-non-000,0,0.536918044090271
evaluation-69724-tar-000,1,0.9289591908454895
evaluation-69724-non-000,0,0.9322561621665955
evaluation-69848-tar-000,1,0.8092671632766724
evaluation-69848-non-000,0,-0.12446942925453186
evaluation-69927-tar-000,1,0.8371641039848328
evaluation-69927-non-000,0,0.12914758920669556
evaluation-6993-tar-000,1,0.9754006862640381
evaluation-6993-non-000,0,0.9115358591079712
evaluation-6994-tar-000,1,0.9338364005088806
evaluation-6994-non-000,0,0.9222625494003296
evaluation-7006-tar-000,1,0.8715176582336426
evaluation-7006-non-000,0,0.289520800113678
evaluation-70130-tar-000,1,0.8367797136306763
evaluation-70130-non-000,0,0.8492472171783447
evaluation-70169-tar-000,1,0.897261917591095
evaluation-70169-non-000,0,0.38733136653900146
evaluation-70191-tar-000,1,0.9625586271286011
evaluation-70191-non-000,0,0.44146955013275146
evaluation-7029-tar-000,1,0.947333574295044
evaluation-7029-non-000,0,-0.3221072554588318
evaluation-70290-tar-000,1,0.9294916391372681
evaluation-70290-non-000,0,0.9906654357910156
evaluation-70320-tar-000,1,0.900431215763092
evaluation-70320-non-000,0,0.3325200080871582
evaluation-70347-tar-000,1,0.8515048027038574
evaluation-70347-non-000,0,0.3826826214790344
evaluation-7036-tar-000,1,0.8002159595489502
evaluation-7036-non-000,0,0.8227858543395996
evaluation-70501-tar-000,1,0.9134643077850342
evaluation-70501-non-000,0,0.3037072420120239
evaluation-7055-tar-000,1,0.7428358793258667
evaluation-7055-non-000,0,0.48986679315567017
evaluation-70592-tar-000,1,0.7078092098236084
evaluation-70592-non-000,0,-0.3850088119506836
evaluation-70641-tar-000,1,0.9201817512512207
evaluation-70641-non-000,0,0.8062644004821777
evaluation-70671-tar-000,1,0.4369519352912903
evaluation-70671-non-000,0,0.4093027114868164
evaluation-7077-tar-000,1,0.9184324741363525
evaluation-7077-non-000,0,0.9154943227767944
evaluation-7078-tar-000,1,0.9032498002052307
evaluation-7078-non-000,0,0.4028458595275879
evaluation-70781-tar-000,1,0.602580726146698
evaluation-70781-non-000,0,0.9505630135536194
evaluation-70801-tar-000,1,0.9996389150619507
evaluation-70801-non-000,0,0.9576467275619507
evaluation-7092-tar-000,1,0.8087827563285828
evaluation-7092-non-000,0,0.11780624836683273
evaluation-70952-tar-000,1,0.38291507959365845
evaluation-70952-non-000,0,-0.19064895808696747
evaluation-71001-tar-000,1,0.9935520887374878
evaluation-71001-non-000,0,-0.05607478693127632
evaluation-71015-tar-000,1,0.8962478637695312
evaluation-71015-non-000,0,0.5919983386993408
evaluation-71042-tar-000,1,0.728742778301239
evaluation-71042-non-000,0,0.5904030203819275
evaluation-7108-tar-000,1,0.9286290407180786
evaluation-7108-non-000,0,0.3942047655582428
evaluation-7123-tar-000,1,0.4993337094783783
evaluation-7123-non-000,0,0.11604414135217667
evaluation-71300-tar-000,1,0.6781463623046875
evaluation-71300-non-000,0,0.8416618704795837
evaluation-7131-tar-000,1,0.9800046682357788
evaluation-7131-non-000,0,0.8063992261886597
evaluation-7140-tar-000,1,0.3725659251213074
evaluation-7140-non-000,0,0.6114142537117004
evaluation-71402-tar-000,1,0.7407426834106445
evaluation-71402-non-000,0,0.8020920753479004
evaluation-71441-tar-000,1,0.9403302073478699
evaluation-71441-non-000,0,0.24377256631851196
evaluation-71457-tar-000,1,0.16333195567131042
evaluation-71457-non-000,0,0.16123642027378082
evaluation-7149-tar-000,1,0.9569051861763
evaluation-7149-non-000,0,0.9050875306129456
evaluation-71528-tar-000,1,0.8687785863876343
evaluation-71528-non-000,0,0.8223258256912231
evaluation-71594-tar-000,1,0.9926414489746094
evaluation-71594-non-000,0,-0.017373383045196533
evaluation-7174-tar-000,1,0.9677157402038574
evaluation-7174-non-000,0,0.9110411405563354
evaluation-7177-tar-000,1,0.9970311522483826
evaluation-7177-non-000,0,0.5548762083053589
evaluation-71798-tar-000,1,0.6253852248191833
evaluation-71798-non-000,0,0.9020346403121948
evaluation-71839-tar-000,1,0.8496743440628052
evaluation-71839-non-000,0,0.5980746150016785
evaluation-71924-tar-000,1,0.9861177206039429
evaluation-71924-non-000,0,0.26241105794906616
evaluation-72009-tar-000,1,0.9560941457748413
evaluation-72009-non-000,0,0.16856761276721954
evaluation-72017-tar-000,1,0.9075215458869934
evaluation-72017-non-000,0,0.7617655992507935
evaluation-72078-tar-000,1,0.9429900646209717
evaluation-72078-non-000,0,-0.41366374492645264
evaluation-7211-tar-000,1,0.14904527366161346
evaluation-7211-non-000,0,0.508859395980835
evaluation-7214-tar-000,1,0.5914117097854614
evaluation-7214-non-000,0,-0.15251895785331726
evaluation-72182-tar-000,1,0.8367658257484436
evaluation-72182-non-000,0,0.2207726538181305
evaluation-72221-tar-000,1,0.9404630661010742
evaluation-72221-non-000,0,0.47168129682540894
evaluation-7225-tar-000,1,0.8433244228363037
evaluation-7225-non-000,0,0.3400089144706726
evaluation-72267-tar-000,1,0.9190406799316406
evaluation-72267-non-000,0,0.9036468863487244
evaluation-7228-tar-000,1,0.923957347869873
evaluation-7228-non-000,0,0.239717036485672
evaluation-72328-tar-000,1,0.8746291995048523
evaluation-72328-non-000,0,0.9520459175109863
evaluation-72355-tar-000,1,0.7036013007164001
evaluation-72355-non-000,0,0.806430995464325
evaluation-72531-tar-000,1,0.9572526216506958
evaluation-72531-non-000,0,-0.2620794475078583
evaluation-7259-tar-000,1,0.8928812742233276
evaluation-7259-non-000,0,0.4222496747970581
evaluation-72646-tar-000,1,0.9792790412902832
evaluation-72646-non-000,0,0.9383528232574463
evaluation-72685-tar-000,1,0.9460862278938293
evaluation-72685-non-000,0,0.10302138328552246
evaluation-72718-tar-000,1,0.8764965534210205
evaluation-72718-non-000,0,-0.06888724118471146
evaluation-72731-tar-000,1,0.933955192565918
evaluation-72731-non-000,0,0.4453100562095642
evaluation-72800-tar-000,1,0.9409643411636353
evaluation-72800-non-000,0,0.6496018767356873
evaluation-7285-tar-000,1,0.6910906434059143
evaluation-7285-non-000,0,0.4645770192146301
evaluation-7290-tar-000,1,0.9052501320838928
evaluation-7290-non-000,0,0.6935049295425415
evaluation-7302-tar-000,1,0.9255715608596802
evaluation-7302-non-000,0,0.6549383401870728
evaluation-73086-tar-000,1,0.8043969869613647
evaluation-73086-non-000,0,0.9643529653549194
evaluation-7314-tar-000,1,0.7372407913208008
evaluation-7314-non-000,0,0.8198380470275879
evaluation-73366-tar-000,1,0.9368520975112915
evaluation-73366-non-000,0,0.8022685647010803
evaluation-73396-tar-000,1,0.9355878829956055
evaluation-73396-non-000,0,-0.30725932121276855
evaluation-7343-tar-000,1,0.9756194353103638
evaluation-7343-non-000,0,0.09724318981170654
evaluation-73465-tar-000,1,0.924358606338501
evaluation-73465-non-000,0,0.6761194467544556
evaluation-7350-tar-000,1,0.9946922063827515
evaluation-7350-non-000,0,0.9370131492614746
evaluation-7353-tar-000,1,0.9686852693557739
evaluation-7353-non-000,0,0.0777994766831398
evaluation-7354-tar-000,1,0.9486586451530457
evaluation-7354-non-000,0,0.3016532361507416
evaluation-73660-tar-000,1,0.9336176514625549
evaluation-73660-non-000,0,-0.2373271882534027
evaluation-73814-tar-000,1,0.9916360378265381
evaluation-73814-non-000,0,0.7773860692977905
evaluation-73858-tar-000,1,0.7706838250160217
evaluation-73858-non-000,0,-0.17699690163135529
evaluation-73923-tar-000,1,0.961861789226532
evaluation-73923-non-000,0,0.6817737817764282
evaluation-73995-tar-000,1,0.8015685081481934
evaluation-73995-non-000,0,0.7253031730651855
evaluation-74014-tar-000,1,0.9065631031990051
evaluation-74014-non-000,0,0.9090085029602051
evaluation-74028-tar-000,1,0.9082634449005127
evaluation-74028-non-000,0,0.8185480237007141
evaluation-74033-tar-000,1,0.9987310171127319
evaluation-74033-non-000,0,-0.0008657965809106827
evaluation-7406-tar-000,1,-0.02335074543952942
evaluation-7406-non-000,0,0.8488208055496216
evaluation-7408-tar-000,1,0.8335496783256531
evaluation-7408-non-000,0,0.6245151162147522
evaluation-74110-tar-000,1,0.7259529829025269
evaluation-74110-non-000,0,0.7033121585845947
evaluation-74179-tar-000,1,0.9654765129089355
evaluation-74179-non-000,0,0.9899657964706421
evaluation-74195-tar-000,1,0.6092419624328613
evaluation-74195-non-000,0,-0.07146254926919937
evaluation-74234-tar-000,1,0.6659663915634155
evaluation-74234-non-000,0,0.6914772987365723
evaluation-74250-tar-000,1,0.898451566696167
evaluation-74250-non-000,0,0.9033275842666626
evaluation-7428-tar-000,1,0.9584294557571411
evaluation-7428-non-000,0,0.7964070439338684
evaluation-74324-tar-000,1,0.9278246164321899
evaluation-74324-non-000,0,0.3525114059448242
evaluation-74335-tar-000,1,0.7845532298088074
evaluation-74335-non-000,0,0.6837671995162964
evaluation-74357-tar-000,1,0.9533669948577881
evaluation-74357-non-000,0,0.21839368343353271
evaluation-7438-tar-000,1,0.9222133159637451
evaluation-7438-non-000,0,0.9247639179229736
evaluation-74388-tar-000,1,0.9180945754051208
evaluation-74388-non-000,0,0.857685923576355
evaluation-74481-tar-000,1,0.5122159719467163
evaluation-74481-non-000,0,0.3473008871078491
evaluation-74599-tar-000,1,0.9321363568305969
evaluation-74599-non-000,0,0.8650945425033569
evaluation-74720-tar-000,1,0.8045490384101868
evaluation-74720-non-000,0,0.12966498732566833
evaluation-74745-tar-000,1,0.5187715291976929
evaluation-74745-non-000,0,0.8664621114730835
evaluation-74783-tar-000,1,0.9856794476509094
evaluation-74783-non-000,0,0.9366904497146606
evaluation-74953-tar-000,1,0.6867464780807495
evaluation-74953-non-000,0,0.8446311354637146
evaluation-7500-tar-000,1,0.7310398817062378
evaluation-7500-non-000,0,0.6151223182678223
evaluation-75011-tar-000,1,0.9654337167739868
evaluation-75011-non-000,0,0.8345498442649841
evaluation-7511-tar-000,1,0.6339032649993896
evaluation-7511-non-000,0,0.27827244997024536
evaluation-75157-tar-000,1,0.880804181098938
evaluation-75157-non-000,0,0.8622850179672241
evaluation-7516-tar-000,1,0.9583535194396973
evaluation-7516-non-000,0,0.8360955119132996
evaluation-75176-tar-000,1,0.9800312519073486
evaluation-75176-non-000,0,0.7127231359481812
evaluation-75192-tar-000,1,0.658160924911499
evaluation-75192-non-000,0,0.8975168466567993
evaluation-7536-tar-000,1,0.2703925669193268
evaluation-7536-non-000,0,0.8258333206176758
evaluation-7544-tar-000,1,0.9201511740684509
evaluation-7544-non-000,0,0.9546122550964355
evaluation-75442-tar-000,1,0.8141456842422485
evaluation-75442-non-000,0,0.7869687080383301
evaluation-75448-tar-000,1,0.9640900492668152
evaluation-75448-non-000,0,0.9157052636146545
evaluation-75451-tar-000,1,0.5794111490249634
evaluation-75451-non-000,0,-0.4348759055137634
evaluation-75555-tar-000,1,0.8537461757659912
evaluation-75555-non-000,0,0.2355325073003769
evaluation-75690-tar-000,1,0.9709919691085815
evaluation-75690-non-000,0,0.8844201564788818
evaluation-75753-tar-000,1,0.7821119427680969
evaluation-75753-non-000,0,-0.07178398966789246
evaluation-75802-tar-000,1,0.9438450336456299
evaluation-75802-non-000,0,-0.07208432257175446
evaluation-75849-tar-000,1,0.38675612211227417
evaluation-75849-non-000,0,0.5093581676483154
evaluation-75860-tar-000,1,0.946311354637146
evaluation-75860-non-000,0,-0.05262015759944916
evaluation-75874-tar-000,1,0.901089608669281
evaluation-75874-non-000,0,0.8661930561065674
evaluation-75945-tar-000,1,0.9695837497711182
evaluation-75945-non-000,0,-0.556463360786438
evaluation-7604-tar-000,1,0.8234722018241882
evaluation-7604-non-000,0,0.2234354317188263
evaluation-76085-tar-000,1,0.9395509958267212
evaluation-76085-non-000,0,0.8318899869918823
evaluation-76101-tar-000,1,0.9155004620552063
evaluation-76101-non-000,0,0.9503046274185181
evaluation-7617-tar-000,1,0.9376134276390076
evaluation-7617-non-000,0,0.7152178883552551
evaluation-76192-tar-000,1,0.9052358865737915
evaluation-76192-non-000,0,0.4339066743850708
evaluation-76247-tar-000,1,0.8926841616630554
evaluation-76247-non-000,0,0.8072589039802551
evaluation-76299-tar-000,1,0.9661216139793396
evaluation-76299-non-000,0,0.8435875177383423
evaluation-76420-tar-000,1,0.6777433156967163
evaluation-76420-non-000,0,0.5631647706031799
evaluation-7645-tar-000,1,0.7748349905014038
evaluation-7645-non-000,0,0.8906480073928833
evaluation-76453-tar-000,1,0.7524957656860352
evaluation-76453-non-000,0,0.20861685276031494
evaluation-7646-tar-000,1,0.9550676941871643
evaluation-7646-non-000,0,0.7386109828948975
evaluation-7654-tar-000,1,0.22874316573143005
evaluation-7654-non-000,0,0.8599987030029297
evaluation-7655-tar-000,1,0.9779123067855835
evaluation-7655-non-000,0,0.5194531679153442
evaluation-76585-tar-000,1,0.9243485331535339
evaluation-76585-non-000,0,0.3349412679672241
evaluation-76695-tar-000,1,0.9871479868888855
evaluation-76695-non-000,0,0.8908261060714722
evaluation-76719-tar-000,1,0.842327356338501
evaluation-76719-non-000,0,0.6631685495376587
evaluation-76725-tar-000,1,0.1994125097990036
evaluation-76725-non-000,0,0.41311293840408325
evaluation-7679-tar-000,1,0.6246493458747864
evaluation-7679-non-000,0,0.5152391195297241
evaluation-76862-tar-000,1,0.014734897762537003
evaluation-76862-non-000,0,0.7487872838973999
evaluation-77101-tar-000,1,0.9569610953330994
evaluation-77101-non-000,0,-0.5669915676116943
evaluation-7712-tar-000,1,0.9218071699142456
evaluation-7712-non-000,0,0.9769182205200195
evaluation-77175-tar-000,1,0.9336308240890503
evaluation-77175-non-000,0,-0.23608878254890442
evaluation-7721-tar-000,1,0.9843258857727051
evaluation-7721-non-000,0,-0.04945927858352661
evaluation-7726-tar-000,1,0.8557740449905396
evaluation-7726-non-000,0,0.2975166440010071
evaluation-7728-tar-000,1,0.8795804977416992
evaluation-7728-non-000,0,0.36366552114486694
evaluation-7735-tar-000,1,0.547095775604248
evaluation-7735-non-000,0,0.11989212781190872
evaluation-77351-tar-000,1,0.6884167194366455
evaluation-77351-non-000,0,0.9228094816207886
evaluation-77376-tar-000,1,0.9068400263786316
evaluation-77376-non-000,0,0.43659377098083496
evaluation-77486-tar-000,1,0.638492226600647
evaluation-77486-non-000,0,0.07502531260251999
evaluation-7750-tar-000,1,0.8861156702041626
evaluation-7750-non-000,0,0.3504394590854645
evaluation-77571-tar-000,1,0.9753841757774353
evaluation-77571-non-000,0,0.33064669370651245
evaluation-77656-tar-000,1,0.23328404128551483
evaluation-77656-non-000,0,0.7555807828903198
evaluation-77851-tar-000,1,0.7357152700424194
evaluation-77851-non-000,0,-0.1330069899559021
evaluation-77854-tar-000,1,0.9855507016181946
evaluation-77854-non-000,0,0.22544357180595398
evaluation-77879-tar-000,1,0.9313675761222839
evaluation-77879-non-000,0,0.7863171100616455
evaluation-7789-tar-000,1,0.9232609868049622
evaluation-7789-non-000,0,-0.12632779777050018
evaluation-7790-tar-000,1,0.953829288482666
evaluation-7790-non-000,0,0.8507511615753174
evaluation-7810-tar-000,1,0.8931906819343567
evaluation-7810-non-000,0,0.7735931873321533
evaluation-78247-tar-000,1,0.9799540042877197
evaluation-78247-non-000,0,-0.4985618591308594
evaluation-78249-tar-000,1,0.9803053736686707
evaluation-78249-non-000,0,0.510596752166748
evaluation-7827-tar-000,1,0.8955847024917603
evaluation-7827-non-000,0,0.7016046047210693
evaluation-78370-tar-000,1,0.935276210308075
evaluation-78370-non-000,0,0.8067224621772766
evaluation-78400-tar-000,1,0.9592195749282837
evaluation-78400-non-000,0,0.906660795211792
evaluation-78436-tar-000,1,0.989415168762207
evaluation-78436-non-000,0,0.1708960235118866
evaluation-78444-tar-000,1,0.7579667568206787
evaluation-78444-non-000,0,0.19968700408935547
evaluation-7846-tar-000,1,0.8352431654930115
evaluation-7846-non-000,0,0.9717382192611694
evaluation-7848-tar-000,1,0.9775070548057556
evaluation-7848-non-000,0,0.5722532272338867
evaluation-7849-tar-000,1,0.895271360874176
evaluation-7849-non-000,0,0.6419904232025146
evaluation-78540-tar-000,1,0.763885498046875
evaluation-78540-non-000,0,0.6494203209877014
evaluation-78571-tar-000,1,0.9573092460632324
evaluation-78571-non-000,0,0.9077272415161133
evaluation-78576-tar-000,1,0.6830896139144897
evaluation-78576-non-000,0,0.8676596283912659
evaluation-78584-tar-000,1,0.8337150812149048
evaluation-78584-non-000,0,0.2922447919845581
evaluation-78615-tar-000,1,0.9566441774368286
evaluation-78615-non-000,0,0.7422204613685608
evaluation-78675-tar-000,1,0.9411967992782593
evaluation-78675-non-000,0,0.4367508292198181
evaluation-78752-tar-000,1,0.9784349799156189
evaluation-78752-non-000,0,0.831264853477478
evaluation-7878-tar-000,1,0.7066280841827393
evaluation-7878-non-000,0,0.061347685754299164
evaluation-78782-tar-000,1,0.8844220638275146
evaluation-78782-non-000,0,-0.30117976665496826
evaluation-78815-tar-000,1,0.5286691188812256
evaluation-78815-non-000,0,-0.004209697246551514
evaluation-78826-tar-000,1,0.9736979007720947
evaluation-78826-non-000,0,0.9884871244430542
evaluation-78887-tar-000,1,0.6457167863845825
evaluation-78887-non-000,0,-0.06401105970144272
evaluation-78963-tar-000,1,0.9878886342048645
evaluation-78963-non-000,0,0.6053950786590576
evaluation-78972-tar-000,1,0.9027062058448792
evaluation-78972-non-000,0,0.049756426364183426
evaluation-79095-tar-000,1,0.9683745503425598
evaluation-79095-non-000,0,0.2602834701538086
evaluation-79255-tar-000,1,0.7313029766082764
evaluation-79255-non-000,0,-0.3686768114566803
evaluation-79474-tar-000,1,0.8724501132965088
evaluation-79474-non-000,0,0.9758625030517578
evaluation-79521-tar-000,1,0.9304691553115845
evaluation-79521-non-000,0,0.9169712662696838
evaluation-79581-tar-000,1,0.728188693523407
evaluation-79581-non-000,0,0.9940387606620789
evaluation-7964-tar-000,1,0.15120117366313934
evaluation-7964-non-000,0,0.8521915674209595
evaluation-7972-tar-000,1,0.8577867746353149
evaluation-7972-non-000,0,0.718738317489624
evaluation-79776-tar-000,1,0.9980081915855408
evaluation-79776-non-000,0,0.6935458779335022
evaluation-79798-tar-000,1,0.5655555725097656
evaluation-79798-non-000,0,0.837794303894043
evaluation-79807-tar-000,1,0.9202780723571777
evaluation-79807-non-000,0,0.752566397190094
evaluation-7983-tar-000,1,0.9687688946723938
evaluation-7983-non-000,0,0.8183834552764893
evaluation-79843-tar-000,1,0.9353306293487549
evaluation-79843-non-000,0,0.7388286590576172
evaluation-7989-tar-000,1,0.8725309371948242
evaluation-7989-non-000,0,0.6890692710876465
evaluation-79980-tar-000,1,0.4095262885093689
evaluation-79980-non-000,0,0.6361110210418701
evaluation-79991-tar-000,1,0.9980931282043457
evaluation-79991-non-000,0,0.8291458487510681
evaluation-80153-tar-000,1,0.9763163328170776
evaluation-80153-non-000,0,0.7998086214065552
evaluation-80180-tar-000,1,0.9197866916656494
evaluation-80180-non-000,0,0.9288608431816101
evaluation-8019-tar-000,1,0.9811269044876099
evaluation-8019-non-000,0,0.8141826391220093
evaluation-80210-tar-000,1,0.8999201059341431
evaluation-80210-non-000,0,0.6877123117446899
evaluation-80221-tar-000,1,0.9963210225105286
evaluation-80221-non-000,0,0.7693238258361816
evaluation-8023-tar-000,1,0.9323190450668335
evaluation-8023-non-000,0,0.9559696316719055
evaluation-8027-tar-000,1,0.9639086127281189
evaluation-8027-non-000,0,0.991706371307373
evaluation-8028-tar-000,1,0.315589964389801
evaluation-8028-non-000,0,0.6562901139259338
evaluation-80353-tar-000,1,0.8765112161636353
evaluation-80353-non-000,0,0.9059745073318481
evaluation-8041-tar-000,1,0.46849319338798523
evaluation-8041-non-000,0,0.6086721420288086
evaluation-80449-tar-000,1,0.9446300268173218
evaluation-80449-non-000,0,0.9944336414337158
evaluation-80504-tar-000,1,0.9964532256126404
evaluation-80504-non-000,0,0.9751957654953003
evaluation-8068-tar-000,1,0.7208431959152222
evaluation-8068-non-000,0,0.8413872122764587
evaluation-80710-tar-000,1,0.7898614406585693
evaluation-80710-non-000,0,-0.07811212539672852
evaluation-80773-tar-000,1,0.9594826698303223
evaluation-80773-non-000,0,0.9022860527038574
evaluation-80793-tar-000,1,0.9305809736251831
evaluation-80793-non-000,0,0.9069118499755859
evaluation-80798-tar-000,1,0.9503173828125
evaluation-80798-non-000,0,-0.01702919229865074
evaluation-80806-tar-000,1,0.9705890417098999
evaluation-80806-non-000,0,0.9573900103569031
evaluation-80900-tar-000,1,0.8554406762123108
evaluation-80900-non-000,0,0.46753937005996704
evaluation-80935-tar-000,1,0.8530981540679932
evaluation-80935-non-000,0,-0.31416940689086914
evaluation-80938-tar-000,1,0.988176167011261
evaluation-80938-non-000,0,0.986140251159668
evaluation-8097-tar-000,1,0.6656206250190735
evaluation-8097-non-000,0,0.32005825638771057
evaluation-81034-tar-000,1,0.6130302548408508
evaluation-81034-non-000,0,0.38547980785369873
evaluation-81103-tar-000,1,0.9613165855407715
evaluation-81103-non-000,0,-0.06624016165733337
evaluation-81106-tar-000,1,0.9339386820793152
evaluation-81106-non-000,0,0.863329291343689
evaluation-81111-tar-000,1,0.9588292241096497
evaluation-81111-non-000,0,0.8167004585266113
evaluation-81119-tar-000,1,0.8842027187347412
evaluation-81119-non-000,0,0.4823553264141083
evaluation-81128-tar-000,1,0.9763610363006592
evaluation-81128-non-000,0,0.8192667961120605
evaluation-81174-tar-000,1,0.984605073928833
evaluation-81174-non-000,0,0.8781156539916992
evaluation-81271-tar-000,1,0.738373339176178
evaluation-81271-non-000,0,0.18586719036102295
evaluation-81276-tar-000,1,0.9199740886688232
evaluation-81276-non-000,0,0.11130722612142563
evaluation-81309-tar-000,1,0.9438347220420837
evaluation-81309-non-000,0,0.6717115640640259
evaluation-8143-tar-000,1,0.7470164895057678
evaluation-8143-non-000,0,0.1501772403717041
evaluation-81441-tar-000,1,0.8882551193237305
evaluation-81441-non-000,0,0.7999115586280823
evaluation-81455-tar-000,1,0.988762617111206
evaluation-81455-non-000,0,0.1867487132549286
evaluation-81823-tar-000,1,0.8727646470069885
evaluation-81823-non-000,0,0.9778507947921753
evaluation-8185-tar-000,1,0.5651031732559204
evaluation-8185-non-000,0,0.48589885234832764
evaluation-81858-tar-000,1,0.9774061441421509
evaluation-81858-non-000,0,0.908846914768219
evaluation-8191-tar-000,1,0.8192460536956787
evaluation-8191-non-000,0,0.9284123182296753
evaluation-81913-tar-000,1,0.978105366230011
evaluation-81913-non-000,0,0.9887601137161255
evaluation-81963-tar-000,1,0.5730816721916199
evaluation-81963-non-000,0,0.9790307283401489
evaluation-8203-tar-000,1,0.550679087638855
evaluation-8203-non-000,0,0.8730603456497192
evaluation-82040-tar-000,1,0.9841296672821045
evaluation-82040-non-000,0,0.8545113801956177
evaluation-8210-tar-000,1,0.9627301692962646
evaluation-8210-non-000,0,-0.20054712891578674
evaluation-8215-tar-000,1,0.7749803066253662
evaluation-8215-non-000,0,0.6362276077270508
evaluation-8216-tar-000,1,0.9948809146881104
evaluation-8216-non-000,0,0.8801406621932983
evaluation-8219-tar-000,1,0.8605599999427795
evaluation-8219-non-000,0,0.7563085556030273
evaluation-82273-tar-000,1,0.9503562450408936
evaluation-82273-non-000,0,0.15822254121303558
evaluation-82342-tar-000,1,0.8949281573295593
evaluation-82342-non-000,0,0.47250810265541077
evaluation-8236-tar-000,1,0.3884553909301758
evaluation-8236-non-000,0,0.7111650109291077
evaluation-82421-tar-000,1,0.9870038032531738
evaluation-82421-non-000,0,-0.4742043614387512
evaluation-82603-tar-000,1,0.9640263319015503
evaluation-82603-non-000,0,0.6795471906661987
evaluation-82641-tar-000,1,0.853488028049469
evaluation-82641-non-000,0,0.6677608489990234
evaluation-82842-tar-000,1,0.7017660140991211
evaluation-82842-non-000,0,0.06749042868614197
evaluation-82847-tar-000,1,0.9722411036491394
evaluation-82847-non-000,0,0.7203274369239807
evaluation-8299-tar-000,1,0.9754244089126587
evaluation-8299-non-000,0,0.4894188642501831
evaluation-83006-tar-000,1,0.6876461505889893
evaluation-83006-non-000,0,0.8018782138824463
evaluation-83028-tar-000,1,0.298161119222641
evaluation-83028-non-000,0,0.4496021866798401
evaluation-83094-tar-000,1,0.7326933741569519
evaluation-83094-non-000,0,0.7476961612701416
evaluation-83204-tar-000,1,0.960837185382843
evaluation-83204-non-000,0,0.5815938115119934
evaluation-8328-tar-000,1,0.4167357087135315
evaluation-8328-non-000,0,0.5085676908493042
evaluation-8335-tar-000,1,0.8917725086212158
evaluation-8335-non-000,0,0.961301863193512
evaluation-83355-tar-000,1,0.8999155759811401
evaluation-83355-non-000,0,0.6858911514282227
evaluation-83674-tar-000,1,0.9798012971878052
evaluation-83674-non-000,0,0.7442367672920227
evaluation-83696-tar-000,1,0.9803705215454102
evaluation-83696-non-000,0,0.9392049312591553
evaluation-8383-tar-000,1,0.5184519290924072
evaluation-8383-non-000,0,0.7681448459625244
evaluation-83839-tar-000,1,0.8801207542419434
evaluation-83839-non-000,0,0.7911156415939331
evaluation-83905-tar-000,1,0.815683126449585
evaluation-83905-non-000,0,0.8816865086555481
evaluation-83918-tar-000,1,0.921849250793457
evaluation-83918-non-000,0,0.8781528472900391
evaluation-83927-tar-000,1,0.593588650226593
evaluation-83927-non-000,0,0.9080990552902222
evaluation-83995-tar-000,1,0.9804931879043579
evaluation-83995-non-000,0,0.8618144989013672
evaluation-8407-tar-000,1,0.8224142789840698
evaluation-8407-non-000,0,0.34192711114883423
evaluation-84075-tar-000,1,0.6537320017814636
evaluation-84075-non-000,0,-0.27484917640686035
evaluation-84160-tar-000,1,0.8998895287513733
evaluation-84160-non-000,0,0.608183741569519
evaluation-84187-tar-000,1,0.9271425008773804
evaluation-84187-non-000,0,0.4377046823501587
evaluation-84300-tar-000,1,0.048348911106586456
evaluation-84300-non-000,0,0.8281829357147217
evaluation-84457-tar-000,1,0.9831271171569824
evaluation-84457-non-000,0,0.8520021438598633
evaluation-84512-tar-000,1,0.9640157222747803
evaluation-84512-non-000,0,0.7545177936553955
evaluation-8452-tar-000,1,0.5106213092803955
evaluation-8452-non-000,0,0.572557270526886
evaluation-8453-tar-000,1,0.7996776700019836
evaluation-8453-non-000,0,0.2296849489212036
evaluation-84544-tar-000,1,0.9698031544685364
evaluation-84544-non-000,0,0.954784631729126
evaluation-84547-tar-000,1,0.9536933302879333
evaluation-84547-non-000,0,0.7821701765060425
evaluation-84649-tar-000,1,0.9417197108268738
evaluation-84649-non-000,0,0.9762846231460571
evaluation-84693-tar-000,1,0.8469365835189819
evaluation-84693-non-000,0,0.7683849334716797
evaluation-84704-tar-000,1,0.9825550317764282
evaluation-84704-non-000,0,0.9352874755859375
evaluation-84753-tar-000,1,0.8229462504386902
evaluation-84753-non-000,0,0.5287292003631592
evaluation-84929-tar-000,1,0.8662046194076538
evaluation-84929-non-000,0,0.9361667633056641
evaluation-8494-tar-000,1,0.7979186773300171
evaluation-8494-non-000,0,0.891920804977417
evaluation-8502-tar-000,1,0.8380981683731079
evaluation-8502-non-000,0,0.831631064414978
evaluation-85201-tar-000,1,0.8119686245918274
evaluation-85201-non-000,0,0.5122040510177612
evaluation-8522-tar-000,1,0.7300362586975098
evaluation-8522-non-000,0,0.9107290506362915
evaluation-8527-tar-000,1,0.9887940883636475
evaluation-8527-non-000,0,0.8859396576881409
evaluation-85286-tar-000,1,0.9987297654151917
evaluation-85286-non-000,0,0.780059814453125
evaluation-85319-tar-000,1,0.8709784746170044
evaluation-85319-non-000,0,0.9587597846984863
evaluation-85396-tar-000,1,0.7207466959953308
evaluation-85396-non-000,0,0.32688379287719727
evaluation-85421-tar-000,1,0.9856452941894531
evaluation-85421-non-000,0,0.7759710550308228
evaluation-8557-tar-000,1,0.7256317734718323
evaluation-8557-non-000,0,0.9069614410400391
evaluation-85676-tar-000,1,0.6035703420639038
evaluation-85676-non-000,0,0.5911486148834229
evaluation-85750-tar-000,1,0.9719446897506714
evaluation-85750-non-000,0,0.706521213054657
evaluation-85778-tar-000,1,0.8566330671310425
evaluation-85778-non-000,0,0.7117313146591187
evaluation-85871-tar-000,1,0.957675576210022
evaluation-85871-non-000,0,0.7099208831787109
evaluation-8602-tar-000,1,0.5243701338768005
evaluation-8602-non-000,0,0.7969241738319397
evaluation-86107-tar-000,1,0.3102227449417114
evaluation-86107-non-000,0,0.0941479504108429
evaluation-8614-tar-000,1,0.881370484828949
evaluation-8614-non-000,0,0.735503077507019
evaluation-86151-tar-000,1,0.8408082127571106
evaluation-86151-non-000,0,0.5925479531288147
evaluation-86198-tar-000,1,0.920161247253418
evaluation-86198-non-000,0,0.9312443733215332
evaluation-86245-tar-000,1,0.798029899597168
evaluation-86245-non-000,0,0.7977352142333984
evaluation-8628-tar-000,1,0.4297049045562744
evaluation-8628-non-000,0,0.8544354438781738
evaluation-8630-tar-000,1,0.9870596528053284
evaluation-8630-non-000,0,0.8025918006896973
evaluation-86376-tar-000,1,0.9317722916603088
evaluation-86376-non-000,0,0.039950352162122726
evaluation-8639-tar-000,1,0.7768635749816895
evaluation-8639-non-000,0,-0.09406847506761551
evaluation-8640-tar-000,1,0.9369033575057983
evaluation-8640-non-000,0,0.8998362421989441
evaluation-86470-tar-000,1,0.7714060544967651
evaluation-86470-non-000,0,0.5103694200515747
evaluation-86478-tar-000,1,0.5457321405410767
evaluation-86478-non-000,0,0.8437299728393555
evaluation-86519-tar-000,1,0.9640840291976929
evaluation-86519-non-000,0,-0.0013681724667549133
evaluation-86577-tar-000,1,0.022143535315990448
evaluation-86577-non-000,0,-0.03278276324272156
evaluation-86591-tar-000,1,0.6603691577911377
evaluation-86591-non-000,0,0.7567014694213867
evaluation-86799-tar-000,1,0.9892812967300415
evaluation-86799-non-000,0,0.4162781238555908
evaluation-86926-tar-000,1,0.7773940563201904
evaluation-86926-non-000,0,0.2458081841468811
evaluation-86945-tar-000,1,0.8437222242355347
evaluation-86945-non-000,0,0.39953354001045227
evaluation-8697-tar-000,1,0.5666965246200562
evaluation-8697-non-000,0,0.3546910881996155
evaluation-87016-tar-000,1,0.9585748910903931
evaluation-87016-non-000,0,0.2998558580875397
evaluation-87176-tar-000,1,0.9252948760986328
evaluation-87176-non-000,0,0.9151403307914734
evaluation-8724-tar-000,1,0.8652578592300415
evaluation-8724-non-000,0,0.5851597189903259
evaluation-87313-tar-000,1,0.8909069895744324
evaluation-87313-non-000,0,0.7070757150650024
evaluation-87338-tar-000,1,0.9987991452217102
evaluation-87338-non-000,0,0.679710865020752
evaluation-87362-tar-000,1,0.9450284838676453
evaluation-87362-non-000,0,-0.36599528789520264
evaluation-87450-tar-000,1,0.9608452916145325
evaluation-87450-non-000,0,0.8096623420715332
evaluation-8746-tar-000,1,0.9866936206817627
evaluation-8746-non-000,0,0.9653244614601135
evaluation-8756-tar-000,1,0.7620328664779663
evaluation-8756-non-000,0,-0.13863609731197357
evaluation-87577-tar-000,1,0.9264684915542603
evaluation-87577-non-000,0,0.7268725633621216
evaluation-87601-tar-000,1,0.9237530827522278
evaluation-87601-non-000,0,0.9269107580184937
evaluation-8765-tar-000,1,0.9178484678268433
evaluation-8765-non-000,0,0.5285208225250244
evaluation-87711-tar-000,1,0.9251334071159363
evaluation-87711-non-000,0,-0.08300008624792099
evaluation-87720-tar-000,1,0.8004875183105469
evaluation-87720-non-000,0,0.6517612934112549
evaluation-87722-tar-000,1,0.7989801168441772
evaluation-87722-non-000,0,0.7404582500457764
evaluation-87876-tar-000,1,0.826289176940918
evaluation-87876-non-000,0,0.4503430724143982
evaluation-87923-tar-000,1,0.9698479771614075
evaluation-87923-non-000,0,0.9019901752471924
evaluation-8796-tar-000,1,0.9304076433181763
evaluation-8796-non-000,0,-0.14624792337417603
evaluation-8804-tar-000,1,0.8594629764556885
evaluation-8804-non-000,0,0.7788456678390503
evaluation-88060-tar-000,1,0.9105868339538574
evaluation-88060-non-000,0,0.729348361492157
evaluation-8814-tar-000,1,0.9806060791015625
evaluation-8814-non-000,0,0.6153683662414551
evaluation-88156-tar-000,1,0.8897418975830078
evaluation-88156-non-000,0,0.8628056049346924
evaluation-88170-tar-000,1,0.8974234461784363
evaluation-88170-non-000,0,0.5348880887031555
evaluation-88313-tar-000,1,0.8843103647232056
evaluation-88313-non-000,0,0.791171133518219
evaluation-8836-tar-000,1,0.9518231153488159
evaluation-8836-non-000,0,0.621376633644104
evaluation-88458-tar-000,1,0.8717782497406006
evaluation-88458-non-000,0,0.8801072239875793
evaluation-88524-tar-000,1,0.8956080079078674
evaluation-88524-non-000,0,0.7733609676361084
evaluation-88576-tar-000,1,0.8900383114814758
evaluation-88576-non-000,0,0.7392195463180542
evaluation-88582-tar-000,1,0.9905123710632324
evaluation-88582-non-000,0,0.8842031955718994
evaluation-88689-tar-000,1,0.7652024626731873
evaluation-88689-non-000,0,0.49691241979599
evaluation-88747-tar-000,1,0.9723362326622009
evaluation-88747-non-000,0,0.5782924890518188
evaluation-88780-tar-000,1,0.8783151507377625
evaluation-88780-non-000,0,0.48570626974105835
evaluation-88791-tar-000,1,0.7446051836013794
evaluation-88791-non-000,0,-0.5092079639434814
evaluation-8896-tar-000,1,0.900684118270874
evaluation-8896-non-000,0,0.9290021657943726
evaluation-89005-tar-000,1,0.8811673521995544
evaluation-89005-non-000,0,0.4946717321872711
evaluation-89027-tar-000,1,0.9950473308563232
evaluation-89027-non-000,0,0.7839041948318481
evaluation-89054-tar-000,1,0.8082788586616516
evaluation-89054-non-000,0,0.886397123336792
evaluation-89120-tar-000,1,0.9714484214782715
evaluation-89120-non-000,0,0.5413695573806763
evaluation-89255-tar-000,1,0.9129912257194519
evaluation-89255-non-000,0,0.8974038362503052
evaluation-89335-tar-000,1,0.8758821487426758
evaluation-89335-non-000,0,0.9634106159210205
evaluation-89340-tar-000,1,0.5370880961418152
evaluation-89340-non-000,0,0.2983147203922272
evaluation-89346-tar-000,1,0.7273887395858765
evaluation-89346-non-000,0,0.9448968172073364
evaluation-89381-tar-000,1,0.719001293182373
evaluation-89381-non-000,0,0.44549232721328735
evaluation-89557-tar-000,1,0.8488191366195679
evaluation-89557-non-000,0,0.8968802690505981
evaluation-89604-tar-000,1,0.2822255492210388
evaluation-89604-non-000,0,0.4266182482242584
evaluation-89615-tar-000,1,0.9486755728721619
evaluation-89615-non-000,0,0.859265923500061
evaluation-89631-tar-000,1,0.8343851566314697
evaluation-89631-non-000,0,0.22149574756622314
evaluation-89757-tar-000,1,0.782988429069519
evaluation-89757-non-000,0,0.6370327472686768
evaluation-89766-tar-000,1,0.9511083960533142
evaluation-89766-non-000,0,0.22878026962280273
evaluation-89782-tar-000,1,0.7068742513656616
evaluation-89782-non-000,0,0.49247923493385315
evaluation-89818-tar-000,1,0.8955458402633667
evaluation-89818-non-000,0,0.9126023054122925
evaluation-89822-tar-000,1,0.9265355467796326
evaluation-89822-non-000,0,0.28802359104156494
evaluation-8983-tar-000,1,0.855970561504364
evaluation-8983-non-000,0,0.3687487244606018
evaluation-90024-tar-000,1,0.8710964918136597
evaluation-90024-non-000,0,0.7058528661727905
evaluation-90032-tar-000,1,0.9263582825660706
evaluation-90032-non-000,0,0.6491162180900574
evaluation-90038-tar-000,1,0.43722689151763916
evaluation-90038-non-000,0,0.6597312092781067
evaluation-90117-tar-000,1,0.8968023061752319
evaluation-90117-non-000,0,0.8018786311149597
evaluation-90145-tar-000,1,0.6403086185455322
evaluation-90145-non-000,0,0.8156373500823975
evaluation-90148-tar-000,1,0.9807530641555786
evaluation-90148-non-000,0,-0.5812694430351257
evaluation-90169-tar-000,1,0.6253657341003418
evaluation-90169-non-000,0,0.4632038474082947
evaluation-90257-tar-000,1,0.7614995837211609
evaluation-90257-non-000,0,0.9428355693817139
evaluation-90301-tar-000,1,0.9669683575630188
evaluation-90301-non-000,0,-0.1558186560869217
evaluation-90304-tar-000,1,0.9673856496810913
evaluation-90304-non-000,0,0.8006960153579712
evaluation-90381-tar-000,1,0.9634414911270142
evaluation-90381-non-000,0,0.6627767086029053
evaluation-90414-tar-000,1,0.9639741778373718
evaluation-90414-non-000,0,0.7991812229156494
evaluation-90469-tar-000,1,0.34121042490005493
evaluation-90469-non-000,0,0.24898359179496765
evaluation-90562-tar-000,1,0.9935998916625977
evaluation-90562-non-000,0,0.9856770038604736
evaluation-90631-tar-000,1,0.8766858577728271
evaluation-90631-non-000,0,0.9687505960464478
evaluation-90862-tar-000,1,0.7863709330558777
evaluation-90862-non-000,0,0.7434067726135254
evaluation-90875-tar-000,1,0.8091510534286499
evaluation-90875-non-000,0,0.7916032671928406
evaluation-90939-tar-000,1,0.9940857887268066
evaluation-90939-non-000,0,-0.3400353193283081
evaluation-9109-tar-000,1,0.8527233004570007
evaluation-9109-non-000,0,0.9248847961425781
evaluation-91106-tar-000,1,0.9746462106704712
evaluation-91106-non-000,0,0.7321459054946899
evaluation-91166-tar-000,1,0.362956166267395
evaluation-91166-non-000,0,-0.45214828848838806
evaluation-91205-tar-000,1,0.8064541816711426
evaluation-91205-non-000,0,0.26378342509269714
evaluation-9125-tar-000,1,0.9112921953201294
evaluation-9125-non-000,0,0.8916248083114624
evaluation-91433-tar-000,1,0.7428174018859863
evaluation-91433-non-000,0,0.9442421197891235
evaluation-91441-tar-000,1,0.8775027990341187
evaluation-91441-non-000,0,0.7889292240142822
evaluation-91466-tar-000,1,0.9212731122970581
evaluation-91466-non-000,0,0.26898396015167236
evaluation-9148-tar-000,1,0.1354628950357437
evaluation-9148-non-000,0,0.6683261394500732
evaluation-91496-tar-000,1,0.9670171737670898
evaluation-91496-non-000,0,0.9043618440628052
evaluation-91543-tar-000,1,0.9639715552330017
evaluation-91543-non-000,0,0.9394227266311646
evaluation-91642-tar-000,1,0.9286196231842041
evaluation-91642-non-000,0,0.6432793140411377
evaluation-9165-tar-000,1,0.9122776985168457
evaluation-9165-non-000,0,0.7759249210357666
evaluation-91719-tar-000,1,0.9277588129043579
evaluation-91719-non-000,0,0.33911949396133423
evaluation-9179-tar-000,1,0.666976809501648
evaluation-9179-non-000,0,0.2981540560722351
evaluation-91798-tar-000,1,0.5742102861404419
evaluation-91798-non-000,0,0.20731468498706818
evaluation-91823-tar-000,1,0.4474695026874542
evaluation-91823-non-000,0,-0.15292692184448242
evaluation-91886-tar-000,1,0.7272133231163025
evaluation-91886-non-000,0,0.9081728458404541
evaluation-9195-tar-000,1,0.8315619230270386
evaluation-9195-non-000,0,0.26640719175338745
evaluation-9197-tar-000,1,0.9609222412109375
evaluation-9197-non-000,0,0.926946759223938
evaluation-91974-tar-000,1,0.7685673832893372
evaluation-91974-non-000,0,0.024955585598945618
evaluation-92007-tar-000,1,0.9725451469421387
evaluation-92007-non-000,0,0.8384815454483032
evaluation-9210-tar-000,1,0.9468633532524109
evaluation-9210-non-000,0,0.9584874510765076
evaluation-92133-tar-000,1,0.9118348956108093
evaluation-92133-non-000,0,0.17055901885032654
evaluation-92260-tar-000,1,0.9779955148696899
evaluation-92260-non-000,0,0.9325083494186401
evaluation-9229-tar-000,1,0.7197439074516296
evaluation-9229-non-000,0,-0.08944249153137207
evaluation-9240-tar-000,1,0.9317291378974915
evaluation-9240-non-000,0,0.8156452178955078
evaluation-9241-tar-000,1,0.7697471380233765
evaluation-9241-non-000,0,0.5409402847290039
evaluation-92438-tar-000,1,0.8812378644943237
evaluation-92438-non-000,0,-0.019499890506267548
evaluation-92488-tar-000,1,0.5852257013320923
evaluation-92488-non-000,0,0.6013126969337463
evaluation-92630-tar-000,1,0.8883898854255676
evaluation-92630-non-000,0,0.33678579330444336
evaluation-92652-tar-000,1,0.8694440126419067
evaluation-92652-non-000,0,0.7355817556381226
evaluation-92787-tar-000,1,0.782198965549469
evaluation-92787-non-000,0,-0.3415786325931549
evaluation-92825-tar-000,1,0.9208167195320129
evaluation-92825-non-000,0,0.8266772031784058
evaluation-92845-tar-000,1,0.9304406046867371
evaluation-92845-non-000,0,0.35631391406059265
evaluation-92853-tar-000,1,0.9183064699172974
evaluation-92853-non-000,0,0.958601176738739
evaluation-9286-tar-000,1,0.9116452932357788
evaluation-9286-non-000,0,0.33853983879089355
evaluation-9291-tar-000,1,0.304360032081604
evaluation-9291-non-000,0,0.7025080323219299
evaluation-9303-tar-000,1,-0.19935913383960724
evaluation-9303-non-000,0,0.8439155220985413
evaluation-93034-tar-000,1,0.9952801465988159
evaluation-93034-non-000,0,0.6952757835388184
evaluation-93042-tar-000,1,0.807098388671875
evaluation-93042-non-000,0,0.5398467779159546
evaluation-93169-tar-000,1,0.8285921812057495
evaluation-93169-non-000,0,0.8976958990097046
evaluation-93210-tar-000,1,0.8986971974372864
evaluation-93210-non-000,0,0.9001028537750244
evaluation-93279-tar-000,1,0.8340698480606079
evaluation-93279-non-000,0,0.8757728934288025
evaluation-93375-tar-000,1,0.9383402466773987
evaluation-93375-non-000,0,0.6739069223403931
evaluation-93449-tar-000,1,0.9697296619415283
evaluation-93449-non-000,0,0.2544914186000824
evaluation-9355-tar-000,1,0.9203776717185974
evaluation-9355-non-000,0,0.3037656843662262
evaluation-93660-tar-000,1,0.9559767246246338
evaluation-93660-non-000,0,0.8395405411720276
evaluation-93718-tar-000,1,0.9260410070419312
evaluation-93718-non-000,0,0.9451467990875244
evaluation-93735-tar-000,1,0.826773464679718
evaluation-93735-non-000,0,0.8766213655471802
evaluation-93740-tar-000,1,0.6019499897956848
evaluation-93740-non-000,0,0.2768715023994446
evaluation-93811-tar-000,1,0.42244696617126465
evaluation-93811-non-000,0,0.2197597324848175
evaluation-93853-tar-000,1,0.9625576734542847
evaluation-93853-non-000,0,0.8421217799186707
evaluation-93886-tar-000,1,0.9679677486419678
evaluation-93886-non-000,0,0.3690902292728424
evaluation-93930-tar-000,1,0.6357728838920593
evaluation-93930-non-000,0,0.8645427227020264
evaluation-9403-tar-000,1,0.33457130193710327
evaluation-9403-non-000,0,0.9635739922523499
evaluation-9410-tar-000,1,0.6134124994277954
evaluation-9410-non-000,0,-0.6725931167602539
evaluation-94105-tar-000,1,0.8643362522125244
evaluation-94105-non-000,0,0.7147600650787354
evaluation-94125-tar-000,1,0.9813839197158813
evaluation-94125-non-000,0,0.9599237442016602
evaluation-94226-tar-000,1,0.6367273330688477
evaluation-94226-non-000,0,0.6477589011192322
evaluation-94267-tar-000,1,0.5051655173301697
evaluation-94267-non-000,0,0.8958514928817749
evaluation-94270-tar-000,1,0.850732684135437
evaluation-94270-non-000,0,0.30454516410827637
evaluation-94314-tar-000,1,0.9821205139160156
evaluation-94314-non-000,0,0.27543410658836365
evaluation-94421-tar-000,1,0.9745282530784607
evaluation-94421-non-000,0,0.8345481157302856
evaluation-94528-tar-000,1,0.9114857316017151
evaluation-94528-non-000,0,0.7750993967056274
evaluation-94550-tar-000,1,0.4457671046257019
evaluation-94550-non-000,0,0.916240930557251
evaluation-94586-tar-000,1,0.9960789680480957
evaluation-94586-non-000,0,0.9738929271697998
evaluation-94633-tar-000,1,0.8473672866821289
evaluation-94633-non-000,0,0.3080849051475525
evaluation-94663-tar-000,1,0.9824150800704956
evaluation-94663-non-000,0,0.9775187373161316
evaluation-94668-tar-000,1,0.9934101700782776
evaluation-94668-non-000,0,0.753757655620575
evaluation-9469-tar-000,1,0.8272227048873901
evaluation-9469-non-000,0,0.9107397794723511
evaluation-94740-tar-000,1,0.9726104736328125
evaluation-94740-non-000,0,0.9310927391052246
evaluation-94828-tar-000,1,0.8559926748275757
evaluation-94828-non-000,0,0.8025752305984497
evaluation-9485-tar-000,1,0.9871621131896973
evaluation-9485-non-000,0,0.9084445238113403
evaluation-94855-tar-000,1,0.08565700054168701
evaluation-94855-non-000,0,0.19339624047279358
evaluation-94971-tar-000,1,0.5662052631378174
evaluation-94971-non-000,0,0.5458896160125732
evaluation-95006-tar-000,1,0.9569622278213501
evaluation-95006-non-000,0,0.46210700273513794
evaluation-95020-tar-000,1,0.8954495191574097
evaluation-95020-non-000,0,0.7845818400382996
evaluation-95031-tar-000,1,0.90807044506073
evaluation-95031-non-000,0,0.7680277824401855
evaluation-95045-tar-000,1,0.8546872138977051
evaluation-95045-non-000,0,0.8556072115898132
evaluation-95072-tar-000,1,0.9477394819259644
evaluation-95072-non-000,0,0.4198608696460724
evaluation-9512-tar-000,1,0.8854216933250427
evaluation-9512-non-000,0,0.6804803609848022
evaluation-95166-tar-000,1,0.7891664505004883
evaluation-95166-non-000,0,0.30189865827560425
evaluation-95174-tar-000,1,0.9723354578018188
evaluation-95174-non-000,0,0.5235830545425415
evaluation-95198-tar-000,1,0.5924432873725891
evaluation-95198-non-000,0,0.15908697247505188
evaluation-9522-tar-000,1,0.8537368178367615
evaluation-9522-non-000,0,0.36520692706108093
evaluation-95229-tar-000,1,0.971712589263916
evaluation-95229-non-000,0,0.9330652952194214
evaluation-95295-tar-000,1,0.9969513416290283
evaluation-95295-non-000,0,0.8523718118667603
evaluation-95300-tar-000,1,0.9523888826370239
evaluation-95300-non-000,0,-0.45996811985969543
evaluation-95303-tar-000,1,0.944462776184082
evaluation-95303-non-000,0,0.7660272121429443
evaluation-95328-tar-000,1,0.9043232202529907
evaluation-95328-non-000,0,0.6544239521026611
evaluation-95388-tar-000,1,0.9501287341117859
evaluation-95388-non-000,0,0.23329636454582214
evaluation-9539-tar-000,1,0.8363476991653442
evaluation-9539-non-000,0,0.6767112016677856
evaluation-95424-tar-000,1,0.2593892514705658
evaluation-95424-non-000,0,0.29981178045272827
evaluation-95459-tar-000,1,0.5495426654815674
evaluation-95459-non-000,0,0.558442234992981
evaluation-9549-tar-000,1,0.9094310998916626
evaluation-9549-non-000,0,-0.09078270941972733
evaluation-95789-tar-000,1,0.8488566875457764
evaluation-95789-non-000,0,0.006375610828399658
evaluation-95962-tar-000,1,0.941881000995636
evaluation-95962-non-000,0,0.49792301654815674
evaluation-96017-tar-000,1,0.6866363286972046
evaluation-96017-non-000,0,0.3775131106376648
evaluation-96130-tar-000,1,0.9959185719490051
evaluation-96130-non-000,0,0.8120061159133911
evaluation-9620-tar-000,1,0.7902469635009766
evaluation-9620-non-000,0,0.7792667150497437
evaluation-96371-tar-000,1,0.939000129699707
evaluation-96371-non-000,0,0.6321782469749451
evaluation-96418-tar-000,1,0.7901656627655029
evaluation-96418-non-000,0,0.601237416267395
evaluation-96443-tar-000,1,0.6806098222732544
evaluation-96443-non-000,0,0.5251295566558838
evaluation-96577-tar-000,1,0.9574477076530457
evaluation-96577-non-000,0,0.8871947526931763
evaluation-96613-tar-000,1,0.949026882648468
evaluation-96613-non-000,0,0.5702399015426636
evaluation-96643-tar-000,1,0.9414246082305908
evaluation-96643-non-000,0,0.8829918503761292
evaluation-9666-tar-000,1,0.6361969113349915
evaluation-9666-non-000,0,0.4696354866027832
evaluation-96665-tar-000,1,0.9475250244140625
evaluation-96665-non-000,0,0.6946015357971191
evaluation-96676-tar-000,1,0.45347315073013306
evaluation-96676-non-000,0,0.23319441080093384
evaluation-96701-tar-000,1,0.9920957088470459
evaluation-96701-non-000,0,-0.029665136709809303
evaluation-96706-tar-000,1,0.9751304388046265
evaluation-96706-non-000,0,0.8680633306503296
evaluation-96712-tar-000,1,0.8787698745727539
evaluation-96712-non-000,0,0.7201101779937744
evaluation-96767-tar-000,1,0.9457544088363647
evaluation-96767-non-000,0,0.2853914201259613
evaluation-96844-tar-000,1,0.9789438843727112
evaluation-96844-non-000,0,0.8822689652442932
evaluation-9696-tar-000,1,0.3728412389755249
evaluation-9696-non-000,0,0.1921692192554474
evaluation-96984-tar-000,1,0.9831671118736267
evaluation-96984-non-000,0,0.8134830594062805
evaluation-9705-tar-000,1,0.8129185438156128
evaluation-9705-non-000,0,0.6331793069839478
evaluation-9706-tar-000,1,0.9302656650543213
evaluation-9706-non-000,0,0.9538918733596802
evaluation-97072-tar-000,1,0.8007521629333496
evaluation-97072-non-000,0,0.45718565583229065
evaluation-9737-tar-000,1,0.5415287017822266
evaluation-9737-non-000,0,-0.48496633768081665
evaluation-97434-tar-000,1,0.8914092779159546
evaluation-97434-non-000,0,0.9248267412185669
evaluation-9752-tar-000,1,0.04026961326599121
evaluation-9752-non-000,0,0.42757219076156616
evaluation-97550-tar-000,1,0.8490440845489502
evaluation-97550-non-000,0,0.6680055856704712
evaluation-97588-tar-000,1,0.9145181179046631
evaluation-97588-non-000,0,0.8793107867240906
evaluation-97624-tar-000,1,0.9744716882705688
evaluation-97624-non-000,0,0.3833388090133667
evaluation-9767-tar-000,1,0.9432757496833801
evaluation-9767-non-000,0,0.6236777305603027
evaluation-97695-tar-000,1,0.978419303894043
evaluation-97695-non-000,0,-0.0980110913515091
evaluation-97860-tar-000,1,0.9651802778244019
evaluation-97860-non-000,0,0.755150318145752
evaluation-97937-tar-000,1,0.9348029494285583
evaluation-97937-non-000,0,0.8369196653366089
evaluation-97953-tar-000,1,0.993319571018219
evaluation-97953-non-000,0,0.7253638505935669
evaluation-9817-tar-000,1,0.8347513675689697
evaluation-9817-non-000,0,0.5991911888122559
evaluation-9830-tar-000,1,0.8151640892028809
evaluation-9830-non-000,0,0.7319071292877197
evaluation-98327-tar-000,1,0.9314286708831787
evaluation-98327-non-000,0,0.934012770652771
evaluation-9835-tar-000,1,0.74395751953125
evaluation-9835-non-000,0,0.8869428634643555
evaluation-98459-tar-000,1,0.9360971450805664
evaluation-98459-non-000,0,0.7138161659240723
evaluation-98514-tar-000,1,0.9642816185951233
evaluation-98514-non-000,0,0.5696394443511963
evaluation-98588-tar-000,1,0.8566515445709229
evaluation-98588-non-000,0,0.6473991274833679
evaluation-9859-tar-000,1,0.8137230277061462
evaluation-9859-non-000,0,0.5676549673080444
evaluation-9863-tar-000,1,0.5505259037017822
evaluation-9863-non-000,0,0.6400680541992188
evaluation-9871-tar-000,1,0.9753376245498657
evaluation-9871-non-000,0,0.8818815350532532
evaluation-9872-tar-000,1,0.9890174865722656
evaluation-9872-non-000,0,0.9717357158660889
evaluation-98731-tar-000,1,0.6087381839752197
evaluation-98731-non-000,0,-0.058487482368946075
evaluation-98744-tar-000,1,0.4560620188713074
evaluation-98744-non-000,0,-0.1004902720451355
evaluation-98821-tar-000,1,0.8595174551010132
evaluation-98821-non-000,0,0.858400821685791
evaluation-99038-tar-000,1,0.8974945545196533
evaluation-99038-non-000,0,-0.22443005442619324
evaluation-9904-tar-000,1,0.7237256765365601
evaluation-9904-non-000,0,0.01976027525961399
evaluation-99123-tar-000,1,0.7875112891197205
evaluation-99123-non-000,0,0.3017948269844055
evaluation-99148-tar-000,1,0.4198433756828308
evaluation-99148-non-000,0,-0.03387970104813576
evaluation-9915-tar-000,1,0.8379286527633667
evaluation-9915-non-000,0,0.46445271372795105
evaluation-99195-tar-000,1,0.8672816753387451
evaluation-99195-non-000,0,0.8677358627319336
evaluation-99206-tar-000,1,0.9784739017486572
evaluation-99206-non-000,0,0.9216794967651367
evaluation-99230-tar-000,1,0.9684332609176636
evaluation-99230-non-000,0,0.7655339241027832
evaluation-99241-tar-000,1,0.9321978092193604
evaluation-99241-non-000,0,0.5903668999671936
evaluation-9928-tar-000,1,0.9896047115325928
evaluation-9928-non-000,0,0.9863101840019226
evaluation-9932-tar-000,1,0.639003336429596
evaluation-9932-non-000,0,0.7285043597221375
evaluation-99321-tar-000,1,0.9907428622245789
evaluation-99321-non-000,0,0.18851876258850098
evaluation-99349-tar-000,1,0.9452491998672485
evaluation-99349-non-000,0,0.05468510463833809
evaluation-9946-tar-000,1,0.7819983959197998
evaluation-9946-non-000,0,0.9574369788169861
evaluation-99461-tar-000,1,0.8747333288192749
evaluation-99461-non-000,0,0.5729345679283142
evaluation-9948-tar-000,1,0.9861313700675964
evaluation-9948-non-000,0,0.8446686267852783
evaluation-9949-tar-000,1,0.265104740858078
evaluation-9949-non-000,0,-0.24986208975315094
evaluation-99497-tar-000,1,0.9020981788635254
evaluation-99497-non-000,0,0.8438798785209656
evaluation-99640-tar-000,1,0.971219539642334
evaluation-99640-non-000,0,0.959296703338623
evaluation-99692-tar-000,1,0.9913457036018372
evaluation-99692-non-000,0,0.8204227685928345
evaluation-9971-tar-000,1,0.19402214884757996
evaluation-9971-non-000,0,0.8784019947052002
evaluation-9972-tar-000,1,0.919489860534668
evaluation-9972-non-000,0,0.803622841835022
evaluation-9979-tar-000,1,0.8159200549125671
evaluation-9979-non-000,0,0.8627498149871826
evaluation-9985-tar-000,1,0.8975501656532288
evaluation-9985-non-000,0,0.17595113813877106
evaluation-9993-tar-000,1,0.7543749809265137
evaluation-9993-non-000,0,0.5254049897193909
evaluation-9994-tar-000,1,0.9561232328414917
evaluation-9994-non-000,0,0.7228481769561768
evaluation-99945-tar-000,1,0.9248881340026855
evaluation-99945-non-000,0,0.44842594861984253
evaluation-99967-tar-000,1,0.9972748756408691
evaluation-99967-non-000,0,0.9921191334724426
evaluation-9997-tar-000,1,0.9621127843856812
evaluation-9997-non-000,0,0.9813856482505798
