trial_id,label,score
evaluation-1007-tar-000,1,-0.6689152121543884
evaluation-1007-non-000,0,-0.6313002109527588
evaluation-1008-tar-000,1,0.9986982941627502
evaluation-1008-non-000,0,0.9926384687423706
evaluation-1013-tar-000,1,0.9564951658248901
evaluation-1013-non-000,0,0.3169567883014679
evaluation-10178-tar-000,1,0.9845920205116272
evaluation-10178-non-000,0,0.9417183995246887
evaluation-1024-tar-000,1,0.9844318628311157
evaluation-1024-non-000,0,0.8697970509529114
evaluation-10282-tar-000,1,0.04847094416618347
evaluation-10282-non-000,0,-0.7331534624099731
evaluation-10346-tar-000,1,0.25665485858917236
evaluation-10346-non-000,0,-0.7381401062011719
evaluation-10406-tar-000,1,0.07605953514575958
evaluation-10406-non-000,0,0.010853206738829613
evaluation-10428-tar-000,1,0.12302074581384659
evaluation-10428-non-000,0,0.7382631897926331
evaluation-10444-tar-000,1,-0.9269248247146606
evaluation-10444-non-000,0,0.5254645347595215
evaluation-10538-tar-000,1,-0.7452875375747681
evaluation-10538-non-000,0,-0.8666298389434814
evaluation-1055-tar-000,1,0.7837357521057129
evaluation-1055-non-000,0,0.9914572834968567
evaluation-1056-tar-000,1,-0.007338117808103561
evaluation-1056-non-000,0,0.9932402968406677
evaluation-10606-tar-000,1,0.9884932041168213
evaluation-10606-non-000,0,0.8421334624290466
evaluation-1063-tar-000,1,0.9870150089263916
evaluation-1063-non-000,0,-0.0909096747636795
evaluation-10642-tar-000,1,-0.40902596712112427
evaluation-10642-non-000,0,0.6132830381393433
evaluation-10689-tar-000,1,0.9681372046470642
evaluation-10689-non-000,0,0.9942542314529419
evaluation-10711-tar-000,1,0.995779275894165
evaluation-10711-non-000,0,0.16208770871162415
evaluation-10738-tar-000,1,0.9937360286712646
evaluation-10738-non-000,0,0.3841225504875183
evaluation-10802-tar-000,1,-0.3467103838920593
evaluation-10802-non-000,0,-0.6025917530059814
evaluation-10862-tar-000,1,-0.7034072875976562
evaluation-10862-non-000,0,-0.7078145146369934
evaluation-10966-tar-000,1,0.9476743936538696
evaluation-10966-non-000,0,-0.7317731380462646
evaluation-1100-tar-000,1,-0.6579388380050659
evaluation-1100-non-000,0,0.9657853841781616
evaluation-11060-tar-000,1,0.7091202735900879
evaluation-11060-non-000,0,0.9607848525047302
evaluation-11126-tar-000,1,0.10619775950908661
evaluation-11126-non-000,0,-0.36011672019958496
evaluation-11189-tar-000,1,0.41967666149139404
evaluation-11189-non-000,0,-0.7547429203987122
evaluation-1122-tar-000,1,-0.7921288013458252
evaluation-1122-non-000,0,0.9615261554718018
evaluation-1130-tar-000,1,0.3876158595085144
evaluation-1130-non-000,0,-0.8441922664642334
evaluation-11392-tar-000,1,0.7703474760055542
evaluation-11392-non-000,0,-0.7896218299865723
evaluation-11485-tar-000,1,-0.09263478964567184
evaluation-11485-non-000,0,-0.716572642326355
evaluation-11513-tar-000,1,0.8729273676872253
evaluation-11513-non-000,0,0.9801233410835266
evaluation-1162-tar-000,1,-0.637036919593811
evaluation-1162-non-000,0,0.992937445640564
evaluation-11647-tar-000,1,0.9974751472473145
evaluation-11647-non-000,0,-0.4664859175682068
evaluation-1165-tar-000,1,0.9909204840660095
evaluation-1165-non-000,0,0.8058802485466003
evaluation-11664-tar-000,1,-0.4622827172279358
evaluation-11664-non-000,0,0.974978506565094
evaluation-1169-tar-000,1,-0.17808961868286133
evaluation-1169-non-000,0,0.9454054832458496
evaluation-11757-tar-000,1,-0.1732543706893921
evaluation-11757-non-000,0,-0.9069077968597412
evaluation-11845-tar-000,1,0.4357512891292572
evaluation-11845-non-000,0,0.8752782344818115
evaluation-1198-tar-000,1,0.9921479225158691
evaluation-1198-non-000,0,0.9958503246307373
evaluation-1203-tar-000,1,0.9924947619438171
evaluation-1203-non-000,0,-0.5159812569618225
evaluation-12106-tar-000,1,0.04665173590183258
evaluation-12106-non-000,0,0.3250904679298401
evaluation-12112-tar-000,1,-0.7635266780853271
evaluation-12112-non-000,0,0.45606061816215515
evaluation-12156-tar-000,1,0.20742717385292053
evaluation-12156-non-000,0,0.7953901290893555
evaluation-12197-tar-000,1,0.1693967878818512
evaluation-12197-non-000,0,0.7204841375350952
evaluation-12210-tar-000,1,0.09803353995084763
evaluation-12210-non-000,0,0.9897541999816895
evaluation-12224-tar-000,1,0.7385787963867188
evaluation-12224-non-000,0,0.872702956199646
evaluation-12323-tar-000,1,0.8452414870262146
evaluation-12323-non-000,0,0.4621769189834595
evaluation-1235-tar-000,1,-0.561771035194397
evaluation-1235-non-000,0,0.9917125105857849
evaluation-1238-tar-000,1,0.42680883407592773
evaluation-1238-non-000,0,0.35747039318084717
evaluation-12395-tar-000,1,0.7517912983894348
evaluation-12395-non-000,0,-0.7215685844421387
evaluation-12408-tar-000,1,-0.6853158473968506
evaluation-12408-non-000,0,0.9890310764312744
evaluation-12414-tar-000,1,0.7797874212265015
evaluation-12414-non-000,0,-0.6422815322875977
evaluation-12661-tar-000,1,0.9989224672317505
evaluation-12661-non-000,0,-0.7635215520858765
evaluation-12666-tar-000,1,-0.4870606064796448
evaluation-12666-non-000,0,0.9386591911315918
evaluation-12669-tar-000,1,0.7869457006454468
evaluation-12669-non-000,0,0.9226765036582947
evaluation-1270-tar-000,1,0.9847139120101929
evaluation-1270-non-000,0,0.43739813566207886
evaluation-1274-tar-000,1,0.6162724494934082
evaluation-1274-non-000,0,0.34168392419815063
evaluation-12796-tar-000,1,0.9288429021835327
evaluation-12796-non-000,0,-0.41267210245132446
evaluation-12807-tar-000,1,0.9960905313491821
evaluation-12807-non-000,0,0.9673103094100952
evaluation-12828-tar-000,1,0.522406280040741
evaluation-12828-non-000,0,0.9407987594604492
evaluation-12919-tar-000,1,0.04382651299238205
evaluation-12919-non-000,0,0.29830223321914673
evaluation-1297-tar-000,1,-0.569902777671814
evaluation-1297-non-000,0,0.9976900219917297
evaluation-1303-tar-000,1,0.7296494245529175
evaluation-1303-non-000,0,0.9311769604682922
evaluation-13194-tar-000,1,-0.40956661105155945
evaluation-13194-non-000,0,-0.5891920924186707
evaluation-1320-tar-000,1,-0.8926621675491333
evaluation-1320-non-000,0,-0.8254757523536682
evaluation-13298-tar-000,1,0.4740786552429199
evaluation-13298-non-000,0,-0.7994385361671448
evaluation-1334-tar-000,1,0.8574603796005249
evaluation-1334-non-000,0,0.11884142458438873
evaluation-13663-tar-000,1,-0.3239288926124573
evaluation-13663-non-000,0,0.1362842619419098
evaluation-13666-tar-000,1,0.9957394599914551
evaluation-13666-non-000,0,0.9879857301712036
evaluation-13707-tar-000,1,0.9784238338470459
evaluation-13707-non-000,0,0.9993133544921875
evaluation-1372-tar-000,1,0.8510954976081848
evaluation-1372-non-000,0,0.9462270140647888
evaluation-13754-tar-000,1,0.39344266057014465
evaluation-13754-non-000,0,0.0732313022017479
evaluation-13806-tar-000,1,-0.05360431596636772
evaluation-13806-non-000,0,0.9934399127960205
evaluation-13839-tar-000,1,-0.21588999032974243
evaluation-13839-non-000,0,0.5445257425308228
evaluation-13985-tar-000,1,-0.6104311943054199
evaluation-13985-non-000,0,-0.2622978985309601
evaluation-14001-tar-000,1,0.746080756187439
evaluation-14001-non-000,0,0.9498822689056396
evaluation-1401-tar-000,1,-0.45009276270866394
evaluation-1401-non-000,0,-0.6330671310424805
evaluation-14075-tar-000,1,0.8383431434631348
evaluation-14075-non-000,0,-0.657573401927948
evaluation-1409-tar-000,1,0.9979411363601685
evaluation-1409-non-000,0,-0.6888558268547058
evaluation-14106-tar-000,1,0.9916203618049622
evaluation-14106-non-000,0,-0.7698367834091187
evaluation-1414-tar-000,1,0.9131609201431274
evaluation-1414-non-000,0,0.4622827172279358
evaluation-14259-tar-000,1,0.823684811592102
evaluation-14259-non-000,0,-0.6742027997970581
evaluation-14430-tar-000,1,0.04567354917526245
evaluation-14430-non-000,0,-0.36310678720474243
evaluation-14737-tar-000,1,-0.758964478969574
evaluation-14737-non-000,0,0.3655676245689392
evaluation-1475-tar-000,1,0.8594266176223755
evaluation-1475-non-000,0,-0.22189629077911377
evaluation-14790-tar-000,1,0.8900641202926636
evaluation-14790-non-000,0,-0.4286753535270691
evaluation-1480-tar-000,1,0.37802010774612427
evaluation-1480-non-000,0,-0.7070223689079285
evaluation-14869-tar-000,1,0.9817345142364502
evaluation-14869-non-000,0,0.9083491563796997
evaluation-14875-tar-000,1,0.9970561265945435
evaluation-14875-non-000,0,0.22278927266597748
evaluation-14877-tar-000,1,0.35379552841186523
evaluation-14877-non-000,0,0.4976400136947632
evaluation-14888-tar-000,1,-0.864508867263794
evaluation-14888-non-000,0,-0.8993895053863525
evaluation-14987-tar-000,1,0.8658679723739624
evaluation-14987-non-000,0,0.9177329540252686
evaluation-1507-tar-000,1,-0.7477048635482788
evaluation-1507-non-000,0,0.9960339069366455
evaluation-15073-tar-000,1,0.24900409579277039
evaluation-15073-non-000,0,0.6233463883399963
evaluation-15133-tar-000,1,0.9706941843032837
evaluation-15133-non-000,0,-0.8198835849761963
evaluation-15169-tar-000,1,0.4211638569831848
evaluation-15169-non-000,0,0.8575080633163452
evaluation-15180-tar-000,1,0.9751533269882202
evaluation-15180-non-000,0,0.9728176593780518
evaluation-1522-tar-000,1,0.998064398765564
evaluation-1522-non-000,0,-0.74512779712677
evaluation-1524-tar-000,1,0.8933297991752625
evaluation-1524-non-000,0,-0.5289857387542725
evaluation-15243-tar-000,1,0.9994312524795532
evaluation-15243-non-000,0,0.9938652515411377
evaluation-15298-tar-000,1,-0.42369434237480164
evaluation-15298-non-000,0,0.9302560091018677
evaluation-1539-tar-000,1,-0.5056608319282532
evaluation-1539-non-000,0,0.9336782097816467
evaluation-15462-tar-000,1,0.9946602582931519
evaluation-15462-non-000,0,0.6619174480438232
evaluation-1548-tar-000,1,0.1606122851371765
evaluation-1548-non-000,0,-0.542251706123352
evaluation-15501-tar-000,1,0.18943816423416138
evaluation-15501-non-000,0,0.39129820466041565
evaluation-15515-tar-000,1,0.9914358258247375
evaluation-15515-non-000,0,0.9924067258834839
evaluation-1554-tar-000,1,-0.5053292512893677
evaluation-1554-non-000,0,0.37486839294433594
evaluation-15570-tar-000,1,-0.41222652792930603
evaluation-15570-non-000,0,0.9856743812561035
evaluation-15581-tar-000,1,-0.45993202924728394
evaluation-15581-non-000,0,-0.7311651110649109
evaluation-15600-tar-000,1,-0.32892322540283203
evaluation-15600-non-000,0,0.9827762246131897
evaluation-15699-tar-000,1,0.9423385858535767
evaluation-15699-non-000,0,-0.8539683818817139
evaluation-15817-tar-000,1,0.1721002161502838
evaluation-15817-non-000,0,-0.6925481557846069
evaluation-15839-tar-000,1,0.028419876471161842
evaluation-15839-non-000,0,0.7494432926177979
evaluation-15855-tar-000,1,0.923849880695343
evaluation-15855-non-000,0,-0.850334882736206
evaluation-15866-tar-000,1,0.9928488731384277
evaluation-15866-non-000,0,-0.5858354568481445
evaluation-15885-tar-000,1,0.028016597032546997
evaluation-15885-non-000,0,0.13167370855808258
evaluation-15993-tar-000,1,-0.8058875203132629
evaluation-15993-non-000,0,-0.6313184499740601
evaluation-1603-tar-000,1,-0.7391069531440735
evaluation-1603-non-000,0,0.1287321150302887
evaluation-16223-tar-000,1,0.7650712728500366
evaluation-16223-non-000,0,-0.37949061393737793
evaluation-1631-tar-000,1,0.8772013783454895
evaluation-1631-non-000,0,-0.22394637763500214
evaluation-1632-tar-000,1,0.7562935948371887
evaluation-1632-non-000,0,-0.37376609444618225
evaluation-1633-tar-000,1,0.8114079833030701
evaluation-1633-non-000,0,0.9796715378761292
evaluation-1646-tar-000,1,0.185297429561615
evaluation-1646-non-000,0,0.2425629198551178
evaluation-16473-tar-000,1,0.1308508813381195
evaluation-16473-non-000,0,0.9985373020172119
evaluation-16490-tar-000,1,0.9798147082328796
evaluation-16490-non-000,0,0.9955597519874573
evaluation-1650-tar-000,1,-0.41243621706962585
evaluation-1650-non-000,0,0.9627028703689575
evaluation-16520-tar-000,1,0.8583885431289673
evaluation-16520-non-000,0,0.2979934811592102
evaluation-16608-tar-000,1,-0.2814827561378479
evaluation-16608-non-000,0,0.9192159175872803
evaluation-16635-tar-000,1,-0.7733967304229736
evaluation-16635-non-000,0,0.9946091175079346
evaluation-16665-tar-000,1,-0.3542577922344208
evaluation-16665-non-000,0,0.9957118034362793
evaluation-1681-tar-000,1,0.6841602921485901
evaluation-1681-non-000,0,0.9958598613739014
evaluation-16849-tar-000,1,-0.4305775463581085
evaluation-16849-non-000,0,0.07986047118902206
evaluation-16855-tar-000,1,0.6367563605308533
evaluation-16855-non-000,0,0.6923226118087769
evaluation-16976-tar-000,1,-0.6682150959968567
evaluation-16976-non-000,0,-0.6048324704170227
evaluation-1707-tar-000,1,0.9157439470291138
evaluation-1707-non-000,0,-0.7151298522949219
evaluation-17121-tar-000,1,-0.6628066897392273
evaluation-17121-non-000,0,-0.6530675292015076
evaluation-17163-tar-000,1,0.9818621277809143
evaluation-17163-non-000,0,0.9919097423553467
evaluation-17165-tar-000,1,0.7637239694595337
evaluation-17165-non-000,0,0.5572054982185364
evaluation-17182-tar-000,1,-0.7180466651916504
evaluation-17182-non-000,0,0.2849544882774353
evaluation-17717-tar-000,1,0.4548950791358948
evaluation-17717-non-000,0,0.9937982559204102
evaluation-1777-tar-000,1,0.9894281625747681
evaluation-1777-non-000,0,0.30706077814102173
evaluation-1778-tar-000,1,-0.8687105774879456
evaluation-1778-non-000,0,0.4419742822647095
evaluation-1780-tar-000,1,-0.08025191724300385
evaluation-1780-non-000,0,-0.6168484687805176
evaluation-17805-tar-000,1,0.920351505279541
evaluation-17805-non-000,0,-0.1530158519744873
evaluation-1781-tar-000,1,-0.5828420519828796
evaluation-1781-non-000,0,0.7416348457336426
evaluation-17871-tar-000,1,0.9929585456848145
evaluation-17871-non-000,0,-0.6961774230003357
evaluation-1790-tar-000,1,0.48486316204071045
evaluation-1790-non-000,0,-0.6285548210144043
evaluation-17918-tar-000,1,0.9543333053588867
evaluation-17918-non-000,0,-0.010580351576209068
evaluation-17970-tar-000,1,0.12894269824028015
evaluation-17970-non-000,0,-0.8271306157112122
evaluation-1800-tar-000,1,0.7090493440628052
evaluation-1800-non-000,0,0.9815433621406555
evaluation-18041-tar-000,1,0.6761839389801025
evaluation-18041-non-000,0,0.9944145083427429
evaluation-1812-tar-000,1,0.997949481010437
evaluation-1812-non-000,0,0.5508744716644287
evaluation-18146-tar-000,1,0.01606413722038269
evaluation-18146-non-000,0,-0.2825082540512085
evaluation-18176-tar-000,1,0.33883142471313477
evaluation-18176-non-000,0,0.9853470325469971
evaluation-1818-tar-000,1,0.954981803894043
evaluation-1818-non-000,0,-0.7799050807952881
evaluation-18245-tar-000,1,0.9903981685638428
evaluation-18245-non-000,0,-0.13538093864917755
evaluation-18286-tar-000,1,-0.9082818031311035
evaluation-18286-non-000,0,-0.2614988684654236
evaluation-18294-tar-000,1,-0.7103325724601746
evaluation-18294-non-000,0,-0.37777018547058105
evaluation-18390-tar-000,1,0.941123366355896
evaluation-18390-non-000,0,-0.6123895645141602
evaluation-18407-tar-000,1,-0.5196148157119751
evaluation-18407-non-000,0,0.7865548729896545
evaluation-1845-tar-000,1,0.9921437501907349
evaluation-1845-non-000,0,-0.5937159061431885
evaluation-1847-tar-000,1,-0.08541208505630493
evaluation-1847-non-000,0,0.7719991207122803
evaluation-1859-tar-000,1,-0.5375140905380249
evaluation-1859-non-000,0,-0.4714545011520386
evaluation-1868-tar-000,1,0.22199544310569763
evaluation-1868-non-000,0,-0.34095054864883423
evaluation-18708-tar-000,1,0.9857096672058105
evaluation-18708-non-000,0,-0.6040990948677063
evaluation-18835-tar-000,1,0.032827816903591156
evaluation-18835-non-000,0,-0.7755388021469116
evaluation-1896-tar-000,1,0.9969388246536255
evaluation-1896-non-000,0,-0.8292237520217896
evaluation-1904-tar-000,1,0.5305099487304688
evaluation-1904-non-000,0,-0.46095940470695496
evaluation-19077-tar-000,1,0.9270060062408447
evaluation-19077-non-000,0,0.7011560201644897
evaluation-19288-tar-000,1,0.627769947052002
evaluation-19288-non-000,0,0.4660370945930481
evaluation-19371-tar-000,1,-0.6209871768951416
evaluation-19371-non-000,0,-0.5848376750946045
evaluation-19407-tar-000,1,-0.4134523570537567
evaluation-19407-non-000,0,-0.08149925619363785
evaluation-19549-tar-000,1,0.8229310512542725
evaluation-19549-non-000,0,0.7503751516342163
evaluation-1958-tar-000,1,0.965893566608429
evaluation-1958-non-000,0,-0.6066983342170715
evaluation-1960-tar-000,1,0.9973751306533813
evaluation-1960-non-000,0,0.8314687013626099
evaluation-19659-tar-000,1,0.9988518953323364
evaluation-19659-non-000,0,-0.07044428586959839
evaluation-19714-tar-000,1,0.6058536767959595
evaluation-19714-non-000,0,0.15528900921344757
evaluation-19761-tar-000,1,-0.5039449334144592
evaluation-19761-non-000,0,0.998694658279419
evaluation-19819-tar-000,1,0.6473280787467957
evaluation-19819-non-000,0,0.6711158156394958
evaluation-19865-tar-000,1,0.9971141815185547
evaluation-19865-non-000,0,0.9797496795654297
evaluation-1994-tar-000,1,-0.40329936146736145
evaluation-1994-non-000,0,-0.31154710054397583
evaluation-20000-tar-000,1,0.8307257890701294
evaluation-20000-non-000,0,0.9636292457580566
evaluation-2020-tar-000,1,0.7280644774436951
evaluation-2020-non-000,0,0.4486108422279358
evaluation-20244-tar-000,1,-0.6224285960197449
evaluation-20244-non-000,0,-0.7249975204467773
evaluation-2037-tar-000,1,0.6768040657043457
evaluation-2037-non-000,0,-0.01144287921488285
evaluation-20458-tar-000,1,0.6030831933021545
evaluation-20458-non-000,0,-0.9024368524551392
evaluation-20461-tar-000,1,0.8607235550880432
evaluation-20461-non-000,0,0.9814879894256592
evaluation-2059-tar-000,1,-0.7189862728118896
evaluation-2059-non-000,0,0.9315465688705444
evaluation-20667-tar-000,1,-0.6766576766967773
evaluation-20667-non-000,0,0.008008938282728195
evaluation-20673-tar-000,1,0.9769161939620972
evaluation-20673-non-000,0,0.9938399195671082
evaluation-2077-tar-000,1,0.9920799732208252
evaluation-2077-non-000,0,0.9648858308792114
evaluation-20870-tar-000,1,0.9896678924560547
evaluation-20870-non-000,0,-0.6222222447395325
evaluation-20881-tar-000,1,0.9929962158203125
evaluation-20881-non-000,0,0.32200515270233154
evaluation-2090-tar-000,1,0.3634472191333771
evaluation-2090-non-000,0,-0.4776918888092041
evaluation-2092-tar-000,1,-0.8875912427902222
evaluation-2092-non-000,0,0.45997941493988037
evaluation-2093-tar-000,1,0.9956474900245667
evaluation-2093-non-000,0,0.9976953268051147
evaluation-2094-tar-000,1,0.9957858324050903
evaluation-2094-non-000,0,-0.4427565038204193
evaluation-20947-tar-000,1,0.04070892557501793
evaluation-20947-non-000,0,0.9928934574127197
evaluation-21041-tar-000,1,-0.7786638736724854
evaluation-21041-non-000,0,0.987634539604187
evaluation-21082-tar-000,1,0.9693251848220825
evaluation-21082-non-000,0,-0.8893136382102966
evaluation-21120-tar-000,1,0.6030179262161255
evaluation-21120-non-000,0,0.8092079758644104
evaluation-21181-tar-000,1,-0.7746684551239014
evaluation-21181-non-000,0,-0.3648642897605896
evaluation-2124-tar-000,1,0.9987434148788452
evaluation-2124-non-000,0,0.994429886341095
evaluation-21258-tar-000,1,0.6563482880592346
evaluation-21258-non-000,0,-0.7475025653839111
evaluation-21280-tar-000,1,-0.5582159161567688
evaluation-21280-non-000,0,-0.516774594783783
evaluation-2130-tar-000,1,0.43296152353286743
evaluation-2130-non-000,0,-0.5904216766357422
evaluation-21403-tar-000,1,0.983732283115387
evaluation-21403-non-000,0,-0.8233150839805603
evaluation-2159-tar-000,1,0.9748669862747192
evaluation-2159-non-000,0,0.9874207973480225
evaluation-21629-tar-000,1,-0.47148627042770386
evaluation-21629-non-000,0,-0.2280520647764206
evaluation-2168-tar-000,1,-0.3849254548549652
evaluation-2168-non-000,0,-0.779363214969635
evaluation-2171-tar-000,1,-0.7962774038314819
evaluation-2171-non-000,0,0.2052118182182312
evaluation-2181-tar-000,1,-0.6511204242706299
evaluation-2181-non-000,0,0.7591492533683777
evaluation-2186-tar-000,1,0.8318731784820557
evaluation-2186-non-000,0,0.5897417664527893
evaluation-21928-tar-000,1,-0.7922658920288086
evaluation-21928-non-000,0,-0.6889980435371399
evaluation-2196-tar-000,1,0.9985342025756836
evaluation-2196-non-000,0,-0.39102721214294434
evaluation-21969-tar-000,1,0.9215316772460938
evaluation-21969-non-000,0,-0.8677402138710022
evaluation-2199-tar-000,1,0.9939426779747009
evaluation-2199-non-000,0,0.35562777519226074
evaluation-21991-tar-000,1,0.7109462022781372
evaluation-21991-non-000,0,-0.5872963666915894
evaluation-2200-tar-000,1,-0.2650087773799896
evaluation-2200-non-000,0,0.6448309421539307
evaluation-22062-tar-000,1,0.9881649017333984
evaluation-22062-non-000,0,-0.2086772620677948
evaluation-22090-tar-000,1,0.49720683693885803
evaluation-22090-non-000,0,-0.22848278284072876
evaluation-22134-tar-000,1,-0.7706408500671387
evaluation-22134-non-000,0,0.9744440913200378
evaluation-22142-tar-000,1,-0.3521835207939148
evaluation-22142-non-000,0,0.9965965151786804
evaluation-22290-tar-000,1,0.16466422379016876
evaluation-22290-non-000,0,0.726494550704956
evaluation-2233-tar-000,1,0.9411144852638245
evaluation-2233-non-000,0,-0.8160743713378906
evaluation-22345-tar-000,1,-0.8050017952919006
evaluation-22345-non-000,0,-0.5642712712287903
evaluation-22365-tar-000,1,0.47056037187576294
evaluation-22365-non-000,0,-0.8634363412857056
evaluation-22483-tar-000,1,-0.3580799698829651
evaluation-22483-non-000,0,0.6715272665023804
evaluation-22521-tar-000,1,0.9960877299308777
evaluation-22521-non-000,0,0.4264819622039795
evaluation-22595-tar-000,1,0.09103327244520187
evaluation-22595-non-000,0,-0.044798169285058975
evaluation-22738-tar-000,1,0.9837726354598999
evaluation-22738-non-000,0,-0.8377542495727539
evaluation-22760-tar-000,1,0.8387619853019714
evaluation-22760-non-000,0,0.35792988538742065
evaluation-2290-tar-000,1,-0.4429330825805664
evaluation-2290-non-000,0,0.9596954584121704
evaluation-2291-tar-000,1,0.9585674405097961
evaluation-2291-non-000,0,0.5924272537231445
evaluation-22988-tar-000,1,0.9720792174339294
evaluation-22988-non-000,0,-0.8444076776504517
evaluation-2305-tar-000,1,0.3323433995246887
evaluation-2305-non-000,0,-0.7676833868026733
evaluation-23051-tar-000,1,0.6256207227706909
evaluation-23051-non-000,0,0.9940775632858276
evaluation-23200-tar-000,1,-0.4674263298511505
evaluation-23200-non-000,0,-0.26561328768730164
evaluation-23224-tar-000,1,0.9887723922729492
evaluation-23224-non-000,0,-0.5372521877288818
evaluation-23246-tar-000,1,0.21510641276836395
evaluation-23246-non-000,0,-0.7432678937911987
evaluation-2327-tar-000,1,0.999061107635498
evaluation-2327-non-000,0,0.845706582069397
evaluation-23406-tar-000,1,0.981205940246582
evaluation-23406-non-000,0,0.9981125593185425
evaluation-23422-tar-000,1,-0.8581041097640991
evaluation-23422-non-000,0,0.23068693280220032
evaluation-2346-tar-000,1,-0.9136759042739868
evaluation-2346-non-000,0,0.6212210655212402
evaluation-23482-tar-000,1,0.6932322382926941
evaluation-23482-non-000,0,-0.8118610382080078
evaluation-2349-tar-000,1,0.5986423492431641
evaluation-2349-non-000,0,0.919754147529602
evaluation-23510-tar-000,1,-0.7781857848167419
evaluation-23510-non-000,0,0.20526123046875
evaluation-23623-tar-000,1,0.6831631064414978
evaluation-23623-non-000,0,0.9522072076797485
evaluation-2363-tar-000,1,0.9942529797554016
evaluation-2363-non-000,0,-0.6385100483894348
evaluation-23721-tar-000,1,0.20776668190956116
evaluation-23721-non-000,0,-0.2953175902366638
evaluation-23743-tar-000,1,-0.8652945160865784
evaluation-23743-non-000,0,0.9884105920791626
evaluation-23845-tar-000,1,0.8401428461074829
evaluation-23845-non-000,0,0.4103752672672272
evaluation-23878-tar-000,1,-0.7669975161552429
evaluation-23878-non-000,0,-0.2959940433502197
evaluation-2389-tar-000,1,0.7006163597106934
evaluation-2389-non-000,0,0.7496578693389893
evaluation-23988-tar-000,1,-0.6844340562820435
evaluation-23988-non-000,0,0.7420509457588196
evaluation-2400-tar-000,1,-0.8161614537239075
evaluation-2400-non-000,0,-0.3778793513774872
evaluation-24035-tar-000,1,-0.8158392310142517
evaluation-24035-non-000,0,0.9892428517341614
evaluation-24054-tar-000,1,0.9991689920425415
evaluation-24054-non-000,0,-0.07626472413539886
evaluation-24117-tar-000,1,0.6527776718139648
evaluation-24117-non-000,0,-0.45724421739578247
evaluation-24158-tar-000,1,-0.24353432655334473
evaluation-24158-non-000,0,-0.719377875328064
evaluation-2421-tar-000,1,0.2630683481693268
evaluation-2421-non-000,0,-0.5083215236663818
evaluation-24241-tar-000,1,0.5499902963638306
evaluation-24241-non-000,0,-0.8540953397750854
evaluation-2427-tar-000,1,0.9267717599868774
evaluation-2427-non-000,0,-0.20051982998847961
evaluation-2451-tar-000,1,0.890808641910553
evaluation-2451-non-000,0,0.7700860500335693
evaluation-24512-tar-000,1,0.8986175060272217
evaluation-24512-non-000,0,0.6447851061820984
evaluation-24526-tar-000,1,0.9302799701690674
evaluation-24526-non-000,0,-0.1760229617357254
evaluation-24534-tar-000,1,0.743012011051178
evaluation-24534-non-000,0,0.5106526017189026
evaluation-2454-tar-000,1,0.6091263890266418
evaluation-2454-non-000,0,-0.6689128875732422
evaluation-2455-tar-000,1,0.6411604285240173
evaluation-2455-non-000,0,-0.032602228224277496
evaluation-24584-tar-000,1,0.08187098056077957
evaluation-24584-non-000,0,0.2551112174987793
evaluation-24620-tar-000,1,0.9948803186416626
evaluation-24620-non-000,0,0.972360372543335
evaluation-2467-tar-000,1,0.8623032569885254
evaluation-2467-non-000,0,0.995193362236023
evaluation-24688-tar-000,1,0.23108068108558655
evaluation-24688-non-000,0,-0.6148744821548462
evaluation-24699-tar-000,1,-0.18802616000175476
evaluation-24699-non-000,0,0.9149395227432251
evaluation-2473-tar-000,1,-0.8292969465255737
evaluation-2473-non-000,0,-0.8451100587844849
evaluation-2481-tar-000,1,-0.06817900389432907
evaluation-2481-non-000,0,0.5376461148262024
evaluation-2487-tar-000,1,-0.28283458948135376
evaluation-2487-non-000,0,-0.7505853176116943
evaluation-24872-tar-000,1,0.375521183013916
evaluation-24872-non-000,0,-0.8972456455230713
evaluation-24875-tar-000,1,-0.3102889060974121
evaluation-24875-non-000,0,0.9750120639801025
evaluation-24916-tar-000,1,0.8687294721603394
evaluation-24916-non-000,0,0.7035389542579651
evaluation-25070-tar-000,1,0.9951127767562866
evaluation-25070-non-000,0,-0.6613269448280334
evaluation-2509-tar-000,1,0.4304358661174774
evaluation-2509-non-000,0,-0.44434449076652527
evaluation-2515-tar-000,1,0.03175234794616699
evaluation-2515-non-000,0,-0.7687541842460632
evaluation-25185-tar-000,1,-0.5775988101959229
evaluation-25185-non-000,0,0.9687525033950806
evaluation-25284-tar-000,1,0.3481294512748718
evaluation-25284-non-000,0,0.9778417944908142
evaluation-25295-tar-000,1,0.5345072746276855
evaluation-25295-non-000,0,0.9260082244873047
evaluation-25323-tar-000,1,0.5485216379165649
evaluation-25323-non-000,0,0.8418797254562378
evaluation-2544-tar-000,1,0.7499021291732788
evaluation-2544-non-000,0,-0.08055954426527023
evaluation-25485-tar-000,1,0.5023326873779297
evaluation-25485-non-000,0,0.7719608545303345
evaluation-25586-tar-000,1,0.9961757659912109
evaluation-25586-non-000,0,0.8914670944213867
evaluation-25619-tar-000,1,0.44103726744651794
evaluation-25619-non-000,0,0.6684280633926392
evaluation-2565-tar-000,1,-0.05498991161584854
evaluation-2565-non-000,0,0.3633561134338379
evaluation-25748-tar-000,1,0.8060365319252014
evaluation-25748-non-000,0,-0.6065532565116882
evaluation-25960-tar-000,1,0.9612829685211182
evaluation-25960-non-000,0,-0.6597297191619873
evaluation-2602-tar-000,1,0.9259294271469116
evaluation-2602-non-000,0,0.9925553202629089
evaluation-2610-tar-000,1,-0.6162965297698975
evaluation-2610-non-000,0,0.19408412277698517
evaluation-26125-tar-000,1,0.9912934303283691
evaluation-26125-non-000,0,-0.6246012449264526
evaluation-26138-tar-000,1,0.7896930575370789
evaluation-26138-non-000,0,0.9520155191421509
evaluation-26158-tar-000,1,0.988965630531311
evaluation-26158-non-000,0,0.9853940010070801
evaluation-2618-tar-000,1,0.6269863843917847
evaluation-2618-non-000,0,0.9505853056907654
evaluation-26221-tar-000,1,-0.833404541015625
evaluation-26221-non-000,0,-0.5293083786964417
evaluation-26287-tar-000,1,-0.4503837823867798
evaluation-26287-non-000,0,0.9948540925979614
evaluation-26435-tar-000,1,0.9659290313720703
evaluation-26435-non-000,0,0.07147400826215744
evaluation-26443-tar-000,1,0.43629923462867737
evaluation-26443-non-000,0,0.7702354192733765
evaluation-26454-tar-000,1,0.5629427433013916
evaluation-26454-non-000,0,0.25730860233306885
evaluation-26473-tar-000,1,0.8715468645095825
evaluation-26473-non-000,0,0.7018815875053406
evaluation-26501-tar-000,1,-0.34080445766448975
evaluation-26501-non-000,0,0.7565678358078003
evaluation-26545-tar-000,1,0.008398406207561493
evaluation-26545-non-000,0,0.8241511583328247
evaluation-26666-tar-000,1,0.9795007705688477
evaluation-26666-non-000,0,-0.6212119460105896
evaluation-26679-tar-000,1,0.9975355267524719
evaluation-26679-non-000,0,0.9994933605194092
evaluation-2674-tar-000,1,-0.018472447991371155
evaluation-2674-non-000,0,0.45142170786857605
evaluation-2689-tar-000,1,0.7319032549858093
evaluation-2689-non-000,0,0.7124558091163635
evaluation-26894-tar-000,1,-0.4164886474609375
evaluation-26894-non-000,0,0.9958873391151428
evaluation-2699-tar-000,1,0.9914162158966064
evaluation-2699-non-000,0,0.8979442119598389
evaluation-2707-tar-000,1,-0.8852214813232422
evaluation-2707-non-000,0,-0.48611974716186523
evaluation-27124-tar-000,1,0.7508133053779602
evaluation-27124-non-000,0,0.9856427907943726
evaluation-27135-tar-000,1,0.3392016887664795
evaluation-27135-non-000,0,0.7540537714958191
evaluation-2714-tar-000,1,0.9080942869186401
evaluation-2714-non-000,0,-0.4012904465198517
evaluation-27199-tar-000,1,0.9993815422058105
evaluation-27199-non-000,0,0.7925064563751221
evaluation-2739-tar-000,1,0.9983439445495605
evaluation-2739-non-000,0,-0.009778395295143127
evaluation-2752-tar-000,1,0.7787879705429077
evaluation-2752-non-000,0,-0.39760294556617737
evaluation-2762-tar-000,1,-0.10993555188179016
evaluation-2762-non-000,0,0.9753428101539612
evaluation-2775-tar-000,1,0.9978827238082886
evaluation-2775-non-000,0,-0.23495236039161682
evaluation-27811-tar-000,1,0.9793522357940674
evaluation-27811-non-000,0,0.9976229667663574
evaluation-27932-tar-000,1,0.9978780746459961
evaluation-27932-non-000,0,0.9979799389839172
evaluation-27943-tar-000,1,-0.8485128283500671
evaluation-27943-non-000,0,0.9162099361419678
evaluation-27979-tar-000,1,0.9956449270248413
evaluation-27979-non-000,0,0.9885668754577637
evaluation-28017-tar-000,1,-0.6243748664855957
evaluation-28017-non-000,0,-0.8301643133163452
evaluation-28028-tar-000,1,0.731277585029602
evaluation-28028-non-000,0,0.9672980308532715
evaluation-28053-tar-000,1,0.7954918146133423
evaluation-28053-non-000,0,-0.2880758047103882
evaluation-2806-tar-000,1,-0.6295421123504639
evaluation-2806-non-000,0,-0.5481361746788025
evaluation-28086-tar-000,1,0.488402396440506
evaluation-28086-non-000,0,0.7277747392654419
evaluation-28105-tar-000,1,-0.712756872177124
evaluation-28105-non-000,0,0.8336158990859985
evaluation-28152-tar-000,1,-0.855791449546814
evaluation-28152-non-000,0,-0.3655913770198822
evaluation-28182-tar-000,1,-0.5589918494224548
evaluation-28182-non-000,0,0.9177677631378174
evaluation-28248-tar-000,1,0.5419800281524658
evaluation-28248-non-000,0,0.5256539583206177
evaluation-2831-tar-000,1,0.9747948050498962
evaluation-2831-non-000,0,0.8698114156723022
evaluation-28338-tar-000,1,-0.14316576719284058
evaluation-28338-non-000,0,0.9814183712005615
evaluation-28679-tar-000,1,0.9705797433853149
evaluation-28679-non-000,0,-0.1809467077255249
evaluation-28682-tar-000,1,0.9982407689094543
evaluation-28682-non-000,0,-0.13740992546081543
evaluation-28750-tar-000,1,-0.19764849543571472
evaluation-28750-non-000,0,0.5203460454940796
evaluation-28781-tar-000,1,-0.9309024810791016
evaluation-28781-non-000,0,-0.6812273859977722
evaluation-28822-tar-000,1,0.9978846311569214
evaluation-28822-non-000,0,-0.6917380094528198
evaluation-2892-tar-000,1,0.8580784201622009
evaluation-2892-non-000,0,0.5304949283599854
evaluation-2901-tar-000,1,-0.3660353124141693
evaluation-2901-non-000,0,0.9744277596473694
evaluation-2908-tar-000,1,-0.29862508177757263
evaluation-2908-non-000,0,0.8942137956619263
evaluation-29102-tar-000,1,0.840530514717102
evaluation-29102-non-000,0,-0.01004726067185402
evaluation-29105-tar-000,1,0.33651310205459595
evaluation-29105-non-000,0,0.9769942760467529
evaluation-29237-tar-000,1,0.9872914552688599
evaluation-29237-non-000,0,-0.68491530418396
evaluation-29278-tar-000,1,0.9736245274543762
evaluation-29278-non-000,0,-0.4712979793548584
evaluation-29434-tar-000,1,-0.8245850801467896
evaluation-29434-non-000,0,0.25879716873168945
evaluation-2950-tar-000,1,0.6459300518035889
evaluation-2950-non-000,0,0.8477857708930969
evaluation-29500-tar-000,1,0.8354089856147766
evaluation-29500-non-000,0,-0.07006034255027771
evaluation-2957-tar-000,1,0.5184061527252197
evaluation-2957-non-000,0,0.450516939163208
evaluation-29668-tar-000,1,-0.5475667119026184
evaluation-29668-non-000,0,-0.5886664390563965
evaluation-29778-tar-000,1,0.06680633127689362
evaluation-29778-non-000,0,-0.053492940962314606
evaluation-2984-tar-000,1,0.8073269128799438
evaluation-2984-non-000,0,0.8182373046875
evaluation-2990-tar-000,1,0.702609658241272
evaluation-2990-non-000,0,-0.8604060411453247
evaluation-29904-tar-000,1,-0.6569674015045166
evaluation-29904-non-000,0,0.5742101669311523
evaluation-30085-tar-000,1,0.9994884133338928
evaluation-30085-non-000,0,0.996300220489502
evaluation-3015-tar-000,1,0.18380635976791382
evaluation-3015-non-000,0,-0.9356303215026855
evaluation-3023-tar-000,1,-0.5853915810585022
evaluation-3023-non-000,0,-0.8112936019897461
evaluation-30261-tar-000,1,-0.7979670763015747
evaluation-30261-non-000,0,-0.48844265937805176
evaluation-30302-tar-000,1,0.4072222113609314
evaluation-30302-non-000,0,-0.09315414726734161
evaluation-30316-tar-000,1,0.0103931725025177
evaluation-30316-non-000,0,-0.3889373242855072
evaluation-30610-tar-000,1,0.9996691942214966
evaluation-30610-non-000,0,0.06690047681331635
evaluation-3062-tar-000,1,-0.6599932312965393
evaluation-3062-non-000,0,-0.7633613348007202
evaluation-30621-tar-000,1,0.005299471318721771
evaluation-30621-non-000,0,-0.11488880217075348
evaluation-30659-tar-000,1,0.2139461636543274
evaluation-30659-non-000,0,-0.4367959797382355
evaluation-30824-tar-000,1,0.4844948947429657
evaluation-30824-non-000,0,-0.4169522523880005
evaluation-30923-tar-000,1,-0.0017698369920253754
evaluation-30923-non-000,0,-0.6669740676879883
evaluation-30967-tar-000,1,0.9220302104949951
evaluation-30967-non-000,0,-0.7784456014633179
evaluation-31008-tar-000,1,0.9940272569656372
evaluation-31008-non-000,0,0.993945837020874
evaluation-3124-tar-000,1,0.9537738561630249
evaluation-3124-non-000,0,0.870790421962738
evaluation-31280-tar-000,1,0.9563257694244385
evaluation-31280-non-000,0,0.9766930341720581
evaluation-31294-tar-000,1,-0.5933189988136292
evaluation-31294-non-000,0,0.6895437836647034
evaluation-31307-tar-000,1,0.9923073649406433
evaluation-31307-non-000,0,0.4467049837112427
evaluation-31346-tar-000,1,-0.12346102297306061
evaluation-31346-non-000,0,-0.17835070192813873
evaluation-31360-tar-000,1,0.6535714864730835
evaluation-31360-non-000,0,-0.47864359617233276
evaluation-31384-tar-000,1,-0.5665974617004395
evaluation-31384-non-000,0,-0.7097891569137573
evaluation-3139-tar-000,1,-0.964900016784668
evaluation-3139-non-000,0,0.998153030872345
evaluation-31390-tar-000,1,-0.0982368141412735
evaluation-31390-non-000,0,0.9868488311767578
evaluation-3145-tar-000,1,0.9994847774505615
evaluation-3145-non-000,0,0.9949589371681213
evaluation-31464-tar-000,1,-0.3368333578109741
evaluation-31464-non-000,0,0.9284407496452332
evaluation-3161-tar-000,1,0.33440065383911133
evaluation-3161-non-000,0,-0.7177869081497192
evaluation-31665-tar-000,1,0.9978843331336975
evaluation-31665-non-000,0,0.9354712963104248
evaluation-3167-tar-000,1,0.9703685641288757
evaluation-3167-non-000,0,-0.6677695512771606
evaluation-31838-tar-000,1,-0.6168876886367798
evaluation-31838-non-000,0,0.7440881133079529
evaluation-31947-tar-000,1,0.4567493200302124
evaluation-31947-non-000,0,-0.3495933413505554
evaluation-31950-tar-000,1,0.99832683801651
evaluation-31950-non-000,0,0.7122480869293213
evaluation-31964-tar-000,1,0.9335407018661499
evaluation-31964-non-000,0,-0.4480627775192261
evaluation-31986-tar-000,1,0.9967509508132935
evaluation-31986-non-000,0,-0.39112356305122375
evaluation-32005-tar-000,1,0.9536151885986328
evaluation-32005-non-000,0,0.952621340751648
evaluation-32046-tar-000,1,0.2790956497192383
evaluation-32046-non-000,0,0.8240493535995483
evaluation-32057-tar-000,1,-0.47843071818351746
evaluation-32057-non-000,0,0.8465738296508789
evaluation-3215-tar-000,1,0.7299062013626099
evaluation-3215-non-000,0,0.9956455230712891
evaluation-32285-tar-000,1,0.8197370767593384
evaluation-32285-non-000,0,-0.20648737251758575
evaluation-32368-tar-000,1,-0.15828648209571838
evaluation-32368-non-000,0,0.5082838535308838
evaluation-32521-tar-000,1,0.3168233633041382
evaluation-32521-non-000,0,0.9442877769470215
evaluation-32620-tar-000,1,-0.15663479268550873
evaluation-32620-non-000,0,0.9609023928642273
evaluation-32730-tar-000,1,-0.3603309988975525
evaluation-32730-non-000,0,0.9926732182502747
evaluation-32785-tar-000,1,-0.31755805015563965
evaluation-32785-non-000,0,0.03259650245308876
evaluation-32810-tar-000,1,0.9993007779121399
evaluation-32810-non-000,0,0.45092907547950745
evaluation-3292-tar-000,1,0.9101136326789856
evaluation-3292-non-000,0,-0.5669419765472412
evaluation-3301-tar-000,1,-0.7873139381408691
evaluation-3301-non-000,0,-0.3179827034473419
evaluation-33060-tar-000,1,0.3071935176849365
evaluation-33060-non-000,0,0.9097920656204224
evaluation-33096-tar-000,1,0.9484883546829224
evaluation-33096-non-000,0,-0.7165544033050537
evaluation-33120-tar-000,1,0.9986510276794434
evaluation-33120-non-000,0,0.9979465007781982
evaluation-3314-tar-000,1,0.9956282377243042
evaluation-3314-non-000,0,-0.8476877212524414
evaluation-33255-tar-000,1,0.6963933706283569
evaluation-33255-non-000,0,0.3684113919734955
evaluation-33258-tar-000,1,0.10095702111721039
evaluation-33258-non-000,0,-0.6475681662559509
evaluation-33274-tar-000,1,0.8521406650543213
evaluation-33274-non-000,0,0.8424440026283264
evaluation-33598-tar-000,1,0.9025765657424927
evaluation-33598-non-000,0,-0.5675837993621826
evaluation-3361-tar-000,1,-0.6042309999465942
evaluation-3361-non-000,0,0.966961145401001
evaluation-33623-tar-000,1,-0.8375246524810791
evaluation-33623-non-000,0,0.9909303188323975
evaluation-3365-tar-000,1,0.515510082244873
evaluation-3365-non-000,0,-0.9267090559005737
evaluation-3369-tar-000,1,-0.4831717014312744
evaluation-3369-non-000,0,0.9255187511444092
evaluation-33711-tar-000,1,0.930259644985199
evaluation-33711-non-000,0,0.9730502367019653
evaluation-33790-tar-000,1,0.9490059018135071
evaluation-33790-non-000,0,0.9650810956954956
evaluation-3395-tar-000,1,-0.6422984600067139
evaluation-3395-non-000,0,-0.20282429456710815
evaluation-3407-tar-000,1,-0.6886002421379089
evaluation-3407-non-000,0,-0.800645649433136
evaluation-3409-tar-000,1,0.940008282661438
evaluation-3409-non-000,0,0.9520338177680969
evaluation-34158-tar-000,1,-0.5637451410293579
evaluation-34158-non-000,0,0.9794392585754395
evaluation-3417-tar-000,1,0.9111563563346863
evaluation-3417-non-000,0,0.1377745270729065
evaluation-3425-tar-000,1,0.9520444869995117
evaluation-3425-non-000,0,0.9974516034126282
evaluation-34257-tar-000,1,0.2343330830335617
evaluation-34257-non-000,0,0.6192238926887512
evaluation-3427-tar-000,1,0.9944610595703125
evaluation-3427-non-000,0,0.8874462246894836
evaluation-34458-tar-000,1,-0.6682096123695374
evaluation-34458-non-000,0,0.6866539716720581
evaluation-34485-tar-000,1,-0.8672796487808228
evaluation-34485-non-000,0,0.9177795648574829
evaluation-34631-tar-000,1,-0.1869325339794159
evaluation-34631-non-000,0,0.003855392336845398
evaluation-34647-tar-000,1,0.8741605281829834
evaluation-34647-non-000,0,0.3313947021961212
evaluation-3471-tar-000,1,0.4562028646469116
evaluation-3471-non-000,0,0.9946359395980835
evaluation-34719-tar-000,1,0.8257898092269897
evaluation-34719-non-000,0,-0.6057530641555786
evaluation-3473-tar-000,1,0.9951325058937073
evaluation-3473-non-000,0,0.9937530755996704
evaluation-34738-tar-000,1,0.3773307800292969
evaluation-34738-non-000,0,-0.6169204711914062
evaluation-34771-tar-000,1,-0.6961159706115723
evaluation-34771-non-000,0,-0.7328610420227051
evaluation-3479-tar-000,1,-0.5839163064956665
evaluation-3479-non-000,0,-0.7865308523178101
evaluation-34807-tar-000,1,-0.5987222194671631
evaluation-34807-non-000,0,0.7316395044326782
evaluation-3482-tar-000,1,-0.7285871505737305
evaluation-3482-non-000,0,-0.7038701772689819
evaluation-34859-tar-000,1,-0.15484292805194855
evaluation-34859-non-000,0,0.989517331123352
evaluation-3497-tar-000,1,0.11503010243177414
evaluation-3497-non-000,0,-0.9231127500534058
evaluation-34996-tar-000,1,0.9933949708938599
evaluation-34996-non-000,0,0.8936943411827087
evaluation-35043-tar-000,1,0.9188207983970642
evaluation-35043-non-000,0,-0.5495420098304749
evaluation-3507-tar-000,1,0.5019627213478088
evaluation-3507-non-000,0,0.9083713889122009
evaluation-35101-tar-000,1,0.9986134767532349
evaluation-35101-non-000,0,-0.4656643569469452
evaluation-3518-tar-000,1,0.9059560298919678
evaluation-3518-non-000,0,-0.32257407903671265
evaluation-3522-tar-000,1,-0.6514320373535156
evaluation-3522-non-000,0,0.5591005086898804
evaluation-35293-tar-000,1,0.5985180139541626
evaluation-35293-non-000,0,-0.5167996883392334
evaluation-35359-tar-000,1,-0.7946314811706543
evaluation-35359-non-000,0,-0.41154634952545166
evaluation-3540-tar-000,1,0.14559334516525269
evaluation-3540-non-000,0,0.14126521348953247
evaluation-35416-tar-000,1,-0.19656653702259064
evaluation-35416-non-000,0,0.9970791935920715
evaluation-35449-tar-000,1,0.9955151081085205
evaluation-35449-non-000,0,0.6819851398468018
evaluation-35510-tar-000,1,0.9168127179145813
evaluation-35510-non-000,0,-0.27418866753578186
evaluation-35562-tar-000,1,0.9905238151550293
evaluation-35562-non-000,0,0.9675201177597046
evaluation-35587-tar-000,1,-0.8386380672454834
evaluation-35587-non-000,0,0.986524224281311
evaluation-3564-tar-000,1,-0.8691291809082031
evaluation-3564-non-000,0,0.9937911033630371
evaluation-35683-tar-000,1,-0.3540896475315094
evaluation-35683-non-000,0,-0.858517050743103
evaluation-35699-tar-000,1,0.8232465982437134
evaluation-35699-non-000,0,0.9779186248779297
evaluation-3571-tar-000,1,0.7459090948104858
evaluation-3571-non-000,0,-0.2923387289047241
evaluation-3572-tar-000,1,0.9265612959861755
evaluation-3572-non-000,0,-0.15154661238193512
evaluation-35793-tar-000,1,0.5401825308799744
evaluation-35793-non-000,0,0.9994521141052246
evaluation-35823-tar-000,1,0.999244213104248
evaluation-35823-non-000,0,0.7009426951408386
evaluation-35872-tar-000,1,0.9241843223571777
evaluation-35872-non-000,0,0.7557114362716675
evaluation-3597-tar-000,1,-0.30851757526397705
evaluation-3597-non-000,0,0.05278949439525604
evaluation-35996-tar-000,1,-0.24799254536628723
evaluation-35996-non-000,0,0.9867020845413208
evaluation-36004-tar-000,1,-0.4744018316268921
evaluation-36004-non-000,0,0.9772112369537354
evaluation-36051-tar-000,1,0.8973826169967651
evaluation-36051-non-000,0,0.8752084970474243
evaluation-3619-tar-000,1,0.9785535335540771
evaluation-3619-non-000,0,-0.36225587129592896
evaluation-36196-tar-000,1,-0.4722035825252533
evaluation-36196-non-000,0,0.984870433807373
evaluation-36298-tar-000,1,0.9986047744750977
evaluation-36298-non-000,0,0.5829272270202637
evaluation-36323-tar-000,1,-0.5386812686920166
evaluation-36323-non-000,0,0.2656763792037964
evaluation-36386-tar-000,1,0.9917024970054626
evaluation-36386-non-000,0,0.7094428539276123
evaluation-36395-tar-000,1,0.9442576169967651
evaluation-36395-non-000,0,0.47400039434432983
evaluation-36460-tar-000,1,0.9906716346740723
evaluation-36460-non-000,0,0.34908872842788696
evaluation-36499-tar-000,1,0.25136709213256836
evaluation-36499-non-000,0,0.6106395125389099
evaluation-3656-tar-000,1,-0.26124969124794006
evaluation-3656-non-000,0,-0.28204506635665894
evaluation-36611-tar-000,1,-0.7390432953834534
evaluation-36611-non-000,0,0.5701526403427124
evaluation-36619-tar-000,1,0.4443415403366089
evaluation-36619-non-000,0,0.33381861448287964
evaluation-36625-tar-000,1,-0.25550490617752075
evaluation-36625-non-000,0,0.9001703262329102
evaluation-36633-tar-000,1,0.39075130224227905
evaluation-36633-non-000,0,0.9989330768585205
evaluation-36685-tar-000,1,0.4689568281173706
evaluation-36685-non-000,0,0.04403907060623169
evaluation-3669-tar-000,1,0.3968060612678528
evaluation-3669-non-000,0,0.12497478723526001
evaluation-36853-tar-000,1,0.9985480308532715
evaluation-36853-non-000,0,0.886685848236084
evaluation-3693-tar-000,1,0.22590391337871552
evaluation-3693-non-000,0,0.9621758460998535
evaluation-3720-tar-000,1,0.20312634110450745
evaluation-3720-non-000,0,-0.5055697560310364
evaluation-37259-tar-000,1,-0.2030172348022461
evaluation-37259-non-000,0,0.9097350239753723
evaluation-37301-tar-000,1,0.8715478777885437
evaluation-37301-non-000,0,-0.6269210577011108
evaluation-37328-tar-000,1,0.931511402130127
evaluation-37328-non-000,0,0.8013777732849121
evaluation-37625-tar-000,1,0.8243736028671265
evaluation-37625-non-000,0,0.6503134369850159
evaluation-37658-tar-000,1,0.4649120569229126
evaluation-37658-non-000,0,0.49974334239959717
evaluation-3767-tar-000,1,-0.44743531942367554
evaluation-3767-non-000,0,0.018100569024682045
evaluation-37696-tar-000,1,0.977435827255249
evaluation-37696-non-000,0,-0.46515953540802
evaluation-3770-tar-000,1,0.9580893516540527
evaluation-3770-non-000,0,-0.36021220684051514
evaluation-37740-tar-000,1,-0.6942266225814819
evaluation-37740-non-000,0,-0.22571615874767303
evaluation-3778-tar-000,1,-0.7877566814422607
evaluation-3778-non-000,0,0.9766227006912231
evaluation-37844-tar-000,1,0.9543472528457642
evaluation-37844-non-000,0,-0.6388326287269592
evaluation-37921-tar-000,1,0.2715161442756653
evaluation-37921-non-000,0,-0.8173850774765015
evaluation-37932-tar-000,1,-0.2920592129230499
evaluation-37932-non-000,0,0.9977474808692932
evaluation-37946-tar-000,1,-0.41230589151382446
evaluation-37946-non-000,0,-0.7092180848121643
evaluation-37965-tar-000,1,-0.7156039476394653
evaluation-37965-non-000,0,-0.4286775290966034
evaluation-37971-tar-000,1,-0.19664692878723145
evaluation-37971-non-000,0,0.12476029992103577
evaluation-3805-tar-000,1,0.9894251823425293
evaluation-3805-non-000,0,0.6809347867965698
evaluation-38056-tar-000,1,0.5843749046325684
evaluation-38056-non-000,0,0.15925782918930054
evaluation-38083-tar-000,1,0.9938809871673584
evaluation-38083-non-000,0,-0.0018158620223402977
evaluation-3813-tar-000,1,0.8751596212387085
evaluation-3813-non-000,0,0.9231626391410828
evaluation-38157-tar-000,1,0.9810432195663452
evaluation-38157-non-000,0,-0.34671372175216675
evaluation-38166-tar-000,1,-0.7927206754684448
evaluation-38166-non-000,0,-0.725886344909668
evaluation-38196-tar-000,1,0.9764063358306885
evaluation-38196-non-000,0,0.6789752244949341
evaluation-3827-tar-000,1,-0.5630428194999695
evaluation-3827-non-000,0,-0.024671491235494614
evaluation-38388-tar-000,1,0.986063539981842
evaluation-38388-non-000,0,0.9751858711242676
evaluation-3839-tar-000,1,0.857269823551178
evaluation-3839-non-000,0,0.998176097869873
evaluation-3840-tar-000,1,0.5773656368255615
evaluation-3840-non-000,0,0.4334859848022461
evaluation-38657-tar-000,1,0.35698825120925903
evaluation-38657-non-000,0,0.11352971196174622
evaluation-38792-tar-000,1,0.22990548610687256
evaluation-38792-non-000,0,0.9649909734725952
evaluation-3888-tar-000,1,0.8679949045181274
evaluation-3888-non-000,0,0.9854691624641418
evaluation-3892-tar-000,1,0.4400830864906311
evaluation-3892-non-000,0,-0.766173243522644
evaluation-3901-tar-000,1,-0.7576448917388916
evaluation-3901-non-000,0,0.6932252645492554
evaluation-39025-tar-000,1,0.42703449726104736
evaluation-39025-non-000,0,0.30802464485168457
evaluation-39031-tar-000,1,0.999255359172821
evaluation-39031-non-000,0,-0.9304265975952148
evaluation-3911-tar-000,1,-0.7277302145957947
evaluation-3911-non-000,0,0.9948357343673706
evaluation-39163-tar-000,1,0.5812549591064453
evaluation-39163-non-000,0,0.13224345445632935
evaluation-39201-tar-000,1,-0.35504311323165894
evaluation-39201-non-000,0,-0.646221399307251
evaluation-3921-tar-000,1,0.5178254842758179
evaluation-3921-non-000,0,0.9817992448806763
evaluation-3926-tar-000,1,-0.807664155960083
evaluation-3926-non-000,0,0.9982019662857056
evaluation-3928-tar-000,1,0.8069150447845459
evaluation-3928-non-000,0,0.763401210308075
evaluation-3931-tar-000,1,0.9787412285804749
evaluation-3931-non-000,0,-0.0881723016500473
evaluation-3939-tar-000,1,0.5163561105728149
evaluation-3939-non-000,0,-0.3951343297958374
evaluation-39421-tar-000,1,0.7824545502662659
evaluation-39421-non-000,0,0.9951914548873901
evaluation-3954-tar-000,1,0.98231440782547
evaluation-3954-non-000,0,0.99207603931427
evaluation-39720-tar-000,1,0.2571653425693512
evaluation-39720-non-000,0,0.9766134023666382
evaluation-39756-tar-000,1,0.9979857206344604
evaluation-39756-non-000,0,-0.7987173795700073
evaluation-39877-tar-000,1,-0.4884118437767029
evaluation-39877-non-000,0,0.6147145628929138
evaluation-3989-tar-000,1,-0.4277280271053314
evaluation-3989-non-000,0,0.9780733585357666
evaluation-40025-tar-000,1,0.9961695075035095
evaluation-40025-non-000,0,0.10201437026262283
evaluation-4004-tar-000,1,0.9981132745742798
evaluation-4004-non-000,0,0.755389392375946
evaluation-40064-tar-000,1,0.9988964796066284
evaluation-40064-non-000,0,-0.11767816543579102
evaluation-40075-tar-000,1,0.9994666576385498
evaluation-40075-non-000,0,0.3645004332065582
evaluation-4013-tar-000,1,0.3346989154815674
evaluation-4013-non-000,0,0.9528611302375793
evaluation-40173-tar-000,1,-0.7750492095947266
evaluation-40173-non-000,0,0.6315584182739258
evaluation-40311-tar-000,1,0.8515049815177917
evaluation-40311-non-000,0,-0.07432011514902115
evaluation-4044-tar-000,1,-0.8431894183158875
evaluation-4044-non-000,0,0.4907459318637848
evaluation-40525-tar-000,1,0.8886115550994873
evaluation-40525-non-000,0,0.794430136680603
evaluation-40577-tar-000,1,0.9160820245742798
evaluation-40577-non-000,0,0.9360814094543457
evaluation-40588-tar-000,1,0.9115058183670044
evaluation-40588-non-000,0,0.9576867818832397
evaluation-40676-tar-000,1,0.4933685064315796
evaluation-40676-non-000,0,0.971076488494873
evaluation-4068-tar-000,1,-0.13526909053325653
evaluation-4068-non-000,0,0.939202606678009
evaluation-4077-tar-000,1,-0.6846082210540771
evaluation-4077-non-000,0,0.9946705102920532
evaluation-40772-tar-000,1,0.7622507214546204
evaluation-40772-non-000,0,0.9800361394882202
evaluation-40929-tar-000,1,0.16015860438346863
evaluation-40929-non-000,0,0.8883852958679199
evaluation-41000-tar-000,1,0.9729729890823364
evaluation-41000-non-000,0,-0.7588397264480591
evaluation-41025-tar-000,1,0.5660489797592163
evaluation-41025-non-000,0,-0.8668941259384155
evaluation-4123-tar-000,1,0.9987465143203735
evaluation-4123-non-000,0,0.4223076105117798
evaluation-41278-tar-000,1,-0.10382219403982162
evaluation-41278-non-000,0,0.9403288960456848
evaluation-4134-tar-000,1,0.7280241250991821
evaluation-4134-non-000,0,0.7858487367630005
evaluation-41357-tar-000,1,-0.25216445326805115
evaluation-41357-non-000,0,-0.12284132838249207
evaluation-41390-tar-000,1,0.770350992679596
evaluation-41390-non-000,0,0.3963567614555359
evaluation-41404-tar-000,1,-0.5296629071235657
evaluation-41404-non-000,0,0.5647037029266357
evaluation-41492-tar-000,1,0.842039167881012
evaluation-41492-non-000,0,-0.696469783782959
evaluation-41536-tar-000,1,0.06754236668348312
evaluation-41536-non-000,0,-0.4837060272693634
evaluation-41706-tar-000,1,0.9959917664527893
evaluation-41706-non-000,0,0.995742917060852
evaluation-41750-tar-000,1,0.9756828546524048
evaluation-41750-non-000,0,0.19505980610847473
evaluation-41755-tar-000,1,0.9069722890853882
evaluation-41755-non-000,0,-0.6651616096496582
evaluation-41854-tar-000,1,0.142774760723114
evaluation-41854-non-000,0,0.892559289932251
evaluation-41945-tar-000,1,0.9544312953948975
evaluation-41945-non-000,0,-0.767650306224823
evaluation-41994-tar-000,1,0.7395631074905396
evaluation-41994-non-000,0,0.8254668116569519
evaluation-4202-tar-000,1,0.09520728886127472
evaluation-4202-non-000,0,-0.6041733026504517
evaluation-42025-tar-000,1,0.9928039312362671
evaluation-42025-non-000,0,0.8717708587646484
evaluation-4204-tar-000,1,-0.6041980385780334
evaluation-4204-non-000,0,-0.6168072819709778
evaluation-42173-tar-000,1,0.9206392765045166
evaluation-42173-non-000,0,-0.22920306026935577
evaluation-42176-tar-000,1,0.9989446401596069
evaluation-42176-non-000,0,0.9199782609939575
evaluation-42209-tar-000,1,0.7247734069824219
evaluation-42209-non-000,0,0.9131531715393066
evaluation-42250-tar-000,1,-0.6867255568504333
evaluation-42250-non-000,0,-0.3970232307910919
evaluation-4240-tar-000,1,0.06255294382572174
evaluation-4240-non-000,0,-0.15273883938789368
evaluation-42401-tar-000,1,0.1554243266582489
evaluation-42401-non-000,0,0.99311363697052
evaluation-4246-tar-000,1,0.09704528748989105
evaluation-4246-non-000,0,0.9600114822387695
evaluation-42505-tar-000,1,0.8802894353866577
evaluation-42505-non-000,0,-0.06742619723081589
evaluation-4251-tar-000,1,0.9870615005493164
evaluation-4251-non-000,0,0.36123141646385193
evaluation-42546-tar-000,1,-0.556345522403717
evaluation-42546-non-000,0,0.9920873641967773
evaluation-42648-tar-000,1,-0.49961158633232117
evaluation-42648-non-000,0,0.9737206697463989
evaluation-42681-tar-000,1,0.6849174499511719
evaluation-42681-non-000,0,-0.5798728466033936
evaluation-42717-tar-000,1,0.9738247990608215
evaluation-42717-non-000,0,-0.6569968461990356
evaluation-42728-tar-000,1,0.9975614547729492
evaluation-42728-non-000,0,-0.6925445795059204
evaluation-42744-tar-000,1,0.7720422744750977
evaluation-42744-non-000,0,0.9904630184173584
evaluation-42772-tar-000,1,0.8250072002410889
evaluation-42772-non-000,0,0.7659521102905273
evaluation-4288-tar-000,1,-0.13459059596061707
evaluation-4288-non-000,0,-0.7241528034210205
evaluation-42904-tar-000,1,0.8855942487716675
evaluation-42904-non-000,0,-0.6656865477561951
evaluation-4295-tar-000,1,-0.02068191021680832
evaluation-4295-non-000,0,0.8572643995285034
evaluation-43042-tar-000,1,0.990097165107727
evaluation-43042-non-000,0,0.9250264167785645
evaluation-43063-tar-000,1,0.8907364010810852
evaluation-43063-non-000,0,0.985485315322876
evaluation-4308-tar-000,1,-0.7151752710342407
evaluation-4308-non-000,0,-0.41303354501724243
evaluation-4315-tar-000,1,0.97871994972229
evaluation-4315-non-000,0,0.9914962649345398
evaluation-43184-tar-000,1,0.9914354681968689
evaluation-43184-non-000,0,0.9216198325157166
evaluation-43225-tar-000,1,-0.7056232690811157
evaluation-43225-non-000,0,0.5934518575668335
evaluation-43269-tar-000,1,0.12680190801620483
evaluation-43269-non-000,0,0.005673762410879135
evaluation-43288-tar-000,1,-0.054652467370033264
evaluation-43288-non-000,0,0.07185964286327362
evaluation-4341-tar-000,1,-0.8563487529754639
evaluation-4341-non-000,0,0.15998028218746185
evaluation-43483-tar-000,1,-0.7638590931892395
evaluation-43483-non-000,0,0.987647533416748
evaluation-43604-tar-000,1,-0.7698973417282104
evaluation-43604-non-000,0,-0.8800426721572876
evaluation-43675-tar-000,1,0.9514009952545166
evaluation-43675-non-000,0,0.7898272275924683
evaluation-4368-tar-000,1,0.9054256677627563
evaluation-4368-non-000,0,0.9784665107727051
evaluation-43744-tar-000,1,0.156303271651268
evaluation-43744-non-000,0,0.9826368093490601
evaluation-43818-tar-000,1,0.8042570352554321
evaluation-43818-non-000,0,0.9976840019226074
evaluation-43865-tar-000,1,0.9955990314483643
evaluation-43865-non-000,0,0.8878475427627563
evaluation-43958-tar-000,1,-0.2520236670970917
evaluation-43958-non-000,0,-0.8646433353424072
evaluation-44085-tar-000,1,-0.4186197519302368
evaluation-44085-non-000,0,0.369076669216156
evaluation-44175-tar-000,1,-0.6278781890869141
evaluation-44175-non-000,0,-0.6444034576416016
evaluation-44285-tar-000,1,-0.8258606195449829
evaluation-44285-non-000,0,0.9876161813735962
evaluation-44392-tar-000,1,0.9447271227836609
evaluation-44392-non-000,0,-0.35873979330062866
evaluation-4440-tar-000,1,0.06854331493377686
evaluation-4440-non-000,0,-0.7421579360961914
evaluation-44406-tar-000,1,0.9972242116928101
evaluation-44406-non-000,0,-0.7441762685775757
evaluation-4442-tar-000,1,0.5672906637191772
evaluation-4442-non-000,0,0.3177793025970459
evaluation-4468-tar-000,1,0.8193888664245605
evaluation-4468-non-000,0,-0.8850021362304688
evaluation-44683-tar-000,1,0.906641960144043
evaluation-44683-non-000,0,-0.79497891664505
evaluation-44727-tar-000,1,-0.7109246253967285
evaluation-44727-non-000,0,0.995112419128418
evaluation-4477-tar-000,1,0.9645500779151917
evaluation-4477-non-000,0,0.8364876508712769
evaluation-44829-tar-000,1,0.9266957640647888
evaluation-44829-non-000,0,0.16749729216098785
evaluation-4506-tar-000,1,0.0659274011850357
evaluation-4506-non-000,0,0.1289219856262207
evaluation-45084-tar-000,1,0.12254607677459717
evaluation-45084-non-000,0,-0.7669667601585388
evaluation-45213-tar-000,1,-0.37988728284835815
evaluation-45213-non-000,0,0.9905760288238525
evaluation-45252-tar-000,1,0.984687089920044
evaluation-45252-non-000,0,0.9903879761695862
evaluation-4529-tar-000,1,-0.6842537522315979
evaluation-4529-non-000,0,-0.2304399162530899
evaluation-45538-tar-000,1,-0.5541212558746338
evaluation-45538-non-000,0,0.8758602142333984
evaluation-45617-tar-000,1,-0.7724452018737793
evaluation-45617-non-000,0,-0.5172940492630005
evaluation-45658-tar-000,1,0.9984707236289978
evaluation-45658-non-000,0,-0.35855305194854736
evaluation-45744-tar-000,1,0.4268473982810974
evaluation-45744-non-000,0,0.14441537857055664
evaluation-45749-tar-000,1,-0.8626264333724976
evaluation-45749-non-000,0,-0.8628837466239929
evaluation-45793-tar-000,1,-0.32622307538986206
evaluation-45793-non-000,0,0.7983059287071228
evaluation-4581-tar-000,1,0.7309090495109558
evaluation-4581-non-000,0,-0.5515336394309998
evaluation-45834-tar-000,1,0.9645172357559204
evaluation-45834-non-000,0,0.9969888925552368
evaluation-45870-tar-000,1,0.1561402976512909
evaluation-45870-non-000,0,0.9590088129043579
evaluation-4591-tar-000,1,-0.21180421113967896
evaluation-4591-non-000,0,-0.2846144735813141
evaluation-45985-tar-000,1,0.9153751134872437
evaluation-45985-non-000,0,0.6649640202522278
evaluation-46029-tar-000,1,0.8633302450180054
evaluation-46029-non-000,0,0.9234840869903564
evaluation-4603-tar-000,1,0.9937554597854614
evaluation-4603-non-000,0,0.9721523523330688
evaluation-4612-tar-000,1,0.997705340385437
evaluation-4612-non-000,0,0.0024839919060468674
evaluation-4619-tar-000,1,0.6044092178344727
evaluation-4619-non-000,0,-0.625210165977478
evaluation-46202-tar-000,1,0.8034466505050659
evaluation-46202-non-000,0,-0.6756725907325745
evaluation-46241-tar-000,1,0.9986793994903564
evaluation-46241-non-000,0,-0.11406195163726807
evaluation-46298-tar-000,1,0.9242461919784546
evaluation-46298-non-000,0,-0.7986041307449341
evaluation-46466-tar-000,1,0.42837780714035034
evaluation-46466-non-000,0,-0.6760068535804749
evaluation-4649-tar-000,1,0.20216895639896393
evaluation-4649-non-000,0,0.9915512800216675
evaluation-4664-tar-000,1,0.8248011469841003
evaluation-4664-non-000,0,0.8502072095870972
evaluation-46955-tar-000,1,0.9660305976867676
evaluation-46955-non-000,0,-0.5524201989173889
evaluation-4709-tar-000,1,0.9977265000343323
evaluation-4709-non-000,0,0.0891030877828598
evaluation-4710-tar-000,1,0.8526573181152344
evaluation-4710-non-000,0,0.3847975730895996
evaluation-47139-tar-000,1,0.9984777569770813
evaluation-47139-non-000,0,0.09580108523368835
evaluation-47142-tar-000,1,0.9937989711761475
evaluation-47142-non-000,0,0.9737783670425415
evaluation-47169-tar-000,1,0.47819679975509644
evaluation-47169-non-000,0,-0.10406916588544846
evaluation-47238-tar-000,1,-0.6996980309486389
evaluation-47238-non-000,0,0.1013062596321106
evaluation-4728-tar-000,1,-0.7475813627243042
evaluation-4728-non-000,0,-0.9235439300537109
evaluation-47342-tar-000,1,-0.2540297210216522
evaluation-47342-non-000,0,0.5992603302001953
evaluation-47504-tar-000,1,0.8633971214294434
evaluation-47504-non-000,0,0.9851512908935547
evaluation-4763-tar-000,1,0.325162410736084
evaluation-4763-non-000,0,0.6775065660476685
evaluation-47650-tar-000,1,0.9977688789367676
evaluation-47650-non-000,0,0.623543381690979
evaluation-47658-tar-000,1,-0.5437307357788086
evaluation-47658-non-000,0,0.2344638705253601
evaluation-4773-tar-000,1,-0.7148391604423523
evaluation-4773-non-000,0,0.9441933631896973
evaluation-4774-tar-000,1,0.791610836982727
evaluation-4774-non-000,0,0.9427984952926636
evaluation-47913-tar-000,1,0.9983881711959839
evaluation-47913-non-000,0,0.6773083806037903
evaluation-47998-tar-000,1,0.7516485452651978
evaluation-47998-non-000,0,0.7568589448928833
evaluation-4800-tar-000,1,0.6447818279266357
evaluation-4800-non-000,0,0.9403936266899109
evaluation-48095-tar-000,1,0.48954856395721436
evaluation-48095-non-000,0,0.06741587072610855
evaluation-48193-tar-000,1,0.9976053237915039
evaluation-48193-non-000,0,0.7840997576713562
evaluation-4821-tar-000,1,-0.8246967196464539
evaluation-4821-non-000,0,0.9082713723182678
evaluation-48232-tar-000,1,0.9847190380096436
evaluation-48232-non-000,0,0.9965951442718506
evaluation-48262-tar-000,1,-0.8466264009475708
evaluation-48262-non-000,0,0.9896440505981445
evaluation-48388-tar-000,1,0.9990271329879761
evaluation-48388-non-000,0,-0.42495790123939514
evaluation-4841-tar-000,1,-0.4299117624759674
evaluation-4841-non-000,0,-0.5077253580093384
evaluation-4842-tar-000,1,-0.549049973487854
evaluation-4842-non-000,0,-0.8674367666244507
evaluation-48443-tar-000,1,0.9888638257980347
evaluation-48443-non-000,0,0.3917548656463623
evaluation-48454-tar-000,1,0.8397315144538879
evaluation-48454-non-000,0,-0.6342475414276123
evaluation-48575-tar-000,1,0.9943352937698364
evaluation-48575-non-000,0,-0.850882351398468
evaluation-48578-tar-000,1,0.9946117401123047
evaluation-48578-non-000,0,0.8642354011535645
evaluation-4867-tar-000,1,0.0905047059059143
evaluation-4867-non-000,0,0.6250755190849304
evaluation-48726-tar-000,1,0.933837890625
evaluation-48726-non-000,0,-0.6985378265380859
evaluation-48759-tar-000,1,-0.7465589046478271
evaluation-48759-non-000,0,0.1555841863155365
evaluation-48787-tar-000,1,0.8714232444763184
evaluation-48787-non-000,0,-0.22077780961990356
evaluation-48833-tar-000,1,-0.1221490204334259
evaluation-48833-non-000,0,0.9802665710449219
evaluation-48905-tar-000,1,-0.6726704835891724
evaluation-48905-non-000,0,0.9141424298286438
evaluation-4891-tar-000,1,-0.12759293615818024
evaluation-4891-non-000,0,-0.8730951547622681
evaluation-4894-tar-000,1,0.6877518892288208
evaluation-4894-non-000,0,0.7537297606468201
evaluation-48952-tar-000,1,0.9994653463363647
evaluation-48952-non-000,0,-0.8034694194793701
evaluation-49004-tar-000,1,0.9979685544967651
evaluation-49004-non-000,0,0.9851788282394409
evaluation-49037-tar-000,1,0.9314149618148804
evaluation-49037-non-000,0,0.9980267882347107
evaluation-49045-tar-000,1,0.9969423413276672
evaluation-49045-non-000,0,-0.4384192228317261
evaluation-49097-tar-000,1,0.32173797488212585
evaluation-49097-non-000,0,0.6793400645256042
evaluation-49116-tar-000,1,0.9025137424468994
evaluation-49116-non-000,0,-0.7619889974594116
evaluation-49196-tar-000,1,0.9969668984413147
evaluation-49196-non-000,0,0.47959282994270325
evaluation-49207-tar-000,1,-0.5301381349563599
evaluation-49207-non-000,0,0.2684515714645386
evaluation-4921-tar-000,1,0.9878348112106323
evaluation-4921-non-000,0,0.9247467517852783
evaluation-49215-tar-000,1,-0.5022618770599365
evaluation-49215-non-000,0,0.485464870929718
evaluation-4934-tar-000,1,0.9975147247314453
evaluation-4934-non-000,0,-0.6819913983345032
evaluation-49446-tar-000,1,-0.434894859790802
evaluation-49446-non-000,0,-0.9302548170089722
evaluation-49476-tar-000,1,0.975665271282196
evaluation-49476-non-000,0,0.4091927707195282
evaluation-49484-tar-000,1,-0.10400038957595825
evaluation-49484-non-000,0,-0.7060670852661133
evaluation-49520-tar-000,1,0.9238229393959045
evaluation-49520-non-000,0,0.3654974102973938
evaluation-49539-tar-000,1,0.931011974811554
evaluation-49539-non-000,0,-0.09196854382753372
evaluation-4958-tar-000,1,0.9477436542510986
evaluation-4958-non-000,0,0.9631054401397705
evaluation-4961-tar-000,1,-0.8618141412734985
evaluation-4961-non-000,0,0.9039725065231323
evaluation-49677-tar-000,1,0.20235666632652283
evaluation-49677-non-000,0,0.5288664102554321
evaluation-49792-tar-000,1,-0.6303157210350037
evaluation-49792-non-000,0,0.29129621386528015
evaluation-49808-tar-000,1,0.8682682514190674
evaluation-49808-non-000,0,0.9916483163833618
evaluation-49872-tar-000,1,0.8326051235198975
evaluation-49872-non-000,0,0.7661443948745728
evaluation-50056-tar-000,1,-0.5662777423858643
evaluation-50056-non-000,0,0.10030774772167206
evaluation-5008-tar-000,1,-0.8230699300765991
evaluation-5008-non-000,0,-0.5476524829864502
evaluation-5010-tar-000,1,0.9912208914756775
evaluation-5010-non-000,0,0.8089679479598999
evaluation-50138-tar-000,1,-0.18293587863445282
evaluation-50138-non-000,0,0.9529783725738525
evaluation-5018-tar-000,1,0.9929088354110718
evaluation-5018-non-000,0,0.9885621666908264
evaluation-5021-tar-000,1,0.9988148212432861
evaluation-5021-non-000,0,0.1536155343055725
evaluation-5024-tar-000,1,0.8852741718292236
evaluation-5024-non-000,0,0.9773468971252441
evaluation-50374-tar-000,1,0.08222678303718567
evaluation-50374-non-000,0,0.8952814936637878
evaluation-5042-tar-000,1,0.514545738697052
evaluation-5042-non-000,0,0.032176949083805084
evaluation-50440-tar-000,1,0.07477182149887085
evaluation-50440-non-000,0,-0.22553083300590515
evaluation-50490-tar-000,1,-0.3293132483959198
evaluation-50490-non-000,0,0.8259851932525635
evaluation-50591-tar-000,1,0.6552961468696594
evaluation-50591-non-000,0,-0.44054096937179565
evaluation-50608-tar-000,1,-0.7395882606506348
evaluation-50608-non-000,0,-0.542912483215332
evaluation-50613-tar-000,1,0.9705998301506042
evaluation-50613-non-000,0,0.6756101846694946
evaluation-50643-tar-000,1,0.9908981919288635
evaluation-50643-non-000,0,0.9991569519042969
evaluation-50652-tar-000,1,0.9909470081329346
evaluation-50652-non-000,0,0.7741925120353699
evaluation-50676-tar-000,1,0.6811044216156006
evaluation-50676-non-000,0,0.6272519826889038
evaluation-50679-tar-000,1,-0.1229497641324997
evaluation-50679-non-000,0,-0.7839842438697815
evaluation-50723-tar-000,1,0.19028422236442566
evaluation-50723-non-000,0,0.9759089946746826
evaluation-50786-tar-000,1,-0.8995758295059204
evaluation-50786-non-000,0,0.5758198499679565
evaluation-51050-tar-000,1,0.9698556661605835
evaluation-51050-non-000,0,-0.6053174734115601
evaluation-51080-tar-000,1,0.9959143400192261
evaluation-51080-non-000,0,0.9752824306488037
evaluation-51099-tar-000,1,0.8029574155807495
evaluation-51099-non-000,0,0.9939569234848022
evaluation-5135-tar-000,1,0.7966952323913574
evaluation-5135-non-000,0,-0.8696047067642212
evaluation-51399-tar-000,1,0.6154599189758301
evaluation-51399-non-000,0,0.6506818532943726
evaluation-51459-tar-000,1,0.9915952086448669
evaluation-51459-non-000,0,0.9814727902412415
evaluation-5148-tar-000,1,0.09560281038284302
evaluation-5148-non-000,0,0.42858514189720154
evaluation-5149-tar-000,1,-0.7692236304283142
evaluation-5149-non-000,0,-0.7973750829696655
evaluation-51506-tar-000,1,0.8558789491653442
evaluation-51506-non-000,0,0.9871414303779602
evaluation-51525-tar-000,1,0.9990720748901367
evaluation-51525-non-000,0,-0.6078528165817261
evaluation-5153-tar-000,1,0.8796002864837646
evaluation-5153-non-000,0,0.91206294298172
evaluation-51531-tar-000,1,0.9955282211303711
evaluation-51531-non-000,0,0.04645176976919174
evaluation-51544-tar-000,1,0.9250127077102661
evaluation-51544-non-000,0,0.9926650524139404
evaluation-51624-tar-000,1,-0.7204465866088867
evaluation-51624-non-000,0,-0.8193085193634033
evaluation-51629-tar-000,1,0.2036808729171753
evaluation-51629-non-000,0,-0.6164299249649048
evaluation-5167-tar-000,1,0.9960655570030212
evaluation-5167-non-000,0,0.8984553217887878
evaluation-5171-tar-000,1,0.9816424250602722
evaluation-5171-non-000,0,0.7345602512359619
evaluation-51899-tar-000,1,-0.0012156665325164795
evaluation-51899-non-000,0,-0.6027501821517944
evaluation-51940-tar-000,1,0.2738706171512604
evaluation-51940-non-000,0,-0.07800216972827911
evaluation-51962-tar-000,1,-0.5530620217323303
evaluation-51962-non-000,0,-0.7776707410812378
evaluation-5203-tar-000,1,-0.5767872929573059
evaluation-5203-non-000,0,0.18034899234771729
evaluation-5215-tar-000,1,0.7608907222747803
evaluation-5215-non-000,0,0.9125521779060364
evaluation-52213-tar-000,1,-0.7697750329971313
evaluation-52213-non-000,0,-0.24272644519805908
evaluation-5225-tar-000,1,-0.7647404670715332
evaluation-5225-non-000,0,0.9875475168228149
evaluation-52371-tar-000,1,0.9985440969467163
evaluation-52371-non-000,0,-0.17984844744205475
evaluation-52374-tar-000,1,-0.9435954093933105
evaluation-52374-non-000,0,0.9840053915977478
evaluation-5246-tar-000,1,0.9974956512451172
evaluation-5246-non-000,0,0.9021139144897461
evaluation-52486-tar-000,1,0.6816802024841309
evaluation-52486-non-000,0,0.8367749452590942
evaluation-5253-tar-000,1,-0.7656490802764893
evaluation-5253-non-000,0,0.9931564331054688
evaluation-52530-tar-000,1,-0.30891740322113037
evaluation-52530-non-000,0,0.5471807718276978
evaluation-5256-tar-000,1,0.8609263896942139
evaluation-5256-non-000,0,0.7209057211875916
evaluation-5261-tar-000,1,-0.12020450830459595
evaluation-5261-non-000,0,0.9972282648086548
evaluation-52651-tar-000,1,0.9946035146713257
evaluation-52651-non-000,0,0.577292263507843
evaluation-52709-tar-000,1,-0.7646583318710327
evaluation-52709-non-000,0,-0.7850561141967773
evaluation-5289-tar-000,1,0.09646136313676834
evaluation-5289-non-000,0,0.08648193627595901
evaluation-52912-tar-000,1,-0.7713326811790466
evaluation-52912-non-000,0,-0.8096351623535156
evaluation-52929-tar-000,1,-0.3264969289302826
evaluation-52929-non-000,0,0.10184644162654877
evaluation-5309-tar-000,1,0.9729369878768921
evaluation-5309-non-000,0,-0.48493313789367676
evaluation-53170-tar-000,1,-0.179612934589386
evaluation-53170-non-000,0,0.1724354326725006
evaluation-5322-tar-000,1,0.816197395324707
evaluation-5322-non-000,0,-0.6242735385894775
evaluation-5325-tar-000,1,0.997386634349823
evaluation-5325-non-000,0,-0.3417927026748657
evaluation-53266-tar-000,1,-0.6227675080299377
evaluation-53266-non-000,0,0.5656940937042236
evaluation-53269-tar-000,1,0.3478384017944336
evaluation-53269-non-000,0,0.9957823753356934
evaluation-53272-tar-000,1,0.9873654842376709
evaluation-53272-non-000,0,-0.25356459617614746
evaluation-5334-tar-000,1,0.8219797611236572
evaluation-5334-non-000,0,0.9734602570533752
evaluation-53354-tar-000,1,0.995761513710022
evaluation-53354-non-000,0,-0.00045256875455379486
evaluation-5336-tar-000,1,0.7006338834762573
evaluation-5336-non-000,0,-0.29973727464675903
evaluation-5339-tar-000,1,-0.7796029448509216
evaluation-5339-non-000,0,0.21319887042045593
evaluation-53390-tar-000,1,0.8920180797576904
evaluation-53390-non-000,0,0.8992102146148682
evaluation-53434-tar-000,1,0.25362271070480347
evaluation-53434-non-000,0,0.9969884157180786
evaluation-53544-tar-000,1,-0.39554715156555176
evaluation-53544-non-000,0,0.5795316100120544
evaluation-53588-tar-000,1,0.8320173025131226
evaluation-53588-non-000,0,-0.2775801420211792
evaluation-53755-tar-000,1,0.7481752634048462
evaluation-53755-non-000,0,-0.01989748701453209
evaluation-53972-tar-000,1,-0.32560309767723083
evaluation-53972-non-000,0,0.9245738983154297
evaluation-5399-tar-000,1,0.4351145625114441
evaluation-5399-non-000,0,0.969912588596344
evaluation-54035-tar-000,1,0.9945881366729736
evaluation-54035-non-000,0,0.21092766523361206
evaluation-54085-tar-000,1,-0.33371198177337646
evaluation-54085-non-000,0,-0.40006619691848755
evaluation-5413-tar-000,1,0.25195151567459106
evaluation-5413-non-000,0,0.9626332521438599
evaluation-54197-tar-000,1,0.80096435546875
evaluation-54197-non-000,0,-0.5434495806694031
evaluation-54250-tar-000,1,0.9627763628959656
evaluation-54250-non-000,0,0.4040367007255554
evaluation-54261-tar-000,1,0.11974145472049713
evaluation-54261-non-000,0,-0.814419150352478
evaluation-5437-tar-000,1,0.9889098405838013
evaluation-5437-non-000,0,0.8296188116073608
evaluation-54376-tar-000,1,0.7814993858337402
evaluation-54376-non-000,0,0.699701726436615
evaluation-5438-tar-000,1,0.9991576075553894
evaluation-5438-non-000,0,0.9950903654098511
evaluation-54568-tar-000,1,0.39849409461021423
evaluation-54568-non-000,0,0.9898678064346313
evaluation-54596-tar-000,1,0.660976767539978
evaluation-54596-non-000,0,0.9957072734832764
evaluation-54637-tar-000,1,0.7305104732513428
evaluation-54637-non-000,0,-0.8606070876121521
evaluation-54725-tar-000,1,-0.7419917583465576
evaluation-54725-non-000,0,0.6585553884506226
evaluation-5490-tar-000,1,0.9565862417221069
evaluation-5490-non-000,0,-0.4115813374519348
evaluation-55027-tar-000,1,0.48644590377807617
evaluation-55027-non-000,0,0.15354666113853455
evaluation-55052-tar-000,1,0.9977411031723022
evaluation-55052-non-000,0,0.41818487644195557
evaluation-55225-tar-000,1,0.02581688016653061
evaluation-55225-non-000,0,0.9888521432876587
evaluation-5532-tar-000,1,-0.8004705905914307
evaluation-5532-non-000,0,-0.7635165452957153
evaluation-55354-tar-000,1,0.6666334867477417
evaluation-55354-non-000,0,-0.040409237146377563
evaluation-55362-tar-000,1,0.8341854810714722
evaluation-55362-non-000,0,0.9966630935668945
evaluation-5542-tar-000,1,-0.5879278182983398
evaluation-5542-non-000,0,0.14519467949867249
evaluation-55488-tar-000,1,-0.3430071771144867
evaluation-55488-non-000,0,0.7902379035949707
evaluation-55656-tar-000,1,-0.4661179482936859
evaluation-55656-non-000,0,0.19038526713848114
evaluation-55681-tar-000,1,-0.578961968421936
evaluation-55681-non-000,0,0.4348246157169342
evaluation-55807-tar-000,1,-0.5892098546028137
evaluation-55807-non-000,0,0.7148601412773132
evaluation-55810-tar-000,1,-0.811027467250824
evaluation-55810-non-000,0,0.8155622482299805
evaluation-55870-tar-000,1,0.9675314426422119
evaluation-55870-non-000,0,-0.7164954543113708
evaluation-55928-tar-000,1,0.8788096904754639
evaluation-55928-non-000,0,-0.7311766147613525
evaluation-5594-tar-000,1,0.7304559350013733
evaluation-5594-non-000,0,0.7055733799934387
evaluation-55953-tar-000,1,-0.8422167301177979
evaluation-55953-non-000,0,0.9004252552986145
evaluation-55966-tar-000,1,0.6374358534812927
evaluation-55966-non-000,0,-0.6554327607154846
evaluation-5599-tar-000,1,0.8720898628234863
evaluation-5599-non-000,0,0.9023729562759399
evaluation-56043-tar-000,1,0.9971568584442139
evaluation-56043-non-000,0,0.9906315803527832
evaluation-5605-tar-000,1,0.9972780346870422
evaluation-5605-non-000,0,-0.5203555822372437
evaluation-56073-tar-000,1,0.9575946927070618
evaluation-56073-non-000,0,0.6697726845741272
evaluation-56098-tar-000,1,0.9965635538101196
evaluation-56098-non-000,0,-0.01830839365720749
evaluation-56112-tar-000,1,0.9982884526252747
evaluation-56112-non-000,0,-0.27061378955841064
evaluation-56170-tar-000,1,-0.28497403860092163
evaluation-56170-non-000,0,0.9940406680107117
evaluation-56181-tar-000,1,0.24116791784763336
evaluation-56181-non-000,0,-0.3533153533935547
evaluation-56293-tar-000,1,0.4170458912849426
evaluation-56293-non-000,0,0.9945434331893921
evaluation-5631-tar-000,1,0.9942838549613953
evaluation-5631-non-000,0,-0.8264724016189575
evaluation-5645-tar-000,1,0.018372830003499985
evaluation-5645-non-000,0,0.6828680038452148
evaluation-5648-tar-000,1,0.22262801229953766
evaluation-5648-non-000,0,0.9972325563430786
evaluation-5653-tar-000,1,0.1528627872467041
evaluation-5653-non-000,0,0.9882199764251709
evaluation-56568-tar-000,1,0.9693686366081238
evaluation-56568-non-000,0,0.9881327152252197
evaluation-5671-tar-000,1,0.8069349527359009
evaluation-5671-non-000,0,0.9974939823150635
evaluation-56722-tar-000,1,-0.461021363735199
evaluation-56722-non-000,0,0.168813556432724
evaluation-56771-tar-000,1,-0.8647613525390625
evaluation-56771-non-000,0,-0.6466886401176453
evaluation-56829-tar-000,1,0.9594599008560181
evaluation-56829-non-000,0,0.9789901971817017
evaluation-56853-tar-000,1,0.9706498384475708
evaluation-56853-non-000,0,0.999348521232605
evaluation-56939-tar-000,1,0.8364217877388
evaluation-56939-non-000,0,0.5717025995254517
evaluation-5706-tar-000,1,0.8006510734558105
evaluation-5706-non-000,0,-0.441089004278183
evaluation-57103-tar-000,1,-0.7480573654174805
evaluation-57103-non-000,0,-0.7425535917282104
evaluation-57208-tar-000,1,0.6342689990997314
evaluation-57208-non-000,0,0.40127140283584595
evaluation-57246-tar-000,1,0.994342565536499
evaluation-57246-non-000,0,-0.2538743019104004
evaluation-57263-tar-000,1,0.6288844347000122
evaluation-57263-non-000,0,-0.07702916115522385
evaluation-5734-tar-000,1,0.9160169363021851
evaluation-5734-non-000,0,0.9923518896102905
evaluation-57364-tar-000,1,0.996600866317749
evaluation-57364-non-000,0,0.3723481297492981
evaluation-57384-tar-000,1,0.6494589447975159
evaluation-57384-non-000,0,0.8788589239120483
evaluation-57413-tar-000,1,0.9485430121421814
evaluation-57413-non-000,0,0.9762488007545471
evaluation-5745-tar-000,1,0.9954769611358643
evaluation-5745-non-000,0,0.9707200527191162
evaluation-57502-tar-000,1,0.8654493093490601
evaluation-57502-non-000,0,0.9954822063446045
evaluation-57587-tar-000,1,0.8829091787338257
evaluation-57587-non-000,0,0.636347770690918
evaluation-5763-tar-000,1,-0.5292013883590698
evaluation-5763-non-000,0,-0.10440197587013245
evaluation-57661-tar-000,1,0.6725649833679199
evaluation-57661-non-000,0,0.30356526374816895
evaluation-57710-tar-000,1,0.8416919708251953
evaluation-57710-non-000,0,-0.1790323704481125
evaluation-57719-tar-000,1,-0.5343369841575623
evaluation-57719-non-000,0,0.9991647005081177
evaluation-5773-tar-000,1,0.9353197813034058
evaluation-5773-non-000,0,0.9917145371437073
evaluation-57944-tar-000,1,0.21983647346496582
evaluation-57944-non-000,0,-0.3322429358959198
evaluation-57980-tar-000,1,0.9877906441688538
evaluation-57980-non-000,0,-0.00030449777841567993
evaluation-58059-tar-000,1,0.9568545818328857
evaluation-58059-non-000,0,0.9580345749855042
evaluation-58067-tar-000,1,0.8997695446014404
evaluation-58067-non-000,0,-0.816031813621521
evaluation-58081-tar-000,1,0.48480263352394104
evaluation-58081-non-000,0,0.24594460427761078
evaluation-58087-tar-000,1,-0.7850722074508667
evaluation-58087-non-000,0,0.9895517826080322
evaluation-58098-tar-000,1,0.698419988155365
evaluation-58098-non-000,0,-0.30569136142730713
evaluation-5814-tar-000,1,0.9893542528152466
evaluation-5814-non-000,0,0.3553381562232971
evaluation-58144-tar-000,1,-0.33052438497543335
evaluation-58144-non-000,0,-0.6661176085472107
evaluation-5832-tar-000,1,-0.529715359210968
evaluation-5832-non-000,0,0.9883742332458496
evaluation-5836-tar-000,1,0.8061679005622864
evaluation-5836-non-000,0,0.9981968998908997
evaluation-5841-tar-000,1,0.9982773065567017
evaluation-5841-non-000,0,-0.6099513173103333
evaluation-58430-tar-000,1,-0.11641024798154831
evaluation-58430-non-000,0,0.9426465034484863
evaluation-58587-tar-000,1,0.9949185848236084
evaluation-58587-non-000,0,0.0715930163860321
evaluation-5861-tar-000,1,0.9980565309524536
evaluation-5861-non-000,0,-0.8965316414833069
evaluation-5868-tar-000,1,-0.8524954319000244
evaluation-5868-non-000,0,-0.7756472826004028
evaluation-58694-tar-000,1,0.45683979988098145
evaluation-58694-non-000,0,-0.6809121370315552
evaluation-58724-tar-000,1,-0.7225392460823059
evaluation-58724-non-000,0,-0.7701154351234436
evaluation-58771-tar-000,1,0.3850625157356262
evaluation-58771-non-000,0,-0.3268004357814789
evaluation-5884-tar-000,1,0.9903605580329895
evaluation-5884-non-000,0,0.19268006086349487
evaluation-58968-tar-000,1,0.7468230128288269
evaluation-58968-non-000,0,-0.7127563953399658
evaluation-5900-tar-000,1,-0.7285639047622681
evaluation-5900-non-000,0,-0.6638978123664856
evaluation-59029-tar-000,1,0.6527417898178101
evaluation-59029-non-000,0,-0.20381015539169312
evaluation-59235-tar-000,1,0.9909555912017822
evaluation-59235-non-000,0,0.9822128415107727
evaluation-59284-tar-000,1,0.9958505034446716
evaluation-59284-non-000,0,0.6405490040779114
evaluation-59443-tar-000,1,0.8998113870620728
evaluation-59443-non-000,0,0.0008905082941055298
evaluation-5946-tar-000,1,0.8259629011154175
evaluation-5946-non-000,0,-0.3836766481399536
evaluation-5949-tar-000,1,-0.5489018559455872
evaluation-5949-non-000,0,-0.376712441444397
evaluation-59496-tar-000,1,-0.5526257753372192
evaluation-59496-non-000,0,-0.6938316822052002
evaluation-59564-tar-000,1,0.9849080443382263
evaluation-59564-non-000,0,0.6298565864562988
evaluation-59663-tar-000,1,0.8444368243217468
evaluation-59663-non-000,0,-0.06452556699514389
evaluation-59779-tar-000,1,0.9920908808708191
evaluation-59779-non-000,0,0.9942531585693359
evaluation-59820-tar-000,1,0.41754385828971863
evaluation-59820-non-000,0,-0.7287657260894775
evaluation-59963-tar-000,1,0.42605218291282654
evaluation-59963-non-000,0,0.9826664924621582
evaluation-59971-tar-000,1,-0.46839439868927
evaluation-59971-non-000,0,0.7416514158248901
evaluation-6006-tar-000,1,0.207624614238739
evaluation-6006-non-000,0,0.10506182909011841
evaluation-6010-tar-000,1,0.9240238070487976
evaluation-6010-non-000,0,0.9941301345825195
evaluation-60240-tar-000,1,0.9993698596954346
evaluation-60240-non-000,0,0.9783562421798706
evaluation-60627-tar-000,1,0.2063596248626709
evaluation-60627-non-000,0,-0.7191790342330933
evaluation-60646-tar-000,1,-0.21034106612205505
evaluation-60646-non-000,0,-0.949386477470398
evaluation-60699-tar-000,1,-0.7801991701126099
evaluation-60699-non-000,0,0.9654428362846375
evaluation-60748-tar-000,1,0.998152494430542
evaluation-60748-non-000,0,0.7131081819534302
evaluation-60803-tar-000,1,0.3629487156867981
evaluation-60803-non-000,0,0.1132563129067421
evaluation-6081-tar-000,1,0.2597482204437256
evaluation-6081-non-000,0,0.9746070504188538
evaluation-6086-tar-000,1,0.9403672814369202
evaluation-6086-non-000,0,0.7721539735794067
evaluation-6089-tar-000,1,-0.6003481149673462
evaluation-6089-non-000,0,-0.8516782522201538
evaluation-6097-tar-000,1,0.982263445854187
evaluation-6097-non-000,0,-0.7431849241256714
evaluation-61015-tar-000,1,0.9907218217849731
evaluation-61015-non-000,0,-0.2804965376853943
evaluation-61078-tar-000,1,0.22592884302139282
evaluation-61078-non-000,0,-0.09865668416023254
evaluation-6108-tar-000,1,-0.5781072378158569
evaluation-6108-non-000,0,0.9694826602935791
evaluation-61119-tar-000,1,0.3925437927246094
evaluation-61119-non-000,0,0.7885197401046753
evaluation-61122-tar-000,1,0.848496675491333
evaluation-61122-non-000,0,-0.6241529583930969
evaluation-61133-tar-000,1,0.806337833404541
evaluation-61133-non-000,0,-0.518710732460022
evaluation-61174-tar-000,1,-0.7400926947593689
evaluation-61174-non-000,0,0.5672203302383423
evaluation-61207-tar-000,1,0.996553897857666
evaluation-61207-non-000,0,-0.7686509490013123
evaluation-61292-tar-000,1,0.9396742582321167
evaluation-61292-non-000,0,-0.5961869955062866
evaluation-61410-tar-000,1,0.991407036781311
evaluation-61410-non-000,0,0.9983209371566772
evaluation-61421-tar-000,1,-0.7836753726005554
evaluation-61421-non-000,0,-0.7216265201568604
evaluation-6163-tar-000,1,-0.3973275423049927
evaluation-6163-non-000,0,-0.7414097785949707
evaluation-61663-tar-000,1,0.3991491198539734
evaluation-61663-non-000,0,0.18669560551643372
evaluation-61712-tar-000,1,-0.46847498416900635
evaluation-61712-non-000,0,0.8415959477424622
evaluation-61775-tar-000,1,-0.8039035797119141
evaluation-61775-non-000,0,0.9184693098068237
evaluation-61800-tar-000,1,-0.21941518783569336
evaluation-61800-non-000,0,0.8279162645339966
evaluation-6186-tar-000,1,0.6051458120346069
evaluation-6186-non-000,0,0.714881181716919
evaluation-6194-tar-000,1,0.9992914199829102
evaluation-6194-non-000,0,-0.8458857536315918
evaluation-61979-tar-000,1,0.9150682687759399
evaluation-61979-non-000,0,0.8937280178070068
evaluation-62012-tar-000,1,-0.7499188184738159
evaluation-62012-non-000,0,0.13118162751197815
evaluation-6202-tar-000,1,-0.10614441335201263
evaluation-6202-non-000,0,-0.36868637800216675
evaluation-62066-tar-000,1,0.8422064781188965
evaluation-62066-non-000,0,-0.45316457748413086
evaluation-62086-tar-000,1,0.7557399272918701
evaluation-62086-non-000,0,0.9416139125823975
evaluation-6209-tar-000,1,-0.5628240704536438
evaluation-6209-non-000,0,0.9953662157058716
evaluation-62138-tar-000,1,0.9483307003974915
evaluation-62138-non-000,0,0.9037403464317322
evaluation-62179-tar-000,1,-0.6224713921546936
evaluation-62179-non-000,0,0.6300649642944336
evaluation-62223-tar-000,1,0.4308087229728699
evaluation-62223-non-000,0,0.7226701378822327
evaluation-62292-tar-000,1,0.4981992840766907
evaluation-62292-non-000,0,-0.3833034038543701
evaluation-6231-tar-000,1,-0.7435184717178345
evaluation-6231-non-000,0,0.8911179304122925
evaluation-62325-tar-000,1,-0.42420199513435364
evaluation-62325-non-000,0,-0.4987112283706665
evaluation-62404-tar-000,1,0.9971173405647278
evaluation-62404-non-000,0,-0.29177379608154297
evaluation-6246-tar-000,1,0.8900168538093567
evaluation-6246-non-000,0,-0.038060180842876434
evaluation-62544-tar-000,1,-0.8016944527626038
evaluation-62544-non-000,0,-0.09363313019275665
evaluation-6257-tar-000,1,0.9940757751464844
evaluation-6257-non-000,0,-0.7414891719818115
evaluation-62572-tar-000,1,0.9769409894943237
evaluation-62572-non-000,0,0.701867938041687
evaluation-62660-tar-000,1,0.49142956733703613
evaluation-62660-non-000,0,0.8958684206008911
evaluation-62748-tar-000,1,0.991417407989502
evaluation-62748-non-000,0,-0.5340766310691833
evaluation-6287-tar-000,1,-0.28418269753456116
evaluation-6287-non-000,0,-0.7092487215995789
evaluation-6292-tar-000,1,-0.8443571925163269
evaluation-6292-non-000,0,0.98082435131073
evaluation-6296-tar-000,1,0.8644652366638184
evaluation-6296-non-000,0,0.9948124885559082
evaluation-63077-tar-000,1,0.9242871999740601
evaluation-63077-non-000,0,-0.656959593296051
evaluation-6310-tar-000,1,0.9987421035766602
evaluation-6310-non-000,0,0.9863994121551514
evaluation-63132-tar-000,1,-0.5399982929229736
evaluation-63132-non-000,0,-0.3615759015083313
evaluation-63138-tar-000,1,-0.7741442322731018
evaluation-63138-non-000,0,0.8320260047912598
evaluation-63415-tar-000,1,-0.1323387622833252
evaluation-63415-non-000,0,0.45763176679611206
evaluation-63478-tar-000,1,0.9003000259399414
evaluation-63478-non-000,0,0.9326997995376587
evaluation-63536-tar-000,1,0.998504638671875
evaluation-63536-non-000,0,0.6458343267440796
evaluation-6358-tar-000,1,0.2847457528114319
evaluation-6358-non-000,0,-0.2827848494052887
evaluation-6359-tar-000,1,0.997747540473938
evaluation-6359-non-000,0,-0.8087477684020996
evaluation-63627-tar-000,1,0.9446865320205688
evaluation-63627-non-000,0,0.9138817191123962
evaluation-63629-tar-000,1,0.9993810057640076
evaluation-63629-non-000,0,-0.16188350319862366
evaluation-63714-tar-000,1,-0.7705312967300415
evaluation-63714-non-000,0,0.9550678730010986
evaluation-63739-tar-000,1,0.9442769885063171
evaluation-63739-non-000,0,0.9268470406532288
evaluation-63805-tar-000,1,0.5282638072967529
evaluation-63805-non-000,0,0.8829635381698608
evaluation-63838-tar-000,1,0.9989232420921326
evaluation-63838-non-000,0,0.8008961081504822
evaluation-63852-tar-000,1,0.8193953037261963
evaluation-63852-non-000,0,0.9899245500564575
evaluation-63984-tar-000,1,0.8673419952392578
evaluation-63984-non-000,0,0.6458823084831238
evaluation-6401-tar-000,1,0.993931770324707
evaluation-6401-non-000,0,0.9995409250259399
evaluation-64082-tar-000,1,0.9995120763778687
evaluation-64082-non-000,0,0.9891229271888733
evaluation-6410-tar-000,1,0.9785513877868652
evaluation-6410-non-000,0,-0.29620569944381714
evaluation-64291-tar-000,1,-0.6573001146316528
evaluation-64291-non-000,0,-0.02928309142589569
evaluation-64354-tar-000,1,0.8586726784706116
evaluation-64354-non-000,0,0.5551931858062744
evaluation-64431-tar-000,1,0.9974766969680786
evaluation-64431-non-000,0,0.25418010354042053
evaluation-64456-tar-000,1,0.02227691374719143
evaluation-64456-non-000,0,-0.6332232356071472
evaluation-64489-tar-000,1,0.7245833873748779
evaluation-64489-non-000,0,0.9941438436508179
evaluation-64494-tar-000,1,0.2137589305639267
evaluation-64494-non-000,0,0.42456185817718506
evaluation-64541-tar-000,1,0.9921106696128845
evaluation-64541-non-000,0,-0.7218671441078186
evaluation-64593-tar-000,1,0.9590315818786621
evaluation-64593-non-000,0,0.19020771980285645
evaluation-64626-tar-000,1,-0.453910768032074
evaluation-64626-non-000,0,0.9263744354248047
evaluation-64747-tar-000,1,0.9990284442901611
evaluation-64747-non-000,0,-0.39266401529312134
evaluation-6478-tar-000,1,0.5532442927360535
evaluation-6478-non-000,0,-0.2812221944332123
evaluation-6494-tar-000,1,0.9932773113250732
evaluation-6494-non-000,0,0.11637136340141296
evaluation-64961-tar-000,1,0.9982075691223145
evaluation-64961-non-000,0,0.8968961238861084
evaluation-64967-tar-000,1,0.1551530808210373
evaluation-64967-non-000,0,-0.6530898213386536
evaluation-65079-tar-000,1,0.9843358397483826
evaluation-65079-non-000,0,-0.18638372421264648
evaluation-65159-tar-000,1,0.9396071434020996
evaluation-65159-non-000,0,-0.8089609146118164
evaluation-6527-tar-000,1,-0.11033065617084503
evaluation-6527-non-000,0,-0.6590378284454346
evaluation-65368-tar-000,1,0.8095070719718933
evaluation-65368-non-000,0,-0.5728275179862976
evaluation-65404-tar-000,1,0.9988792538642883
evaluation-65404-non-000,0,-0.8005833625793457
evaluation-65423-tar-000,1,0.9969007968902588
evaluation-65423-non-000,0,0.9987086057662964
evaluation-65511-tar-000,1,0.8895785808563232
evaluation-65511-non-000,0,-0.461010217666626
evaluation-65513-tar-000,1,0.9189172983169556
evaluation-65513-non-000,0,-0.20035429298877716
evaluation-6552-tar-000,1,0.8353444337844849
evaluation-6552-non-000,0,0.899459958076477
evaluation-65538-tar-000,1,-0.7259929180145264
evaluation-65538-non-000,0,-0.5709154605865479
evaluation-65541-tar-000,1,-0.29698771238327026
evaluation-65541-non-000,0,-0.2857617437839508
evaluation-65761-tar-000,1,0.19120056927204132
evaluation-65761-non-000,0,-0.7369592785835266
evaluation-65807-tar-000,1,0.9459120035171509
evaluation-65807-non-000,0,0.10539364814758301
evaluation-65868-tar-000,1,-0.7719934582710266
evaluation-65868-non-000,0,-0.355610191822052
evaluation-65945-tar-000,1,-0.8242379426956177
evaluation-65945-non-000,0,0.7226091027259827
evaluation-6595-tar-000,1,0.8699914216995239
evaluation-6595-non-000,0,0.2830415666103363
evaluation-65986-tar-000,1,0.7817348837852478
evaluation-65986-non-000,0,0.909074068069458
evaluation-66002-tar-000,1,0.775439441204071
evaluation-66002-non-000,0,0.9826751947402954
evaluation-66030-tar-000,1,0.9636062979698181
evaluation-66030-non-000,0,-0.6787207126617432
evaluation-66230-tar-000,1,0.9998502135276794
evaluation-66230-non-000,0,-0.021145764738321304
evaluation-6625-tar-000,1,-0.2752828896045685
evaluation-6625-non-000,0,-0.7563937902450562
evaluation-6634-tar-000,1,0.9814629554748535
evaluation-6634-non-000,0,-0.2501540780067444
evaluation-66436-tar-000,1,0.9240036010742188
evaluation-66436-non-000,0,0.2464836835861206
evaluation-66466-tar-000,1,0.993615984916687
evaluation-66466-non-000,0,0.9275928735733032
evaluation-66508-tar-000,1,0.32126590609550476
evaluation-66508-non-000,0,-0.21061143279075623
evaluation-6661-tar-000,1,-0.7196693420410156
evaluation-6661-non-000,0,0.9232609272003174
evaluation-66749-tar-000,1,0.8178815841674805
evaluation-66749-non-000,0,0.9833085536956787
evaluation-66782-tar-000,1,-0.8239641189575195
evaluation-66782-non-000,0,-0.7197508215904236
evaluation-6682-tar-000,1,-0.13938114047050476
evaluation-6682-non-000,0,0.9892359972000122
evaluation-66944-tar-000,1,0.1803484410047531
evaluation-66944-non-000,0,-0.8502720594406128
evaluation-67057-tar-000,1,-0.2915842831134796
evaluation-67057-non-000,0,0.055739156901836395
evaluation-67087-tar-000,1,0.492584764957428
evaluation-67087-non-000,0,0.6052278280258179
evaluation-67137-tar-000,1,-0.5683982968330383
evaluation-67137-non-000,0,-0.1667134314775467
evaluation-67288-tar-000,1,0.9938820004463196
evaluation-67288-non-000,0,0.797369122505188
evaluation-6731-tar-000,1,0.9480702877044678
evaluation-6731-non-000,0,0.013195540755987167
evaluation-67370-tar-000,1,0.20287102460861206
evaluation-67370-non-000,0,0.8983084559440613
evaluation-67488-tar-000,1,0.9943804740905762
evaluation-67488-non-000,0,-0.7269625663757324
evaluation-6749-tar-000,1,-0.5555515289306641
evaluation-6749-non-000,0,0.866559624671936
evaluation-67521-tar-000,1,0.5821055173873901
evaluation-67521-non-000,0,0.9400857090950012
evaluation-67529-tar-000,1,0.9519631862640381
evaluation-67529-non-000,0,-0.4877348840236664
evaluation-67538-tar-000,1,0.640474796295166
evaluation-67538-non-000,0,0.9738585948944092
evaluation-67686-tar-000,1,0.9921001195907593
evaluation-67686-non-000,0,0.7995182275772095
evaluation-67697-tar-000,1,0.35228967666625977
evaluation-67697-non-000,0,0.9951108694076538
evaluation-67859-tar-000,1,-0.24631015956401825
evaluation-67859-non-000,0,0.1461380422115326
evaluation-6789-tar-000,1,0.6197814345359802
evaluation-6789-non-000,0,0.9932669401168823
evaluation-67991-tar-000,1,0.5884958505630493
evaluation-67991-non-000,0,-0.6586993336677551
evaluation-68068-tar-000,1,0.9263268709182739
evaluation-68068-non-000,0,0.9590062499046326
evaluation-68131-tar-000,1,0.9995532631874084
evaluation-68131-non-000,0,0.16282111406326294
evaluation-6818-tar-000,1,0.844970703125
evaluation-6818-non-000,0,-0.8167078495025635
evaluation-68227-tar-000,1,-0.6894571781158447
evaluation-68227-non-000,0,0.8764235973358154
evaluation-68268-tar-000,1,0.9952598214149475
evaluation-68268-non-000,0,0.9867672920227051
evaluation-68334-tar-000,1,-0.6539137959480286
evaluation-68334-non-000,0,-0.45147255063056946
evaluation-68378-tar-000,1,-0.5280277729034424
evaluation-68378-non-000,0,-0.6559343934059143
evaluation-68430-tar-000,1,0.9703137278556824
evaluation-68430-non-000,0,-0.0038505205884575844
evaluation-68785-tar-000,1,0.16933037340641022
evaluation-68785-non-000,0,-0.7219016551971436
evaluation-68886-tar-000,1,0.9739376902580261
evaluation-68886-non-000,0,0.9956282377243042
evaluation-68908-tar-000,1,0.05969102680683136
evaluation-68908-non-000,0,-0.2615343928337097
evaluation-6898-tar-000,1,0.3781587481498718
evaluation-6898-non-000,0,0.990894079208374
evaluation-69035-tar-000,1,0.9705568552017212
evaluation-69035-non-000,0,-0.5776764750480652
evaluation-69087-tar-000,1,0.5074631571769714
evaluation-69087-non-000,0,-0.4629043936729431
evaluation-69155-tar-000,1,0.03165947273373604
evaluation-69155-non-000,0,0.9066460132598877
evaluation-69166-tar-000,1,0.9248799681663513
evaluation-69166-non-000,0,0.9880651235580444
evaluation-69169-tar-000,1,0.8251467347145081
evaluation-69169-non-000,0,-0.8441148996353149
evaluation-69235-tar-000,1,0.9947881698608398
evaluation-69235-non-000,0,0.9533723592758179
evaluation-69279-tar-000,1,0.7871237397193909
evaluation-69279-non-000,0,-0.8601740598678589
evaluation-69315-tar-000,1,0.998665452003479
evaluation-69315-non-000,0,-0.3924097418785095
evaluation-6932-tar-000,1,-0.14769327640533447
evaluation-6932-non-000,0,0.9606491327285767
evaluation-69361-tar-000,1,-0.7458513975143433
evaluation-69361-non-000,0,0.9393637180328369
evaluation-69425-tar-000,1,0.9978369474411011
evaluation-69425-non-000,0,0.9638436436653137
evaluation-69526-tar-000,1,0.9770393371582031
evaluation-69526-non-000,0,-0.9206273555755615
evaluation-69529-tar-000,1,-0.7227195501327515
evaluation-69529-non-000,0,-0.3236381411552429
evaluation-6957-tar-000,1,0.9599859118461609
evaluation-6957-non-000,0,0.16037392616271973
evaluation-69573-tar-000,1,0.2935711443424225
evaluation-69573-non-000,0,0.07522733509540558
evaluation-69617-tar-000,1,0.860374927520752
evaluation-69617-non-000,0,0.46284812688827515
evaluation-69672-tar-000,1,0.2513141930103302
evaluation-69672-non-000,0,0.054132599383592606
evaluation-69724-tar-000,1,0.9987890124320984
evaluation-69724-non-000,0,0.996999204158783
evaluation-69848-tar-000,1,0.9908947944641113
evaluation-69848-non-000,0,0.12513071298599243
evaluation-69927-tar-000,1,-0.870746374130249
evaluation-69927-non-000,0,0.9036860466003418
evaluation-6993-tar-000,1,-0.37326061725616455
evaluation-6993-non-000,0,0.9636646509170532
evaluation-6994-tar-000,1,0.9664876461029053
evaluation-6994-non-000,0,0.983201265335083
evaluation-7006-tar-000,1,0.947006106376648
evaluation-7006-non-000,0,0.013413023203611374
evaluation-70130-tar-000,1,0.6727672815322876
evaluation-70130-non-000,0,0.9709709882736206
evaluation-70169-tar-000,1,0.08771105110645294
evaluation-70169-non-000,0,0.5621741414070129
evaluation-70191-tar-000,1,0.990736186504364
evaluation-70191-non-000,0,0.9936633110046387
evaluation-7029-tar-000,1,0.9515426158905029
evaluation-7029-non-000,0,-0.9339903593063354
evaluation-70290-tar-000,1,0.9787401556968689
evaluation-70290-non-000,0,0.9729039669036865
evaluation-70320-tar-000,1,0.9997311234474182
evaluation-70320-non-000,0,-0.4764612913131714
evaluation-70347-tar-000,1,-0.6225965023040771
evaluation-70347-non-000,0,0.5521565675735474
evaluation-7036-tar-000,1,0.3587901294231415
evaluation-7036-non-000,0,-0.83811354637146
evaluation-70501-tar-000,1,0.7338498830795288
evaluation-70501-non-000,0,-0.47299492359161377
evaluation-7055-tar-000,1,0.36378157138824463
evaluation-7055-non-000,0,-0.41504374146461487
evaluation-70592-tar-000,1,-0.4815020263195038
evaluation-70592-non-000,0,-0.9223216772079468
evaluation-70641-tar-000,1,0.31716257333755493
evaluation-70641-non-000,0,0.9733004570007324
evaluation-70671-tar-000,1,0.7243977785110474
evaluation-70671-non-000,0,0.6836106181144714
evaluation-7077-tar-000,1,0.01569277048110962
evaluation-7077-non-000,0,-0.8040039539337158
evaluation-7078-tar-000,1,-0.8644040822982788
evaluation-7078-non-000,0,0.8784419298171997
evaluation-70781-tar-000,1,0.581175684928894
evaluation-70781-non-000,0,0.9912197589874268
evaluation-70801-tar-000,1,0.5559071898460388
evaluation-70801-non-000,0,0.4199014902114868
evaluation-7092-tar-000,1,0.8459868431091309
evaluation-7092-non-000,0,-0.37495535612106323
evaluation-70952-tar-000,1,-0.7214231491088867
evaluation-70952-non-000,0,0.9680149555206299
evaluation-71001-tar-000,1,0.7675050497055054
evaluation-71001-non-000,0,-0.889327347278595
evaluation-71015-tar-000,1,0.15858244895935059
evaluation-71015-non-000,0,-0.6697924137115479
evaluation-71042-tar-000,1,0.5868074893951416
evaluation-71042-non-000,0,-0.5071730613708496
evaluation-7108-tar-000,1,-0.2460637092590332
evaluation-7108-non-000,0,-0.7501919865608215
evaluation-7123-tar-000,1,-0.8439074754714966
evaluation-7123-non-000,0,0.6312901973724365
evaluation-71300-tar-000,1,0.10584911704063416
evaluation-71300-non-000,0,0.9672035574913025
evaluation-7131-tar-000,1,0.49575555324554443
evaluation-7131-non-000,0,0.6661684513092041
evaluation-7140-tar-000,1,-0.89213627576828
evaluation-7140-non-000,0,-0.5335846543312073
evaluation-71402-tar-000,1,0.9944157600402832
evaluation-71402-non-000,0,0.9918171763420105
evaluation-71441-tar-000,1,0.5319381952285767
evaluation-71441-non-000,0,0.02524351328611374
evaluation-71457-tar-000,1,0.6146270632743835
evaluation-71457-non-000,0,0.3395026922225952
evaluation-7149-tar-000,1,0.8127393126487732
evaluation-7149-non-000,0,0.20158743858337402
evaluation-71528-tar-000,1,0.9878270626068115
evaluation-71528-non-000,0,0.10186445713043213
evaluation-71594-tar-000,1,0.8778815269470215
evaluation-71594-non-000,0,-0.7266277074813843
evaluation-7174-tar-000,1,0.6505358219146729
evaluation-7174-non-000,0,0.46354323625564575
evaluation-7177-tar-000,1,0.9886130094528198
evaluation-7177-non-000,0,0.9886945486068726
evaluation-71798-tar-000,1,0.8281208276748657
evaluation-71798-non-000,0,0.20794498920440674
evaluation-71839-tar-000,1,-0.6169356107711792
evaluation-71839-non-000,0,0.9949148893356323
evaluation-71924-tar-000,1,0.962708592414856
evaluation-71924-non-000,0,0.3574889898300171
evaluation-72009-tar-000,1,-0.7204117774963379
evaluation-72009-non-000,0,-0.04071173816919327
evaluation-72017-tar-000,1,0.560579776763916
evaluation-72017-non-000,0,0.9206615686416626
evaluation-72078-tar-000,1,0.4670262634754181
evaluation-72078-non-000,0,-0.6757797002792358
evaluation-7211-tar-000,1,0.24045118689537048
evaluation-7211-non-000,0,0.056127384305000305
evaluation-7214-tar-000,1,0.7448620796203613
evaluation-7214-non-000,0,0.4034319221973419
evaluation-72182-tar-000,1,-0.7826076745986938
evaluation-72182-non-000,0,-0.5108132362365723
evaluation-72221-tar-000,1,0.9890872836112976
evaluation-72221-non-000,0,0.4422070384025574
evaluation-7225-tar-000,1,0.65244460105896
evaluation-7225-non-000,0,-0.8692761659622192
evaluation-72267-tar-000,1,0.335943341255188
evaluation-72267-non-000,0,0.9416451454162598
evaluation-7228-tar-000,1,0.790847659111023
evaluation-7228-non-000,0,0.9085603952407837
evaluation-72328-tar-000,1,0.8696919679641724
evaluation-72328-non-000,0,-0.12227179110050201
evaluation-72355-tar-000,1,0.6378882527351379
evaluation-72355-non-000,0,-0.5125716924667358
evaluation-72531-tar-000,1,0.3148193657398224
evaluation-72531-non-000,0,-0.6365803480148315
evaluation-7259-tar-000,1,-0.572426974773407
evaluation-7259-non-000,0,-0.35408926010131836
evaluation-72646-tar-000,1,0.013172849081456661
evaluation-72646-non-000,0,-0.7513299584388733
evaluation-72685-tar-000,1,0.12429992109537125
evaluation-72685-non-000,0,0.5674574375152588
evaluation-72718-tar-000,1,-0.8913647532463074
evaluation-72718-non-000,0,-0.5739572048187256
evaluation-72731-tar-000,1,0.792651891708374
evaluation-72731-non-000,0,-0.4556017220020294
evaluation-72800-tar-000,1,0.9486827850341797
evaluation-72800-non-000,0,-0.10670414566993713
evaluation-7285-tar-000,1,0.995431125164032
evaluation-7285-non-000,0,-0.10661138594150543
evaluation-7290-tar-000,1,0.5599884390830994
evaluation-7290-non-000,0,0.9320211410522461
evaluation-7302-tar-000,1,-0.8106262683868408
evaluation-7302-non-000,0,0.9974364638328552
evaluation-73086-tar-000,1,-0.7530724406242371
evaluation-73086-non-000,0,0.9751937389373779
evaluation-7314-tar-000,1,-0.49752601981163025
evaluation-7314-non-000,0,-0.6026760339736938
evaluation-73366-tar-000,1,0.8152388334274292
evaluation-73366-non-000,0,-0.7505291700363159
evaluation-73396-tar-000,1,-0.24808570742607117
evaluation-73396-non-000,0,0.26352906227111816
evaluation-7343-tar-000,1,0.8855186700820923
evaluation-7343-non-000,0,0.9972416162490845
evaluation-73465-tar-000,1,0.040206339210271835
evaluation-73465-non-000,0,0.9671573638916016
evaluation-7350-tar-000,1,0.9981822967529297
evaluation-7350-non-000,0,0.9528223276138306
evaluation-7353-tar-000,1,-0.25814932584762573
evaluation-7353-non-000,0,-0.6293836236000061
evaluation-7354-tar-000,1,0.6749694347381592
evaluation-7354-non-000,0,0.8339395523071289
evaluation-73660-tar-000,1,-0.18598860502243042
evaluation-73660-non-000,0,0.9898456335067749
evaluation-73814-tar-000,1,-0.5146992206573486
evaluation-73814-non-000,0,0.8781778812408447
evaluation-73858-tar-000,1,0.7065227031707764
evaluation-73858-non-000,0,-0.023588811978697777
evaluation-73923-tar-000,1,0.5251061916351318
evaluation-73923-non-000,0,0.6418901681900024
evaluation-73995-tar-000,1,0.8686634302139282
evaluation-73995-non-000,0,-0.46992480754852295
evaluation-74014-tar-000,1,0.4956672191619873
evaluation-74014-non-000,0,0.953398585319519
evaluation-74028-tar-000,1,-0.6473809480667114
evaluation-74028-non-000,0,0.2819792926311493
evaluation-74033-tar-000,1,0.9992426633834839
evaluation-74033-non-000,0,0.6687231063842773
evaluation-7406-tar-000,1,0.7410792708396912
evaluation-7406-non-000,0,0.6410496830940247
evaluation-7408-tar-000,1,-0.36396023631095886
evaluation-7408-non-000,0,-0.6914483308792114
evaluation-74110-tar-000,1,0.8479030132293701
evaluation-74110-non-000,0,0.9987853765487671
evaluation-74179-tar-000,1,-0.41533178091049194
evaluation-74179-non-000,0,0.9995731115341187
evaluation-74195-tar-000,1,-0.42116159200668335
evaluation-74195-non-000,0,-0.06997470557689667
evaluation-74234-tar-000,1,-0.8466333746910095
evaluation-74234-non-000,0,0.9920418858528137
evaluation-74250-tar-000,1,0.7617632150650024
evaluation-74250-non-000,0,0.9858902096748352
evaluation-7428-tar-000,1,0.9907546043395996
evaluation-7428-non-000,0,-0.4563010334968567
evaluation-74324-tar-000,1,-0.45152196288108826
evaluation-74324-non-000,0,-0.755172848701477
evaluation-74335-tar-000,1,-0.3527368903160095
evaluation-74335-non-000,0,-0.4362613260746002
evaluation-74357-tar-000,1,-0.697303056716919
evaluation-74357-non-000,0,0.976435661315918
evaluation-7438-tar-000,1,0.9987328052520752
evaluation-7438-non-000,0,0.9864974021911621
evaluation-74388-tar-000,1,-0.3230546712875366
evaluation-74388-non-000,0,-0.03170163556933403
evaluation-74481-tar-000,1,0.021899737417697906
evaluation-74481-non-000,0,-0.022730857133865356
evaluation-74599-tar-000,1,-0.8086758852005005
evaluation-74599-non-000,0,0.3702566623687744
evaluation-74720-tar-000,1,-0.8177280426025391
evaluation-74720-non-000,0,-0.4865580201148987
evaluation-74745-tar-000,1,0.1638679802417755
evaluation-74745-non-000,0,0.8549755811691284
evaluation-74783-tar-000,1,0.9723789095878601
evaluation-74783-non-000,0,0.9923734664916992
evaluation-74953-tar-000,1,-0.8552986979484558
evaluation-74953-non-000,0,0.8718727231025696
evaluation-7500-tar-000,1,0.051409658044576645
evaluation-7500-non-000,0,0.5139203667640686
evaluation-75011-tar-000,1,-0.8282421231269836
evaluation-75011-non-000,0,-0.8793604373931885
evaluation-7511-tar-000,1,0.3183998763561249
evaluation-7511-non-000,0,0.41588252782821655
evaluation-75157-tar-000,1,0.9047287106513977
evaluation-75157-non-000,0,0.9524776339530945
evaluation-7516-tar-000,1,0.9989305734634399
evaluation-7516-non-000,0,0.9843922853469849
evaluation-75176-tar-000,1,-0.6804872155189514
evaluation-75176-non-000,0,0.17968320846557617
evaluation-75192-tar-000,1,0.18611042201519012
evaluation-75192-non-000,0,-0.5215575098991394
evaluation-7536-tar-000,1,0.8274664878845215
evaluation-7536-non-000,0,0.9901034832000732
evaluation-7544-tar-000,1,-0.8830227851867676
evaluation-7544-non-000,0,-0.8805197477340698
evaluation-75442-tar-000,1,0.8796482086181641
evaluation-75442-non-000,0,0.9868690967559814
evaluation-75448-tar-000,1,0.5265876054763794
evaluation-75448-non-000,0,0.38222795724868774
evaluation-75451-tar-000,1,0.9976307153701782
evaluation-75451-non-000,0,0.13765060901641846
evaluation-75555-tar-000,1,-0.7954210638999939
evaluation-75555-non-000,0,0.42707526683807373
evaluation-75690-tar-000,1,-0.27128171920776367
evaluation-75690-non-000,0,0.5807254314422607
evaluation-75753-tar-000,1,-0.4699915051460266
evaluation-75753-non-000,0,0.93333500623703
evaluation-75802-tar-000,1,0.11544910818338394
evaluation-75802-non-000,0,0.47449803352355957
evaluation-75849-tar-000,1,0.4303537905216217
evaluation-75849-non-000,0,-0.5824202299118042
evaluation-75860-tar-000,1,0.7545869946479797
evaluation-75860-non-000,0,-0.8120068311691284
evaluation-75874-tar-000,1,0.9965072870254517
evaluation-75874-non-000,0,0.7373511791229248
evaluation-75945-tar-000,1,0.868845522403717
evaluation-75945-non-000,0,-0.8855664730072021
evaluation-7604-tar-000,1,-0.5750546455383301
evaluation-7604-non-000,0,0.7498767375946045
evaluation-76085-tar-000,1,-0.8624284267425537
evaluation-76085-non-000,0,0.2600368857383728
evaluation-76101-tar-000,1,0.3821218013763428
evaluation-76101-non-000,0,-0.08079709857702255
evaluation-7617-tar-000,1,0.9843777418136597
evaluation-7617-non-000,0,0.13736869394779205
evaluation-76192-tar-000,1,0.9975346922874451
evaluation-76192-non-000,0,-0.2676239013671875
evaluation-76247-tar-000,1,0.6475673913955688
evaluation-76247-non-000,0,-0.4819514751434326
evaluation-76299-tar-000,1,0.9974000453948975
evaluation-76299-non-000,0,0.9971440434455872
evaluation-76420-tar-000,1,-0.7292273044586182
evaluation-76420-non-000,0,-0.22070884704589844
evaluation-7645-tar-000,1,0.6869780421257019
evaluation-7645-non-000,0,0.9083420634269714
evaluation-76453-tar-000,1,-0.6390691995620728
evaluation-76453-non-000,0,0.7590353488922119
evaluation-7646-tar-000,1,-0.7466745972633362
evaluation-7646-non-000,0,0.9498740434646606
evaluation-7654-tar-000,1,-0.8315662145614624
evaluation-7654-non-000,0,0.998587429523468
evaluation-7655-tar-000,1,0.9734848737716675
evaluation-7655-non-000,0,-0.21133792400360107
evaluation-76585-tar-000,1,-0.6976144909858704
evaluation-76585-non-000,0,0.06486325711011887
evaluation-76695-tar-000,1,0.9442489147186279
evaluation-76695-non-000,0,0.9977437257766724
evaluation-76719-tar-000,1,0.9753581285476685
evaluation-76719-non-000,0,0.758062481880188
evaluation-76725-tar-000,1,0.8876370191574097
evaluation-76725-non-000,0,0.22202734649181366
evaluation-7679-tar-000,1,0.8051750063896179
evaluation-7679-non-000,0,-0.8004695177078247
evaluation-76862-tar-000,1,-0.5445863008499146
evaluation-76862-non-000,0,0.8988575339317322
evaluation-77101-tar-000,1,0.6015698313713074
evaluation-77101-non-000,0,-0.6668689250946045
evaluation-7712-tar-000,1,0.34199798107147217
evaluation-7712-non-000,0,0.9456607103347778
evaluation-77175-tar-000,1,0.9695074558258057
evaluation-77175-non-000,0,-0.5378397703170776
evaluation-7721-tar-000,1,-0.023711448535323143
evaluation-7721-non-000,0,-0.8736600875854492
evaluation-7726-tar-000,1,-0.34483247995376587
evaluation-7726-non-000,0,-0.7758187055587769
evaluation-7728-tar-000,1,0.43908125162124634
evaluation-7728-non-000,0,0.36361509561538696
evaluation-7735-tar-000,1,-0.21686920523643494
evaluation-7735-non-000,0,-0.8820012807846069
evaluation-77351-tar-000,1,0.9685788750648499
evaluation-77351-non-000,0,0.7707512378692627
evaluation-77376-tar-000,1,-0.7076428532600403
evaluation-77376-non-000,0,0.9916401505470276
evaluation-77486-tar-000,1,0.9864427447319031
evaluation-77486-non-000,0,-0.22055603563785553
evaluation-7750-tar-000,1,0.8062269687652588
evaluation-7750-non-000,0,0.9841221570968628
evaluation-77571-tar-000,1,0.48859038949012756
evaluation-77571-non-000,0,0.8056312799453735
evaluation-77656-tar-000,1,-0.9080172777175903
evaluation-77656-non-000,0,-0.78083735704422
evaluation-77851-tar-000,1,0.5329506993293762
evaluation-77851-non-000,0,0.03650288283824921
evaluation-77854-tar-000,1,-0.724797785282135
evaluation-77854-non-000,0,0.8003576397895813
evaluation-77879-tar-000,1,0.9931647777557373
evaluation-77879-non-000,0,0.9940125942230225
evaluation-7789-tar-000,1,0.14708644151687622
evaluation-7789-non-000,0,-0.15742231905460358
evaluation-7790-tar-000,1,0.9880003929138184
evaluation-7790-non-000,0,0.9990421533584595
evaluation-7810-tar-000,1,0.24112844467163086
evaluation-7810-non-000,0,-0.17713990807533264
evaluation-78247-tar-000,1,0.9926912784576416
evaluation-78247-non-000,0,-0.39927592873573303
evaluation-78249-tar-000,1,0.995801568031311
evaluation-78249-non-000,0,0.5775195360183716
evaluation-7827-tar-000,1,-0.7697627544403076
evaluation-7827-non-000,0,-0.44279658794403076
evaluation-78370-tar-000,1,-0.3066575527191162
evaluation-78370-non-000,0,0.9969404935836792
evaluation-78400-tar-000,1,0.8000612258911133
evaluation-78400-non-000,0,0.5996662974357605
evaluation-78436-tar-000,1,0.6731823682785034
evaluation-78436-non-000,0,-0.6612929105758667
evaluation-78444-tar-000,1,0.9373354911804199
evaluation-78444-non-000,0,0.9888520240783691
evaluation-7846-tar-000,1,0.9691624641418457
evaluation-7846-non-000,0,0.9718118906021118
evaluation-7848-tar-000,1,-0.5168951153755188
evaluation-7848-non-000,0,-0.6902767419815063
evaluation-7849-tar-000,1,-0.6900889873504639
evaluation-7849-non-000,0,0.9017704129219055
evaluation-78540-tar-000,1,0.9942343235015869
evaluation-78540-non-000,0,0.6716668009757996
evaluation-78571-tar-000,1,-0.8134790062904358
evaluation-78571-non-000,0,0.9925419092178345
evaluation-78576-tar-000,1,0.9383962154388428
evaluation-78576-non-000,0,0.9507796764373779
evaluation-78584-tar-000,1,0.9714276790618896
evaluation-78584-non-000,0,0.38406068086624146
evaluation-78615-tar-000,1,0.9415875673294067
evaluation-78615-non-000,0,0.2821895480155945
evaluation-78675-tar-000,1,-0.6084097027778625
evaluation-78675-non-000,0,0.7046456336975098
evaluation-78752-tar-000,1,0.934111475944519
evaluation-78752-non-000,0,-0.7898469567298889
evaluation-7878-tar-000,1,0.04809487238526344
evaluation-7878-non-000,0,-0.7354059219360352
evaluation-78782-tar-000,1,-0.09490139782428741
evaluation-78782-non-000,0,-0.7941587567329407
evaluation-78815-tar-000,1,-0.6719117760658264
evaluation-78815-non-000,0,-0.7734289765357971
evaluation-78826-tar-000,1,-0.8022315502166748
evaluation-78826-non-000,0,-0.41639333963394165
evaluation-78887-tar-000,1,-0.22296980023384094
evaluation-78887-non-000,0,-0.2443748563528061
evaluation-78963-tar-000,1,0.9266273379325867
evaluation-78963-non-000,0,0.8133478164672852
evaluation-78972-tar-000,1,-0.3152216076850891
evaluation-78972-non-000,0,0.4286727011203766
evaluation-79095-tar-000,1,0.443670392036438
evaluation-79095-non-000,0,0.59714275598526
evaluation-79255-tar-000,1,-0.4320574998855591
evaluation-79255-non-000,0,0.23961065709590912
evaluation-79474-tar-000,1,-0.5021133422851562
evaluation-79474-non-000,0,-0.4848966598510742
evaluation-79521-tar-000,1,-0.7799063920974731
evaluation-79521-non-000,0,0.24202923476696014
evaluation-79581-tar-000,1,0.8514683246612549
evaluation-79581-non-000,0,0.29458683729171753
evaluation-7964-tar-000,1,-0.6426225900650024
evaluation-7964-non-000,0,0.9291613101959229
evaluation-7972-tar-000,1,-0.8564761877059937
evaluation-7972-non-000,0,0.7933205366134644
evaluation-79776-tar-000,1,0.9970272779464722
evaluation-79776-non-000,0,0.9719913601875305
evaluation-79798-tar-000,1,0.9704604744911194
evaluation-79798-non-000,0,-0.7739788293838501
evaluation-79807-tar-000,1,0.9979269504547119
evaluation-79807-non-000,0,-0.8219308853149414
evaluation-7983-tar-000,1,0.6680660843849182
evaluation-7983-non-000,0,0.9585254192352295
evaluation-79843-tar-000,1,0.6593607664108276
evaluation-79843-non-000,0,0.26033180952072144
evaluation-7989-tar-000,1,0.9955151081085205
evaluation-7989-non-000,0,-0.7037663459777832
evaluation-79980-tar-000,1,-0.0207924023270607
evaluation-79980-non-000,0,-0.5264211297035217
evaluation-79991-tar-000,1,0.9949043393135071
evaluation-79991-non-000,0,-0.007934287190437317
evaluation-80153-tar-000,1,0.9899798035621643
evaluation-80153-non-000,0,-0.3887876868247986
evaluation-80180-tar-000,1,0.774764895439148
evaluation-80180-non-000,0,0.7615423202514648
evaluation-8019-tar-000,1,-0.7683584690093994
evaluation-8019-non-000,0,0.9558035731315613
evaluation-80210-tar-000,1,0.5988677144050598
evaluation-80210-non-000,0,-0.25167524814605713
evaluation-80221-tar-000,1,0.9877114295959473
evaluation-80221-non-000,0,0.7034648656845093
evaluation-8023-tar-000,1,0.3056097626686096
evaluation-8023-non-000,0,0.9988716840744019
evaluation-8027-tar-000,1,0.9237231016159058
evaluation-8027-non-000,0,0.9124230146408081
evaluation-8028-tar-000,1,-0.71159827709198
evaluation-8028-non-000,0,-0.5432906150817871
evaluation-80353-tar-000,1,-0.04840747267007828
evaluation-80353-non-000,0,-0.025877708569169044
evaluation-8041-tar-000,1,0.8159034848213196
evaluation-8041-non-000,0,-0.23463575541973114
evaluation-80449-tar-000,1,-0.6593211889266968
evaluation-80449-non-000,0,0.9995639324188232
evaluation-80504-tar-000,1,0.7745406627655029
evaluation-80504-non-000,0,0.9795020818710327
evaluation-8068-tar-000,1,-0.8058422803878784
evaluation-8068-non-000,0,0.866153359413147
evaluation-80710-tar-000,1,0.9669179320335388
evaluation-80710-non-000,0,-0.7115916013717651
evaluation-80773-tar-000,1,0.7734411954879761
evaluation-80773-non-000,0,-0.28194084763526917
evaluation-80793-tar-000,1,0.684576690196991
evaluation-80793-non-000,0,0.8555692434310913
evaluation-80798-tar-000,1,0.9711665511131287
evaluation-80798-non-000,0,0.9428808689117432
evaluation-80806-tar-000,1,0.5293715000152588
evaluation-80806-non-000,0,0.5082056522369385
evaluation-80900-tar-000,1,0.7808482050895691
evaluation-80900-non-000,0,-0.42633455991744995
evaluation-80935-tar-000,1,0.8665838241577148
evaluation-80935-non-000,0,-0.894629716873169
evaluation-80938-tar-000,1,0.978355884552002
evaluation-80938-non-000,0,0.9934923052787781
evaluation-8097-tar-000,1,0.882455587387085
evaluation-8097-non-000,0,0.8911633491516113
evaluation-81034-tar-000,1,0.28731459379196167
evaluation-81034-non-000,0,0.8094509243965149
evaluation-81103-tar-000,1,0.9264076352119446
evaluation-81103-non-000,0,0.7870653867721558
evaluation-81106-tar-000,1,-0.7692148685455322
evaluation-81106-non-000,0,0.9965140223503113
evaluation-81111-tar-000,1,0.9975395202636719
evaluation-81111-non-000,0,-0.4779254198074341
evaluation-81119-tar-000,1,0.9274842739105225
evaluation-81119-non-000,0,-0.49490445852279663
evaluation-81128-tar-000,1,0.9973931312561035
evaluation-81128-non-000,0,-0.9032970666885376
evaluation-81174-tar-000,1,0.9530120491981506
evaluation-81174-non-000,0,0.9553576707839966
evaluation-81271-tar-000,1,0.8633015155792236
evaluation-81271-non-000,0,0.9910711050033569
evaluation-81276-tar-000,1,-0.2882685363292694
evaluation-81276-non-000,0,0.7695038318634033
evaluation-81309-tar-000,1,-0.19920668005943298
evaluation-81309-non-000,0,0.7131214141845703
evaluation-8143-tar-000,1,-0.6899834871292114
evaluation-8143-non-000,0,0.4142588973045349
evaluation-81441-tar-000,1,0.9988508224487305
evaluation-81441-non-000,0,0.9817319512367249
evaluation-81455-tar-000,1,0.9441651701927185
evaluation-81455-non-000,0,-0.5311446785926819
evaluation-81823-tar-000,1,-0.4300183653831482
evaluation-81823-non-000,0,0.7737056016921997
evaluation-8185-tar-000,1,0.8468653559684753
evaluation-8185-non-000,0,-0.11514079570770264
evaluation-81858-tar-000,1,-0.6920241117477417
evaluation-81858-non-000,0,0.8152488470077515
evaluation-8191-tar-000,1,-0.6830018758773804
evaluation-8191-non-000,0,0.8913848996162415
evaluation-81913-tar-000,1,0.9695525169372559
evaluation-81913-non-000,0,0.3476550877094269
evaluation-81963-tar-000,1,-0.4529511630535126
evaluation-81963-non-000,0,0.005039328243583441
evaluation-8203-tar-000,1,-0.5007277131080627
evaluation-8203-non-000,0,-0.7095944881439209
evaluation-82040-tar-000,1,0.9997531771659851
evaluation-82040-non-000,0,0.9686320424079895
evaluation-8210-tar-000,1,0.3074962794780731
evaluation-8210-non-000,0,-0.04667700454592705
evaluation-8215-tar-000,1,0.9393661022186279
evaluation-8215-non-000,0,-0.8192847967147827
evaluation-8216-tar-000,1,0.9985638856887817
evaluation-8216-non-000,0,0.14506104588508606
evaluation-8219-tar-000,1,-0.4171288311481476
evaluation-8219-non-000,0,-0.6309115886688232
evaluation-82273-tar-000,1,0.7616043090820312
evaluation-82273-non-000,0,0.4276975989341736
evaluation-82342-tar-000,1,0.07572471350431442
evaluation-82342-non-000,0,0.5354747176170349
evaluation-8236-tar-000,1,-0.7018123865127563
evaluation-8236-non-000,0,0.7400999069213867
evaluation-82421-tar-000,1,0.9978793859481812
evaluation-82421-non-000,0,0.6946052312850952
evaluation-82603-tar-000,1,0.9373918771743774
evaluation-82603-non-000,0,-0.7051223516464233
evaluation-82641-tar-000,1,-0.4277312159538269
evaluation-82641-non-000,0,0.946057140827179
evaluation-82842-tar-000,1,-0.760490894317627
evaluation-82842-non-000,0,-0.6508539319038391
evaluation-82847-tar-000,1,0.998823344707489
evaluation-82847-non-000,0,-0.8254688382148743
evaluation-8299-tar-000,1,0.9063081741333008
evaluation-8299-non-000,0,-0.5005882978439331
evaluation-83006-tar-000,1,-0.7806357741355896
evaluation-83006-non-000,0,-0.35829007625579834
evaluation-83028-tar-000,1,0.4683956503868103
evaluation-83028-non-000,0,-0.12557102739810944
evaluation-83094-tar-000,1,0.657097578048706
evaluation-83094-non-000,0,-0.12443800270557404
evaluation-83204-tar-000,1,0.9473837614059448
evaluation-83204-non-000,0,-0.73265540599823
evaluation-8328-tar-000,1,-0.6725801825523376
evaluation-8328-non-000,0,-0.7147256731987
evaluation-8335-tar-000,1,-0.14648814499378204
evaluation-8335-non-000,0,0.13988296687602997
evaluation-83355-tar-000,1,0.28394001722335815
evaluation-83355-non-000,0,0.24830470979213715
evaluation-83674-tar-000,1,0.9985314607620239
evaluation-83674-non-000,0,0.9329400062561035
evaluation-83696-tar-000,1,0.9290428161621094
evaluation-83696-non-000,0,0.9985211491584778
evaluation-8383-tar-000,1,-0.30846625566482544
evaluation-8383-non-000,0,0.9986613988876343
evaluation-83839-tar-000,1,-0.7110454440116882
evaluation-83839-non-000,0,-0.8982970714569092
evaluation-83905-tar-000,1,0.05920484662055969
evaluation-83905-non-000,0,-0.7250532507896423
evaluation-83918-tar-000,1,0.8729586601257324
evaluation-83918-non-000,0,0.9083878993988037
evaluation-83927-tar-000,1,0.27833259105682373
evaluation-83927-non-000,0,-0.46137577295303345
evaluation-83995-tar-000,1,0.9941937923431396
evaluation-83995-non-000,0,-0.4470186233520508
evaluation-8407-tar-000,1,0.9885056018829346
evaluation-8407-non-000,0,-0.1854921579360962
evaluation-84075-tar-000,1,-0.07316221296787262
evaluation-84075-non-000,0,-0.4259210228919983
evaluation-84160-tar-000,1,0.6090606451034546
evaluation-84160-non-000,0,0.5348730087280273
evaluation-84187-tar-000,1,0.5077084898948669
evaluation-84187-non-000,0,0.2122822105884552
evaluation-84300-tar-000,1,-0.6145994067192078
evaluation-84300-non-000,0,0.5642544031143188
evaluation-84457-tar-000,1,0.6195049285888672
evaluation-84457-non-000,0,0.9925950169563293
evaluation-84512-tar-000,1,0.32909098267555237
evaluation-84512-non-000,0,-0.7733416557312012
evaluation-8452-tar-000,1,-0.6843419671058655
evaluation-8452-non-000,0,0.9084345102310181
evaluation-8453-tar-000,1,0.9848958253860474
evaluation-8453-non-000,0,-0.2192969024181366
evaluation-84544-tar-000,1,0.9872100353240967
evaluation-84544-non-000,0,0.9183678030967712
evaluation-84547-tar-000,1,0.8253751993179321
evaluation-84547-non-000,0,-0.4250662326812744
evaluation-84649-tar-000,1,0.9990487098693848
evaluation-84649-non-000,0,0.8132162094116211
evaluation-84693-tar-000,1,-0.2571808099746704
evaluation-84693-non-000,0,0.6354364156723022
evaluation-84704-tar-000,1,-0.34297293424606323
evaluation-84704-non-000,0,0.9839130640029907
evaluation-84753-tar-000,1,0.702251672744751
evaluation-84753-non-000,0,0.12541316449642181
evaluation-84929-tar-000,1,0.8747941255569458
evaluation-84929-non-000,0,0.43382352590560913
evaluation-8494-tar-000,1,0.930213451385498
evaluation-8494-non-000,0,0.9967920780181885
evaluation-8502-tar-000,1,0.9517320394515991
evaluation-8502-non-000,0,0.8625563383102417
evaluation-85201-tar-000,1,0.2713780105113983
evaluation-85201-non-000,0,-0.3957957327365875
evaluation-8522-tar-000,1,0.926013708114624
evaluation-8522-non-000,0,0.7027542591094971
evaluation-8527-tar-000,1,0.9986835718154907
evaluation-8527-non-000,0,0.9956693649291992
evaluation-85286-tar-000,1,0.620824933052063
evaluation-85286-non-000,0,0.27404671907424927
evaluation-85319-tar-000,1,-0.7152425050735474
evaluation-85319-non-000,0,0.847248911857605
evaluation-85396-tar-000,1,0.6606630086898804
evaluation-85396-non-000,0,0.38488534092903137
evaluation-85421-tar-000,1,0.9690172076225281
evaluation-85421-non-000,0,0.3601469397544861
evaluation-8557-tar-000,1,-0.6716780662536621
evaluation-8557-non-000,0,-0.27231037616729736
evaluation-85676-tar-000,1,-0.6096638441085815
evaluation-85676-non-000,0,0.10622285306453705
evaluation-85750-tar-000,1,-0.0832098126411438
evaluation-85750-non-000,0,0.7731214761734009
evaluation-85778-tar-000,1,0.996180534362793
evaluation-85778-non-000,0,0.9255452156066895
evaluation-85871-tar-000,1,-0.8682906627655029
evaluation-85871-non-000,0,-0.2989162504673004
evaluation-8602-tar-000,1,0.9652218222618103
evaluation-8602-non-000,0,-0.5329264402389526
evaluation-86107-tar-000,1,0.9120509028434753
evaluation-86107-non-000,0,-0.8457618355751038
evaluation-8614-tar-000,1,0.912329375743866
evaluation-8614-non-000,0,-0.39750444889068604
evaluation-86151-tar-000,1,0.9817419648170471
evaluation-86151-non-000,0,-0.6038519144058228
evaluation-86198-tar-000,1,0.9712033271789551
evaluation-86198-non-000,0,0.9810495376586914
evaluation-86245-tar-000,1,-0.4764232039451599
evaluation-86245-non-000,0,0.9969797134399414
evaluation-8628-tar-000,1,0.9130308628082275
evaluation-8628-non-000,0,0.9949696660041809
evaluation-8630-tar-000,1,0.9972763061523438
evaluation-8630-non-000,0,-0.6528769731521606
evaluation-86376-tar-000,1,0.24403774738311768
evaluation-86376-non-000,0,0.9641624689102173
evaluation-8639-tar-000,1,-0.7986258268356323
evaluation-8639-non-000,0,0.8179100751876831
evaluation-8640-tar-000,1,0.416914701461792
evaluation-8640-non-000,0,-0.5376708507537842
evaluation-86470-tar-000,1,0.6955934166908264
evaluation-86470-non-000,0,-0.7011494636535645
evaluation-86478-tar-000,1,-0.811242401599884
evaluation-86478-non-000,0,0.9409846067428589
evaluation-86519-tar-000,1,0.9956717491149902
evaluation-86519-non-000,0,0.040280263870954514
evaluation-86577-tar-000,1,0.9152079820632935
evaluation-86577-non-000,0,0.7669401168823242
evaluation-86591-tar-000,1,-0.7101328372955322
evaluation-86591-non-000,0,-0.8909380435943604
evaluation-86799-tar-000,1,0.9562426805496216
evaluation-86799-non-000,0,0.9661180973052979
evaluation-86926-tar-000,1,0.6455272436141968
evaluation-86926-non-000,0,-0.6336405277252197
evaluation-86945-tar-000,1,0.9985002279281616
evaluation-86945-non-000,0,0.9339467287063599
evaluation-8697-tar-000,1,-0.2554067373275757
evaluation-8697-non-000,0,0.8213390111923218
evaluation-87016-tar-000,1,-0.39164701104164124
evaluation-87016-non-000,0,-0.5365678071975708
evaluation-87176-tar-000,1,0.4514086842536926
evaluation-87176-non-000,0,0.9529967308044434
evaluation-8724-tar-000,1,0.6726288795471191
evaluation-8724-non-000,0,-0.645667552947998
evaluation-87313-tar-000,1,0.6470694541931152
evaluation-87313-non-000,0,-0.6999043822288513
evaluation-87338-tar-000,1,0.9911653995513916
evaluation-87338-non-000,0,0.986092209815979
evaluation-87362-tar-000,1,-0.3648887574672699
evaluation-87362-non-000,0,-0.7522501349449158
evaluation-87450-tar-000,1,0.9941822290420532
evaluation-87450-non-000,0,0.7844365835189819
evaluation-8746-tar-000,1,-0.8624318838119507
evaluation-8746-non-000,0,0.9837513566017151
evaluation-8756-tar-000,1,-0.13826090097427368
evaluation-8756-non-000,0,0.9783036708831787
evaluation-87577-tar-000,1,0.995703935623169
evaluation-87577-non-000,0,0.6686819791793823
evaluation-87601-tar-000,1,0.7771626710891724
evaluation-87601-non-000,0,0.9677501916885376
evaluation-8765-tar-000,1,-0.8862924575805664
evaluation-8765-non-000,0,-0.7465864419937134
evaluation-87711-tar-000,1,0.2883191704750061
evaluation-87711-non-000,0,-0.61464923620224
evaluation-87720-tar-000,1,0.9909582138061523
evaluation-87720-non-000,0,0.9321944117546082
evaluation-87722-tar-000,1,-0.7122771143913269
evaluation-87722-non-000,0,0.8521239757537842
evaluation-87876-tar-000,1,0.697484016418457
evaluation-87876-non-000,0,0.2904723882675171
evaluation-87923-tar-000,1,0.9962344169616699
evaluation-87923-non-000,0,0.8804800510406494
evaluation-8796-tar-000,1,-0.6790717840194702
evaluation-8796-non-000,0,-0.006247304379940033
evaluation-8804-tar-000,1,0.2569098472595215
evaluation-8804-non-000,0,0.6036322116851807
evaluation-88060-tar-000,1,-0.7422195076942444
evaluation-88060-non-000,0,-0.5149508118629456
evaluation-8814-tar-000,1,0.997488260269165
evaluation-8814-non-000,0,0.799647867679596
evaluation-88156-tar-000,1,0.9211875200271606
evaluation-88156-non-000,0,-0.6512748003005981
evaluation-88170-tar-000,1,-0.543303906917572
evaluation-88170-non-000,0,-0.652969479560852
evaluation-88313-tar-000,1,0.9863542318344116
evaluation-88313-non-000,0,0.25986313819885254
evaluation-8836-tar-000,1,-0.252447247505188
evaluation-8836-non-000,0,0.9786643981933594
evaluation-88458-tar-000,1,0.9977798461914062
evaluation-88458-non-000,0,0.9898734092712402
evaluation-88524-tar-000,1,-0.8232204914093018
evaluation-88524-non-000,0,0.4165237545967102
evaluation-88576-tar-000,1,0.9623483419418335
evaluation-88576-non-000,0,-0.23838582634925842
evaluation-88582-tar-000,1,0.9460471868515015
evaluation-88582-non-000,0,0.9733574390411377
evaluation-88689-tar-000,1,0.996819257736206
evaluation-88689-non-000,0,0.2504737079143524
evaluation-88747-tar-000,1,0.9249709844589233
evaluation-88747-non-000,0,-0.44875824451446533
evaluation-88780-tar-000,1,0.9116572737693787
evaluation-88780-non-000,0,0.9802060127258301
evaluation-88791-tar-000,1,-0.653507649898529
evaluation-88791-non-000,0,0.843962550163269
evaluation-8896-tar-000,1,0.613922119140625
evaluation-8896-non-000,0,-0.7944363355636597
evaluation-89005-tar-000,1,-0.037777870893478394
evaluation-89005-non-000,0,0.4523564577102661
evaluation-89027-tar-000,1,0.9972396492958069
evaluation-89027-non-000,0,-0.2549286484718323
evaluation-89054-tar-000,1,0.8994522094726562
evaluation-89054-non-000,0,-0.2666082978248596
evaluation-89120-tar-000,1,0.12276102602481842
evaluation-89120-non-000,0,0.9589035511016846
evaluation-89255-tar-000,1,0.9886797666549683
evaluation-89255-non-000,0,0.9957813024520874
evaluation-89335-tar-000,1,0.9091955423355103
evaluation-89335-non-000,0,-0.8105852603912354
evaluation-89340-tar-000,1,-0.34018486738204956
evaluation-89340-non-000,0,-0.06433884054422379
evaluation-89346-tar-000,1,-0.41884148120880127
evaluation-89346-non-000,0,0.9388126134872437
evaluation-89381-tar-000,1,0.903557538986206
evaluation-89381-non-000,0,0.9098009467124939
evaluation-89557-tar-000,1,-0.07042232155799866
evaluation-89557-non-000,0,-0.7304170727729797
evaluation-89604-tar-000,1,0.993778645992279
evaluation-89604-non-000,0,0.9514251947402954
evaluation-89615-tar-000,1,-0.7066150903701782
evaluation-89615-non-000,0,-0.0038346517831087112
evaluation-89631-tar-000,1,-0.18286827206611633
evaluation-89631-non-000,0,0.7233917713165283
evaluation-89757-tar-000,1,0.9974861145019531
evaluation-89757-non-000,0,0.8495320677757263
evaluation-89766-tar-000,1,0.6092069149017334
evaluation-89766-non-000,0,0.9928818941116333
evaluation-89782-tar-000,1,0.9529834985733032
evaluation-89782-non-000,0,0.9939893484115601
evaluation-89818-tar-000,1,-0.3284943997859955
evaluation-89818-non-000,0,0.11689048260450363
evaluation-89822-tar-000,1,0.7846099734306335
evaluation-89822-non-000,0,0.993065357208252
evaluation-8983-tar-000,1,0.9986695051193237
evaluation-8983-non-000,0,-0.6993407011032104
evaluation-90024-tar-000,1,0.9771765470504761
evaluation-90024-non-000,0,0.4398236870765686
evaluation-90032-tar-000,1,0.6634027361869812
evaluation-90032-non-000,0,0.8068752884864807
evaluation-90038-tar-000,1,-0.630477249622345
evaluation-90038-non-000,0,-0.7849109172821045
evaluation-90117-tar-000,1,0.9410015940666199
evaluation-90117-non-000,0,0.8322076797485352
evaluation-90145-tar-000,1,-0.8363826274871826
evaluation-90145-non-000,0,0.6690186262130737
evaluation-90148-tar-000,1,-0.8337652683258057
evaluation-90148-non-000,0,0.9381755590438843
evaluation-90169-tar-000,1,0.33498454093933105
evaluation-90169-non-000,0,-0.8687465190887451
evaluation-90257-tar-000,1,-0.6185786724090576
evaluation-90257-non-000,0,0.21020622551441193
evaluation-90301-tar-000,1,0.00923655554652214
evaluation-90301-non-000,0,-0.45942240953445435
evaluation-90304-tar-000,1,0.9953885078430176
evaluation-90304-non-000,0,-0.8127059936523438
evaluation-90381-tar-000,1,0.7749361395835876
evaluation-90381-non-000,0,0.9579387903213501
evaluation-90414-tar-000,1,0.837169885635376
evaluation-90414-non-000,0,0.5655972957611084
evaluation-90469-tar-000,1,-0.7065872550010681
evaluation-90469-non-000,0,0.9518417119979858
evaluation-90562-tar-000,1,0.9828550815582275
evaluation-90562-non-000,0,-0.5695040225982666
evaluation-90631-tar-000,1,0.4888990521430969
evaluation-90631-non-000,0,0.9745191931724548
evaluation-90862-tar-000,1,0.0012648627161979675
evaluation-90862-non-000,0,0.7331178784370422
evaluation-90875-tar-000,1,0.996230959892273
evaluation-90875-non-000,0,0.9981058835983276
evaluation-90939-tar-000,1,0.9002106189727783
evaluation-90939-non-000,0,-0.34553036093711853
evaluation-9109-tar-000,1,0.9901262521743774
evaluation-9109-non-000,0,0.2575278878211975
evaluation-91106-tar-000,1,-0.11373546719551086
evaluation-91106-non-000,0,0.8983421921730042
evaluation-91166-tar-000,1,0.6374118328094482
evaluation-91166-non-000,0,-0.13558349013328552
evaluation-91205-tar-000,1,0.5414271354675293
evaluation-91205-non-000,0,-0.2771838903427124
evaluation-9125-tar-000,1,0.9732452630996704
evaluation-9125-non-000,0,0.9747602939605713
evaluation-91433-tar-000,1,0.9983420968055725
evaluation-91433-non-000,0,0.12509770691394806
evaluation-91441-tar-000,1,-0.49361246824264526
evaluation-91441-non-000,0,0.9614591598510742
evaluation-91466-tar-000,1,0.252979576587677
evaluation-91466-non-000,0,0.6559317708015442
evaluation-9148-tar-000,1,-0.8250217437744141
evaluation-9148-non-000,0,-0.037058304995298386
evaluation-91496-tar-000,1,0.9714558124542236
evaluation-91496-non-000,0,0.9578296542167664
evaluation-91543-tar-000,1,0.30185747146606445
evaluation-91543-non-000,0,-0.8049509525299072
evaluation-91642-tar-000,1,0.8626930713653564
evaluation-91642-non-000,0,0.22428497672080994
evaluation-9165-tar-000,1,0.9964094161987305
evaluation-9165-non-000,0,0.6426423192024231
evaluation-91719-tar-000,1,0.9535531401634216
evaluation-91719-non-000,0,0.664174497127533
evaluation-9179-tar-000,1,0.5939185619354248
evaluation-9179-non-000,0,-0.06775359809398651
evaluation-91798-tar-000,1,0.9995392560958862
evaluation-91798-non-000,0,0.7389241456985474
evaluation-91823-tar-000,1,-0.661571741104126
evaluation-91823-non-000,0,-0.502163827419281
evaluation-91886-tar-000,1,0.548431396484375
evaluation-91886-non-000,0,0.9849909543991089
evaluation-9195-tar-000,1,0.9641503095626831
evaluation-9195-non-000,0,0.35943955183029175
evaluation-9197-tar-000,1,0.9797613620758057
evaluation-9197-non-000,0,0.6070367097854614
evaluation-91974-tar-000,1,-0.285993367433548
evaluation-91974-non-000,0,-0.41042670607566833
evaluation-92007-tar-000,1,0.990242063999176
evaluation-92007-non-000,0,0.9937323927879333
evaluation-9210-tar-000,1,-0.694460928440094
evaluation-9210-non-000,0,0.35392364859580994
evaluation-92133-tar-000,1,0.9990450143814087
evaluation-92133-non-000,0,-0.4360302984714508
evaluation-92260-tar-000,1,0.9973804950714111
evaluation-92260-non-000,0,0.03656215965747833
evaluation-9229-tar-000,1,0.9894304871559143
evaluation-9229-non-000,0,-0.589091956615448
evaluation-9240-tar-000,1,0.9944977760314941
evaluation-9240-non-000,0,-0.7046774625778198
evaluation-9241-tar-000,1,-0.8087620735168457
evaluation-9241-non-000,0,-0.8049257397651672
evaluation-92438-tar-000,1,0.9901852607727051
evaluation-92438-non-000,0,0.9855844974517822
evaluation-92488-tar-000,1,-0.29501810669898987
evaluation-92488-non-000,0,0.5411546230316162
evaluation-92630-tar-000,1,0.6853299140930176
evaluation-92630-non-000,0,-0.6297808289527893
evaluation-92652-tar-000,1,0.9488860368728638
evaluation-92652-non-000,0,-0.6941850781440735
evaluation-92787-tar-000,1,-0.6912974119186401
evaluation-92787-non-000,0,-0.7724318504333496
evaluation-92825-tar-000,1,-0.38007378578186035
evaluation-92825-non-000,0,-0.4352651536464691
evaluation-92845-tar-000,1,-0.49105513095855713
evaluation-92845-non-000,0,0.9961707592010498
evaluation-92853-tar-000,1,-0.5410664081573486
evaluation-92853-non-000,0,0.9849548935890198
evaluation-9286-tar-000,1,0.9981656074523926
evaluation-9286-non-000,0,-0.6461564898490906
evaluation-9291-tar-000,1,-0.026519501581788063
evaluation-9291-non-000,0,0.999226450920105
evaluation-9303-tar-000,1,-0.7156117558479309
evaluation-9303-non-000,0,-0.29928746819496155
evaluation-93034-tar-000,1,0.9965351819992065
evaluation-93034-non-000,0,0.840986430644989
evaluation-93042-tar-000,1,0.4258376657962799
evaluation-93042-non-000,0,-0.5667614936828613
evaluation-93169-tar-000,1,0.9596440196037292
evaluation-93169-non-000,0,0.9554846882820129
evaluation-93210-tar-000,1,0.9703494310379028
evaluation-93210-non-000,0,0.36411523818969727
evaluation-93279-tar-000,1,0.9041517972946167
evaluation-93279-non-000,0,-0.1006871834397316
evaluation-93375-tar-000,1,0.7702426910400391
evaluation-93375-non-000,0,0.9955022931098938
evaluation-93449-tar-000,1,0.9829330444335938
evaluation-93449-non-000,0,0.1051337867975235
evaluation-9355-tar-000,1,0.5736420750617981
evaluation-9355-non-000,0,0.47473156452178955
evaluation-93660-tar-000,1,0.9975255131721497
evaluation-93660-non-000,0,0.9969891905784607
evaluation-93718-tar-000,1,0.7616744041442871
evaluation-93718-non-000,0,0.995387077331543
evaluation-93735-tar-000,1,0.9235312938690186
evaluation-93735-non-000,0,0.9910038709640503
evaluation-93740-tar-000,1,0.3157758116722107
evaluation-93740-non-000,0,0.4383586049079895
evaluation-93811-tar-000,1,-0.8552564382553101
evaluation-93811-non-000,0,-0.7577535510063171
evaluation-93853-tar-000,1,-0.7054902911186218
evaluation-93853-non-000,0,0.9984504580497742
evaluation-93886-tar-000,1,0.1390683501958847
evaluation-93886-non-000,0,-0.4806838035583496
evaluation-93930-tar-000,1,-0.6324312686920166
evaluation-93930-non-000,0,0.8842066526412964
evaluation-9403-tar-000,1,0.584173321723938
evaluation-9403-non-000,0,0.9326719045639038
evaluation-9410-tar-000,1,-0.2170102298259735
evaluation-9410-non-000,0,-0.4446163773536682
evaluation-94105-tar-000,1,0.011805722489953041
evaluation-94105-non-000,0,0.9984159469604492
evaluation-94125-tar-000,1,0.9857089519500732
evaluation-94125-non-000,0,0.931164026260376
evaluation-94226-tar-000,1,-0.840268611907959
evaluation-94226-non-000,0,0.6794670224189758
evaluation-94267-tar-000,1,0.8895979523658752
evaluation-94267-non-000,0,-0.5538183450698853
evaluation-94270-tar-000,1,0.9896713495254517
evaluation-94270-non-000,0,-0.7402844429016113
evaluation-94314-tar-000,1,0.7375497221946716
evaluation-94314-non-000,0,-0.6385466456413269
evaluation-94421-tar-000,1,-0.902441680431366
evaluation-94421-non-000,0,0.9819513559341431
evaluation-94528-tar-000,1,0.9760168790817261
evaluation-94528-non-000,0,0.5091122984886169
evaluation-94550-tar-000,1,-0.3637911081314087
evaluation-94550-non-000,0,-0.3084082007408142
evaluation-94586-tar-000,1,0.9992363452911377
evaluation-94586-non-000,0,-0.3692166805267334
evaluation-94633-tar-000,1,-0.4143456220626831
evaluation-94633-non-000,0,0.18036675453186035
evaluation-94663-tar-000,1,-0.5576452612876892
evaluation-94663-non-000,0,-0.5434504747390747
evaluation-94668-tar-000,1,0.8674414157867432
evaluation-94668-non-000,0,0.9183845520019531
evaluation-9469-tar-000,1,0.7641056776046753
evaluation-9469-non-000,0,0.9980309009552002
evaluation-94740-tar-000,1,0.8939957618713379
evaluation-94740-non-000,0,-0.5376800298690796
evaluation-94828-tar-000,1,0.9927646517753601
evaluation-94828-non-000,0,0.3083674907684326
evaluation-9485-tar-000,1,0.9806332588195801
evaluation-9485-non-000,0,0.8135336637496948
evaluation-94855-tar-000,1,0.9871255159378052
evaluation-94855-non-000,0,0.7463659048080444
evaluation-94971-tar-000,1,0.4943406581878662
evaluation-94971-non-000,0,0.5674501657485962
evaluation-95006-tar-000,1,0.9963333606719971
evaluation-95006-non-000,0,-0.4295569062232971
evaluation-95020-tar-000,1,-0.018710967153310776
evaluation-95020-non-000,0,0.9980121850967407
evaluation-95031-tar-000,1,0.9941027164459229
evaluation-95031-non-000,0,0.9347954392433167
evaluation-95045-tar-000,1,0.27456241846084595
evaluation-95045-non-000,0,-0.5331724882125854
evaluation-95072-tar-000,1,-0.18926170468330383
evaluation-95072-non-000,0,0.9466989636421204
evaluation-9512-tar-000,1,-0.35184937715530396
evaluation-9512-non-000,0,0.9458800554275513
evaluation-95166-tar-000,1,0.6771724820137024
evaluation-95166-non-000,0,-0.38889777660369873
evaluation-95174-tar-000,1,0.2626398205757141
evaluation-95174-non-000,0,-0.2986692786216736
evaluation-95198-tar-000,1,0.3200037479400635
evaluation-95198-non-000,0,-0.2753192186355591
evaluation-9522-tar-000,1,0.9432224631309509
evaluation-9522-non-000,0,-0.878333568572998
evaluation-95229-tar-000,1,0.8163018822669983
evaluation-95229-non-000,0,0.9672033786773682
evaluation-95295-tar-000,1,0.9995489120483398
evaluation-95295-non-000,0,0.9891557693481445
evaluation-95300-tar-000,1,0.591995358467102
evaluation-95300-non-000,0,0.020011460408568382
evaluation-95303-tar-000,1,-0.4622042179107666
evaluation-95303-non-000,0,0.6791843771934509
evaluation-95328-tar-000,1,0.7705218195915222
evaluation-95328-non-000,0,0.9172553420066833
evaluation-95388-tar-000,1,0.9887045621871948
evaluation-95388-non-000,0,-0.23916365206241608
evaluation-9539-tar-000,1,0.05293425917625427
evaluation-9539-non-000,0,0.9737592935562134
evaluation-95424-tar-000,1,-0.4195181429386139
evaluation-95424-non-000,0,-0.5900599956512451
evaluation-95459-tar-000,1,-0.4112715423107147
evaluation-95459-non-000,0,0.5291862487792969
evaluation-9549-tar-000,1,0.6340857744216919
evaluation-9549-non-000,0,-0.8284069895744324
evaluation-95789-tar-000,1,0.983612060546875
evaluation-95789-non-000,0,-0.8975666761398315
evaluation-95962-tar-000,1,0.9995813369750977
evaluation-95962-non-000,0,0.7559839487075806
evaluation-96017-tar-000,1,0.27722591161727905
evaluation-96017-non-000,0,0.07205907255411148
evaluation-96130-tar-000,1,0.9967133402824402
evaluation-96130-non-000,0,0.9525635242462158
evaluation-9620-tar-000,1,-0.5530141592025757
evaluation-9620-non-000,0,-0.7025123834609985
evaluation-96371-tar-000,1,-0.3134669065475464
evaluation-96371-non-000,0,0.9586620330810547
evaluation-96418-tar-000,1,0.9874343872070312
evaluation-96418-non-000,0,-0.4079607427120209
evaluation-96443-tar-000,1,-0.8061413764953613
evaluation-96443-non-000,0,-0.9241597652435303
evaluation-96577-tar-000,1,0.3956969380378723
evaluation-96577-non-000,0,0.9749706983566284
evaluation-96613-tar-000,1,-0.7323121428489685
evaluation-96613-non-000,0,-0.7866494059562683
evaluation-96643-tar-000,1,0.4798755645751953
evaluation-96643-non-000,0,0.623363733291626
evaluation-9666-tar-000,1,-0.24730321764945984
evaluation-9666-non-000,0,0.6468666195869446
evaluation-96665-tar-000,1,0.7165188789367676
evaluation-96665-non-000,0,-0.7231268882751465
evaluation-96676-tar-000,1,0.7394556999206543
evaluation-96676-non-000,0,0.1417793184518814
evaluation-96701-tar-000,1,0.7391489148139954
evaluation-96701-non-000,0,0.5534204244613647
evaluation-96706-tar-000,1,0.9862921237945557
evaluation-96706-non-000,0,-0.733357846736908
evaluation-96712-tar-000,1,0.3984687030315399
evaluation-96712-non-000,0,-0.6559240221977234
evaluation-96767-tar-000,1,-0.3773137927055359
evaluation-96767-non-000,0,-0.24382160604000092
evaluation-96844-tar-000,1,0.693696141242981
evaluation-96844-non-000,0,0.1014145016670227
evaluation-9696-tar-000,1,0.2451079785823822
evaluation-9696-non-000,0,-0.3160404562950134
evaluation-96984-tar-000,1,0.9676673412322998
evaluation-96984-non-000,0,0.41592687368392944
evaluation-9705-tar-000,1,0.8438709378242493
evaluation-9705-non-000,0,0.9553508758544922
evaluation-9706-tar-000,1,0.9893982410430908
evaluation-9706-non-000,0,-0.7007110714912415
evaluation-97072-tar-000,1,0.527962863445282
evaluation-97072-non-000,0,-0.3667069375514984
evaluation-9737-tar-000,1,-0.7096730470657349
evaluation-9737-non-000,0,-0.1646585315465927
evaluation-97434-tar-000,1,-0.2348126769065857
evaluation-97434-non-000,0,0.9659096002578735
evaluation-9752-tar-000,1,-0.6084555387496948
evaluation-9752-non-000,0,-0.5437741875648499
evaluation-97550-tar-000,1,0.9817469716072083
evaluation-97550-non-000,0,0.9832030534744263
evaluation-97588-tar-000,1,0.9976760745048523
evaluation-97588-non-000,0,0.7625651359558105
evaluation-97624-tar-000,1,-0.657819390296936
evaluation-97624-non-000,0,0.8453031778335571
evaluation-9767-tar-000,1,0.6852572560310364
evaluation-9767-non-000,0,-0.7608526945114136
evaluation-97695-tar-000,1,0.884676992893219
evaluation-97695-non-000,0,0.19026455283164978
evaluation-97860-tar-000,1,0.8635572195053101
evaluation-97860-non-000,0,-0.7177042961120605
evaluation-97937-tar-000,1,-0.7388830780982971
evaluation-97937-non-000,0,0.988061785697937
evaluation-97953-tar-000,1,0.9987004995346069
evaluation-97953-non-000,0,0.9800020456314087
evaluation-9817-tar-000,1,-0.778312087059021
evaluation-9817-non-000,0,0.9810745716094971
evaluation-9830-tar-000,1,0.6104125380516052
evaluation-9830-non-000,0,-0.3839685320854187
evaluation-98327-tar-000,1,0.35846585035324097
evaluation-98327-non-000,0,0.6609535217285156
evaluation-9835-tar-000,1,-0.691443920135498
evaluation-9835-non-000,0,-0.6039776802062988
evaluation-98459-tar-000,1,-0.395345538854599
evaluation-98459-non-000,0,0.9951103329658508
evaluation-98514-tar-000,1,0.8905422687530518
evaluation-98514-non-000,0,0.9653652906417847
evaluation-98588-tar-000,1,0.9237168431282043
evaluation-98588-non-000,0,0.9864168763160706
evaluation-9859-tar-000,1,-0.8766485452651978
evaluation-9859-non-000,0,0.9684618711471558
evaluation-9863-tar-000,1,-0.27054083347320557
evaluation-9863-non-000,0,-0.21958498656749725
evaluation-9871-tar-000,1,-0.26898470520973206
evaluation-9871-non-000,0,0.999454915523529
evaluation-9872-tar-000,1,-0.5302822589874268
evaluation-9872-non-000,0,-0.8292815685272217
evaluation-98731-tar-000,1,-0.3465287685394287
evaluation-98731-non-000,0,-0.55198073387146
evaluation-98744-tar-000,1,-0.759981632232666
evaluation-98744-non-000,0,-0.52604740858078
evaluation-98821-tar-000,1,-0.5724853277206421
evaluation-98821-non-000,0,0.9108223915100098
evaluation-99038-tar-000,1,-0.36779630184173584
evaluation-99038-non-000,0,-0.04697099328041077
evaluation-9904-tar-000,1,0.056780338287353516
evaluation-9904-non-000,0,0.3643009662628174
evaluation-99123-tar-000,1,0.8966476917266846
evaluation-99123-non-000,0,-0.16279691457748413
evaluation-99148-tar-000,1,0.632696270942688
evaluation-99148-non-000,0,0.7851501703262329
evaluation-9915-tar-000,1,0.9907574653625488
evaluation-9915-non-000,0,0.9716598987579346
evaluation-99195-tar-000,1,-0.2999320328235626
evaluation-99195-non-000,0,-0.7209476232528687
evaluation-99206-tar-000,1,0.9322760701179504
evaluation-99206-non-000,0,0.9942092895507812
evaluation-99230-tar-000,1,0.26745206117630005
evaluation-99230-non-000,0,0.9942656755447388
evaluation-99241-tar-000,1,0.90873122215271
evaluation-99241-non-000,0,0.6389938592910767
evaluation-9928-tar-000,1,0.9972516298294067
evaluation-9928-non-000,0,0.9022656083106995
evaluation-9932-tar-000,1,-0.7362102270126343
evaluation-9932-non-000,0,0.3633055090904236
evaluation-99321-tar-000,1,0.9997421503067017
evaluation-99321-non-000,0,-0.6745713353157043
evaluation-99349-tar-000,1,0.41055309772491455
evaluation-99349-non-000,0,-0.5228005051612854
evaluation-9946-tar-000,1,0.7959401607513428
evaluation-9946-non-000,0,0.20005707442760468
evaluation-99461-tar-000,1,0.5054275393486023
evaluation-99461-non-000,0,0.9417012929916382
evaluation-9948-tar-000,1,0.9469504356384277
evaluation-9948-non-000,0,0.9648780822753906
evaluation-9949-tar-000,1,-0.8519415855407715
evaluation-9949-non-000,0,-0.6312080025672913
evaluation-99497-tar-000,1,-0.6561552286148071
evaluation-99497-non-000,0,0.7523261308670044
evaluation-99640-tar-000,1,-0.5347888469696045
evaluation-99640-non-000,0,0.990923285484314
evaluation-99692-tar-000,1,-0.5550089478492737
evaluation-99692-non-000,0,0.9973258376121521
evaluation-9971-tar-000,1,0.9315680265426636
evaluation-9971-non-000,0,0.9945032596588135
evaluation-9972-tar-000,1,0.27674782276153564
evaluation-9972-non-000,0,-0.7087043523788452
evaluation-9979-tar-000,1,0.9966646432876587
evaluation-9979-non-000,0,-0.49509739875793457
evaluation-9985-tar-000,1,0.9787726402282715
evaluation-9985-non-000,0,0.6857390403747559
evaluation-9993-tar-000,1,-0.4287208020687103
evaluation-9993-non-000,0,0.4734770953655243
evaluation-9994-tar-000,1,-0.9708970785140991
evaluation-9994-non-000,0,-0.37955838441848755
evaluation-99945-tar-000,1,0.5213722586631775
evaluation-99945-non-000,0,0.8997704386711121
evaluation-99967-tar-000,1,-0.020478785037994385
evaluation-99967-non-000,0,0.9936751127243042
evaluation-9997-tar-000,1,0.9997618198394775
evaluation-9997-non-000,0,0.9833711981773376
