trial_id,label,score
evaluation-1007-tar-000,1,0.053295962512493134
evaluation-1007-non-000,0,0.694476842880249
evaluation-1008-tar-000,1,0.7171828150749207
evaluation-1008-non-000,0,0.5341317057609558
evaluation-1013-tar-000,1,0.9848828911781311
evaluation-1013-non-000,0,0.3510158658027649
evaluation-10178-tar-000,1,0.9352338314056396
evaluation-10178-non-000,0,0.7902278900146484
evaluation-1024-tar-000,1,0.0016320422291755676
evaluation-1024-non-000,0,0.6057350635528564
evaluation-10282-tar-000,1,0.8797432780265808
evaluation-10282-non-000,0,-0.17233003675937653
evaluation-10346-tar-000,1,0.9126158356666565
evaluation-10346-non-000,0,0.41195857524871826
evaluation-10406-tar-000,1,0.6866978406906128
evaluation-10406-non-000,0,-0.07970695197582245
evaluation-10428-tar-000,1,0.9656636118888855
evaluation-10428-non-000,0,-0.2644016742706299
evaluation-10444-tar-000,1,0.7966107726097107
evaluation-10444-non-000,0,0.607895016670227
evaluation-10538-tar-000,1,-0.24346387386322021
evaluation-10538-non-000,0,0.7353624105453491
evaluation-1055-tar-000,1,0.34042978286743164
evaluation-1055-non-000,0,0.8160018920898438
evaluation-1056-tar-000,1,0.8228564858436584
evaluation-1056-non-000,0,0.8067792654037476
evaluation-10606-tar-000,1,0.966888427734375
evaluation-10606-non-000,0,0.45317548513412476
evaluation-1063-tar-000,1,0.9854549169540405
evaluation-1063-non-000,0,0.9305857419967651
evaluation-10642-tar-000,1,-0.004513904452323914
evaluation-10642-non-000,0,0.4000404477119446
evaluation-10689-tar-000,1,0.9776915311813354
evaluation-10689-non-000,0,0.9459249377250671
evaluation-10711-tar-000,1,0.7878891229629517
evaluation-10711-non-000,0,0.931850016117096
evaluation-10738-tar-000,1,0.992720365524292
evaluation-10738-non-000,0,0.8579333424568176
evaluation-10802-tar-000,1,0.7759147882461548
evaluation-10802-non-000,0,0.15039950609207153
evaluation-10862-tar-000,1,0.9495549201965332
evaluation-10862-non-000,0,0.8376985788345337
evaluation-10966-tar-000,1,0.9713844656944275
evaluation-10966-non-000,0,0.590135931968689
evaluation-1100-tar-000,1,-0.2662622630596161
evaluation-1100-non-000,0,0.09705481678247452
evaluation-11060-tar-000,1,0.8984931111335754
evaluation-11060-non-000,0,0.4513956904411316
evaluation-11126-tar-000,1,0.9686964750289917
evaluation-11126-non-000,0,0.45969370007514954
evaluation-11189-tar-000,1,0.6679918766021729
evaluation-11189-non-000,0,0.22509551048278809
evaluation-1122-tar-000,1,0.5290406942367554
evaluation-1122-non-000,0,0.1254081130027771
evaluation-1130-tar-000,1,0.8314425945281982
evaluation-1130-non-000,0,-0.6901786923408508
evaluation-11392-tar-000,1,0.7578007578849792
evaluation-11392-non-000,0,0.37399160861968994
evaluation-11485-tar-000,1,0.8937063217163086
evaluation-11485-non-000,0,0.8212717771530151
evaluation-11513-tar-000,1,0.8663186430931091
evaluation-11513-non-000,0,0.7784953713417053
evaluation-1162-tar-000,1,0.6970634460449219
evaluation-1162-non-000,0,0.9732998609542847
evaluation-11647-tar-000,1,0.41913050413131714
evaluation-11647-non-000,0,0.6883219480514526
evaluation-1165-tar-000,1,0.9727764129638672
evaluation-1165-non-000,0,0.9242510795593262
evaluation-11664-tar-000,1,0.33876338601112366
evaluation-11664-non-000,0,0.7528488039970398
evaluation-1169-tar-000,1,-0.17954447865486145
evaluation-1169-non-000,0,-0.2131526917219162
evaluation-11757-tar-000,1,0.8700666427612305
evaluation-11757-non-000,0,-0.49466410279273987
evaluation-11845-tar-000,1,0.9751834273338318
evaluation-11845-non-000,0,0.41720035672187805
evaluation-1198-tar-000,1,0.9837379455566406
evaluation-1198-non-000,0,0.9134608507156372
evaluation-1203-tar-000,1,0.6995197534561157
evaluation-1203-non-000,0,0.5160307884216309
evaluation-12106-tar-000,1,0.7153712511062622
evaluation-12106-non-000,0,0.5959658026695251
evaluation-12112-tar-000,1,0.38522398471832275
evaluation-12112-non-000,0,0.33756089210510254
evaluation-12156-tar-000,1,0.36833441257476807
evaluation-12156-non-000,0,0.25374388694763184
evaluation-12197-tar-000,1,0.9055243730545044
evaluation-12197-non-000,0,0.25605911016464233
evaluation-12210-tar-000,1,0.9045898914337158
evaluation-12210-non-000,0,0.909472644329071
evaluation-12224-tar-000,1,0.9489841461181641
evaluation-12224-non-000,0,0.5524239540100098
evaluation-12323-tar-000,1,0.9818550944328308
evaluation-12323-non-000,0,0.9145926237106323
evaluation-1235-tar-000,1,0.19381269812583923
evaluation-1235-non-000,0,0.8619840145111084
evaluation-1238-tar-000,1,0.15606163442134857
evaluation-1238-non-000,0,0.437008798122406
evaluation-12395-tar-000,1,0.9366881251335144
evaluation-12395-non-000,0,-0.07589251548051834
evaluation-12408-tar-000,1,0.5516301989555359
evaluation-12408-non-000,0,0.6298702955245972
evaluation-12414-tar-000,1,0.8083219528198242
evaluation-12414-non-000,0,0.9242451786994934
evaluation-12661-tar-000,1,0.8036890625953674
evaluation-12661-non-000,0,0.4170764684677124
evaluation-12666-tar-000,1,0.6043911576271057
evaluation-12666-non-000,0,0.68000328540802
evaluation-12669-tar-000,1,0.6644149422645569
evaluation-12669-non-000,0,0.0027936697006225586
evaluation-1270-tar-000,1,0.7298686504364014
evaluation-1270-non-000,0,0.3218562602996826
evaluation-1274-tar-000,1,0.9155818819999695
evaluation-1274-non-000,0,-0.30725008249282837
evaluation-12796-tar-000,1,0.827261209487915
evaluation-12796-non-000,0,0.8526057004928589
evaluation-12807-tar-000,1,0.9415963888168335
evaluation-12807-non-000,0,0.031201062723994255
evaluation-12828-tar-000,1,0.8926795721054077
evaluation-12828-non-000,0,0.827831506729126
evaluation-12919-tar-000,1,0.43258652091026306
evaluation-12919-non-000,0,0.1608637124300003
evaluation-1297-tar-000,1,0.655487060546875
evaluation-1297-non-000,0,0.9385167360305786
evaluation-1303-tar-000,1,0.8822458982467651
evaluation-1303-non-000,0,0.2762313783168793
evaluation-13194-tar-000,1,0.9158819913864136
evaluation-13194-non-000,0,0.3294948935508728
evaluation-1320-tar-000,1,0.7404848337173462
evaluation-1320-non-000,0,-0.45697858929634094
evaluation-13298-tar-000,1,0.9505316615104675
evaluation-13298-non-000,0,0.0009962394833564758
evaluation-1334-tar-000,1,0.6815225481987
evaluation-1334-non-000,0,0.911658525466919
evaluation-13663-tar-000,1,0.6038231253623962
evaluation-13663-non-000,0,0.7286961078643799
evaluation-13666-tar-000,1,0.6748198866844177
evaluation-13666-non-000,0,0.9560922384262085
evaluation-13707-tar-000,1,0.41314560174942017
evaluation-13707-non-000,0,0.49026185274124146
evaluation-1372-tar-000,1,0.12412825971841812
evaluation-1372-non-000,0,-0.14712253212928772
evaluation-13754-tar-000,1,0.8858742713928223
evaluation-13754-non-000,0,0.7679464221000671
evaluation-13806-tar-000,1,0.9373341202735901
evaluation-13806-non-000,0,0.8934798240661621
evaluation-13839-tar-000,1,0.6976186037063599
evaluation-13839-non-000,0,0.6739275455474854
evaluation-13985-tar-000,1,0.7048569917678833
evaluation-13985-non-000,0,0.2695341110229492
evaluation-14001-tar-000,1,0.9436718225479126
evaluation-14001-non-000,0,-0.2703322172164917
evaluation-1401-tar-000,1,0.9154490828514099
evaluation-1401-non-000,0,0.5766578316688538
evaluation-14075-tar-000,1,0.9211937189102173
evaluation-14075-non-000,0,0.3630303740501404
evaluation-1409-tar-000,1,0.984898567199707
evaluation-1409-non-000,0,0.8510656356811523
evaluation-14106-tar-000,1,0.9860703945159912
evaluation-14106-non-000,0,0.2587862014770508
evaluation-1414-tar-000,1,0.5723764300346375
evaluation-1414-non-000,0,-0.1835227906703949
evaluation-14259-tar-000,1,0.9424086809158325
evaluation-14259-non-000,0,0.4328601360321045
evaluation-14430-tar-000,1,0.7464461326599121
evaluation-14430-non-000,0,0.6947424411773682
evaluation-14737-tar-000,1,-0.4498104155063629
evaluation-14737-non-000,0,0.9179978370666504
evaluation-1475-tar-000,1,0.689110279083252
evaluation-1475-non-000,0,0.16973374783992767
evaluation-14790-tar-000,1,0.4016002416610718
evaluation-14790-non-000,0,0.0482221320271492
evaluation-1480-tar-000,1,0.3932719826698303
evaluation-1480-non-000,0,0.4250448942184448
evaluation-14869-tar-000,1,0.3023439049720764
evaluation-14869-non-000,0,0.738953709602356
evaluation-14875-tar-000,1,0.10477029532194138
evaluation-14875-non-000,0,0.42708367109298706
evaluation-14877-tar-000,1,0.9937344193458557
evaluation-14877-non-000,0,0.6539078950881958
evaluation-14888-tar-000,1,0.29743343591690063
evaluation-14888-non-000,0,0.9664930701255798
evaluation-14987-tar-000,1,0.9335753917694092
evaluation-14987-non-000,0,0.945084810256958
evaluation-1507-tar-000,1,0.9487031698226929
evaluation-1507-non-000,0,0.6653254628181458
evaluation-15073-tar-000,1,0.9168267250061035
evaluation-15073-non-000,0,0.8439028263092041
evaluation-15133-tar-000,1,0.9508335590362549
evaluation-15133-non-000,0,0.6828416585922241
evaluation-15169-tar-000,1,0.26425886154174805
evaluation-15169-non-000,0,0.5142874717712402
evaluation-15180-tar-000,1,0.9120446443557739
evaluation-15180-non-000,0,0.7644000053405762
evaluation-1522-tar-000,1,0.976364016532898
evaluation-1522-non-000,0,0.3841665983200073
evaluation-1524-tar-000,1,0.9059543609619141
evaluation-1524-non-000,0,0.3128131628036499
evaluation-15243-tar-000,1,0.9711313247680664
evaluation-15243-non-000,0,0.9604116678237915
evaluation-15298-tar-000,1,0.526777446269989
evaluation-15298-non-000,0,0.6122288703918457
evaluation-1539-tar-000,1,-0.19727462530136108
evaluation-1539-non-000,0,0.05602571740746498
evaluation-15462-tar-000,1,0.8563071489334106
evaluation-15462-non-000,0,0.3694266676902771
evaluation-1548-tar-000,1,0.7003707885742188
evaluation-1548-non-000,0,0.6835816502571106
evaluation-15501-tar-000,1,0.5243971347808838
evaluation-15501-non-000,0,0.7672059535980225
evaluation-15515-tar-000,1,0.9117292761802673
evaluation-15515-non-000,0,0.08325748145580292
evaluation-1554-tar-000,1,0.8507679104804993
evaluation-1554-non-000,0,-0.23316684365272522
evaluation-15570-tar-000,1,0.8836535215377808
evaluation-15570-non-000,0,0.706002950668335
evaluation-15581-tar-000,1,0.3869028389453888
evaluation-15581-non-000,0,-0.061305202543735504
evaluation-15600-tar-000,1,0.9421303868293762
evaluation-15600-non-000,0,0.8123385310173035
evaluation-15699-tar-000,1,0.8997511863708496
evaluation-15699-non-000,0,0.8578333854675293
evaluation-15817-tar-000,1,0.5694752931594849
evaluation-15817-non-000,0,0.5500934720039368
evaluation-15839-tar-000,1,0.7503596544265747
evaluation-15839-non-000,0,0.6351482272148132
evaluation-15855-tar-000,1,0.7696825265884399
evaluation-15855-non-000,0,0.653739333152771
evaluation-15866-tar-000,1,0.9272005558013916
evaluation-15866-non-000,0,0.9296759963035583
evaluation-15885-tar-000,1,0.9318807125091553
evaluation-15885-non-000,0,0.8247926831245422
evaluation-15993-tar-000,1,0.8669600486755371
evaluation-15993-non-000,0,-0.3462889790534973
evaluation-1603-tar-000,1,0.22577933967113495
evaluation-1603-non-000,0,0.6499075293540955
evaluation-16223-tar-000,1,0.9215047359466553
evaluation-16223-non-000,0,0.776568591594696
evaluation-1631-tar-000,1,0.9957304000854492
evaluation-1631-non-000,0,-0.32766833901405334
evaluation-1632-tar-000,1,0.8915703892707825
evaluation-1632-non-000,0,0.7030065059661865
evaluation-1633-tar-000,1,0.9715624451637268
evaluation-1633-non-000,0,0.9584156274795532
evaluation-1646-tar-000,1,0.9769454002380371
evaluation-1646-non-000,0,-0.04140190780162811
evaluation-16473-tar-000,1,0.8883728384971619
evaluation-16473-non-000,0,0.0935845747590065
evaluation-16490-tar-000,1,0.9968832731246948
evaluation-16490-non-000,0,0.8459435701370239
evaluation-1650-tar-000,1,0.9223008751869202
evaluation-1650-non-000,0,0.8649647235870361
evaluation-16520-tar-000,1,0.9020510911941528
evaluation-16520-non-000,0,0.3204561471939087
evaluation-16608-tar-000,1,0.6530532240867615
evaluation-16608-non-000,0,0.48033902049064636
evaluation-16635-tar-000,1,0.49235594272613525
evaluation-16635-non-000,0,0.954524040222168
evaluation-16665-tar-000,1,0.1909283697605133
evaluation-16665-non-000,0,0.9560239315032959
evaluation-1681-tar-000,1,0.8282933235168457
evaluation-1681-non-000,0,0.9106404781341553
evaluation-16849-tar-000,1,0.3783484101295471
evaluation-16849-non-000,0,-0.25687557458877563
evaluation-16855-tar-000,1,0.7953100204467773
evaluation-16855-non-000,0,-0.25471237301826477
evaluation-16976-tar-000,1,0.249249666929245
evaluation-16976-non-000,0,-0.5705066323280334
evaluation-1707-tar-000,1,0.7886159420013428
evaluation-1707-non-000,0,0.2950681746006012
evaluation-17121-tar-000,1,0.9918725490570068
evaluation-17121-non-000,0,0.04199514538049698
evaluation-17163-tar-000,1,0.9737293124198914
evaluation-17163-non-000,0,0.17041811347007751
evaluation-17165-tar-000,1,0.8047610521316528
evaluation-17165-non-000,0,0.336240291595459
evaluation-17182-tar-000,1,0.9738146066665649
evaluation-17182-non-000,0,0.8757072687149048
evaluation-17717-tar-000,1,0.9785485863685608
evaluation-17717-non-000,0,0.8795158863067627
evaluation-1777-tar-000,1,0.9761626124382019
evaluation-1777-non-000,0,0.15806551277637482
evaluation-1778-tar-000,1,0.8609382510185242
evaluation-1778-non-000,0,0.951941967010498
evaluation-1780-tar-000,1,0.7117282748222351
evaluation-1780-non-000,0,0.03014323115348816
evaluation-17805-tar-000,1,0.9832159280776978
evaluation-17805-non-000,0,0.9424945116043091
evaluation-1781-tar-000,1,0.8906136751174927
evaluation-1781-non-000,0,0.24717366695404053
evaluation-17871-tar-000,1,0.9563959836959839
evaluation-17871-non-000,0,-0.4298793077468872
evaluation-1790-tar-000,1,0.5499722957611084
evaluation-1790-non-000,0,-0.06481054425239563
evaluation-17918-tar-000,1,0.9830044507980347
evaluation-17918-non-000,0,0.41384369134902954
evaluation-17970-tar-000,1,0.9037041664123535
evaluation-17970-non-000,0,0.9228401184082031
evaluation-1800-tar-000,1,0.8982399702072144
evaluation-1800-non-000,0,-0.5479161143302917
evaluation-18041-tar-000,1,0.9358393549919128
evaluation-18041-non-000,0,0.9575001001358032
evaluation-1812-tar-000,1,-0.42117148637771606
evaluation-1812-non-000,0,0.6137720942497253
evaluation-18146-tar-000,1,0.5441373586654663
evaluation-18146-non-000,0,0.5166491270065308
evaluation-18176-tar-000,1,0.5460066795349121
evaluation-18176-non-000,0,0.25752919912338257
evaluation-1818-tar-000,1,0.8263463377952576
evaluation-1818-non-000,0,-0.23872119188308716
evaluation-18245-tar-000,1,0.9403785467147827
evaluation-18245-non-000,0,0.8636617064476013
evaluation-18286-tar-000,1,0.8750936388969421
evaluation-18286-non-000,0,0.33791080117225647
evaluation-18294-tar-000,1,0.9124182462692261
evaluation-18294-non-000,0,-0.5546837449073792
evaluation-18390-tar-000,1,0.9894641637802124
evaluation-18390-non-000,0,0.7705492973327637
evaluation-18407-tar-000,1,0.8798528909683228
evaluation-18407-non-000,0,0.7977348566055298
evaluation-1845-tar-000,1,0.4006939232349396
evaluation-1845-non-000,0,0.6053143739700317
evaluation-1847-tar-000,1,0.430850088596344
evaluation-1847-non-000,0,0.5613427758216858
evaluation-1859-tar-000,1,-0.18140575289726257
evaluation-1859-non-000,0,0.7811775207519531
evaluation-1868-tar-000,1,0.4261554479598999
evaluation-1868-non-000,0,0.36753708124160767
evaluation-18708-tar-000,1,-0.30690187215805054
evaluation-18708-non-000,0,0.09627476334571838
evaluation-18835-tar-000,1,0.9400879144668579
evaluation-18835-non-000,0,0.515618085861206
evaluation-1896-tar-000,1,0.9870617389678955
evaluation-1896-non-000,0,-0.4893040657043457
evaluation-1904-tar-000,1,0.24020734429359436
evaluation-1904-non-000,0,0.9290517568588257
evaluation-19077-tar-000,1,-0.04950279742479324
evaluation-19077-non-000,0,0.4973682761192322
evaluation-19288-tar-000,1,0.8925109505653381
evaluation-19288-non-000,0,0.23808568716049194
evaluation-19371-tar-000,1,0.8054887652397156
evaluation-19371-non-000,0,0.6621732711791992
evaluation-19407-tar-000,1,0.7596173882484436
evaluation-19407-non-000,0,0.5212379097938538
evaluation-19549-tar-000,1,0.9848827123641968
evaluation-19549-non-000,0,0.7242511510848999
evaluation-1958-tar-000,1,0.6936368942260742
evaluation-1958-non-000,0,-0.5672213435173035
evaluation-1960-tar-000,1,0.9150684475898743
evaluation-1960-non-000,0,0.7615033388137817
evaluation-19659-tar-000,1,0.9810786247253418
evaluation-19659-non-000,0,-0.13382628560066223
evaluation-19714-tar-000,1,0.846409797668457
evaluation-19714-non-000,0,-0.3873979449272156
evaluation-19761-tar-000,1,0.9561454057693481
evaluation-19761-non-000,0,0.6754692196846008
evaluation-19819-tar-000,1,0.9702453017234802
evaluation-19819-non-000,0,0.39615118503570557
evaluation-19865-tar-000,1,0.7064117193222046
evaluation-19865-non-000,0,0.881178081035614
evaluation-1994-tar-000,1,0.5985448956489563
evaluation-1994-non-000,0,-0.5424866676330566
evaluation-20000-tar-000,1,0.9497351050376892
evaluation-20000-non-000,0,0.9682891368865967
evaluation-2020-tar-000,1,0.3716866075992584
evaluation-2020-non-000,0,0.8291207551956177
evaluation-20244-tar-000,1,0.09650588780641556
evaluation-20244-non-000,0,-0.03286299481987953
evaluation-2037-tar-000,1,0.9824161529541016
evaluation-2037-non-000,0,0.6183086037635803
evaluation-20458-tar-000,1,0.606667160987854
evaluation-20458-non-000,0,0.32773658633232117
evaluation-20461-tar-000,1,0.9555389881134033
evaluation-20461-non-000,0,-0.04778926819562912
evaluation-2059-tar-000,1,-0.01784442365169525
evaluation-2059-non-000,0,0.6983522176742554
evaluation-20667-tar-000,1,0.7227146625518799
evaluation-20667-non-000,0,-0.4243207573890686
evaluation-20673-tar-000,1,0.8694896697998047
evaluation-20673-non-000,0,0.9237704277038574
evaluation-2077-tar-000,1,0.978198230266571
evaluation-2077-non-000,0,0.8382801413536072
evaluation-20870-tar-000,1,0.9846731424331665
evaluation-20870-non-000,0,0.7647125124931335
evaluation-20881-tar-000,1,0.982742190361023
evaluation-20881-non-000,0,0.5124804377555847
evaluation-2090-tar-000,1,0.5249372720718384
evaluation-2090-non-000,0,-0.032194044440984726
evaluation-2092-tar-000,1,0.6531379222869873
evaluation-2092-non-000,0,0.6780229210853577
evaluation-2093-tar-000,1,0.794865608215332
evaluation-2093-non-000,0,0.5832564234733582
evaluation-2094-tar-000,1,0.8354794979095459
evaluation-2094-non-000,0,-0.44481879472732544
evaluation-20947-tar-000,1,0.8146680593490601
evaluation-20947-non-000,0,0.9691731929779053
evaluation-21041-tar-000,1,0.6715240478515625
evaluation-21041-non-000,0,0.9444141387939453
evaluation-21082-tar-000,1,0.9921219348907471
evaluation-21082-non-000,0,0.9917856454849243
evaluation-21120-tar-000,1,0.9034748673439026
evaluation-21120-non-000,0,0.47172313928604126
evaluation-21181-tar-000,1,0.41680479049682617
evaluation-21181-non-000,0,0.8625792264938354
evaluation-2124-tar-000,1,0.9650247097015381
evaluation-2124-non-000,0,-0.09177687019109726
evaluation-21258-tar-000,1,0.7925361394882202
evaluation-21258-non-000,0,0.8576284646987915
evaluation-21280-tar-000,1,0.9113970994949341
evaluation-21280-non-000,0,-0.0762554258108139
evaluation-2130-tar-000,1,0.8647595643997192
evaluation-2130-non-000,0,-0.08794568479061127
evaluation-21403-tar-000,1,0.230569988489151
evaluation-21403-non-000,0,0.9606776833534241
evaluation-2159-tar-000,1,0.9457493424415588
evaluation-2159-non-000,0,0.8007631301879883
evaluation-21629-tar-000,1,0.607478141784668
evaluation-21629-non-000,0,0.7963389158248901
evaluation-2168-tar-000,1,0.8389438390731812
evaluation-2168-non-000,0,0.0061584897339344025
evaluation-2171-tar-000,1,-0.08742708712816238
evaluation-2171-non-000,0,0.7026405334472656
evaluation-2181-tar-000,1,0.8901467323303223
evaluation-2181-non-000,0,-0.09952584654092789
evaluation-2186-tar-000,1,0.8212863206863403
evaluation-2186-non-000,0,-0.0006214948371052742
evaluation-21928-tar-000,1,0.20388489961624146
evaluation-21928-non-000,0,0.46050336956977844
evaluation-2196-tar-000,1,0.8610228896141052
evaluation-2196-non-000,0,0.5709749460220337
evaluation-21969-tar-000,1,0.808863639831543
evaluation-21969-non-000,0,0.08342096954584122
evaluation-2199-tar-000,1,0.8463817238807678
evaluation-2199-non-000,0,0.2890201508998871
evaluation-21991-tar-000,1,0.8769804835319519
evaluation-21991-non-000,0,0.44564709067344666
evaluation-2200-tar-000,1,0.48771387338638306
evaluation-2200-non-000,0,0.11040672659873962
evaluation-22062-tar-000,1,0.9811285734176636
evaluation-22062-non-000,0,0.7794435024261475
evaluation-22090-tar-000,1,0.9758163690567017
evaluation-22090-non-000,0,0.6154327988624573
evaluation-22134-tar-000,1,0.8534103631973267
evaluation-22134-non-000,0,0.7433049082756042
evaluation-22142-tar-000,1,0.9023654460906982
evaluation-22142-non-000,0,0.9851713180541992
evaluation-22290-tar-000,1,0.9586777687072754
evaluation-22290-non-000,0,0.7264180183410645
evaluation-2233-tar-000,1,0.8894198536872864
evaluation-2233-non-000,0,0.9768571257591248
evaluation-22345-tar-000,1,0.5982035398483276
evaluation-22345-non-000,0,0.29653120040893555
evaluation-22365-tar-000,1,-0.11499866843223572
evaluation-22365-non-000,0,0.004274964332580566
evaluation-22483-tar-000,1,0.9505552053451538
evaluation-22483-non-000,0,0.3021971881389618
evaluation-22521-tar-000,1,0.9934792518615723
evaluation-22521-non-000,0,-0.1700877994298935
evaluation-22595-tar-000,1,0.939084529876709
evaluation-22595-non-000,0,0.5619122982025146
evaluation-22738-tar-000,1,0.8278042674064636
evaluation-22738-non-000,0,-0.7457857131958008
evaluation-22760-tar-000,1,0.8852951526641846
evaluation-22760-non-000,0,0.05966724455356598
evaluation-2290-tar-000,1,0.36462727189064026
evaluation-2290-non-000,0,-0.20291714370250702
evaluation-2291-tar-000,1,0.5995994210243225
evaluation-2291-non-000,0,0.5283533334732056
evaluation-22988-tar-000,1,0.9255443811416626
evaluation-22988-non-000,0,0.10410745441913605
evaluation-2305-tar-000,1,0.6492378115653992
evaluation-2305-non-000,0,0.0007341839373111725
evaluation-23051-tar-000,1,0.32765525579452515
evaluation-23051-non-000,0,0.29781511425971985
evaluation-23200-tar-000,1,-0.42833375930786133
evaluation-23200-non-000,0,0.7639660835266113
evaluation-23224-tar-000,1,0.05526240915060043
evaluation-23224-non-000,0,0.6388640403747559
evaluation-23246-tar-000,1,0.8260596990585327
evaluation-23246-non-000,0,0.5656881928443909
evaluation-2327-tar-000,1,0.7929374575614929
evaluation-2327-non-000,0,0.5975740551948547
evaluation-23406-tar-000,1,0.9458903074264526
evaluation-23406-non-000,0,0.8859521150588989
evaluation-23422-tar-000,1,0.37624019384384155
evaluation-23422-non-000,0,0.669651448726654
evaluation-2346-tar-000,1,0.2172030508518219
evaluation-2346-non-000,0,0.7246593236923218
evaluation-23482-tar-000,1,0.5428797602653503
evaluation-23482-non-000,0,-0.06692777574062347
evaluation-2349-tar-000,1,0.20545461773872375
evaluation-2349-non-000,0,0.6195498108863831
evaluation-23510-tar-000,1,-0.10854823887348175
evaluation-23510-non-000,0,0.15391439199447632
evaluation-23623-tar-000,1,0.954393744468689
evaluation-23623-non-000,0,0.9069391489028931
evaluation-2363-tar-000,1,0.07262460887432098
evaluation-2363-non-000,0,0.9827895164489746
evaluation-23721-tar-000,1,0.9309556484222412
evaluation-23721-non-000,0,0.11568878591060638
evaluation-23743-tar-000,1,0.8958458304405212
evaluation-23743-non-000,0,0.9480658769607544
evaluation-23845-tar-000,1,0.8010826110839844
evaluation-23845-non-000,0,0.3449298143386841
evaluation-23878-tar-000,1,0.16740651428699493
evaluation-23878-non-000,0,0.6413915157318115
evaluation-2389-tar-000,1,0.9519568681716919
evaluation-2389-non-000,0,0.7153329253196716
evaluation-23988-tar-000,1,0.9026491045951843
evaluation-23988-non-000,0,0.8386403322219849
evaluation-2400-tar-000,1,0.23800325393676758
evaluation-2400-non-000,0,-0.6086044907569885
evaluation-24035-tar-000,1,0.873380184173584
evaluation-24035-non-000,0,0.7421379089355469
evaluation-24054-tar-000,1,0.880553662776947
evaluation-24054-non-000,0,-0.1534496545791626
evaluation-24117-tar-000,1,0.9571466445922852
evaluation-24117-non-000,0,0.5449090003967285
evaluation-24158-tar-000,1,0.9629030227661133
evaluation-24158-non-000,0,0.13700905442237854
evaluation-2421-tar-000,1,0.6471217274665833
evaluation-2421-non-000,0,0.26963937282562256
evaluation-24241-tar-000,1,0.958531379699707
evaluation-24241-non-000,0,-0.176270991563797
evaluation-2427-tar-000,1,0.5326753258705139
evaluation-2427-non-000,0,0.7030798196792603
evaluation-2451-tar-000,1,0.35120314359664917
evaluation-2451-non-000,0,0.8142256736755371
evaluation-24512-tar-000,1,0.9921322464942932
evaluation-24512-non-000,0,0.90555739402771
evaluation-24526-tar-000,1,0.7395085096359253
evaluation-24526-non-000,0,0.04254314675927162
evaluation-24534-tar-000,1,0.971886157989502
evaluation-24534-non-000,0,0.1866365373134613
evaluation-2454-tar-000,1,0.038501400500535965
evaluation-2454-non-000,0,-0.09119760990142822
evaluation-2455-tar-000,1,0.8436935544013977
evaluation-2455-non-000,0,0.25741952657699585
evaluation-24584-tar-000,1,0.37049710750579834
evaluation-24584-non-000,0,0.251494437456131
evaluation-24620-tar-000,1,0.7621318697929382
evaluation-24620-non-000,0,0.18807034194469452
evaluation-2467-tar-000,1,0.7476383447647095
evaluation-2467-non-000,0,0.6415349245071411
evaluation-24688-tar-000,1,0.34240156412124634
evaluation-24688-non-000,0,0.7958091497421265
evaluation-24699-tar-000,1,0.642896294593811
evaluation-24699-non-000,0,0.7286339402198792
evaluation-2473-tar-000,1,-0.11106300354003906
evaluation-2473-non-000,0,-0.7074266076087952
evaluation-2481-tar-000,1,0.7820714116096497
evaluation-2481-non-000,0,0.9650243520736694
evaluation-2487-tar-000,1,0.6294357776641846
evaluation-2487-non-000,0,0.45708584785461426
evaluation-24872-tar-000,1,0.591389536857605
evaluation-24872-non-000,0,0.5037118196487427
evaluation-24875-tar-000,1,0.5586872100830078
evaluation-24875-non-000,0,0.4665212035179138
evaluation-24916-tar-000,1,0.8083361387252808
evaluation-24916-non-000,0,0.5013998746871948
evaluation-25070-tar-000,1,0.9631533622741699
evaluation-25070-non-000,0,0.04703915864229202
evaluation-2509-tar-000,1,0.6976050138473511
evaluation-2509-non-000,0,0.5371344089508057
evaluation-2515-tar-000,1,0.4837239980697632
evaluation-2515-non-000,0,0.24758654832839966
evaluation-25185-tar-000,1,0.09455054253339767
evaluation-25185-non-000,0,0.8672130107879639
evaluation-25284-tar-000,1,0.9510159492492676
evaluation-25284-non-000,0,0.8085005283355713
evaluation-25295-tar-000,1,0.9398981332778931
evaluation-25295-non-000,0,0.8300098180770874
evaluation-25323-tar-000,1,0.9165931940078735
evaluation-25323-non-000,0,0.9315823316574097
evaluation-2544-tar-000,1,0.8606598377227783
evaluation-2544-non-000,0,0.5522301197052002
evaluation-25485-tar-000,1,0.9234541654586792
evaluation-25485-non-000,0,0.797951340675354
evaluation-25586-tar-000,1,0.9188368916511536
evaluation-25586-non-000,0,0.7054169178009033
evaluation-25619-tar-000,1,-0.42185771465301514
evaluation-25619-non-000,0,0.3037503957748413
evaluation-2565-tar-000,1,0.8707259297370911
evaluation-2565-non-000,0,0.8711817264556885
evaluation-25748-tar-000,1,0.8427590131759644
evaluation-25748-non-000,0,0.5983301401138306
evaluation-25960-tar-000,1,0.7834540009498596
evaluation-25960-non-000,0,0.7947083711624146
evaluation-2602-tar-000,1,0.9949672222137451
evaluation-2602-non-000,0,0.9722931385040283
evaluation-2610-tar-000,1,-0.12372099608182907
evaluation-2610-non-000,0,0.9610987901687622
evaluation-26125-tar-000,1,0.8940764665603638
evaluation-26125-non-000,0,-0.28367745876312256
evaluation-26138-tar-000,1,0.7428093552589417
evaluation-26138-non-000,0,0.9684542417526245
evaluation-26158-tar-000,1,0.6105520725250244
evaluation-26158-non-000,0,0.5855740904808044
evaluation-2618-tar-000,1,0.9062670469284058
evaluation-2618-non-000,0,0.5050660371780396
evaluation-26221-tar-000,1,0.3551625609397888
evaluation-26221-non-000,0,0.10159194469451904
evaluation-26287-tar-000,1,0.9260088205337524
evaluation-26287-non-000,0,0.5973697900772095
evaluation-26435-tar-000,1,0.7276664972305298
evaluation-26435-non-000,0,0.34406083822250366
evaluation-26443-tar-000,1,-0.07947669923305511
evaluation-26443-non-000,0,0.14554917812347412
evaluation-26454-tar-000,1,0.8734517097473145
evaluation-26454-non-000,0,0.6454073190689087
evaluation-26473-tar-000,1,0.20056897401809692
evaluation-26473-non-000,0,0.4437342882156372
evaluation-26501-tar-000,1,0.9464989304542542
evaluation-26501-non-000,0,0.8016676902770996
evaluation-26545-tar-000,1,0.5923866629600525
evaluation-26545-non-000,0,0.13405229151248932
evaluation-26666-tar-000,1,0.9427571296691895
evaluation-26666-non-000,0,-0.03077811747789383
evaluation-26679-tar-000,1,0.9765679836273193
evaluation-26679-non-000,0,0.9581734538078308
evaluation-2674-tar-000,1,-0.1303088515996933
evaluation-2674-non-000,0,0.9392528533935547
evaluation-2689-tar-000,1,0.6779671311378479
evaluation-2689-non-000,0,0.7353141903877258
evaluation-26894-tar-000,1,0.9151909351348877
evaluation-26894-non-000,0,0.9344580769538879
evaluation-2699-tar-000,1,0.27680695056915283
evaluation-2699-non-000,0,0.5374011397361755
evaluation-2707-tar-000,1,0.9137514233589172
evaluation-2707-non-000,0,0.9057871699333191
evaluation-27124-tar-000,1,0.9267649054527283
evaluation-27124-non-000,0,0.3549872040748596
evaluation-27135-tar-000,1,0.8522053956985474
evaluation-27135-non-000,0,0.9769109487533569
evaluation-2714-tar-000,1,0.9708116054534912
evaluation-2714-non-000,0,0.9250510931015015
evaluation-27199-tar-000,1,0.7527655363082886
evaluation-27199-non-000,0,0.9439250230789185
evaluation-2739-tar-000,1,0.9608243107795715
evaluation-2739-non-000,0,0.0981653481721878
evaluation-2752-tar-000,1,0.8546932339668274
evaluation-2752-non-000,0,0.9106836318969727
evaluation-2762-tar-000,1,0.7340387105941772
evaluation-2762-non-000,0,0.5377510786056519
evaluation-2775-tar-000,1,0.8562730550765991
evaluation-2775-non-000,0,0.26722729206085205
evaluation-27811-tar-000,1,0.9619624018669128
evaluation-27811-non-000,0,0.941960334777832
evaluation-27932-tar-000,1,-0.17834845185279846
evaluation-27932-non-000,0,0.852216899394989
evaluation-27943-tar-000,1,0.5623890161514282
evaluation-27943-non-000,0,0.7680943012237549
evaluation-27979-tar-000,1,0.552544891834259
evaluation-27979-non-000,0,0.13602861762046814
evaluation-28017-tar-000,1,0.7656679153442383
evaluation-28017-non-000,0,0.7024820446968079
evaluation-28028-tar-000,1,0.7560845017433167
evaluation-28028-non-000,0,0.9516714811325073
evaluation-28053-tar-000,1,0.8594446182250977
evaluation-28053-non-000,0,0.458091139793396
evaluation-2806-tar-000,1,0.17960114777088165
evaluation-2806-non-000,0,0.04328234866261482
evaluation-28086-tar-000,1,0.2418290376663208
evaluation-28086-non-000,0,0.7651965618133545
evaluation-28105-tar-000,1,0.7050379514694214
evaluation-28105-non-000,0,-0.20531675219535828
evaluation-28152-tar-000,1,0.8372194766998291
evaluation-28152-non-000,0,0.18023979663848877
evaluation-28182-tar-000,1,0.9702290296554565
evaluation-28182-non-000,0,0.8828107714653015
evaluation-28248-tar-000,1,0.13358667492866516
evaluation-28248-non-000,0,0.939905047416687
evaluation-2831-tar-000,1,0.9725221991539001
evaluation-2831-non-000,0,0.9104328155517578
evaluation-28338-tar-000,1,0.9287850856781006
evaluation-28338-non-000,0,0.946467399597168
evaluation-28679-tar-000,1,0.9241210222244263
evaluation-28679-non-000,0,0.3277268409729004
evaluation-28682-tar-000,1,0.988965630531311
evaluation-28682-non-000,0,0.7005071640014648
evaluation-28750-tar-000,1,0.8168697357177734
evaluation-28750-non-000,0,0.4529583752155304
evaluation-28781-tar-000,1,0.16006900370121002
evaluation-28781-non-000,0,0.49283358454704285
evaluation-28822-tar-000,1,0.9592763185501099
evaluation-28822-non-000,0,0.15078133344650269
evaluation-2892-tar-000,1,0.8435553312301636
evaluation-2892-non-000,0,0.7941874265670776
evaluation-2901-tar-000,1,0.47869575023651123
evaluation-2901-non-000,0,0.8898910284042358
evaluation-2908-tar-000,1,0.3746579885482788
evaluation-2908-non-000,0,0.2692413628101349
evaluation-29102-tar-000,1,0.9799741506576538
evaluation-29102-non-000,0,-0.2144201099872589
evaluation-29105-tar-000,1,0.8840245008468628
evaluation-29105-non-000,0,0.26865172386169434
evaluation-29237-tar-000,1,0.9900927543640137
evaluation-29237-non-000,0,-0.07004415988922119
evaluation-29278-tar-000,1,0.9263502359390259
evaluation-29278-non-000,0,-0.06643293797969818
evaluation-29434-tar-000,1,-0.2463030219078064
evaluation-29434-non-000,0,-0.4390660226345062
evaluation-2950-tar-000,1,0.6192399263381958
evaluation-2950-non-000,0,0.39059168100357056
evaluation-29500-tar-000,1,0.7896419167518616
evaluation-29500-non-000,0,0.2962721586227417
evaluation-2957-tar-000,1,0.7536147236824036
evaluation-2957-non-000,0,0.7297102212905884
evaluation-29668-tar-000,1,0.573631227016449
evaluation-29668-non-000,0,0.8092821836471558
evaluation-29778-tar-000,1,0.9119141101837158
evaluation-29778-non-000,0,0.9320337176322937
evaluation-2984-tar-000,1,0.8941091299057007
evaluation-2984-non-000,0,0.8606873750686646
evaluation-2990-tar-000,1,0.7753254771232605
evaluation-2990-non-000,0,0.3383687734603882
evaluation-29904-tar-000,1,-0.16333553194999695
evaluation-29904-non-000,0,0.8037154078483582
evaluation-30085-tar-000,1,0.9690492749214172
evaluation-30085-non-000,0,0.9844348430633545
evaluation-3015-tar-000,1,0.6999882459640503
evaluation-3015-non-000,0,0.12555474042892456
evaluation-3023-tar-000,1,0.38065555691719055
evaluation-3023-non-000,0,0.6493367552757263
evaluation-30261-tar-000,1,0.9459187984466553
evaluation-30261-non-000,0,0.9610083103179932
evaluation-30302-tar-000,1,0.867638111114502
evaluation-30302-non-000,0,0.004283782094717026
evaluation-30316-tar-000,1,0.8858845233917236
evaluation-30316-non-000,0,0.1951589584350586
evaluation-30610-tar-000,1,0.9774127006530762
evaluation-30610-non-000,0,0.4565879702568054
evaluation-3062-tar-000,1,0.7040451169013977
evaluation-3062-non-000,0,0.7661719918251038
evaluation-30621-tar-000,1,0.10074378550052643
evaluation-30621-non-000,0,0.8083462119102478
evaluation-30659-tar-000,1,0.19130966067314148
evaluation-30659-non-000,0,0.4071826636791229
evaluation-30824-tar-000,1,0.9504752159118652
evaluation-30824-non-000,0,-0.0014873719774186611
evaluation-30923-tar-000,1,0.7271109819412231
evaluation-30923-non-000,0,0.5241528749465942
evaluation-30967-tar-000,1,0.8081985116004944
evaluation-30967-non-000,0,-0.04137063026428223
evaluation-31008-tar-000,1,0.9782859683036804
evaluation-31008-non-000,0,-0.1849452555179596
evaluation-3124-tar-000,1,-0.2237878292798996
evaluation-3124-non-000,0,0.49059054255485535
evaluation-31280-tar-000,1,0.9755246639251709
evaluation-31280-non-000,0,0.2757319211959839
evaluation-31294-tar-000,1,0.22914457321166992
evaluation-31294-non-000,0,0.8588106632232666
evaluation-31307-tar-000,1,0.8240911960601807
evaluation-31307-non-000,0,0.17684891819953918
evaluation-31346-tar-000,1,0.1410786211490631
evaluation-31346-non-000,0,0.6052029132843018
evaluation-31360-tar-000,1,0.8315802812576294
evaluation-31360-non-000,0,0.13940998911857605
evaluation-31384-tar-000,1,0.8920266628265381
evaluation-31384-non-000,0,0.46008384227752686
evaluation-3139-tar-000,1,0.38378778100013733
evaluation-3139-non-000,0,0.5079959630966187
evaluation-31390-tar-000,1,0.9963315725326538
evaluation-31390-non-000,0,0.9318369626998901
evaluation-3145-tar-000,1,0.752435564994812
evaluation-3145-non-000,0,0.666732907295227
evaluation-31464-tar-000,1,0.5246527194976807
evaluation-31464-non-000,0,0.5453323125839233
evaluation-3161-tar-000,1,0.035869844257831573
evaluation-3161-non-000,0,-0.5214878916740417
evaluation-31665-tar-000,1,0.8942415118217468
evaluation-31665-non-000,0,0.8071032762527466
evaluation-3167-tar-000,1,0.9667226076126099
evaluation-3167-non-000,0,0.49873965978622437
evaluation-31838-tar-000,1,0.6475248336791992
evaluation-31838-non-000,0,0.7905152440071106
evaluation-31947-tar-000,1,0.9185800552368164
evaluation-31947-non-000,0,0.6822872161865234
evaluation-31950-tar-000,1,0.9521660804748535
evaluation-31950-non-000,0,0.8735857009887695
evaluation-31964-tar-000,1,0.7805001735687256
evaluation-31964-non-000,0,0.25921615958213806
evaluation-31986-tar-000,1,0.6006550788879395
evaluation-31986-non-000,0,-0.5051844716072083
evaluation-32005-tar-000,1,0.8091661334037781
evaluation-32005-non-000,0,0.8044809699058533
evaluation-32046-tar-000,1,0.8298851251602173
evaluation-32046-non-000,0,0.8338800668716431
evaluation-32057-tar-000,1,0.7722046375274658
evaluation-32057-non-000,0,0.6982991695404053
evaluation-3215-tar-000,1,0.857689380645752
evaluation-3215-non-000,0,0.7453492283821106
evaluation-32285-tar-000,1,0.8755719661712646
evaluation-32285-non-000,0,0.478951096534729
evaluation-32368-tar-000,1,0.9368878602981567
evaluation-32368-non-000,0,0.0780227854847908
evaluation-32521-tar-000,1,0.9700303673744202
evaluation-32521-non-000,0,0.5152660608291626
evaluation-32620-tar-000,1,0.9421654939651489
evaluation-32620-non-000,0,0.6301339864730835
evaluation-32730-tar-000,1,0.1721978336572647
evaluation-32730-non-000,0,0.9512844085693359
evaluation-32785-tar-000,1,0.16761252284049988
evaluation-32785-non-000,0,0.3047787845134735
evaluation-32810-tar-000,1,0.9798682928085327
evaluation-32810-non-000,0,0.9035038352012634
evaluation-3292-tar-000,1,0.02763429656624794
evaluation-3292-non-000,0,0.5502377152442932
evaluation-3301-tar-000,1,0.45732009410858154
evaluation-3301-non-000,0,0.7089616060256958
evaluation-33060-tar-000,1,0.49679821729660034
evaluation-33060-non-000,0,0.36246347427368164
evaluation-33096-tar-000,1,0.9729275703430176
evaluation-33096-non-000,0,-0.46924376487731934
evaluation-33120-tar-000,1,0.9852903485298157
evaluation-33120-non-000,0,0.33248162269592285
evaluation-3314-tar-000,1,0.7541425824165344
evaluation-3314-non-000,0,0.924327552318573
evaluation-33255-tar-000,1,0.941037654876709
evaluation-33255-non-000,0,0.45398008823394775
evaluation-33258-tar-000,1,0.8989623785018921
evaluation-33258-non-000,0,0.8945199251174927
evaluation-33274-tar-000,1,0.8514931201934814
evaluation-33274-non-000,0,-0.01297279354184866
evaluation-33598-tar-000,1,0.9133434295654297
evaluation-33598-non-000,0,0.3654317259788513
evaluation-3361-tar-000,1,0.06816311925649643
evaluation-3361-non-000,0,0.3767009675502777
evaluation-33623-tar-000,1,0.6600029468536377
evaluation-33623-non-000,0,0.9843125343322754
evaluation-3365-tar-000,1,0.4264031648635864
evaluation-3365-non-000,0,0.6714352369308472
evaluation-3369-tar-000,1,0.8064908385276794
evaluation-3369-non-000,0,0.652912974357605
evaluation-33711-tar-000,1,0.9348798990249634
evaluation-33711-non-000,0,0.3364252746105194
evaluation-33790-tar-000,1,0.9317112565040588
evaluation-33790-non-000,0,0.69060879945755
evaluation-3395-tar-000,1,0.4650755822658539
evaluation-3395-non-000,0,0.7435291409492493
evaluation-3407-tar-000,1,0.16836437582969666
evaluation-3407-non-000,0,-0.1239716187119484
evaluation-3409-tar-000,1,0.40608489513397217
evaluation-3409-non-000,0,0.3414430618286133
evaluation-34158-tar-000,1,0.13936686515808105
evaluation-34158-non-000,0,0.7579179406166077
evaluation-3417-tar-000,1,0.9511911869049072
evaluation-3417-non-000,0,0.8007981181144714
evaluation-3425-tar-000,1,0.9949743747711182
evaluation-3425-non-000,0,0.9034819602966309
evaluation-34257-tar-000,1,0.6770452260971069
evaluation-34257-non-000,0,0.7111987471580505
evaluation-3427-tar-000,1,0.7519369125366211
evaluation-3427-non-000,0,0.6186052560806274
evaluation-34458-tar-000,1,-0.03451654687523842
evaluation-34458-non-000,0,0.5682154893875122
evaluation-34485-tar-000,1,0.7467352151870728
evaluation-34485-non-000,0,0.8393121957778931
evaluation-34631-tar-000,1,0.514434814453125
evaluation-34631-non-000,0,0.18132492899894714
evaluation-34647-tar-000,1,0.9254627227783203
evaluation-34647-non-000,0,0.1789615899324417
evaluation-3471-tar-000,1,-0.2276773452758789
evaluation-3471-non-000,0,0.8323530554771423
evaluation-34719-tar-000,1,0.8121417760848999
evaluation-34719-non-000,0,-0.23973791301250458
evaluation-3473-tar-000,1,0.9093286991119385
evaluation-3473-non-000,0,0.969886839389801
evaluation-34738-tar-000,1,0.9051112532615662
evaluation-34738-non-000,0,0.15874668955802917
evaluation-34771-tar-000,1,0.7601292729377747
evaluation-34771-non-000,0,0.3635627031326294
evaluation-3479-tar-000,1,-0.160038024187088
evaluation-3479-non-000,0,0.8638468384742737
evaluation-34807-tar-000,1,0.5478945970535278
evaluation-34807-non-000,0,0.5325040817260742
evaluation-3482-tar-000,1,0.9208760261535645
evaluation-3482-non-000,0,0.0967656672000885
evaluation-34859-tar-000,1,0.6676903963088989
evaluation-34859-non-000,0,0.6012277603149414
evaluation-3497-tar-000,1,0.9222287535667419
evaluation-3497-non-000,0,0.7685084342956543
evaluation-34996-tar-000,1,0.9497849345207214
evaluation-34996-non-000,0,0.6433035135269165
evaluation-35043-tar-000,1,0.8625493049621582
evaluation-35043-non-000,0,0.7593077421188354
evaluation-3507-tar-000,1,0.31790661811828613
evaluation-3507-non-000,0,-0.41956838965415955
evaluation-35101-tar-000,1,0.9695652723312378
evaluation-35101-non-000,0,0.7124806642532349
evaluation-3518-tar-000,1,0.8765098452568054
evaluation-3518-non-000,0,0.2930428385734558
evaluation-3522-tar-000,1,-0.7125279903411865
evaluation-3522-non-000,0,0.6092631816864014
evaluation-35293-tar-000,1,0.1894417256116867
evaluation-35293-non-000,0,0.1730799674987793
evaluation-35359-tar-000,1,0.9508321285247803
evaluation-35359-non-000,0,0.28211426734924316
evaluation-3540-tar-000,1,0.45399993658065796
evaluation-3540-non-000,0,-0.5637071132659912
evaluation-35416-tar-000,1,0.836495041847229
evaluation-35416-non-000,0,0.9082299470901489
evaluation-35449-tar-000,1,0.9717414379119873
evaluation-35449-non-000,0,0.7657507658004761
evaluation-35510-tar-000,1,0.6571782827377319
evaluation-35510-non-000,0,0.1956118941307068
evaluation-35562-tar-000,1,0.8695226311683655
evaluation-35562-non-000,0,0.5309090614318848
evaluation-35587-tar-000,1,0.7859340310096741
evaluation-35587-non-000,0,0.8292714953422546
evaluation-3564-tar-000,1,0.6595113277435303
evaluation-3564-non-000,0,0.21429532766342163
evaluation-35683-tar-000,1,0.8695520162582397
evaluation-35683-non-000,0,0.5182607769966125
evaluation-35699-tar-000,1,0.5159821510314941
evaluation-35699-non-000,0,0.1591331511735916
evaluation-3571-tar-000,1,0.9726291298866272
evaluation-3571-non-000,0,0.4938427209854126
evaluation-3572-tar-000,1,0.7304251790046692
evaluation-3572-non-000,0,0.8734197616577148
evaluation-35793-tar-000,1,0.9378893971443176
evaluation-35793-non-000,0,0.9649307727813721
evaluation-35823-tar-000,1,0.950413703918457
evaluation-35823-non-000,0,0.9913018941879272
evaluation-35872-tar-000,1,0.9398805499076843
evaluation-35872-non-000,0,0.952949583530426
evaluation-3597-tar-000,1,0.4741951823234558
evaluation-3597-non-000,0,-0.054249681532382965
evaluation-35996-tar-000,1,0.7868273854255676
evaluation-35996-non-000,0,0.7366400957107544
evaluation-36004-tar-000,1,0.8895389437675476
evaluation-36004-non-000,0,0.8434060215950012
evaluation-36051-tar-000,1,0.8321248292922974
evaluation-36051-non-000,0,0.8847548365592957
evaluation-3619-tar-000,1,0.9839515686035156
evaluation-3619-non-000,0,0.786033570766449
evaluation-36196-tar-000,1,-0.2246180772781372
evaluation-36196-non-000,0,0.9488071203231812
evaluation-36298-tar-000,1,0.9791553020477295
evaluation-36298-non-000,0,0.9758635759353638
evaluation-36323-tar-000,1,0.8171534538269043
evaluation-36323-non-000,0,0.8806036710739136
evaluation-36386-tar-000,1,0.991741418838501
evaluation-36386-non-000,0,-0.668148934841156
evaluation-36395-tar-000,1,0.9823706746101379
evaluation-36395-non-000,0,0.12756386399269104
evaluation-36460-tar-000,1,0.9695056676864624
evaluation-36460-non-000,0,0.3537880778312683
evaluation-36499-tar-000,1,-0.4873495399951935
evaluation-36499-non-000,0,0.23811036348342896
evaluation-3656-tar-000,1,0.4843975603580475
evaluation-3656-non-000,0,0.17874999344348907
evaluation-36611-tar-000,1,0.21637728810310364
evaluation-36611-non-000,0,0.9117522239685059
evaluation-36619-tar-000,1,0.4417623281478882
evaluation-36619-non-000,0,0.5438178777694702
evaluation-36625-tar-000,1,0.6947824954986572
evaluation-36625-non-000,0,0.8313637971878052
evaluation-36633-tar-000,1,0.9695676565170288
evaluation-36633-non-000,0,0.8830776214599609
evaluation-36685-tar-000,1,0.6569836139678955
evaluation-36685-non-000,0,0.6936629414558411
evaluation-3669-tar-000,1,0.8041268587112427
evaluation-3669-non-000,0,0.005918934941291809
evaluation-36853-tar-000,1,0.8727868795394897
evaluation-36853-non-000,0,0.6670963764190674
evaluation-3693-tar-000,1,0.26557791233062744
evaluation-3693-non-000,0,0.7610268592834473
evaluation-3720-tar-000,1,0.9725558757781982
evaluation-3720-non-000,0,0.9116034507751465
evaluation-37259-tar-000,1,0.8865911960601807
evaluation-37259-non-000,0,0.29859596490859985
evaluation-37301-tar-000,1,0.5865275859832764
evaluation-37301-non-000,0,0.6659144759178162
evaluation-37328-tar-000,1,0.9018392562866211
evaluation-37328-non-000,0,0.9148118495941162
evaluation-37625-tar-000,1,0.9017088413238525
evaluation-37625-non-000,0,0.8138140439987183
evaluation-37658-tar-000,1,0.8936256170272827
evaluation-37658-non-000,0,0.8226877450942993
evaluation-3767-tar-000,1,-0.29731959104537964
evaluation-3767-non-000,0,0.3518558144569397
evaluation-37696-tar-000,1,0.7592083215713501
evaluation-37696-non-000,0,0.8363119959831238
evaluation-3770-tar-000,1,0.9079290628433228
evaluation-3770-non-000,0,0.8464113473892212
evaluation-37740-tar-000,1,0.08623696863651276
evaluation-37740-non-000,0,0.08638875186443329
evaluation-3778-tar-000,1,0.23140360414981842
evaluation-3778-non-000,0,0.7763727307319641
evaluation-37844-tar-000,1,0.8791937828063965
evaluation-37844-non-000,0,0.6235461235046387
evaluation-37921-tar-000,1,0.9719470739364624
evaluation-37921-non-000,0,0.1451050043106079
evaluation-37932-tar-000,1,0.6746647357940674
evaluation-37932-non-000,0,-0.365744024515152
evaluation-37946-tar-000,1,0.5541716814041138
evaluation-37946-non-000,0,0.7342425584793091
evaluation-37965-tar-000,1,0.8159127831459045
evaluation-37965-non-000,0,-0.12441214174032211
evaluation-37971-tar-000,1,0.9727737307548523
evaluation-37971-non-000,0,0.7847990393638611
evaluation-3805-tar-000,1,0.6190155744552612
evaluation-3805-non-000,0,0.907233715057373
evaluation-38056-tar-000,1,0.93763267993927
evaluation-38056-non-000,0,0.9373680949211121
evaluation-38083-tar-000,1,0.8261425495147705
evaluation-38083-non-000,0,0.029226111248135567
evaluation-3813-tar-000,1,0.698911190032959
evaluation-3813-non-000,0,0.045164693146944046
evaluation-38157-tar-000,1,0.9547187089920044
evaluation-38157-non-000,0,-0.24785080552101135
evaluation-38166-tar-000,1,0.9072209596633911
evaluation-38166-non-000,0,-0.40834999084472656
evaluation-38196-tar-000,1,0.7709795832633972
evaluation-38196-non-000,0,0.6709452867507935
evaluation-3827-tar-000,1,-0.5985093116760254
evaluation-3827-non-000,0,-0.13629677891731262
evaluation-38388-tar-000,1,0.8838672041893005
evaluation-38388-non-000,0,0.9774354100227356
evaluation-3839-tar-000,1,0.9945852756500244
evaluation-3839-non-000,0,0.9802497625350952
evaluation-3840-tar-000,1,0.12993210554122925
evaluation-3840-non-000,0,0.7488758563995361
evaluation-38657-tar-000,1,0.9290061593055725
evaluation-38657-non-000,0,0.8140800595283508
evaluation-38792-tar-000,1,0.44200143218040466
evaluation-38792-non-000,0,0.7477068305015564
evaluation-3888-tar-000,1,-0.4194372296333313
evaluation-3888-non-000,0,0.8978273868560791
evaluation-3892-tar-000,1,0.915669322013855
evaluation-3892-non-000,0,0.3256833851337433
evaluation-3901-tar-000,1,0.029139064252376556
evaluation-3901-non-000,0,0.8533556461334229
evaluation-39025-tar-000,1,0.9382007122039795
evaluation-39025-non-000,0,0.8260594606399536
evaluation-39031-tar-000,1,0.9992743730545044
evaluation-39031-non-000,0,0.8652933835983276
evaluation-3911-tar-000,1,0.828716516494751
evaluation-3911-non-000,0,0.42647284269332886
evaluation-39163-tar-000,1,0.9853283166885376
evaluation-39163-non-000,0,0.9377309083938599
evaluation-39201-tar-000,1,0.4640049338340759
evaluation-39201-non-000,0,0.9200763702392578
evaluation-3921-tar-000,1,0.84476238489151
evaluation-3921-non-000,0,0.9743449091911316
evaluation-3926-tar-000,1,-0.38375794887542725
evaluation-3926-non-000,0,0.3690181374549866
evaluation-3928-tar-000,1,0.9423160552978516
evaluation-3928-non-000,0,-0.12026360630989075
evaluation-3931-tar-000,1,0.6194065809249878
evaluation-3931-non-000,0,0.20667053759098053
evaluation-3939-tar-000,1,0.9534273147583008
evaluation-3939-non-000,0,0.7165547609329224
evaluation-39421-tar-000,1,0.9870691299438477
evaluation-39421-non-000,0,0.9523342847824097
evaluation-3954-tar-000,1,0.9059854745864868
evaluation-3954-non-000,0,0.704531192779541
evaluation-39720-tar-000,1,0.5471559762954712
evaluation-39720-non-000,0,0.3776942491531372
evaluation-39756-tar-000,1,0.8550467491149902
evaluation-39756-non-000,0,0.8667159080505371
evaluation-39877-tar-000,1,0.43313905596733093
evaluation-39877-non-000,0,0.9600527882575989
evaluation-3989-tar-000,1,0.3506345748901367
evaluation-3989-non-000,0,-0.4336695373058319
evaluation-40025-tar-000,1,0.7442394495010376
evaluation-40025-non-000,0,0.783797562122345
evaluation-4004-tar-000,1,0.5936920642852783
evaluation-4004-non-000,0,0.8040443062782288
evaluation-40064-tar-000,1,0.9993361830711365
evaluation-40064-non-000,0,0.7009519934654236
evaluation-40075-tar-000,1,0.6175405979156494
evaluation-40075-non-000,0,-0.4151787757873535
evaluation-4013-tar-000,1,0.3185086250305176
evaluation-4013-non-000,0,0.8116790056228638
evaluation-40173-tar-000,1,0.9566370248794556
evaluation-40173-non-000,0,0.3568265438079834
evaluation-40311-tar-000,1,0.9542458653450012
evaluation-40311-non-000,0,-0.2159523218870163
evaluation-4044-tar-000,1,-0.36475682258605957
evaluation-4044-non-000,0,0.9254000186920166
evaluation-40525-tar-000,1,0.9731757640838623
evaluation-40525-non-000,0,0.8148735165596008
evaluation-40577-tar-000,1,0.9267910718917847
evaluation-40577-non-000,0,0.7835577130317688
evaluation-40588-tar-000,1,0.9083578586578369
evaluation-40588-non-000,0,0.4425903558731079
evaluation-40676-tar-000,1,0.9223794937133789
evaluation-40676-non-000,0,0.7782820463180542
evaluation-4068-tar-000,1,0.7189114093780518
evaluation-4068-non-000,0,0.15621532499790192
evaluation-4077-tar-000,1,0.5900999307632446
evaluation-4077-non-000,0,0.6729558706283569
evaluation-40772-tar-000,1,0.3850182890892029
evaluation-40772-non-000,0,0.7891246676445007
evaluation-40929-tar-000,1,0.6995815634727478
evaluation-40929-non-000,0,0.8315131664276123
evaluation-41000-tar-000,1,0.7775218486785889
evaluation-41000-non-000,0,0.7269363403320312
evaluation-41025-tar-000,1,0.2769086956977844
evaluation-41025-non-000,0,0.864738941192627
evaluation-4123-tar-000,1,0.995651125907898
evaluation-4123-non-000,0,0.8510336875915527
evaluation-41278-tar-000,1,0.21980032324790955
evaluation-41278-non-000,0,0.30372047424316406
evaluation-4134-tar-000,1,0.782135009765625
evaluation-4134-non-000,0,0.3642100691795349
evaluation-41357-tar-000,1,0.9461062550544739
evaluation-41357-non-000,0,0.17299163341522217
evaluation-41390-tar-000,1,0.6970228552818298
evaluation-41390-non-000,0,0.33956998586654663
evaluation-41404-tar-000,1,0.5185427069664001
evaluation-41404-non-000,0,0.6725982427597046
evaluation-41492-tar-000,1,0.8108267784118652
evaluation-41492-non-000,0,-0.7007935047149658
evaluation-41536-tar-000,1,0.8658455014228821
evaluation-41536-non-000,0,-0.13138307631015778
evaluation-41706-tar-000,1,0.8414885997772217
evaluation-41706-non-000,0,0.9529861211776733
evaluation-41750-tar-000,1,0.9066832065582275
evaluation-41750-non-000,0,0.24663594365119934
evaluation-41755-tar-000,1,0.8159589767456055
evaluation-41755-non-000,0,0.2999292016029358
evaluation-41854-tar-000,1,0.8630717992782593
evaluation-41854-non-000,0,0.744035005569458
evaluation-41945-tar-000,1,0.9351769685745239
evaluation-41945-non-000,0,0.5365839600563049
evaluation-41994-tar-000,1,0.8286517262458801
evaluation-41994-non-000,0,0.801024317741394
evaluation-4202-tar-000,1,0.0176948681473732
evaluation-4202-non-000,0,-0.4768058657646179
evaluation-42025-tar-000,1,0.8265956044197083
evaluation-42025-non-000,0,0.8449306488037109
evaluation-4204-tar-000,1,0.1429864913225174
evaluation-4204-non-000,0,-0.26676642894744873
evaluation-42173-tar-000,1,0.9813922643661499
evaluation-42173-non-000,0,0.14283625781536102
evaluation-42176-tar-000,1,0.9085376858711243
evaluation-42176-non-000,0,0.7539052367210388
evaluation-42209-tar-000,1,0.5654003620147705
evaluation-42209-non-000,0,-0.016631901264190674
evaluation-42250-tar-000,1,0.21256795525550842
evaluation-42250-non-000,0,0.8588327169418335
evaluation-4240-tar-000,1,0.028686221688985825
evaluation-4240-non-000,0,0.706886351108551
evaluation-42401-tar-000,1,0.6517429351806641
evaluation-42401-non-000,0,0.9774442911148071
evaluation-4246-tar-000,1,0.5030062198638916
evaluation-4246-non-000,0,0.9729346036911011
evaluation-42505-tar-000,1,0.6749629974365234
evaluation-42505-non-000,0,0.19546444714069366
evaluation-4251-tar-000,1,0.875046968460083
evaluation-4251-non-000,0,-0.07218589633703232
evaluation-42546-tar-000,1,0.08616583049297333
evaluation-42546-non-000,0,0.18661744892597198
evaluation-42648-tar-000,1,0.9744268655776978
evaluation-42648-non-000,0,0.9505586624145508
evaluation-42681-tar-000,1,0.9404778480529785
evaluation-42681-non-000,0,0.3238450884819031
evaluation-42717-tar-000,1,0.9563620686531067
evaluation-42717-non-000,0,-0.6307122707366943
evaluation-42728-tar-000,1,0.9838965535163879
evaluation-42728-non-000,0,0.9311972856521606
evaluation-42744-tar-000,1,-0.1220729723572731
evaluation-42744-non-000,0,0.5976288318634033
evaluation-42772-tar-000,1,0.8107602000236511
evaluation-42772-non-000,0,0.5030127167701721
evaluation-4288-tar-000,1,-0.11001462489366531
evaluation-4288-non-000,0,-0.4916813373565674
evaluation-42904-tar-000,1,0.9854615926742554
evaluation-42904-non-000,0,0.9275685548782349
evaluation-4295-tar-000,1,0.7124057412147522
evaluation-4295-non-000,0,-0.5213544368743896
evaluation-43042-tar-000,1,0.963303804397583
evaluation-43042-non-000,0,0.10117863863706589
evaluation-43063-tar-000,1,0.9714111089706421
evaluation-43063-non-000,0,0.9178669452667236
evaluation-4308-tar-000,1,0.8422611951828003
evaluation-4308-non-000,0,0.754311203956604
evaluation-4315-tar-000,1,0.7436560392379761
evaluation-4315-non-000,0,0.8832803964614868
evaluation-43184-tar-000,1,-0.2997020184993744
evaluation-43184-non-000,0,0.9065802097320557
evaluation-43225-tar-000,1,0.8173753023147583
evaluation-43225-non-000,0,0.8358590602874756
evaluation-43269-tar-000,1,0.9089057445526123
evaluation-43269-non-000,0,0.6439193487167358
evaluation-43288-tar-000,1,0.7552034258842468
evaluation-43288-non-000,0,-0.6026784181594849
evaluation-4341-tar-000,1,-0.1861129254102707
evaluation-4341-non-000,0,0.030625425279140472
evaluation-43483-tar-000,1,0.9165338277816772
evaluation-43483-non-000,0,0.8531450033187866
evaluation-43604-tar-000,1,0.8815100193023682
evaluation-43604-non-000,0,0.9731334447860718
evaluation-43675-tar-000,1,0.8990467190742493
evaluation-43675-non-000,0,0.6796399354934692
evaluation-4368-tar-000,1,0.556796133518219
evaluation-4368-non-000,0,0.8012717962265015
evaluation-43744-tar-000,1,0.3935990035533905
evaluation-43744-non-000,0,0.9548414945602417
evaluation-43818-tar-000,1,0.38615286350250244
evaluation-43818-non-000,0,0.8481943011283875
evaluation-43865-tar-000,1,0.8129861354827881
evaluation-43865-non-000,0,-0.7160462737083435
evaluation-43958-tar-000,1,0.6572148203849792
evaluation-43958-non-000,0,0.005370311439037323
evaluation-44085-tar-000,1,0.532491147518158
evaluation-44085-non-000,0,0.948578953742981
evaluation-44175-tar-000,1,0.4823645055294037
evaluation-44175-non-000,0,-0.09950575977563858
evaluation-44285-tar-000,1,0.9615836143493652
evaluation-44285-non-000,0,0.9521014094352722
evaluation-44392-tar-000,1,0.9446770548820496
evaluation-44392-non-000,0,0.10878374427556992
evaluation-4440-tar-000,1,0.6449701189994812
evaluation-4440-non-000,0,0.6176730394363403
evaluation-44406-tar-000,1,-0.23532980680465698
evaluation-44406-non-000,0,-0.04564202204346657
evaluation-4442-tar-000,1,0.8288038969039917
evaluation-4442-non-000,0,0.13208222389221191
evaluation-4468-tar-000,1,-0.023066308349370956
evaluation-4468-non-000,0,-0.24450209736824036
evaluation-44683-tar-000,1,0.4732951521873474
evaluation-44683-non-000,0,0.26562565565109253
evaluation-44727-tar-000,1,0.9063962697982788
evaluation-44727-non-000,0,0.948717474937439
evaluation-4477-tar-000,1,0.7710121273994446
evaluation-4477-non-000,0,0.9695110321044922
evaluation-44829-tar-000,1,0.8411149978637695
evaluation-44829-non-000,0,0.8765250444412231
evaluation-4506-tar-000,1,0.7469473481178284
evaluation-4506-non-000,0,-0.25398963689804077
evaluation-45084-tar-000,1,0.880862832069397
evaluation-45084-non-000,0,0.9458789229393005
evaluation-45213-tar-000,1,0.6799187660217285
evaluation-45213-non-000,0,0.872929036617279
evaluation-45252-tar-000,1,0.5635169148445129
evaluation-45252-non-000,0,-0.40927058458328247
evaluation-4529-tar-000,1,-0.20353105664253235
evaluation-4529-non-000,0,0.5319527983665466
evaluation-45538-tar-000,1,0.7103438377380371
evaluation-45538-non-000,0,0.976841151714325
evaluation-45617-tar-000,1,-0.23739850521087646
evaluation-45617-non-000,0,0.14513593912124634
evaluation-45658-tar-000,1,0.9899170994758606
evaluation-45658-non-000,0,0.9358075857162476
evaluation-45744-tar-000,1,0.9700597524642944
evaluation-45744-non-000,0,0.890592634677887
evaluation-45749-tar-000,1,0.32793617248535156
evaluation-45749-non-000,0,0.5332157611846924
evaluation-45793-tar-000,1,0.7974799275398254
evaluation-45793-non-000,0,-0.1362726390361786
evaluation-4581-tar-000,1,0.89686119556427
evaluation-4581-non-000,0,0.4961840510368347
evaluation-45834-tar-000,1,0.9766442775726318
evaluation-45834-non-000,0,0.7559073567390442
evaluation-45870-tar-000,1,-0.10418380051851273
evaluation-45870-non-000,0,0.15122422575950623
evaluation-4591-tar-000,1,0.895108163356781
evaluation-4591-non-000,0,0.6791266202926636
evaluation-45985-tar-000,1,0.1988724321126938
evaluation-45985-non-000,0,0.46345055103302
evaluation-46029-tar-000,1,0.8474700450897217
evaluation-46029-non-000,0,0.09433981031179428
evaluation-4603-tar-000,1,0.984125018119812
evaluation-4603-non-000,0,0.9942798018455505
evaluation-4612-tar-000,1,0.5589406490325928
evaluation-4612-non-000,0,-0.17456874251365662
evaluation-4619-tar-000,1,0.7800480723381042
evaluation-4619-non-000,0,-0.4264622926712036
evaluation-46202-tar-000,1,0.9549711346626282
evaluation-46202-non-000,0,0.6695022583007812
evaluation-46241-tar-000,1,0.9153131246566772
evaluation-46241-non-000,0,0.956160843372345
evaluation-46298-tar-000,1,0.9633612632751465
evaluation-46298-non-000,0,-0.13109304010868073
evaluation-46466-tar-000,1,0.9443267583847046
evaluation-46466-non-000,0,0.6575193405151367
evaluation-4649-tar-000,1,0.4131166934967041
evaluation-4649-non-000,0,0.9073504209518433
evaluation-4664-tar-000,1,0.7021793127059937
evaluation-4664-non-000,0,0.8157218098640442
evaluation-46955-tar-000,1,0.8500426411628723
evaluation-46955-non-000,0,0.3905045986175537
evaluation-4709-tar-000,1,0.9894908666610718
evaluation-4709-non-000,0,0.3296739459037781
evaluation-4710-tar-000,1,0.9018337726593018
evaluation-4710-non-000,0,-0.2796109616756439
evaluation-47139-tar-000,1,0.9663078188896179
evaluation-47139-non-000,0,-0.4707900881767273
evaluation-47142-tar-000,1,0.8707375526428223
evaluation-47142-non-000,0,0.6491143703460693
evaluation-47169-tar-000,1,0.9225001335144043
evaluation-47169-non-000,0,0.8335506916046143
evaluation-47238-tar-000,1,-0.42833876609802246
evaluation-47238-non-000,0,0.09608465433120728
evaluation-4728-tar-000,1,0.4484497308731079
evaluation-4728-non-000,0,0.0437796488404274
evaluation-47342-tar-000,1,0.9246412515640259
evaluation-47342-non-000,0,0.5574860572814941
evaluation-47504-tar-000,1,0.5309602618217468
evaluation-47504-non-000,0,0.8756824135780334
evaluation-4763-tar-000,1,0.4940953850746155
evaluation-4763-non-000,0,-0.22524498403072357
evaluation-47650-tar-000,1,0.862989068031311
evaluation-47650-non-000,0,0.9779068231582642
evaluation-47658-tar-000,1,0.5203003883361816
evaluation-47658-non-000,0,0.2299829125404358
evaluation-4773-tar-000,1,0.7394981980323792
evaluation-4773-non-000,0,0.2009197175502777
evaluation-4774-tar-000,1,0.08120343834161758
evaluation-4774-non-000,0,0.8236545324325562
evaluation-47913-tar-000,1,0.9716620445251465
evaluation-47913-non-000,0,0.9151959419250488
evaluation-47998-tar-000,1,0.9246844053268433
evaluation-47998-non-000,0,0.45192429423332214
evaluation-4800-tar-000,1,0.7606174945831299
evaluation-4800-non-000,0,-0.45618629455566406
evaluation-48095-tar-000,1,0.9859232902526855
evaluation-48095-non-000,0,0.7301591634750366
evaluation-48193-tar-000,1,0.9343174695968628
evaluation-48193-non-000,0,0.8642756938934326
evaluation-4821-tar-000,1,0.7581645846366882
evaluation-4821-non-000,0,0.6991899013519287
evaluation-48232-tar-000,1,0.41189074516296387
evaluation-48232-non-000,0,0.8891962170600891
evaluation-48262-tar-000,1,0.07228237390518188
evaluation-48262-non-000,0,0.9233335256576538
evaluation-48388-tar-000,1,0.9677819013595581
evaluation-48388-non-000,0,0.9305961728096008
evaluation-4841-tar-000,1,0.2662401795387268
evaluation-4841-non-000,0,0.44890105724334717
evaluation-4842-tar-000,1,-0.37534961104393005
evaluation-4842-non-000,0,0.02728886343538761
evaluation-48443-tar-000,1,0.9608107209205627
evaluation-48443-non-000,0,0.8398590087890625
evaluation-48454-tar-000,1,0.9310000538825989
evaluation-48454-non-000,0,0.22931361198425293
evaluation-48575-tar-000,1,0.8496941328048706
evaluation-48575-non-000,0,-0.5525826811790466
evaluation-48578-tar-000,1,0.8975652456283569
evaluation-48578-non-000,0,0.48380982875823975
evaluation-4867-tar-000,1,0.9249140024185181
evaluation-4867-non-000,0,0.8407003283500671
evaluation-48726-tar-000,1,0.9737869501113892
evaluation-48726-non-000,0,-0.1734222024679184
evaluation-48759-tar-000,1,0.18398524820804596
evaluation-48759-non-000,0,0.4016937017440796
evaluation-48787-tar-000,1,0.9309067726135254
evaluation-48787-non-000,0,0.00960079301148653
evaluation-48833-tar-000,1,0.10667262226343155
evaluation-48833-non-000,0,0.8291977047920227
evaluation-48905-tar-000,1,0.6349986791610718
evaluation-48905-non-000,0,0.9315221905708313
evaluation-4891-tar-000,1,0.3034854531288147
evaluation-4891-non-000,0,0.604045033454895
evaluation-4894-tar-000,1,0.7635782957077026
evaluation-4894-non-000,0,0.8928059935569763
evaluation-48952-tar-000,1,0.9999064207077026
evaluation-48952-non-000,0,0.005827181041240692
evaluation-49004-tar-000,1,0.5735472440719604
evaluation-49004-non-000,0,0.9074965715408325
evaluation-49037-tar-000,1,0.9436758160591125
evaluation-49037-non-000,0,0.812894880771637
evaluation-49045-tar-000,1,0.9719610214233398
evaluation-49045-non-000,0,0.21618223190307617
evaluation-49097-tar-000,1,0.14896319806575775
evaluation-49097-non-000,0,0.36262047290802
evaluation-49116-tar-000,1,0.2347177416086197
evaluation-49116-non-000,0,-0.2622089684009552
evaluation-49196-tar-000,1,0.9694458246231079
evaluation-49196-non-000,0,0.2744072675704956
evaluation-49207-tar-000,1,0.46235722303390503
evaluation-49207-non-000,0,0.6594290137290955
evaluation-4921-tar-000,1,0.9208452701568604
evaluation-4921-non-000,0,0.9188516139984131
evaluation-49215-tar-000,1,0.3265548348426819
evaluation-49215-non-000,0,0.5382844805717468
evaluation-4934-tar-000,1,0.9812533855438232
evaluation-4934-non-000,0,0.37528035044670105
evaluation-49446-tar-000,1,0.979676365852356
evaluation-49446-non-000,0,0.6494179368019104
evaluation-49476-tar-000,1,0.9906450510025024
evaluation-49476-non-000,0,-0.0005369344726204872
evaluation-49484-tar-000,1,0.15010355412960052
evaluation-49484-non-000,0,-0.6402202248573303
evaluation-49520-tar-000,1,0.8736481070518494
evaluation-49520-non-000,0,-0.23477943241596222
evaluation-49539-tar-000,1,0.5566365718841553
evaluation-49539-non-000,0,0.6102923154830933
evaluation-4958-tar-000,1,0.7062609791755676
evaluation-4958-non-000,0,0.4088607430458069
evaluation-4961-tar-000,1,0.9111894369125366
evaluation-4961-non-000,0,0.45645052194595337
evaluation-49677-tar-000,1,0.6881305575370789
evaluation-49677-non-000,0,0.6170669794082642
evaluation-49792-tar-000,1,-0.3069746494293213
evaluation-49792-non-000,0,-0.05202993005514145
evaluation-49808-tar-000,1,0.6992588043212891
evaluation-49808-non-000,0,0.9809855222702026
evaluation-49872-tar-000,1,-0.02579839527606964
evaluation-49872-non-000,0,0.5453805923461914
evaluation-50056-tar-000,1,0.6166965961456299
evaluation-50056-non-000,0,0.6772230863571167
evaluation-5008-tar-000,1,0.7024672031402588
evaluation-5008-non-000,0,0.4330681264400482
evaluation-5010-tar-000,1,0.9587229490280151
evaluation-5010-non-000,0,0.42205023765563965
evaluation-50138-tar-000,1,0.8881392478942871
evaluation-50138-non-000,0,0.9545546770095825
evaluation-5018-tar-000,1,0.828711748123169
evaluation-5018-non-000,0,0.9952907562255859
evaluation-5021-tar-000,1,0.9490652084350586
evaluation-5021-non-000,0,0.847568690776825
evaluation-5024-tar-000,1,0.14582984149456024
evaluation-5024-non-000,0,0.9880198240280151
evaluation-50374-tar-000,1,0.3464231789112091
evaluation-50374-non-000,0,-0.037774693220853806
evaluation-5042-tar-000,1,0.9496827125549316
evaluation-5042-non-000,0,0.7931132316589355
evaluation-50440-tar-000,1,0.7949942946434021
evaluation-50440-non-000,0,0.7497298717498779
evaluation-50490-tar-000,1,0.5858299136161804
evaluation-50490-non-000,0,0.7072010040283203
evaluation-50591-tar-000,1,0.9722100496292114
evaluation-50591-non-000,0,0.5489738583564758
evaluation-50608-tar-000,1,0.3312441110610962
evaluation-50608-non-000,0,0.7822373509407043
evaluation-50613-tar-000,1,0.9360482692718506
evaluation-50613-non-000,0,0.21092045307159424
evaluation-50643-tar-000,1,0.9704086780548096
evaluation-50643-non-000,0,0.9804656505584717
evaluation-50652-tar-000,1,0.8248801827430725
evaluation-50652-non-000,0,0.9723300337791443
evaluation-50676-tar-000,1,0.904975950717926
evaluation-50676-non-000,0,0.15015152096748352
evaluation-50679-tar-000,1,0.6521337032318115
evaluation-50679-non-000,0,0.2847495973110199
evaluation-50723-tar-000,1,0.5320334434509277
evaluation-50723-non-000,0,0.8725782036781311
evaluation-50786-tar-000,1,0.21239018440246582
evaluation-50786-non-000,0,0.5980660319328308
evaluation-51050-tar-000,1,0.9337193965911865
evaluation-51050-non-000,0,0.007702916860580444
evaluation-51080-tar-000,1,0.8596721887588501
evaluation-51080-non-000,0,0.4070701003074646
evaluation-51099-tar-000,1,0.8501259088516235
evaluation-51099-non-000,0,0.8874633312225342
evaluation-5135-tar-000,1,0.953919529914856
evaluation-5135-non-000,0,0.7612025141716003
evaluation-51399-tar-000,1,0.9015152454376221
evaluation-51399-non-000,0,-0.1797962337732315
evaluation-51459-tar-000,1,0.9375003576278687
evaluation-51459-non-000,0,0.4158148169517517
evaluation-5148-tar-000,1,0.7840589284896851
evaluation-5148-non-000,0,0.7291353940963745
evaluation-5149-tar-000,1,-0.04638474062085152
evaluation-5149-non-000,0,-0.6679591536521912
evaluation-51506-tar-000,1,0.9082083702087402
evaluation-51506-non-000,0,0.7152634859085083
evaluation-51525-tar-000,1,0.9684677720069885
evaluation-51525-non-000,0,0.7227175235748291
evaluation-5153-tar-000,1,0.7879185080528259
evaluation-5153-non-000,0,0.8727226257324219
evaluation-51531-tar-000,1,0.8345364332199097
evaluation-51531-non-000,0,-0.39456886053085327
evaluation-51544-tar-000,1,0.8090762495994568
evaluation-51544-non-000,0,0.42487531900405884
evaluation-51624-tar-000,1,0.5704317092895508
evaluation-51624-non-000,0,0.8703626990318298
evaluation-51629-tar-000,1,0.1972467005252838
evaluation-51629-non-000,0,0.36874526739120483
evaluation-5167-tar-000,1,0.6476924419403076
evaluation-5167-non-000,0,0.7131422758102417
evaluation-5171-tar-000,1,0.6296124458312988
evaluation-5171-non-000,0,0.5502062439918518
evaluation-51899-tar-000,1,0.6094647645950317
evaluation-51899-non-000,0,0.4392431378364563
evaluation-51940-tar-000,1,0.911334216594696
evaluation-51940-non-000,0,0.44130879640579224
evaluation-51962-tar-000,1,0.9120640754699707
evaluation-51962-non-000,0,0.6626673340797424
evaluation-5203-tar-000,1,0.9457327127456665
evaluation-5203-non-000,0,-0.2522657513618469
evaluation-5215-tar-000,1,0.924984335899353
evaluation-5215-non-000,0,0.5400821566581726
evaluation-52213-tar-000,1,0.8785511255264282
evaluation-52213-non-000,0,0.6595777273178101
evaluation-5225-tar-000,1,0.24237412214279175
evaluation-5225-non-000,0,0.8892793655395508
evaluation-52371-tar-000,1,0.8608913421630859
evaluation-52371-non-000,0,0.4971829056739807
evaluation-52374-tar-000,1,0.564730703830719
evaluation-52374-non-000,0,0.823727548122406
evaluation-5246-tar-000,1,0.8050052523612976
evaluation-5246-non-000,0,0.45127803087234497
evaluation-52486-tar-000,1,0.8919864892959595
evaluation-52486-non-000,0,0.7722678780555725
evaluation-5253-tar-000,1,0.9679938554763794
evaluation-5253-non-000,0,0.9927653074264526
evaluation-52530-tar-000,1,0.587323784828186
evaluation-52530-non-000,0,0.5626239776611328
evaluation-5256-tar-000,1,0.9645988941192627
evaluation-5256-non-000,0,0.7267472147941589
evaluation-5261-tar-000,1,0.31419917941093445
evaluation-5261-non-000,0,0.331554651260376
evaluation-52651-tar-000,1,0.8655498027801514
evaluation-52651-non-000,0,0.8864614963531494
evaluation-52709-tar-000,1,0.23101383447647095
evaluation-52709-non-000,0,0.07596766203641891
evaluation-5289-tar-000,1,0.6311194896697998
evaluation-5289-non-000,0,0.228526771068573
evaluation-52912-tar-000,1,0.8646301031112671
evaluation-52912-non-000,0,0.32018032670021057
evaluation-52929-tar-000,1,0.7224993705749512
evaluation-52929-non-000,0,0.711132287979126
evaluation-5309-tar-000,1,0.9313360452651978
evaluation-5309-non-000,0,0.14560174942016602
evaluation-53170-tar-000,1,0.8876194357872009
evaluation-53170-non-000,0,0.7956246733665466
evaluation-5322-tar-000,1,-0.5071286559104919
evaluation-5322-non-000,0,0.005416166037321091
evaluation-5325-tar-000,1,0.30568066239356995
evaluation-5325-non-000,0,-0.09037591516971588
evaluation-53266-tar-000,1,0.8252352476119995
evaluation-53266-non-000,0,0.8509066104888916
evaluation-53269-tar-000,1,0.21275712549686432
evaluation-53269-non-000,0,0.9530165195465088
evaluation-53272-tar-000,1,0.906211256980896
evaluation-53272-non-000,0,0.6082842350006104
evaluation-5334-tar-000,1,0.8803318738937378
evaluation-5334-non-000,0,0.7679085731506348
evaluation-53354-tar-000,1,0.9843327403068542
evaluation-53354-non-000,0,-0.2604859471321106
evaluation-5336-tar-000,1,0.9530919790267944
evaluation-5336-non-000,0,-0.38759249448776245
evaluation-5339-tar-000,1,0.6313337087631226
evaluation-5339-non-000,0,0.9294430017471313
evaluation-53390-tar-000,1,0.9680945873260498
evaluation-53390-non-000,0,0.7263246774673462
evaluation-53434-tar-000,1,0.9812712669372559
evaluation-53434-non-000,0,0.9891711473464966
evaluation-53544-tar-000,1,0.8469663858413696
evaluation-53544-non-000,0,0.8434349298477173
evaluation-53588-tar-000,1,0.982406735420227
evaluation-53588-non-000,0,0.4004366993904114
evaluation-53755-tar-000,1,0.7225071787834167
evaluation-53755-non-000,0,0.39983758330345154
evaluation-53972-tar-000,1,0.5692149996757507
evaluation-53972-non-000,0,0.30279988050460815
evaluation-5399-tar-000,1,0.9398276209831238
evaluation-5399-non-000,0,0.4450434446334839
evaluation-54035-tar-000,1,0.618914008140564
evaluation-54035-non-000,0,0.582990288734436
evaluation-54085-tar-000,1,0.881879448890686
evaluation-54085-non-000,0,0.668865442276001
evaluation-5413-tar-000,1,0.9028245210647583
evaluation-5413-non-000,0,0.35247546434402466
evaluation-54197-tar-000,1,0.982682466506958
evaluation-54197-non-000,0,-0.34379667043685913
evaluation-54250-tar-000,1,0.9826681017875671
evaluation-54250-non-000,0,0.39860105514526367
evaluation-54261-tar-000,1,0.8943814039230347
evaluation-54261-non-000,0,0.5184952616691589
evaluation-5437-tar-000,1,0.9861587285995483
evaluation-5437-non-000,0,0.9301602244377136
evaluation-54376-tar-000,1,0.6588802933692932
evaluation-54376-non-000,0,0.5121161341667175
evaluation-5438-tar-000,1,0.9720004200935364
evaluation-5438-non-000,0,0.9828524589538574
evaluation-54568-tar-000,1,0.8665544986724854
evaluation-54568-non-000,0,0.9656298756599426
evaluation-54596-tar-000,1,0.9901497960090637
evaluation-54596-non-000,0,0.3266964852809906
evaluation-54637-tar-000,1,0.8810749053955078
evaluation-54637-non-000,0,0.10979461669921875
evaluation-54725-tar-000,1,0.19616809487342834
evaluation-54725-non-000,0,0.4427940249443054
evaluation-5490-tar-000,1,0.5493022799491882
evaluation-5490-non-000,0,-0.3008374571800232
evaluation-55027-tar-000,1,0.9828255772590637
evaluation-55027-non-000,0,0.8151316046714783
evaluation-55052-tar-000,1,0.8506569266319275
evaluation-55052-non-000,0,0.6936235427856445
evaluation-55225-tar-000,1,0.6611408591270447
evaluation-55225-non-000,0,0.7604236006736755
evaluation-5532-tar-000,1,0.40079277753829956
evaluation-5532-non-000,0,0.5012879967689514
evaluation-55354-tar-000,1,0.7253434658050537
evaluation-55354-non-000,0,0.5897083878517151
evaluation-55362-tar-000,1,0.9893510341644287
evaluation-55362-non-000,0,-0.16004200279712677
evaluation-5542-tar-000,1,0.13123035430908203
evaluation-5542-non-000,0,0.7361882328987122
evaluation-55488-tar-000,1,0.8951083421707153
evaluation-55488-non-000,0,0.525939404964447
evaluation-55656-tar-000,1,0.4933862090110779
evaluation-55656-non-000,0,0.7986950874328613
evaluation-55681-tar-000,1,0.9474890232086182
evaluation-55681-non-000,0,-0.06693772226572037
evaluation-55807-tar-000,1,0.9055780172348022
evaluation-55807-non-000,0,0.4153290390968323
evaluation-55810-tar-000,1,-0.19279366731643677
evaluation-55810-non-000,0,0.615419864654541
evaluation-55870-tar-000,1,0.8995266556739807
evaluation-55870-non-000,0,0.7737772464752197
evaluation-55928-tar-000,1,0.9005599021911621
evaluation-55928-non-000,0,0.7931188344955444
evaluation-5594-tar-000,1,0.7631280422210693
evaluation-5594-non-000,0,-0.061797693371772766
evaluation-55953-tar-000,1,0.8863819241523743
evaluation-55953-non-000,0,0.6207020878791809
evaluation-55966-tar-000,1,0.8870173096656799
evaluation-55966-non-000,0,0.36494261026382446
evaluation-5599-tar-000,1,0.8948327302932739
evaluation-5599-non-000,0,0.8551986813545227
evaluation-56043-tar-000,1,0.9757784605026245
evaluation-56043-non-000,0,0.5828207731246948
evaluation-5605-tar-000,1,0.9451876878738403
evaluation-5605-non-000,0,0.866786003112793
evaluation-56073-tar-000,1,0.8893957734107971
evaluation-56073-non-000,0,0.891758918762207
evaluation-56098-tar-000,1,0.9621422290802002
evaluation-56098-non-000,0,0.8557100892066956
evaluation-56112-tar-000,1,0.993065357208252
evaluation-56112-non-000,0,0.1641712784767151
evaluation-56170-tar-000,1,0.964535653591156
evaluation-56170-non-000,0,0.9665678143501282
evaluation-56181-tar-000,1,0.9206944108009338
evaluation-56181-non-000,0,0.6046901941299438
evaluation-56293-tar-000,1,0.4994620680809021
evaluation-56293-non-000,0,0.8587560653686523
evaluation-5631-tar-000,1,0.7527605891227722
evaluation-5631-non-000,0,-0.7447279095649719
evaluation-5645-tar-000,1,-0.44129765033721924
evaluation-5645-non-000,0,0.6778911352157593
evaluation-5648-tar-000,1,-0.6045991778373718
evaluation-5648-non-000,0,0.5729703903198242
evaluation-5653-tar-000,1,0.9541357755661011
evaluation-5653-non-000,0,0.908443808555603
evaluation-56568-tar-000,1,0.9309368133544922
evaluation-56568-non-000,0,0.3819311261177063
evaluation-5671-tar-000,1,0.7053142786026001
evaluation-5671-non-000,0,0.7322858572006226
evaluation-56722-tar-000,1,0.5152743458747864
evaluation-56722-non-000,0,0.8513063788414001
evaluation-56771-tar-000,1,-0.3623127341270447
evaluation-56771-non-000,0,0.03863292559981346
evaluation-56829-tar-000,1,0.7050901651382446
evaluation-56829-non-000,0,0.0625750869512558
evaluation-56853-tar-000,1,0.9520847201347351
evaluation-56853-non-000,0,0.9390477538108826
evaluation-56939-tar-000,1,0.6859057545661926
evaluation-56939-non-000,0,0.5343004465103149
evaluation-5706-tar-000,1,0.8782662153244019
evaluation-5706-non-000,0,0.9125010371208191
evaluation-57103-tar-000,1,0.14433938264846802
evaluation-57103-non-000,0,2.2413209080696106e-05
evaluation-57208-tar-000,1,0.5369261503219604
evaluation-57208-non-000,0,-0.15861333906650543
evaluation-57246-tar-000,1,0.9586136341094971
evaluation-57246-non-000,0,0.31556257605552673
evaluation-57263-tar-000,1,0.8439816236495972
evaluation-57263-non-000,0,0.7716667056083679
evaluation-5734-tar-000,1,0.9452511072158813
evaluation-5734-non-000,0,0.2567662298679352
evaluation-57364-tar-000,1,0.8341049551963806
evaluation-57364-non-000,0,0.8995379209518433
evaluation-57384-tar-000,1,0.5291364789009094
evaluation-57384-non-000,0,0.8247794508934021
evaluation-57413-tar-000,1,0.978378415107727
evaluation-57413-non-000,0,0.8753001093864441
evaluation-5745-tar-000,1,0.9236395359039307
evaluation-5745-non-000,0,0.8067551851272583
evaluation-57502-tar-000,1,0.9214625954627991
evaluation-57502-non-000,0,0.6992202401161194
evaluation-57587-tar-000,1,0.9527871608734131
evaluation-57587-non-000,0,0.6950370073318481
evaluation-5763-tar-000,1,-0.17295274138450623
evaluation-5763-non-000,0,0.6571531891822815
evaluation-57661-tar-000,1,0.8967410922050476
evaluation-57661-non-000,0,0.6660357117652893
evaluation-57710-tar-000,1,0.8139729499816895
evaluation-57710-non-000,0,-0.431917667388916
evaluation-57719-tar-000,1,0.9779478311538696
evaluation-57719-non-000,0,0.9699504375457764
evaluation-5773-tar-000,1,0.9967892169952393
evaluation-5773-non-000,0,0.8989435434341431
evaluation-57944-tar-000,1,0.8871047496795654
evaluation-57944-non-000,0,0.09588752686977386
evaluation-57980-tar-000,1,0.9620847105979919
evaluation-57980-non-000,0,0.2734542489051819
evaluation-58059-tar-000,1,0.2673497200012207
evaluation-58059-non-000,0,0.6067875027656555
evaluation-58067-tar-000,1,0.958882212638855
evaluation-58067-non-000,0,0.7967194318771362
evaluation-58081-tar-000,1,0.866674542427063
evaluation-58081-non-000,0,0.020582521334290504
evaluation-58087-tar-000,1,-0.052608124911785126
evaluation-58087-non-000,0,0.8136967420578003
evaluation-58098-tar-000,1,0.8770126104354858
evaluation-58098-non-000,0,-0.12706752121448517
evaluation-5814-tar-000,1,0.9080702066421509
evaluation-5814-non-000,0,0.8435283899307251
evaluation-58144-tar-000,1,0.8515661954879761
evaluation-58144-non-000,0,0.07624226808547974
evaluation-5832-tar-000,1,0.27731335163116455
evaluation-5832-non-000,0,0.011299652978777885
evaluation-5836-tar-000,1,0.7526708841323853
evaluation-5836-non-000,0,0.9236778020858765
evaluation-5841-tar-000,1,0.9818906784057617
evaluation-5841-non-000,0,0.9577849507331848
evaluation-58430-tar-000,1,0.8541728854179382
evaluation-58430-non-000,0,0.3873278498649597
evaluation-58587-tar-000,1,0.9406160116195679
evaluation-58587-non-000,0,0.5292102098464966
evaluation-5861-tar-000,1,0.9273777604103088
evaluation-5861-non-000,0,0.8593828678131104
evaluation-5868-tar-000,1,0.8151507377624512
evaluation-5868-non-000,0,-0.03647802025079727
evaluation-58694-tar-000,1,0.33742547035217285
evaluation-58694-non-000,0,0.8704894781112671
evaluation-58724-tar-000,1,0.6117979884147644
evaluation-58724-non-000,0,-0.26482072472572327
evaluation-58771-tar-000,1,0.5548746585845947
evaluation-58771-non-000,0,-0.1622128188610077
evaluation-5884-tar-000,1,0.9000883102416992
evaluation-5884-non-000,0,0.36252135038375854
evaluation-58968-tar-000,1,0.7041802406311035
evaluation-58968-non-000,0,-0.32116419076919556
evaluation-5900-tar-000,1,-0.08994577080011368
evaluation-5900-non-000,0,0.1788518726825714
evaluation-59029-tar-000,1,0.7232005596160889
evaluation-59029-non-000,0,0.685346245765686
evaluation-59235-tar-000,1,0.9638688564300537
evaluation-59235-non-000,0,0.9496966600418091
evaluation-59284-tar-000,1,0.9626882672309875
evaluation-59284-non-000,0,0.6085568070411682
evaluation-59443-tar-000,1,0.8848629593849182
evaluation-59443-non-000,0,0.2370920032262802
evaluation-5946-tar-000,1,0.6717853546142578
evaluation-5946-non-000,0,0.8778826594352722
evaluation-5949-tar-000,1,0.956247091293335
evaluation-5949-non-000,0,-0.14129753410816193
evaluation-59496-tar-000,1,0.6534242630004883
evaluation-59496-non-000,0,0.9483871459960938
evaluation-59564-tar-000,1,0.7801041007041931
evaluation-59564-non-000,0,0.5824891328811646
evaluation-59663-tar-000,1,0.9434247016906738
evaluation-59663-non-000,0,0.8593460917472839
evaluation-59779-tar-000,1,0.9685795307159424
evaluation-59779-non-000,0,0.9826159477233887
evaluation-59820-tar-000,1,0.3970649838447571
evaluation-59820-non-000,0,-0.0240766778588295
evaluation-59963-tar-000,1,0.7920169830322266
evaluation-59963-non-000,0,0.7834938764572144
evaluation-59971-tar-000,1,0.0754307210445404
evaluation-59971-non-000,0,0.5380309820175171
evaluation-6006-tar-000,1,0.8186689019203186
evaluation-6006-non-000,0,0.6124618649482727
evaluation-6010-tar-000,1,0.9191369414329529
evaluation-6010-non-000,0,0.7808266878128052
evaluation-60240-tar-000,1,0.9519175887107849
evaluation-60240-non-000,0,0.16351757943630219
evaluation-60627-tar-000,1,0.8667388558387756
evaluation-60627-non-000,0,-0.1460341215133667
evaluation-60646-tar-000,1,0.8784825205802917
evaluation-60646-non-000,0,-0.33159857988357544
evaluation-60699-tar-000,1,0.8498694896697998
evaluation-60699-non-000,0,0.7551316022872925
evaluation-60748-tar-000,1,0.48807889223098755
evaluation-60748-non-000,0,0.6127710342407227
evaluation-60803-tar-000,1,0.9858384132385254
evaluation-60803-non-000,0,-0.2842614948749542
evaluation-6081-tar-000,1,0.8429527282714844
evaluation-6081-non-000,0,0.559346079826355
evaluation-6086-tar-000,1,0.7365022897720337
evaluation-6086-non-000,0,0.804747462272644
evaluation-6089-tar-000,1,-0.42637360095977783
evaluation-6089-non-000,0,0.7953978180885315
evaluation-6097-tar-000,1,0.5742941498756409
evaluation-6097-non-000,0,0.48058339953422546
evaluation-61015-tar-000,1,-0.2899521589279175
evaluation-61015-non-000,0,0.5070559978485107
evaluation-61078-tar-000,1,0.9005467891693115
evaluation-61078-non-000,0,-0.410357266664505
evaluation-6108-tar-000,1,0.9830837249755859
evaluation-6108-non-000,0,0.9307788610458374
evaluation-61119-tar-000,1,0.6105403304100037
evaluation-61119-non-000,0,-0.15712201595306396
evaluation-61122-tar-000,1,0.46309807896614075
evaluation-61122-non-000,0,0.10747924447059631
evaluation-61133-tar-000,1,0.4354238510131836
evaluation-61133-non-000,0,0.8455709218978882
evaluation-61174-tar-000,1,0.5826684236526489
evaluation-61174-non-000,0,0.6168435215950012
evaluation-61207-tar-000,1,0.9687082171440125
evaluation-61207-non-000,0,0.4983953833580017
evaluation-61292-tar-000,1,0.04790017753839493
evaluation-61292-non-000,0,0.8176662921905518
evaluation-61410-tar-000,1,0.9283857345581055
evaluation-61410-non-000,0,0.8902953863143921
evaluation-61421-tar-000,1,0.8520745038986206
evaluation-61421-non-000,0,0.7699558138847351
evaluation-6163-tar-000,1,0.8029541969299316
evaluation-6163-non-000,0,0.11131134629249573
evaluation-61663-tar-000,1,0.8677608966827393
evaluation-61663-non-000,0,0.8410684466362
evaluation-61712-tar-000,1,0.5740580558776855
evaluation-61712-non-000,0,0.9890744686126709
evaluation-61775-tar-000,1,0.7442953586578369
evaluation-61775-non-000,0,-0.2106480747461319
evaluation-61800-tar-000,1,0.9074309468269348
evaluation-61800-non-000,0,0.7412281036376953
evaluation-6186-tar-000,1,0.2506760060787201
evaluation-6186-non-000,0,0.49334537982940674
evaluation-6194-tar-000,1,0.9785523414611816
evaluation-6194-non-000,0,-0.6351771354675293
evaluation-61979-tar-000,1,0.939092755317688
evaluation-61979-non-000,0,0.8226054906845093
evaluation-62012-tar-000,1,0.9370043277740479
evaluation-62012-non-000,0,0.7006906270980835
evaluation-6202-tar-000,1,0.9335849285125732
evaluation-6202-non-000,0,0.6143873333930969
evaluation-62066-tar-000,1,0.696145236492157
evaluation-62066-non-000,0,0.8045704364776611
evaluation-62086-tar-000,1,0.937690258026123
evaluation-62086-non-000,0,0.9099224209785461
evaluation-6209-tar-000,1,-0.029201462864875793
evaluation-6209-non-000,0,0.14942890405654907
evaluation-62138-tar-000,1,-0.19760213792324066
evaluation-62138-non-000,0,0.7854248285293579
evaluation-62179-tar-000,1,-0.0192355215549469
evaluation-62179-non-000,0,0.2787957787513733
evaluation-62223-tar-000,1,0.913114070892334
evaluation-62223-non-000,0,0.4699094593524933
evaluation-62292-tar-000,1,0.95598304271698
evaluation-62292-non-000,0,-0.35369154810905457
evaluation-6231-tar-000,1,0.6783069372177124
evaluation-6231-non-000,0,0.6179305911064148
evaluation-62325-tar-000,1,0.7903175354003906
evaluation-62325-non-000,0,0.9704364538192749
evaluation-62404-tar-000,1,0.9528452157974243
evaluation-62404-non-000,0,0.7477729320526123
evaluation-6246-tar-000,1,0.909098207950592
evaluation-6246-non-000,0,-0.7095729112625122
evaluation-62544-tar-000,1,0.14518016576766968
evaluation-62544-non-000,0,0.7119042277336121
evaluation-6257-tar-000,1,0.96802818775177
evaluation-6257-non-000,0,0.11693913489580154
evaluation-62572-tar-000,1,0.7794052362442017
evaluation-62572-non-000,0,0.7337449789047241
evaluation-62660-tar-000,1,0.9674925208091736
evaluation-62660-non-000,0,0.9299629926681519
evaluation-62748-tar-000,1,-0.044304680079221725
evaluation-62748-non-000,0,0.18863342702388763
evaluation-6287-tar-000,1,-0.10130977630615234
evaluation-6287-non-000,0,-0.5685427188873291
evaluation-6292-tar-000,1,0.485301673412323
evaluation-6292-non-000,0,0.9511770009994507
evaluation-6296-tar-000,1,0.7932358980178833
evaluation-6296-non-000,0,-0.22151321172714233
evaluation-63077-tar-000,1,0.46533793210983276
evaluation-63077-non-000,0,0.8344947099685669
evaluation-6310-tar-000,1,0.6206635236740112
evaluation-6310-non-000,0,0.8063459396362305
evaluation-63132-tar-000,1,0.9484236240386963
evaluation-63132-non-000,0,0.04108983278274536
evaluation-63138-tar-000,1,0.5152729153633118
evaluation-63138-non-000,0,0.8033820390701294
evaluation-63415-tar-000,1,0.7037502527236938
evaluation-63415-non-000,0,0.4889688789844513
evaluation-63478-tar-000,1,0.9473811984062195
evaluation-63478-non-000,0,0.9361248016357422
evaluation-63536-tar-000,1,0.5020708441734314
evaluation-63536-non-000,0,0.7690259218215942
evaluation-6358-tar-000,1,0.5381356477737427
evaluation-6358-non-000,0,0.746082603931427
evaluation-6359-tar-000,1,0.7621835470199585
evaluation-6359-non-000,0,0.2954074740409851
evaluation-63627-tar-000,1,0.7035355567932129
evaluation-63627-non-000,0,0.9242393970489502
evaluation-63629-tar-000,1,0.9761821031570435
evaluation-63629-non-000,0,0.8325052857398987
evaluation-63714-tar-000,1,0.18913280963897705
evaluation-63714-non-000,0,0.7780007719993591
evaluation-63739-tar-000,1,0.9383307695388794
evaluation-63739-non-000,0,0.8081066608428955
evaluation-63805-tar-000,1,0.8908846974372864
evaluation-63805-non-000,0,0.6967319250106812
evaluation-63838-tar-000,1,0.9886752367019653
evaluation-63838-non-000,0,0.6517585515975952
evaluation-63852-tar-000,1,0.9783483743667603
evaluation-63852-non-000,0,0.9874393343925476
evaluation-63984-tar-000,1,0.9923721551895142
evaluation-63984-non-000,0,0.3692097067832947
evaluation-6401-tar-000,1,0.9487725496292114
evaluation-6401-non-000,0,0.9662737846374512
evaluation-64082-tar-000,1,0.9721916913986206
evaluation-64082-non-000,0,0.9851468801498413
evaluation-6410-tar-000,1,0.967004656791687
evaluation-6410-non-000,0,-0.035672545433044434
evaluation-64291-tar-000,1,-0.39103904366493225
evaluation-64291-non-000,0,0.49936363101005554
evaluation-64354-tar-000,1,-0.18259957432746887
evaluation-64354-non-000,0,0.8526482582092285
evaluation-64431-tar-000,1,0.8877301812171936
evaluation-64431-non-000,0,0.4690917730331421
evaluation-64456-tar-000,1,0.9850883483886719
evaluation-64456-non-000,0,0.5848415493965149
evaluation-64489-tar-000,1,-0.057228296995162964
evaluation-64489-non-000,0,0.941909670829773
evaluation-64494-tar-000,1,0.9882462620735168
evaluation-64494-non-000,0,0.8785865306854248
evaluation-64541-tar-000,1,0.30899888277053833
evaluation-64541-non-000,0,0.4514578878879547
evaluation-64593-tar-000,1,0.5579649806022644
evaluation-64593-non-000,0,-0.44439977407455444
evaluation-64626-tar-000,1,0.9090735912322998
evaluation-64626-non-000,0,0.689685583114624
evaluation-64747-tar-000,1,0.9901227951049805
evaluation-64747-non-000,0,0.045337896794080734
evaluation-6478-tar-000,1,0.6887710690498352
evaluation-6478-non-000,0,0.23701956868171692
evaluation-6494-tar-000,1,0.8495234251022339
evaluation-6494-non-000,0,-0.2680000364780426
evaluation-64961-tar-000,1,0.9793601036071777
evaluation-64961-non-000,0,0.9794982075691223
evaluation-64967-tar-000,1,0.8677673935890198
evaluation-64967-non-000,0,-0.16590198874473572
evaluation-65079-tar-000,1,0.6310842633247375
evaluation-65079-non-000,0,0.06676077097654343
evaluation-65159-tar-000,1,0.789363443851471
evaluation-65159-non-000,0,-0.4803658127784729
evaluation-6527-tar-000,1,0.5585348606109619
evaluation-6527-non-000,0,-0.016811709851026535
evaluation-65368-tar-000,1,0.5608116388320923
evaluation-65368-non-000,0,0.7526665925979614
evaluation-65404-tar-000,1,0.9543219208717346
evaluation-65404-non-000,0,0.73105788230896
evaluation-65423-tar-000,1,0.9082924723625183
evaluation-65423-non-000,0,0.7619378566741943
evaluation-65511-tar-000,1,0.7960755825042725
evaluation-65511-non-000,0,0.7387309670448303
evaluation-65513-tar-000,1,0.8997079730033875
evaluation-65513-non-000,0,0.956336498260498
evaluation-6552-tar-000,1,0.8188803195953369
evaluation-6552-non-000,0,0.7105284929275513
evaluation-65538-tar-000,1,0.6127502918243408
evaluation-65538-non-000,0,0.8154995441436768
evaluation-65541-tar-000,1,0.6736061573028564
evaluation-65541-non-000,0,0.4873582720756531
evaluation-65761-tar-000,1,0.9409741163253784
evaluation-65761-non-000,0,-0.4243265986442566
evaluation-65807-tar-000,1,0.92873215675354
evaluation-65807-non-000,0,0.9271870851516724
evaluation-65868-tar-000,1,0.9111777544021606
evaluation-65868-non-000,0,0.1374349296092987
evaluation-65945-tar-000,1,0.8440138697624207
evaluation-65945-non-000,0,0.9600497484207153
evaluation-6595-tar-000,1,0.969354510307312
evaluation-6595-non-000,0,-0.027041878551244736
evaluation-65986-tar-000,1,0.9164583086967468
evaluation-65986-non-000,0,0.7024761438369751
evaluation-66002-tar-000,1,0.9621772170066833
evaluation-66002-non-000,0,0.10057142376899719
evaluation-66030-tar-000,1,0.9520893692970276
evaluation-66030-non-000,0,0.5281848311424255
evaluation-66230-tar-000,1,0.8855400085449219
evaluation-66230-non-000,0,0.9627251625061035
evaluation-6625-tar-000,1,0.11783941090106964
evaluation-6625-non-000,0,0.059532180428504944
evaluation-6634-tar-000,1,0.5983221530914307
evaluation-6634-non-000,0,0.48035871982574463
evaluation-66436-tar-000,1,0.9280207753181458
evaluation-66436-non-000,0,0.579805850982666
evaluation-66466-tar-000,1,0.971509575843811
evaluation-66466-non-000,0,0.863486647605896
evaluation-66508-tar-000,1,0.697040319442749
evaluation-66508-non-000,0,0.5551625490188599
evaluation-6661-tar-000,1,-0.06434042751789093
evaluation-6661-non-000,0,0.8484739065170288
evaluation-66749-tar-000,1,0.9577072262763977
evaluation-66749-non-000,0,0.902126669883728
evaluation-66782-tar-000,1,0.8750956058502197
evaluation-66782-non-000,0,-0.6874979734420776
evaluation-6682-tar-000,1,0.6801875829696655
evaluation-6682-non-000,0,0.3184486925601959
evaluation-66944-tar-000,1,0.29872214794158936
evaluation-66944-non-000,0,0.5205749869346619
evaluation-67057-tar-000,1,0.41297733783721924
evaluation-67057-non-000,0,0.26404649019241333
evaluation-67087-tar-000,1,0.6637784838676453
evaluation-67087-non-000,0,0.2703428864479065
evaluation-67137-tar-000,1,0.8625401258468628
evaluation-67137-non-000,0,0.3174594044685364
evaluation-67288-tar-000,1,0.9749643206596375
evaluation-67288-non-000,0,0.19333665072917938
evaluation-6731-tar-000,1,0.9725910425186157
evaluation-6731-non-000,0,-0.3583257794380188
evaluation-67370-tar-000,1,0.4290418028831482
evaluation-67370-non-000,0,0.7855406403541565
evaluation-67488-tar-000,1,0.8535902500152588
evaluation-67488-non-000,0,0.8867932558059692
evaluation-6749-tar-000,1,0.6123802065849304
evaluation-6749-non-000,0,-0.08841875195503235
evaluation-67521-tar-000,1,0.7900564670562744
evaluation-67521-non-000,0,0.8564459681510925
evaluation-67529-tar-000,1,0.9710996747016907
evaluation-67529-non-000,0,0.3252450227737427
evaluation-67538-tar-000,1,0.9476425051689148
evaluation-67538-non-000,0,0.7415014505386353
evaluation-67686-tar-000,1,0.8983399271965027
evaluation-67686-non-000,0,-0.25743910670280457
evaluation-67697-tar-000,1,0.8538115620613098
evaluation-67697-non-000,0,0.8021870851516724
evaluation-67859-tar-000,1,0.8212701678276062
evaluation-67859-non-000,0,0.114620640873909
evaluation-6789-tar-000,1,0.7234674692153931
evaluation-6789-non-000,0,0.6972529888153076
evaluation-67991-tar-000,1,0.9630541801452637
evaluation-67991-non-000,0,0.28193366527557373
evaluation-68068-tar-000,1,-0.09868026524782181
evaluation-68068-non-000,0,0.8626916408538818
evaluation-68131-tar-000,1,0.9954022169113159
evaluation-68131-non-000,0,0.6455119848251343
evaluation-6818-tar-000,1,0.8803983926773071
evaluation-6818-non-000,0,-0.5641278624534607
evaluation-68227-tar-000,1,0.6130902767181396
evaluation-68227-non-000,0,0.1121646910905838
evaluation-68268-tar-000,1,0.5626753568649292
evaluation-68268-non-000,0,0.8062331676483154
evaluation-68334-tar-000,1,0.4643086791038513
evaluation-68334-non-000,0,0.053064633160829544
evaluation-68378-tar-000,1,0.9225608706474304
evaluation-68378-non-000,0,0.162623330950737
evaluation-68430-tar-000,1,0.8922942280769348
evaluation-68430-non-000,0,0.3635644316673279
evaluation-68785-tar-000,1,0.6246756911277771
evaluation-68785-non-000,0,0.2879522740840912
evaluation-68886-tar-000,1,0.6359474658966064
evaluation-68886-non-000,0,-0.016438882797956467
evaluation-68908-tar-000,1,-0.4886784851551056
evaluation-68908-non-000,0,0.4902610778808594
evaluation-6898-tar-000,1,0.3758779764175415
evaluation-6898-non-000,0,0.08606896549463272
evaluation-69035-tar-000,1,0.6503186821937561
evaluation-69035-non-000,0,-0.2792304456233978
evaluation-69087-tar-000,1,0.8565817475318909
evaluation-69087-non-000,0,0.8281339406967163
evaluation-69155-tar-000,1,0.9344192147254944
evaluation-69155-non-000,0,0.928956925868988
evaluation-69166-tar-000,1,0.9719902276992798
evaluation-69166-non-000,0,0.8877971172332764
evaluation-69169-tar-000,1,0.9302634000778198
evaluation-69169-non-000,0,0.6967862844467163
evaluation-69235-tar-000,1,0.7981069684028625
evaluation-69235-non-000,0,0.9049383401870728
evaluation-69279-tar-000,1,0.3472102880477905
evaluation-69279-non-000,0,0.49858731031417847
evaluation-69315-tar-000,1,0.9817954301834106
evaluation-69315-non-000,0,0.5470159649848938
evaluation-6932-tar-000,1,-0.005597755312919617
evaluation-6932-non-000,0,0.9110847115516663
evaluation-69361-tar-000,1,-0.3022505044937134
evaluation-69361-non-000,0,-0.309636652469635
evaluation-69425-tar-000,1,0.8112014532089233
evaluation-69425-non-000,0,0.986029863357544
evaluation-69526-tar-000,1,0.9722393751144409
evaluation-69526-non-000,0,0.6764262914657593
evaluation-69529-tar-000,1,0.3028523027896881
evaluation-69529-non-000,0,0.8318649530410767
evaluation-6957-tar-000,1,0.4925873577594757
evaluation-6957-non-000,0,0.2660128176212311
evaluation-69573-tar-000,1,0.12421105057001114
evaluation-69573-non-000,0,-0.1203026995062828
evaluation-69617-tar-000,1,0.9625394940376282
evaluation-69617-non-000,0,0.7829718589782715
evaluation-69672-tar-000,1,0.80011385679245
evaluation-69672-non-000,0,0.6229263544082642
evaluation-69724-tar-000,1,0.8879175782203674
evaluation-69724-non-000,0,0.9213771820068359
evaluation-69848-tar-000,1,0.41049325466156006
evaluation-69848-non-000,0,-0.43249237537384033
evaluation-69927-tar-000,1,0.7698901891708374
evaluation-69927-non-000,0,0.4408264458179474
evaluation-6993-tar-000,1,0.7448792457580566
evaluation-6993-non-000,0,0.8528062105178833
evaluation-6994-tar-000,1,0.8492280840873718
evaluation-6994-non-000,0,0.9624524116516113
evaluation-7006-tar-000,1,0.8291447758674622
evaluation-7006-non-000,0,0.15294510126113892
evaluation-70130-tar-000,1,0.8181969523429871
evaluation-70130-non-000,0,0.700176477432251
evaluation-70169-tar-000,1,0.8158783316612244
evaluation-70169-non-000,0,0.43583160638809204
evaluation-70191-tar-000,1,0.9316601753234863
evaluation-70191-non-000,0,0.4057968854904175
evaluation-7029-tar-000,1,0.9808324575424194
evaluation-7029-non-000,0,-0.24815550446510315
evaluation-70290-tar-000,1,0.9237591028213501
evaluation-70290-non-000,0,0.9817360043525696
evaluation-70320-tar-000,1,0.9170087575912476
evaluation-70320-non-000,0,0.1905590295791626
evaluation-70347-tar-000,1,0.9177126884460449
evaluation-70347-non-000,0,0.27663689851760864
evaluation-7036-tar-000,1,0.8983892202377319
evaluation-7036-non-000,0,0.8722442388534546
evaluation-70501-tar-000,1,0.6260551810264587
evaluation-70501-non-000,0,-0.18956337869167328
evaluation-7055-tar-000,1,0.8753277063369751
evaluation-7055-non-000,0,0.5000044107437134
evaluation-70592-tar-000,1,0.6107257604598999
evaluation-70592-non-000,0,-0.5589120984077454
evaluation-70641-tar-000,1,0.9722112417221069
evaluation-70641-non-000,0,0.6886643171310425
evaluation-70671-tar-000,1,0.4475346803665161
evaluation-70671-non-000,0,0.6565062999725342
evaluation-7077-tar-000,1,0.975043773651123
evaluation-7077-non-000,0,0.8966076374053955
evaluation-7078-tar-000,1,0.9416828155517578
evaluation-7078-non-000,0,0.5055243372917175
evaluation-70781-tar-000,1,0.7018176913261414
evaluation-70781-non-000,0,0.8714786767959595
evaluation-70801-tar-000,1,0.9590303897857666
evaluation-70801-non-000,0,0.9571738839149475
evaluation-7092-tar-000,1,0.8197454810142517
evaluation-7092-non-000,0,0.46867239475250244
evaluation-70952-tar-000,1,0.3130507469177246
evaluation-70952-non-000,0,-0.5325460433959961
evaluation-71001-tar-000,1,0.8902087211608887
evaluation-71001-non-000,0,-0.381085067987442
evaluation-71015-tar-000,1,0.3312332034111023
evaluation-71015-non-000,0,0.4910155236721039
evaluation-71042-tar-000,1,0.5954008102416992
evaluation-71042-non-000,0,0.7689098715782166
evaluation-7108-tar-000,1,0.809905469417572
evaluation-7108-non-000,0,0.2714971899986267
evaluation-7123-tar-000,1,0.7585464119911194
evaluation-7123-non-000,0,-0.059476613998413086
evaluation-71300-tar-000,1,0.7870252132415771
evaluation-71300-non-000,0,0.8535175323486328
evaluation-7131-tar-000,1,0.9001801013946533
evaluation-7131-non-000,0,0.22029715776443481
evaluation-7140-tar-000,1,0.9282561540603638
evaluation-7140-non-000,0,-0.4589027464389801
evaluation-71402-tar-000,1,0.9753929376602173
evaluation-71402-non-000,0,0.7950029969215393
evaluation-71441-tar-000,1,0.9324171543121338
evaluation-71441-non-000,0,-0.3313232660293579
evaluation-71457-tar-000,1,0.5395119190216064
evaluation-71457-non-000,0,0.2228112518787384
evaluation-7149-tar-000,1,0.81253981590271
evaluation-7149-non-000,0,0.36516308784484863
evaluation-71528-tar-000,1,0.43744009733200073
evaluation-71528-non-000,0,0.7851356863975525
evaluation-71594-tar-000,1,0.8734502792358398
evaluation-71594-non-000,0,-0.48683884739875793
evaluation-7174-tar-000,1,0.9780501127243042
evaluation-7174-non-000,0,0.7775116562843323
evaluation-7177-tar-000,1,0.9593460559844971
evaluation-7177-non-000,0,0.9018809795379639
evaluation-71798-tar-000,1,0.047575220465660095
evaluation-71798-non-000,0,0.8540992140769958
evaluation-71839-tar-000,1,0.858833909034729
evaluation-71839-non-000,0,0.7848002314567566
evaluation-71924-tar-000,1,0.9709426760673523
evaluation-71924-non-000,0,0.46187925338745117
evaluation-72009-tar-000,1,0.9296811819076538
evaluation-72009-non-000,0,-0.42913946509361267
evaluation-72017-tar-000,1,0.7284529805183411
evaluation-72017-non-000,0,0.7380452156066895
evaluation-72078-tar-000,1,0.622276782989502
evaluation-72078-non-000,0,-0.3379993736743927
evaluation-7211-tar-000,1,0.28011518716812134
evaluation-7211-non-000,0,0.5988573431968689
evaluation-7214-tar-000,1,0.5574384927749634
evaluation-7214-non-000,0,-0.0171513669192791
evaluation-72182-tar-000,1,0.3904601037502289
evaluation-72182-non-000,0,-0.24326074123382568
evaluation-72221-tar-000,1,-0.01077742874622345
evaluation-72221-non-000,0,0.7696490287780762
evaluation-7225-tar-000,1,0.7170026302337646
evaluation-7225-non-000,0,0.4102480709552765
evaluation-72267-tar-000,1,0.17424368858337402
evaluation-72267-non-000,0,0.7206071615219116
evaluation-7228-tar-000,1,0.8898907899856567
evaluation-7228-non-000,0,0.3981488347053528
evaluation-72328-tar-000,1,0.7895787358283997
evaluation-72328-non-000,0,0.9141339659690857
evaluation-72355-tar-000,1,0.8019824028015137
evaluation-72355-non-000,0,0.058440785855054855
evaluation-72531-tar-000,1,0.7570147514343262
evaluation-72531-non-000,0,-0.6997964382171631
evaluation-7259-tar-000,1,0.7959930896759033
evaluation-7259-non-000,0,-0.3091462254524231
evaluation-72646-tar-000,1,0.9916092753410339
evaluation-72646-non-000,0,0.9497933387756348
evaluation-72685-tar-000,1,-0.5152941942214966
evaluation-72685-non-000,0,-0.3776721954345703
evaluation-72718-tar-000,1,0.9220237135887146
evaluation-72718-non-000,0,-0.42214158177375793
evaluation-72731-tar-000,1,0.48483210802078247
evaluation-72731-non-000,0,0.27131250500679016
evaluation-72800-tar-000,1,0.9514743089675903
evaluation-72800-non-000,0,0.25137972831726074
evaluation-7285-tar-000,1,0.9551011323928833
evaluation-7285-non-000,0,-0.07146512717008591
evaluation-7290-tar-000,1,0.6372208595275879
evaluation-7290-non-000,0,0.5848912000656128
evaluation-7302-tar-000,1,0.8216605186462402
evaluation-7302-non-000,0,0.9653586149215698
evaluation-73086-tar-000,1,0.543419361114502
evaluation-73086-non-000,0,0.9903284311294556
evaluation-7314-tar-000,1,0.6440131664276123
evaluation-7314-non-000,0,0.6541425585746765
evaluation-73366-tar-000,1,0.7840482592582703
evaluation-73366-non-000,0,0.019118260592222214
evaluation-73396-tar-000,1,0.983757495880127
evaluation-73396-non-000,0,-0.3680948317050934
evaluation-7343-tar-000,1,0.8981921672821045
evaluation-7343-non-000,0,0.8733421564102173
evaluation-73465-tar-000,1,0.38570070266723633
evaluation-73465-non-000,0,0.8153833746910095
evaluation-7350-tar-000,1,0.8490610122680664
evaluation-7350-non-000,0,0.9730873107910156
evaluation-7353-tar-000,1,0.8581420183181763
evaluation-7353-non-000,0,-0.5618044137954712
evaluation-7354-tar-000,1,0.8192645311355591
evaluation-7354-non-000,0,-0.417400985956192
evaluation-73660-tar-000,1,0.9200535416603088
evaluation-73660-non-000,0,-0.32921722531318665
evaluation-73814-tar-000,1,0.8009871244430542
evaluation-73814-non-000,0,0.6641055345535278
evaluation-73858-tar-000,1,0.7746564149856567
evaluation-73858-non-000,0,0.28877684473991394
evaluation-73923-tar-000,1,0.8912392854690552
evaluation-73923-non-000,0,0.1652650535106659
evaluation-73995-tar-000,1,0.9004724025726318
evaluation-73995-non-000,0,0.303836852312088
evaluation-74014-tar-000,1,0.9005513191223145
evaluation-74014-non-000,0,0.9678969979286194
evaluation-74028-tar-000,1,0.38326093554496765
evaluation-74028-non-000,0,0.8744550943374634
evaluation-74033-tar-000,1,0.974076509475708
evaluation-74033-non-000,0,0.038248516619205475
evaluation-7406-tar-000,1,0.2386302649974823
evaluation-7406-non-000,0,0.7329815626144409
evaluation-7408-tar-000,1,0.8200166821479797
evaluation-7408-non-000,0,0.718887209892273
evaluation-74110-tar-000,1,0.6855428814888
evaluation-74110-non-000,0,0.7670990228652954
evaluation-74179-tar-000,1,0.8298487663269043
evaluation-74179-non-000,0,0.9653041362762451
evaluation-74195-tar-000,1,0.3790494203567505
evaluation-74195-non-000,0,-0.10176447033882141
evaluation-74234-tar-000,1,-0.6107941269874573
evaluation-74234-non-000,0,0.353628009557724
evaluation-74250-tar-000,1,0.8060401082038879
evaluation-74250-non-000,0,0.7463843822479248
evaluation-7428-tar-000,1,0.9594895839691162
evaluation-7428-non-000,0,0.7409742474555969
evaluation-74324-tar-000,1,0.897682249546051
evaluation-74324-non-000,0,-0.2378186285495758
evaluation-74335-tar-000,1,0.466224730014801
evaluation-74335-non-000,0,0.8203575611114502
evaluation-74357-tar-000,1,0.9510945081710815
evaluation-74357-non-000,0,-0.1038823276758194
evaluation-7438-tar-000,1,0.9888293743133545
evaluation-7438-non-000,0,0.9340863227844238
evaluation-74388-tar-000,1,0.9254670739173889
evaluation-74388-non-000,0,0.20144782960414886
evaluation-74481-tar-000,1,0.5628117322921753
evaluation-74481-non-000,0,0.41300177574157715
evaluation-74599-tar-000,1,0.9139454960823059
evaluation-74599-non-000,0,0.8869447708129883
evaluation-74720-tar-000,1,-0.2898451089859009
evaluation-74720-non-000,0,0.19636228680610657
evaluation-74745-tar-000,1,0.5854665637016296
evaluation-74745-non-000,0,0.912830114364624
evaluation-74783-tar-000,1,0.8766447305679321
evaluation-74783-non-000,0,0.8732497096061707
evaluation-74953-tar-000,1,0.22624418139457703
evaluation-74953-non-000,0,0.8742688894271851
evaluation-7500-tar-000,1,0.809746503829956
evaluation-7500-non-000,0,0.8301207423210144
evaluation-75011-tar-000,1,0.047638095915317535
evaluation-75011-non-000,0,0.8912322521209717
evaluation-7511-tar-000,1,0.44155436754226685
evaluation-7511-non-000,0,-0.5060303807258606
evaluation-75157-tar-000,1,0.9626637697219849
evaluation-75157-non-000,0,0.9136062860488892
evaluation-7516-tar-000,1,0.8866766691207886
evaluation-7516-non-000,0,0.5513113737106323
evaluation-75176-tar-000,1,0.8642520308494568
evaluation-75176-non-000,0,0.9173397421836853
evaluation-75192-tar-000,1,0.4831981658935547
evaluation-75192-non-000,0,0.8540481328964233
evaluation-7536-tar-000,1,0.0779789388179779
evaluation-7536-non-000,0,0.5543368458747864
evaluation-7544-tar-000,1,0.8800957202911377
evaluation-7544-non-000,0,0.7812895774841309
evaluation-75442-tar-000,1,0.8110527992248535
evaluation-75442-non-000,0,0.8716534376144409
evaluation-75448-tar-000,1,0.8901875019073486
evaluation-75448-non-000,0,0.6830499172210693
evaluation-75451-tar-000,1,0.5774170756340027
evaluation-75451-non-000,0,-0.6488408446311951
evaluation-75555-tar-000,1,0.919346272945404
evaluation-75555-non-000,0,-0.09211678057909012
evaluation-75690-tar-000,1,0.92816162109375
evaluation-75690-non-000,0,0.8639913201332092
evaluation-75753-tar-000,1,0.6023966073989868
evaluation-75753-non-000,0,-0.10099990665912628
evaluation-75802-tar-000,1,0.9582030773162842
evaluation-75802-non-000,0,0.03162635862827301
evaluation-75849-tar-000,1,0.3150153160095215
evaluation-75849-non-000,0,0.16761428117752075
evaluation-75860-tar-000,1,0.9764689207077026
evaluation-75860-non-000,0,-0.2719154357910156
evaluation-75874-tar-000,1,0.9299339652061462
evaluation-75874-non-000,0,0.4284299612045288
evaluation-75945-tar-000,1,0.9878063201904297
evaluation-75945-non-000,0,-0.5969017148017883
evaluation-7604-tar-000,1,0.7261053323745728
evaluation-7604-non-000,0,0.6430827975273132
evaluation-76085-tar-000,1,0.9764713048934937
evaluation-76085-non-000,0,0.8469302654266357
evaluation-76101-tar-000,1,0.35892289876937866
evaluation-76101-non-000,0,0.9371525645256042
evaluation-7617-tar-000,1,0.8770868182182312
evaluation-7617-non-000,0,0.7593923211097717
evaluation-76192-tar-000,1,0.8376792669296265
evaluation-76192-non-000,0,0.6320086121559143
evaluation-76247-tar-000,1,0.7805007696151733
evaluation-76247-non-000,0,0.936018705368042
evaluation-76299-tar-000,1,0.9364829063415527
evaluation-76299-non-000,0,0.2929711937904358
evaluation-76420-tar-000,1,0.2936544716358185
evaluation-76420-non-000,0,0.3596072793006897
evaluation-7645-tar-000,1,-0.11593373119831085
evaluation-7645-non-000,0,0.8637794256210327
evaluation-76453-tar-000,1,-0.08031042665243149
evaluation-76453-non-000,0,0.06215948238968849
evaluation-7646-tar-000,1,0.6438868045806885
evaluation-7646-non-000,0,0.3549376428127289
evaluation-7654-tar-000,1,0.5164352655410767
evaluation-7654-non-000,0,0.7046972513198853
evaluation-7655-tar-000,1,0.9657734036445618
evaluation-7655-non-000,0,0.6358375549316406
evaluation-76585-tar-000,1,0.9810420870780945
evaluation-76585-non-000,0,0.4110916256904602
evaluation-76695-tar-000,1,0.9587980508804321
evaluation-76695-non-000,0,0.9349769949913025
evaluation-76719-tar-000,1,0.8526549935340881
evaluation-76719-non-000,0,0.7457001805305481
evaluation-76725-tar-000,1,0.4799334406852722
evaluation-76725-non-000,0,0.4401314854621887
evaluation-7679-tar-000,1,0.5477468967437744
evaluation-7679-non-000,0,0.7714437246322632
evaluation-76862-tar-000,1,-0.052100516855716705
evaluation-76862-non-000,0,0.6928853988647461
evaluation-77101-tar-000,1,0.9331557750701904
evaluation-77101-non-000,0,-0.3841957449913025
evaluation-7712-tar-000,1,0.8304277658462524
evaluation-7712-non-000,0,0.9280129671096802
evaluation-77175-tar-000,1,0.8633958101272583
evaluation-77175-non-000,0,-0.46057096123695374
evaluation-7721-tar-000,1,0.8897777795791626
evaluation-7721-non-000,0,-0.516459047794342
evaluation-7726-tar-000,1,0.8334333896636963
evaluation-7726-non-000,0,0.6044636964797974
evaluation-7728-tar-000,1,0.8736866116523743
evaluation-7728-non-000,0,0.685293436050415
evaluation-7735-tar-000,1,0.641659140586853
evaluation-7735-non-000,0,0.36851412057876587
evaluation-77351-tar-000,1,-0.3936987817287445
evaluation-77351-non-000,0,0.7422569394111633
evaluation-77376-tar-000,1,0.19443988800048828
evaluation-77376-non-000,0,0.9359794855117798
evaluation-77486-tar-000,1,0.7243376970291138
evaluation-77486-non-000,0,-0.3230293393135071
evaluation-7750-tar-000,1,0.4125705361366272
evaluation-7750-non-000,0,0.5169835090637207
evaluation-77571-tar-000,1,0.8756217956542969
evaluation-77571-non-000,0,-0.17404238879680634
evaluation-77656-tar-000,1,-0.5710139274597168
evaluation-77656-non-000,0,0.318819522857666
evaluation-77851-tar-000,1,0.8579474687576294
evaluation-77851-non-000,0,-0.3924831748008728
evaluation-77854-tar-000,1,0.5599713325500488
evaluation-77854-non-000,0,0.40473368763923645
evaluation-77879-tar-000,1,0.9447343349456787
evaluation-77879-non-000,0,0.783740758895874
evaluation-7789-tar-000,1,0.6930669546127319
evaluation-7789-non-000,0,0.5653977990150452
evaluation-7790-tar-000,1,0.8599045276641846
evaluation-7790-non-000,0,0.8819208145141602
evaluation-7810-tar-000,1,0.67699134349823
evaluation-7810-non-000,0,0.44169917702674866
evaluation-78247-tar-000,1,0.9938135743141174
evaluation-78247-non-000,0,-0.3653663992881775
evaluation-78249-tar-000,1,0.9879662990570068
evaluation-78249-non-000,0,0.5110483169555664
evaluation-7827-tar-000,1,0.3116146922111511
evaluation-7827-non-000,0,0.6384492516517639
evaluation-78370-tar-000,1,-0.3382762670516968
evaluation-78370-non-000,0,0.9364730715751648
evaluation-78400-tar-000,1,0.8852334022521973
evaluation-78400-non-000,0,0.8353095650672913
evaluation-78436-tar-000,1,0.8714548945426941
evaluation-78436-non-000,0,-0.09278978407382965
evaluation-78444-tar-000,1,0.8742678165435791
evaluation-78444-non-000,0,0.6925002336502075
evaluation-7846-tar-000,1,0.9610235095024109
evaluation-7846-non-000,0,0.9201937913894653
evaluation-7848-tar-000,1,0.9906665086746216
evaluation-7848-non-000,0,0.09333980828523636
evaluation-7849-tar-000,1,0.6336042881011963
evaluation-7849-non-000,0,0.8395185470581055
evaluation-78540-tar-000,1,0.8230859041213989
evaluation-78540-non-000,0,0.8679479360580444
evaluation-78571-tar-000,1,0.8430134654045105
evaluation-78571-non-000,0,0.9099108576774597
evaluation-78576-tar-000,1,0.6029926538467407
evaluation-78576-non-000,0,0.8824005722999573
evaluation-78584-tar-000,1,0.8664215207099915
evaluation-78584-non-000,0,0.10679276287555695
evaluation-78615-tar-000,1,0.876488208770752
evaluation-78615-non-000,0,0.7631538510322571
evaluation-78675-tar-000,1,0.8259001970291138
evaluation-78675-non-000,0,-0.1507195234298706
evaluation-78752-tar-000,1,0.9165922403335571
evaluation-78752-non-000,0,0.17945179343223572
evaluation-7878-tar-000,1,0.6118611693382263
evaluation-7878-non-000,0,-0.38655900955200195
evaluation-78782-tar-000,1,0.27600276470184326
evaluation-78782-non-000,0,-0.590049147605896
evaluation-78815-tar-000,1,0.8192284107208252
evaluation-78815-non-000,0,-0.6352387070655823
evaluation-78826-tar-000,1,0.9134314060211182
evaluation-78826-non-000,0,0.9816817045211792
evaluation-78887-tar-000,1,0.6912757158279419
evaluation-78887-non-000,0,0.5916265845298767
evaluation-78963-tar-000,1,0.6212022304534912
evaluation-78963-non-000,0,0.7672914266586304
evaluation-78972-tar-000,1,0.39883553981781006
evaluation-78972-non-000,0,0.3634234070777893
evaluation-79095-tar-000,1,0.925452470779419
evaluation-79095-non-000,0,-0.10238300263881683
evaluation-79255-tar-000,1,0.8708672523498535
evaluation-79255-non-000,0,-0.3433551788330078
evaluation-79474-tar-000,1,0.3263106346130371
evaluation-79474-non-000,0,0.9702787399291992
evaluation-79521-tar-000,1,0.3459991216659546
evaluation-79521-non-000,0,0.7639580965042114
evaluation-79581-tar-000,1,0.8368527889251709
evaluation-79581-non-000,0,0.9936912059783936
evaluation-7964-tar-000,1,0.6938285827636719
evaluation-7964-non-000,0,0.8869979977607727
evaluation-7972-tar-000,1,0.8938968181610107
evaluation-7972-non-000,0,-0.05165015161037445
evaluation-79776-tar-000,1,0.819551944732666
evaluation-79776-non-000,0,0.7899008393287659
evaluation-79798-tar-000,1,0.39180272817611694
evaluation-79798-non-000,0,0.7965952754020691
evaluation-79807-tar-000,1,0.9375390410423279
evaluation-79807-non-000,0,0.7184896469116211
evaluation-7983-tar-000,1,0.8914797902107239
evaluation-7983-non-000,0,0.424561470746994
evaluation-79843-tar-000,1,0.7946590185165405
evaluation-79843-non-000,0,0.1443859189748764
evaluation-7989-tar-000,1,0.981957197189331
evaluation-7989-non-000,0,0.09106524288654327
evaluation-79980-tar-000,1,0.7268559336662292
evaluation-79980-non-000,0,0.41901344060897827
evaluation-79991-tar-000,1,0.8909721374511719
evaluation-79991-non-000,0,0.6349518299102783
evaluation-80153-tar-000,1,0.4100329279899597
evaluation-80153-non-000,0,0.18104520440101624
evaluation-80180-tar-000,1,0.867673397064209
evaluation-80180-non-000,0,0.9557924270629883
evaluation-8019-tar-000,1,0.9643341302871704
evaluation-8019-non-000,0,0.9542976021766663
evaluation-80210-tar-000,1,0.8168411254882812
evaluation-80210-non-000,0,-0.11230622231960297
evaluation-80221-tar-000,1,0.99776691198349
evaluation-80221-non-000,0,0.7307028770446777
evaluation-8023-tar-000,1,0.630322277545929
evaluation-8023-non-000,0,0.9628404378890991
evaluation-8027-tar-000,1,0.9947732090950012
evaluation-8027-non-000,0,0.9910774230957031
evaluation-8028-tar-000,1,0.1150863915681839
evaluation-8028-non-000,0,-0.23636333644390106
evaluation-80353-tar-000,1,0.9356443285942078
evaluation-80353-non-000,0,0.7689672708511353
evaluation-8041-tar-000,1,0.7396900653839111
evaluation-8041-non-000,0,0.23833602666854858
evaluation-80449-tar-000,1,0.9089291095733643
evaluation-80449-non-000,0,0.9932208061218262
evaluation-80504-tar-000,1,0.972318172454834
evaluation-80504-non-000,0,0.9908910989761353
evaluation-8068-tar-000,1,-0.09890706092119217
evaluation-8068-non-000,0,0.9494872689247131
evaluation-80710-tar-000,1,0.907831072807312
evaluation-80710-non-000,0,-0.008833471685647964
evaluation-80773-tar-000,1,0.8740338087081909
evaluation-80773-non-000,0,0.9283674359321594
evaluation-80793-tar-000,1,0.9396045804023743
evaluation-80793-non-000,0,0.7542591691017151
evaluation-80798-tar-000,1,0.01992228627204895
evaluation-80798-non-000,0,0.09695141762495041
evaluation-80806-tar-000,1,0.6691482067108154
evaluation-80806-non-000,0,0.9425091743469238
evaluation-80900-tar-000,1,0.8875904679298401
evaluation-80900-non-000,0,0.4203668534755707
evaluation-80935-tar-000,1,0.8479828834533691
evaluation-80935-non-000,0,-0.43056535720825195
evaluation-80938-tar-000,1,0.9915518164634705
evaluation-80938-non-000,0,0.9844409227371216
evaluation-8097-tar-000,1,0.22149166464805603
evaluation-8097-non-000,0,0.5418592095375061
evaluation-81034-tar-000,1,0.2051241546869278
evaluation-81034-non-000,0,0.19274690747261047
evaluation-81103-tar-000,1,0.9493330717086792
evaluation-81103-non-000,0,-0.015100203454494476
evaluation-81106-tar-000,1,0.9956210851669312
evaluation-81106-non-000,0,0.9526181221008301
evaluation-81111-tar-000,1,0.9474096298217773
evaluation-81111-non-000,0,0.050618480890989304
evaluation-81119-tar-000,1,0.8647817373275757
evaluation-81119-non-000,0,0.7204748392105103
evaluation-81128-tar-000,1,0.8530271053314209
evaluation-81128-non-000,0,-0.023773707449436188
evaluation-81174-tar-000,1,0.6960220336914062
evaluation-81174-non-000,0,0.9430510401725769
evaluation-81271-tar-000,1,-0.0010810792446136475
evaluation-81271-non-000,0,0.4728710651397705
evaluation-81276-tar-000,1,0.8759966492652893
evaluation-81276-non-000,0,0.08411217480897903
evaluation-81309-tar-000,1,0.949838399887085
evaluation-81309-non-000,0,0.8934060335159302
evaluation-8143-tar-000,1,0.4907827377319336
evaluation-8143-non-000,0,-0.0073843467980623245
evaluation-81441-tar-000,1,0.8030558824539185
evaluation-81441-non-000,0,0.8058737516403198
evaluation-81455-tar-000,1,0.9968360066413879
evaluation-81455-non-000,0,-0.6144213676452637
evaluation-81823-tar-000,1,0.8499644994735718
evaluation-81823-non-000,0,0.9464890956878662
evaluation-8185-tar-000,1,0.8254182934761047
evaluation-8185-non-000,0,-0.11715574562549591
evaluation-81858-tar-000,1,0.9422622919082642
evaluation-81858-non-000,0,0.8588186502456665
evaluation-8191-tar-000,1,0.834220290184021
evaluation-8191-non-000,0,0.889121413230896
evaluation-81913-tar-000,1,0.8369621634483337
evaluation-81913-non-000,0,0.8620478510856628
evaluation-81963-tar-000,1,0.8346068263053894
evaluation-81963-non-000,0,0.822527289390564
evaluation-8203-tar-000,1,0.06179388612508774
evaluation-8203-non-000,0,0.5087998509407043
evaluation-82040-tar-000,1,0.9892804026603699
evaluation-82040-non-000,0,0.9175078272819519
evaluation-8210-tar-000,1,0.9716899394989014
evaluation-8210-non-000,0,-0.08496230840682983
evaluation-8215-tar-000,1,0.662112295627594
evaluation-8215-non-000,0,0.20806540548801422
evaluation-8216-tar-000,1,0.9498051404953003
evaluation-8216-non-000,0,0.5911694765090942
evaluation-8219-tar-000,1,0.8985104560852051
evaluation-8219-non-000,0,0.8194871544837952
evaluation-82273-tar-000,1,0.26792412996292114
evaluation-82273-non-000,0,0.5998430252075195
evaluation-82342-tar-000,1,0.8198328018188477
evaluation-82342-non-000,0,0.666994571685791
evaluation-8236-tar-000,1,0.17241603136062622
evaluation-8236-non-000,0,0.17913024127483368
evaluation-82421-tar-000,1,0.9710074663162231
evaluation-82421-non-000,0,-0.33482837677001953
evaluation-82603-tar-000,1,0.9859218597412109
evaluation-82603-non-000,0,0.9234314560890198
evaluation-82641-tar-000,1,0.8901717662811279
evaluation-82641-non-000,0,0.4201979637145996
evaluation-82842-tar-000,1,0.25647735595703125
evaluation-82842-non-000,0,-0.03090009093284607
evaluation-82847-tar-000,1,0.9567971229553223
evaluation-82847-non-000,0,-0.3547678589820862
evaluation-8299-tar-000,1,0.9836636185646057
evaluation-8299-non-000,0,0.24043956398963928
evaluation-83006-tar-000,1,0.6128321290016174
evaluation-83006-non-000,0,0.7437346577644348
evaluation-83028-tar-000,1,0.7575860619544983
evaluation-83028-non-000,0,0.6609168648719788
evaluation-83094-tar-000,1,0.9595413208007812
evaluation-83094-non-000,0,0.1135600134730339
evaluation-83204-tar-000,1,0.7748589515686035
evaluation-83204-non-000,0,0.4190210998058319
evaluation-8328-tar-000,1,-0.5031882524490356
evaluation-8328-non-000,0,0.5132362842559814
evaluation-8335-tar-000,1,0.9117405414581299
evaluation-8335-non-000,0,0.869081974029541
evaluation-83355-tar-000,1,0.17810483276844025
evaluation-83355-non-000,0,0.5971664190292358
evaluation-83674-tar-000,1,0.8751524686813354
evaluation-83674-non-000,0,0.9239898324012756
evaluation-83696-tar-000,1,0.7624627351760864
evaluation-83696-non-000,0,0.7727575302124023
evaluation-8383-tar-000,1,0.212417870759964
evaluation-8383-non-000,0,0.9087076187133789
evaluation-83839-tar-000,1,0.5659896731376648
evaluation-83839-non-000,0,0.23800259828567505
evaluation-83905-tar-000,1,0.7004249095916748
evaluation-83905-non-000,0,0.2131699025630951
evaluation-83918-tar-000,1,0.6506239175796509
evaluation-83918-non-000,0,0.6936613321304321
evaluation-83927-tar-000,1,0.9011145830154419
evaluation-83927-non-000,0,0.8503738641738892
evaluation-83995-tar-000,1,0.9534540176391602
evaluation-83995-non-000,0,0.8453428745269775
evaluation-8407-tar-000,1,-0.010883796960115433
evaluation-8407-non-000,0,0.599462628364563
evaluation-84075-tar-000,1,0.1215638816356659
evaluation-84075-non-000,0,-0.6510275602340698
evaluation-84160-tar-000,1,0.8607769012451172
evaluation-84160-non-000,0,0.7121148705482483
evaluation-84187-tar-000,1,0.9685419201850891
evaluation-84187-non-000,0,0.3234233856201172
evaluation-84300-tar-000,1,0.17795324325561523
evaluation-84300-non-000,0,0.9583906531333923
evaluation-84457-tar-000,1,0.9469724297523499
evaluation-84457-non-000,0,0.8269808292388916
evaluation-84512-tar-000,1,0.958594799041748
evaluation-84512-non-000,0,-0.2338969111442566
evaluation-8452-tar-000,1,0.6802310347557068
evaluation-8452-non-000,0,0.46247875690460205
evaluation-8453-tar-000,1,0.8967012763023376
evaluation-8453-non-000,0,0.24184200167655945
evaluation-84544-tar-000,1,0.8932477235794067
evaluation-84544-non-000,0,0.7247599363327026
evaluation-84547-tar-000,1,0.8256322145462036
evaluation-84547-non-000,0,0.7680672407150269
evaluation-84649-tar-000,1,0.9468547701835632
evaluation-84649-non-000,0,0.9849383234977722
evaluation-84693-tar-000,1,0.8502310514450073
evaluation-84693-non-000,0,0.8728290796279907
evaluation-84704-tar-000,1,0.3328089118003845
evaluation-84704-non-000,0,0.9650455713272095
evaluation-84753-tar-000,1,0.8842384815216064
evaluation-84753-non-000,0,0.7886202335357666
evaluation-84929-tar-000,1,0.9636819958686829
evaluation-84929-non-000,0,0.6069353818893433
evaluation-8494-tar-000,1,0.9685459136962891
evaluation-8494-non-000,0,0.9556182622909546
evaluation-8502-tar-000,1,0.9852432608604431
evaluation-8502-non-000,0,0.6831135153770447
evaluation-85201-tar-000,1,0.742627739906311
evaluation-85201-non-000,0,0.5527967810630798
evaluation-8522-tar-000,1,0.7314869165420532
evaluation-8522-non-000,0,0.2851303815841675
evaluation-8527-tar-000,1,0.913979709148407
evaluation-8527-non-000,0,0.9639450311660767
evaluation-85286-tar-000,1,0.9947429895401001
evaluation-85286-non-000,0,0.7449578046798706
evaluation-85319-tar-000,1,0.6470008492469788
evaluation-85319-non-000,0,0.9485145807266235
evaluation-85396-tar-000,1,0.538798451423645
evaluation-85396-non-000,0,-0.10070178657770157
evaluation-85421-tar-000,1,0.9356264472007751
evaluation-85421-non-000,0,0.43282249569892883
evaluation-8557-tar-000,1,0.5763397216796875
evaluation-8557-non-000,0,0.966842770576477
evaluation-85676-tar-000,1,0.45560961961746216
evaluation-85676-non-000,0,0.6102489829063416
evaluation-85750-tar-000,1,0.963107168674469
evaluation-85750-non-000,0,0.3425992429256439
evaluation-85778-tar-000,1,0.921568751335144
evaluation-85778-non-000,0,0.05470314621925354
evaluation-85871-tar-000,1,0.7404899597167969
evaluation-85871-non-000,0,0.83098304271698
evaluation-8602-tar-000,1,0.8623861074447632
evaluation-8602-non-000,0,0.9290467500686646
evaluation-86107-tar-000,1,0.938247561454773
evaluation-86107-non-000,0,-0.6092911958694458
evaluation-8614-tar-000,1,0.6721514463424683
evaluation-8614-non-000,0,0.601943850517273
evaluation-86151-tar-000,1,0.9692803621292114
evaluation-86151-non-000,0,0.8956442475318909
evaluation-86198-tar-000,1,0.9485353231430054
evaluation-86198-non-000,0,0.7658333778381348
evaluation-86245-tar-000,1,-0.32190030813217163
evaluation-86245-non-000,0,0.6373207569122314
evaluation-8628-tar-000,1,0.8403369188308716
evaluation-8628-non-000,0,0.7392457127571106
evaluation-8630-tar-000,1,0.930140495300293
evaluation-8630-non-000,0,0.2327495962381363
evaluation-86376-tar-000,1,0.8687108755111694
evaluation-86376-non-000,0,0.4265546500682831
evaluation-8639-tar-000,1,-0.2654555141925812
evaluation-8639-non-000,0,-0.271114319562912
evaluation-8640-tar-000,1,0.901500940322876
evaluation-8640-non-000,0,0.880624532699585
evaluation-86470-tar-000,1,-0.12410932779312134
evaluation-86470-non-000,0,0.672381579875946
evaluation-86478-tar-000,1,0.45966488122940063
evaluation-86478-non-000,0,-0.14087264239788055
evaluation-86519-tar-000,1,0.9128968715667725
evaluation-86519-non-000,0,0.5379722118377686
evaluation-86577-tar-000,1,-0.2659091055393219
evaluation-86577-non-000,0,-0.46496763825416565
evaluation-86591-tar-000,1,0.7333016991615295
evaluation-86591-non-000,0,0.7858079671859741
evaluation-86799-tar-000,1,0.9613066911697388
evaluation-86799-non-000,0,0.43724745512008667
evaluation-86926-tar-000,1,0.37580209970474243
evaluation-86926-non-000,0,0.2449568212032318
evaluation-86945-tar-000,1,0.7858047485351562
evaluation-86945-non-000,0,0.5249417424201965
evaluation-8697-tar-000,1,0.1323290765285492
evaluation-8697-non-000,0,0.6584839820861816
evaluation-87016-tar-000,1,0.7156969308853149
evaluation-87016-non-000,0,-0.4300854206085205
evaluation-87176-tar-000,1,0.9716635346412659
evaluation-87176-non-000,0,0.9647804498672485
evaluation-8724-tar-000,1,0.4038793742656708
evaluation-8724-non-000,0,0.2301279604434967
evaluation-87313-tar-000,1,0.30137693881988525
evaluation-87313-non-000,0,0.1743466556072235
evaluation-87338-tar-000,1,0.9991484880447388
evaluation-87338-non-000,0,-0.43189239501953125
evaluation-87362-tar-000,1,0.8984456062316895
evaluation-87362-non-000,0,-0.3306514322757721
evaluation-87450-tar-000,1,0.9917535185813904
evaluation-87450-non-000,0,0.6237621307373047
evaluation-8746-tar-000,1,0.9458917379379272
evaluation-8746-non-000,0,0.694557785987854
evaluation-8756-tar-000,1,0.9645991325378418
evaluation-8756-non-000,0,0.5082932114601135
evaluation-87577-tar-000,1,0.7881573438644409
evaluation-87577-non-000,0,0.5895460844039917
evaluation-87601-tar-000,1,0.7546161413192749
evaluation-87601-non-000,0,0.8686705231666565
evaluation-8765-tar-000,1,0.8293728232383728
evaluation-8765-non-000,0,0.601319432258606
evaluation-87711-tar-000,1,0.06747910380363464
evaluation-87711-non-000,0,-0.14527073502540588
evaluation-87720-tar-000,1,0.32891082763671875
evaluation-87720-non-000,0,0.7044116258621216
evaluation-87722-tar-000,1,-0.06892935931682587
evaluation-87722-non-000,0,0.8112037181854248
evaluation-87876-tar-000,1,0.7315264344215393
evaluation-87876-non-000,0,0.26409587264060974
evaluation-87923-tar-000,1,0.9624014496803284
evaluation-87923-non-000,0,0.9391560554504395
evaluation-8796-tar-000,1,0.4548238217830658
evaluation-8796-non-000,0,-0.022989433258771896
evaluation-8804-tar-000,1,0.7599935531616211
evaluation-8804-non-000,0,0.7145633697509766
evaluation-88060-tar-000,1,0.7593716382980347
evaluation-88060-non-000,0,0.8362427949905396
evaluation-8814-tar-000,1,0.8538119792938232
evaluation-8814-non-000,0,0.5845555663108826
evaluation-88156-tar-000,1,0.8423548936843872
evaluation-88156-non-000,0,0.07754500210285187
evaluation-88170-tar-000,1,0.5065399408340454
evaluation-88170-non-000,0,0.40610218048095703
evaluation-88313-tar-000,1,0.5486941933631897
evaluation-88313-non-000,0,0.6980857849121094
evaluation-8836-tar-000,1,0.8325005173683167
evaluation-8836-non-000,0,0.7805471420288086
evaluation-88458-tar-000,1,0.8179676532745361
evaluation-88458-non-000,0,0.9642012119293213
evaluation-88524-tar-000,1,0.6496231555938721
evaluation-88524-non-000,0,0.4630381166934967
evaluation-88576-tar-000,1,0.8270733952522278
evaluation-88576-non-000,0,0.9246082901954651
evaluation-88582-tar-000,1,0.9913232326507568
evaluation-88582-non-000,0,0.8378725051879883
evaluation-88689-tar-000,1,0.9201366901397705
evaluation-88689-non-000,0,0.1995098888874054
evaluation-88747-tar-000,1,0.9001687169075012
evaluation-88747-non-000,0,0.16954348981380463
evaluation-88780-tar-000,1,0.7432191371917725
evaluation-88780-non-000,0,0.829292356967926
evaluation-88791-tar-000,1,0.4791962802410126
evaluation-88791-non-000,0,-0.20010429620742798
evaluation-8896-tar-000,1,0.7412067651748657
evaluation-8896-non-000,0,0.9243135452270508
evaluation-89005-tar-000,1,0.9069029092788696
evaluation-89005-non-000,0,0.08210247755050659
evaluation-89027-tar-000,1,0.976274847984314
evaluation-89027-non-000,0,0.8891686201095581
evaluation-89054-tar-000,1,0.13466466963291168
evaluation-89054-non-000,0,0.7832847833633423
evaluation-89120-tar-000,1,0.8487679958343506
evaluation-89120-non-000,0,0.9424752593040466
evaluation-89255-tar-000,1,0.602092981338501
evaluation-89255-non-000,0,0.9781241416931152
evaluation-89335-tar-000,1,0.7505366802215576
evaluation-89335-non-000,0,0.004899539053440094
evaluation-89340-tar-000,1,0.9289230108261108
evaluation-89340-non-000,0,-0.060024015605449677
evaluation-89346-tar-000,1,0.7592258453369141
evaluation-89346-non-000,0,0.41913676261901855
evaluation-89381-tar-000,1,0.39858168363571167
evaluation-89381-non-000,0,-0.08283159136772156
evaluation-89557-tar-000,1,0.6058281660079956
evaluation-89557-non-000,0,0.8685192465782166
evaluation-89604-tar-000,1,0.5767736434936523
evaluation-89604-non-000,0,-0.13361765444278717
evaluation-89615-tar-000,1,0.9430313110351562
evaluation-89615-non-000,0,0.4286334812641144
evaluation-89631-tar-000,1,0.8181302547454834
evaluation-89631-non-000,0,-0.0960075706243515
evaluation-89757-tar-000,1,0.8438941836357117
evaluation-89757-non-000,0,0.8713350296020508
evaluation-89766-tar-000,1,0.4174574315547943
evaluation-89766-non-000,0,0.1170424222946167
evaluation-89782-tar-000,1,0.868229329586029
evaluation-89782-non-000,0,0.8999070525169373
evaluation-89818-tar-000,1,0.05659971013665199
evaluation-89818-non-000,0,0.7928608655929565
evaluation-89822-tar-000,1,0.8827826976776123
evaluation-89822-non-000,0,0.17542263865470886
evaluation-8983-tar-000,1,0.941011905670166
evaluation-8983-non-000,0,0.8668664693832397
evaluation-90024-tar-000,1,0.9866990447044373
evaluation-90024-non-000,0,0.5056874752044678
evaluation-90032-tar-000,1,0.97527015209198
evaluation-90032-non-000,0,0.478432297706604
evaluation-90038-tar-000,1,0.3402934968471527
evaluation-90038-non-000,0,0.35831886529922485
evaluation-90117-tar-000,1,0.47480204701423645
evaluation-90117-non-000,0,0.5723896622657776
evaluation-90145-tar-000,1,0.16748282313346863
evaluation-90145-non-000,0,0.696568489074707
evaluation-90148-tar-000,1,0.7916103601455688
evaluation-90148-non-000,0,-0.4191727042198181
evaluation-90169-tar-000,1,0.6842670440673828
evaluation-90169-non-000,0,-0.04688423126935959
evaluation-90257-tar-000,1,0.6150838136672974
evaluation-90257-non-000,0,0.9493839144706726
evaluation-90301-tar-000,1,0.7232776284217834
evaluation-90301-non-000,0,0.33587077260017395
evaluation-90304-tar-000,1,0.9573721885681152
evaluation-90304-non-000,0,0.35129374265670776
evaluation-90381-tar-000,1,0.5337913036346436
evaluation-90381-non-000,0,0.6866426467895508
evaluation-90414-tar-000,1,0.6767987608909607
evaluation-90414-non-000,0,0.40084367990493774
evaluation-90469-tar-000,1,0.3350657820701599
evaluation-90469-non-000,0,0.5766820907592773
evaluation-90562-tar-000,1,0.9806205630302429
evaluation-90562-non-000,0,0.9793660640716553
evaluation-90631-tar-000,1,0.714128851890564
evaluation-90631-non-000,0,0.9317288398742676
evaluation-90862-tar-000,1,0.0797194093465805
evaluation-90862-non-000,0,0.8092427253723145
evaluation-90875-tar-000,1,0.7697187066078186
evaluation-90875-non-000,0,0.8370223641395569
evaluation-90939-tar-000,1,0.9959980249404907
evaluation-90939-non-000,0,-0.4411585032939911
evaluation-9109-tar-000,1,0.3287976384162903
evaluation-9109-non-000,0,0.888717532157898
evaluation-91106-tar-000,1,0.7612462043762207
evaluation-91106-non-000,0,-0.011639930307865143
evaluation-91166-tar-000,1,0.7640402913093567
evaluation-91166-non-000,0,-0.28938913345336914
evaluation-91205-tar-000,1,0.7382820248603821
evaluation-91205-non-000,0,0.6125867366790771
evaluation-9125-tar-000,1,0.9518734216690063
evaluation-9125-non-000,0,0.8138017058372498
evaluation-91433-tar-000,1,0.4897211194038391
evaluation-91433-non-000,0,0.8549776673316956
evaluation-91441-tar-000,1,0.802222490310669
evaluation-91441-non-000,0,0.9864240288734436
evaluation-91466-tar-000,1,0.8062511682510376
evaluation-91466-non-000,0,0.46058833599090576
evaluation-9148-tar-000,1,-0.18577559292316437
evaluation-9148-non-000,0,0.5601500272750854
evaluation-91496-tar-000,1,0.9931097626686096
evaluation-91496-non-000,0,0.8948166370391846
evaluation-91543-tar-000,1,0.2979128658771515
evaluation-91543-non-000,0,0.917298436164856
evaluation-91642-tar-000,1,0.9245564937591553
evaluation-91642-non-000,0,0.512732744216919
evaluation-9165-tar-000,1,0.6318585276603699
evaluation-9165-non-000,0,0.41838616132736206
evaluation-91719-tar-000,1,0.9655594825744629
evaluation-91719-non-000,0,-0.06504160165786743
evaluation-9179-tar-000,1,0.46160101890563965
evaluation-9179-non-000,0,-0.0513276606798172
evaluation-91798-tar-000,1,0.37411195039749146
evaluation-91798-non-000,0,-0.2050715833902359
evaluation-91823-tar-000,1,0.709896445274353
evaluation-91823-non-000,0,0.06773597747087479
evaluation-91886-tar-000,1,0.8148574829101562
evaluation-91886-non-000,0,0.8253899812698364
evaluation-9195-tar-000,1,-0.27646541595458984
evaluation-9195-non-000,0,-0.23587824404239655
evaluation-9197-tar-000,1,0.7480683326721191
evaluation-9197-non-000,0,0.8497748374938965
evaluation-91974-tar-000,1,0.4845953583717346
evaluation-91974-non-000,0,-0.43727338314056396
evaluation-92007-tar-000,1,0.9910141229629517
evaluation-92007-non-000,0,0.7691531181335449
evaluation-9210-tar-000,1,-0.05665715038776398
evaluation-9210-non-000,0,0.7765219807624817
evaluation-92133-tar-000,1,0.9002159237861633
evaluation-92133-non-000,0,-0.4354158043861389
evaluation-92260-tar-000,1,0.9829957485198975
evaluation-92260-non-000,0,0.7925353050231934
evaluation-9229-tar-000,1,0.9725006818771362
evaluation-9229-non-000,0,-0.14367224276065826
evaluation-9240-tar-000,1,0.8028339147567749
evaluation-9240-non-000,0,0.5246059894561768
evaluation-9241-tar-000,1,0.8221273422241211
evaluation-9241-non-000,0,0.4360409379005432
evaluation-92438-tar-000,1,0.9643462896347046
evaluation-92438-non-000,0,-0.49149399995803833
evaluation-92488-tar-000,1,0.31393325328826904
evaluation-92488-non-000,0,0.5933794975280762
evaluation-92630-tar-000,1,0.8982873558998108
evaluation-92630-non-000,0,0.27864041924476624
evaluation-92652-tar-000,1,0.6408248543739319
evaluation-92652-non-000,0,0.7671773433685303
evaluation-92787-tar-000,1,0.3523918390274048
evaluation-92787-non-000,0,0.0030902624130249023
evaluation-92825-tar-000,1,0.7518982887268066
evaluation-92825-non-000,0,0.7326524257659912
evaluation-92845-tar-000,1,0.8204091787338257
evaluation-92845-non-000,0,0.686158299446106
evaluation-92853-tar-000,1,0.6945367455482483
evaluation-92853-non-000,0,0.9627245664596558
evaluation-9286-tar-000,1,0.934917688369751
evaluation-9286-non-000,0,0.5834258198738098
evaluation-9291-tar-000,1,-0.05724867433309555
evaluation-9291-non-000,0,0.81291663646698
evaluation-9303-tar-000,1,-0.6151955723762512
evaluation-9303-non-000,0,0.7965928912162781
evaluation-93034-tar-000,1,0.9969171285629272
evaluation-93034-non-000,0,0.5915336608886719
evaluation-93042-tar-000,1,0.6238574385643005
evaluation-93042-non-000,0,0.29995694756507874
evaluation-93169-tar-000,1,0.8174380660057068
evaluation-93169-non-000,0,0.883171796798706
evaluation-93210-tar-000,1,0.985188901424408
evaluation-93210-non-000,0,0.8608623743057251
evaluation-93279-tar-000,1,0.8901410102844238
evaluation-93279-non-000,0,0.6937062740325928
evaluation-93375-tar-000,1,0.9333909153938293
evaluation-93375-non-000,0,0.5165213346481323
evaluation-93449-tar-000,1,0.944757342338562
evaluation-93449-non-000,0,0.12726432085037231
evaluation-9355-tar-000,1,0.6640801429748535
evaluation-9355-non-000,0,0.6143888235092163
evaluation-93660-tar-000,1,0.0736730545759201
evaluation-93660-non-000,0,0.9875379204750061
evaluation-93718-tar-000,1,0.836907684803009
evaluation-93718-non-000,0,0.8211767673492432
evaluation-93735-tar-000,1,0.8478596806526184
evaluation-93735-non-000,0,0.8864211440086365
evaluation-93740-tar-000,1,0.6678150296211243
evaluation-93740-non-000,0,0.06774639338254929
evaluation-93811-tar-000,1,0.25537189841270447
evaluation-93811-non-000,0,0.060067176818847656
evaluation-93853-tar-000,1,0.9800263047218323
evaluation-93853-non-000,0,0.8360059261322021
evaluation-93886-tar-000,1,0.9412412047386169
evaluation-93886-non-000,0,-0.011622786521911621
evaluation-93930-tar-000,1,0.30030474066734314
evaluation-93930-non-000,0,0.8692269325256348
evaluation-9403-tar-000,1,0.1741337776184082
evaluation-9403-non-000,0,0.8949714303016663
evaluation-9410-tar-000,1,0.6637856960296631
evaluation-9410-non-000,0,-0.49979424476623535
evaluation-94105-tar-000,1,0.7044740319252014
evaluation-94105-non-000,0,0.9833877086639404
evaluation-94125-tar-000,1,0.781915545463562
evaluation-94125-non-000,0,0.8560220003128052
evaluation-94226-tar-000,1,0.5138106346130371
evaluation-94226-non-000,0,0.3578176498413086
evaluation-94267-tar-000,1,0.528654158115387
evaluation-94267-non-000,0,0.8825287818908691
evaluation-94270-tar-000,1,0.7184867858886719
evaluation-94270-non-000,0,-0.3328905403614044
evaluation-94314-tar-000,1,0.9720768928527832
evaluation-94314-non-000,0,0.029880594462156296
evaluation-94421-tar-000,1,0.8581501841545105
evaluation-94421-non-000,0,0.9549989700317383
evaluation-94528-tar-000,1,0.7523140907287598
evaluation-94528-non-000,0,0.504193902015686
evaluation-94550-tar-000,1,0.46626922488212585
evaluation-94550-non-000,0,0.822272539138794
evaluation-94586-tar-000,1,0.9705844521522522
evaluation-94586-non-000,0,0.9644087553024292
evaluation-94633-tar-000,1,0.9487833976745605
evaluation-94633-non-000,0,0.10906864702701569
evaluation-94663-tar-000,1,0.6309581995010376
evaluation-94663-non-000,0,0.9844856262207031
evaluation-94668-tar-000,1,0.9754419922828674
evaluation-94668-non-000,0,0.603618860244751
evaluation-9469-tar-000,1,0.029732244089245796
evaluation-9469-non-000,0,0.9591065645217896
evaluation-94740-tar-000,1,0.9387980103492737
evaluation-94740-non-000,0,0.7580122351646423
evaluation-94828-tar-000,1,0.389854371547699
evaluation-94828-non-000,0,0.8287808895111084
evaluation-9485-tar-000,1,0.9750275611877441
evaluation-9485-non-000,0,0.4719213843345642
evaluation-94855-tar-000,1,-0.03928428143262863
evaluation-94855-non-000,0,0.250072181224823
evaluation-94971-tar-000,1,-0.33753418922424316
evaluation-94971-non-000,0,0.24912196397781372
evaluation-95006-tar-000,1,0.9786105751991272
evaluation-95006-non-000,0,0.6108238697052002
evaluation-95020-tar-000,1,0.9515784978866577
evaluation-95020-non-000,0,0.7259839773178101
evaluation-95031-tar-000,1,0.8454244136810303
evaluation-95031-non-000,0,0.9122275114059448
evaluation-95045-tar-000,1,0.6193258762359619
evaluation-95045-non-000,0,-0.04899933561682701
evaluation-95072-tar-000,1,0.9314848184585571
evaluation-95072-non-000,0,0.4109373092651367
evaluation-9512-tar-000,1,0.22904424369335175
evaluation-9512-non-000,0,0.7182883620262146
evaluation-95166-tar-000,1,0.6341229677200317
evaluation-95166-non-000,0,0.5469250082969666
evaluation-95174-tar-000,1,0.8085047006607056
evaluation-95174-non-000,0,-0.07713263481855392
evaluation-95198-tar-000,1,0.7539392709732056
evaluation-95198-non-000,0,0.398902028799057
evaluation-9522-tar-000,1,0.8229804039001465
evaluation-9522-non-000,0,0.5724668502807617
evaluation-95229-tar-000,1,0.6993386745452881
evaluation-95229-non-000,0,0.7574834227561951
evaluation-95295-tar-000,1,0.954272985458374
evaluation-95295-non-000,0,0.8648391962051392
evaluation-95300-tar-000,1,0.1949615478515625
evaluation-95300-non-000,0,-0.002628277987241745
evaluation-95303-tar-000,1,0.9395676255226135
evaluation-95303-non-000,0,0.7409669160842896
evaluation-95328-tar-000,1,0.9648736715316772
evaluation-95328-non-000,0,0.6721004247665405
evaluation-95388-tar-000,1,0.8979690670967102
evaluation-95388-non-000,0,0.7526204586029053
evaluation-9539-tar-000,1,0.7959579229354858
evaluation-9539-non-000,0,-0.25739946961402893
evaluation-95424-tar-000,1,0.4904055595397949
evaluation-95424-non-000,0,0.5635981559753418
evaluation-95459-tar-000,1,0.7274450063705444
evaluation-95459-non-000,0,0.7695662379264832
evaluation-9549-tar-000,1,0.8918684720993042
evaluation-9549-non-000,0,0.45614662766456604
evaluation-95789-tar-000,1,0.9247825145721436
evaluation-95789-non-000,0,-0.24500542879104614
evaluation-95962-tar-000,1,0.9153987169265747
evaluation-95962-non-000,0,0.10843406617641449
evaluation-96017-tar-000,1,-0.10752834379673004
evaluation-96017-non-000,0,0.7733656167984009
evaluation-96130-tar-000,1,0.9985564947128296
evaluation-96130-non-000,0,0.9152344465255737
evaluation-9620-tar-000,1,0.060218483209609985
evaluation-9620-non-000,0,0.3290758728981018
evaluation-96371-tar-000,1,0.8228036165237427
evaluation-96371-non-000,0,0.7063848376274109
evaluation-96418-tar-000,1,0.922089695930481
evaluation-96418-non-000,0,0.5965867638587952
evaluation-96443-tar-000,1,0.9161888957023621
evaluation-96443-non-000,0,0.7395285367965698
evaluation-96577-tar-000,1,0.8573887944221497
evaluation-96577-non-000,0,0.7143750786781311
evaluation-96613-tar-000,1,0.7677686214447021
evaluation-96613-non-000,0,-0.28472816944122314
evaluation-96643-tar-000,1,0.7796865701675415
evaluation-96643-non-000,0,0.9337666630744934
evaluation-9666-tar-000,1,0.9107431173324585
evaluation-9666-non-000,0,-0.05761781334877014
evaluation-96665-tar-000,1,0.9189395308494568
evaluation-96665-non-000,0,0.7580374479293823
evaluation-96676-tar-000,1,0.4816335439682007
evaluation-96676-non-000,0,0.44052785634994507
evaluation-96701-tar-000,1,0.9641048908233643
evaluation-96701-non-000,0,0.36345940828323364
evaluation-96706-tar-000,1,0.7051608562469482
evaluation-96706-non-000,0,0.7679034471511841
evaluation-96712-tar-000,1,0.6560192108154297
evaluation-96712-non-000,0,0.8338303565979004
evaluation-96767-tar-000,1,0.876011073589325
evaluation-96767-non-000,0,0.48323825001716614
evaluation-96844-tar-000,1,0.9064310193061829
evaluation-96844-non-000,0,0.8086035251617432
evaluation-9696-tar-000,1,0.23572604358196259
evaluation-9696-non-000,0,0.22689980268478394
evaluation-96984-tar-000,1,0.9325530529022217
evaluation-96984-non-000,0,0.9655649662017822
evaluation-9705-tar-000,1,0.8375076651573181
evaluation-9705-non-000,0,0.9567368626594543
evaluation-9706-tar-000,1,0.8542865514755249
evaluation-9706-non-000,0,0.7074751853942871
evaluation-97072-tar-000,1,0.3923000693321228
evaluation-97072-non-000,0,-0.06509487330913544
evaluation-9737-tar-000,1,-0.20927448570728302
evaluation-9737-non-000,0,-0.44234466552734375
evaluation-97434-tar-000,1,-0.26797544956207275
evaluation-97434-non-000,0,0.9595754146575928
evaluation-9752-tar-000,1,0.4823780059814453
evaluation-9752-non-000,0,0.39756548404693604
evaluation-97550-tar-000,1,0.944078266620636
evaluation-97550-non-000,0,0.6946679353713989
evaluation-97588-tar-000,1,0.8069078922271729
evaluation-97588-non-000,0,0.798597514629364
evaluation-97624-tar-000,1,0.8804129362106323
evaluation-97624-non-000,0,0.5558894872665405
evaluation-9767-tar-000,1,0.8723548650741577
evaluation-9767-non-000,0,0.46962466835975647
evaluation-97695-tar-000,1,0.9207109808921814
evaluation-97695-non-000,0,0.2608446180820465
evaluation-97860-tar-000,1,0.46353617310523987
evaluation-97860-non-000,0,0.9218528270721436
evaluation-97937-tar-000,1,0.911117434501648
evaluation-97937-non-000,0,0.835882842540741
evaluation-97953-tar-000,1,0.967756450176239
evaluation-97953-non-000,0,0.5127145051956177
evaluation-9817-tar-000,1,0.5703444480895996
evaluation-9817-non-000,0,0.616718053817749
evaluation-9830-tar-000,1,0.7522842884063721
evaluation-9830-non-000,0,0.6627663373947144
evaluation-98327-tar-000,1,0.8905284404754639
evaluation-98327-non-000,0,0.8183480501174927
evaluation-9835-tar-000,1,0.724078357219696
evaluation-9835-non-000,0,0.8601037263870239
evaluation-98459-tar-000,1,0.5165727138519287
evaluation-98459-non-000,0,0.8815802335739136
evaluation-98514-tar-000,1,0.8659712672233582
evaluation-98514-non-000,0,-0.2863098978996277
evaluation-98588-tar-000,1,-0.2741449475288391
evaluation-98588-non-000,0,0.7234619855880737
evaluation-9859-tar-000,1,-0.22899004817008972
evaluation-9859-non-000,0,0.8161748647689819
evaluation-9863-tar-000,1,0.5603036284446716
evaluation-9863-non-000,0,0.7219768166542053
evaluation-9871-tar-000,1,0.8690873384475708
evaluation-9871-non-000,0,0.6839015483856201
evaluation-9872-tar-000,1,0.9848945736885071
evaluation-9872-non-000,0,0.9633781313896179
evaluation-98731-tar-000,1,0.9051515460014343
evaluation-98731-non-000,0,-0.559738278388977
evaluation-98744-tar-000,1,-0.011945970356464386
evaluation-98744-non-000,0,0.18081019818782806
evaluation-98821-tar-000,1,0.7428295612335205
evaluation-98821-non-000,0,0.45580896735191345
evaluation-99038-tar-000,1,0.9009871482849121
evaluation-99038-non-000,0,-0.2672072649002075
evaluation-9904-tar-000,1,0.2718093693256378
evaluation-9904-non-000,0,0.297829806804657
evaluation-99123-tar-000,1,0.9099097847938538
evaluation-99123-non-000,0,0.4709569215774536
evaluation-99148-tar-000,1,0.5192360877990723
evaluation-99148-non-000,0,-0.29771989583969116
evaluation-9915-tar-000,1,0.9175821542739868
evaluation-9915-non-000,0,0.7826626896858215
evaluation-99195-tar-000,1,0.8191261291503906
evaluation-99195-non-000,0,0.7259645462036133
evaluation-99206-tar-000,1,0.9441101551055908
evaluation-99206-non-000,0,0.8002341389656067
evaluation-99230-tar-000,1,0.8887969255447388
evaluation-99230-non-000,0,0.9563175439834595
evaluation-99241-tar-000,1,0.8996727466583252
evaluation-99241-non-000,0,0.36973851919174194
evaluation-9928-tar-000,1,0.9294844269752502
evaluation-9928-non-000,0,0.9917977452278137
evaluation-9932-tar-000,1,0.6387337446212769
evaluation-9932-non-000,0,0.8086634874343872
evaluation-99321-tar-000,1,0.9731731414794922
evaluation-99321-non-000,0,-0.35593706369400024
evaluation-99349-tar-000,1,0.9333670139312744
evaluation-99349-non-000,0,0.32295066118240356
evaluation-9946-tar-000,1,0.6411272287368774
evaluation-9946-non-000,0,0.9701089859008789
evaluation-99461-tar-000,1,0.44902369379997253
evaluation-99461-non-000,0,0.9552690982818604
evaluation-9948-tar-000,1,0.9854893684387207
evaluation-9948-non-000,0,0.9481502771377563
evaluation-9949-tar-000,1,0.27114930748939514
evaluation-9949-non-000,0,-0.24422410130500793
evaluation-99497-tar-000,1,0.8423552513122559
evaluation-99497-non-000,0,0.9093639254570007
evaluation-99640-tar-000,1,0.6080535650253296
evaluation-99640-non-000,0,0.9392406940460205
evaluation-99692-tar-000,1,0.9345453381538391
evaluation-99692-non-000,0,0.8312045931816101
evaluation-9971-tar-000,1,-0.040091563016176224
evaluation-9971-non-000,0,0.7310402393341064
evaluation-9972-tar-000,1,0.8407915830612183
evaluation-9972-non-000,0,0.6222615242004395
evaluation-9979-tar-000,1,0.15947875380516052
evaluation-9979-non-000,0,0.4476611018180847
evaluation-9985-tar-000,1,0.8649311065673828
evaluation-9985-non-000,0,0.09021864831447601
evaluation-9993-tar-000,1,-0.5619279146194458
evaluation-9993-non-000,0,0.567766010761261
evaluation-9994-tar-000,1,0.9764405488967896
evaluation-9994-non-000,0,-0.03439396619796753
evaluation-99945-tar-000,1,0.6120519638061523
evaluation-99945-non-000,0,0.4025012254714966
evaluation-99967-tar-000,1,0.953052818775177
evaluation-99967-non-000,0,0.9152981042861938
evaluation-9997-tar-000,1,0.8906856775283813
evaluation-9997-non-000,0,0.9215661287307739
