trial_id,label,score
evaluation-1007-tar-000,1,0.7342210412025452
evaluation-1007-non-000,0,0.47357919812202454
evaluation-1008-tar-000,1,0.9472785592079163
evaluation-1008-non-000,0,0.5149174332618713
evaluation-1013-tar-000,1,0.8197399377822876
evaluation-1013-non-000,0,0.0856427252292633
evaluation-10178-tar-000,1,0.9858419299125671
evaluation-10178-non-000,0,0.8780970573425293
evaluation-1024-tar-000,1,-0.13558046519756317
evaluation-1024-non-000,0,0.7809700965881348
evaluation-10282-tar-000,1,0.8364397287368774
evaluation-10282-non-000,0,0.3650069236755371
evaluation-10346-tar-000,1,0.8797906637191772
evaluation-10346-non-000,0,0.20567573606967926
evaluation-10406-tar-000,1,0.7074272036552429
evaluation-10406-non-000,0,-0.26813870668411255
evaluation-10428-tar-000,1,0.968973696231842
evaluation-10428-non-000,0,-0.21970915794372559
evaluation-10444-tar-000,1,0.9479932188987732
evaluation-10444-non-000,0,0.6248780488967896
evaluation-10538-tar-000,1,0.5843145847320557
evaluation-10538-non-000,0,0.14943170547485352
evaluation-1055-tar-000,1,0.8997097015380859
evaluation-1055-non-000,0,0.8543375730514526
evaluation-1056-tar-000,1,0.7047728300094604
evaluation-1056-non-000,0,0.7521660327911377
evaluation-10606-tar-000,1,0.9913142323493958
evaluation-10606-non-000,0,0.41927289962768555
evaluation-1063-tar-000,1,0.9844437837600708
evaluation-1063-non-000,0,0.9026918411254883
evaluation-10642-tar-000,1,0.7880715131759644
evaluation-10642-non-000,0,0.4639241099357605
evaluation-10689-tar-000,1,0.7952161431312561
evaluation-10689-non-000,0,0.9492868185043335
evaluation-10711-tar-000,1,0.7922981977462769
evaluation-10711-non-000,0,0.876656174659729
evaluation-10738-tar-000,1,0.9383372068405151
evaluation-10738-non-000,0,0.9223160147666931
evaluation-10802-tar-000,1,0.9118638038635254
evaluation-10802-non-000,0,0.5213872790336609
evaluation-10862-tar-000,1,0.9675975441932678
evaluation-10862-non-000,0,0.671015739440918
evaluation-10966-tar-000,1,0.9625076055526733
evaluation-10966-non-000,0,0.5421496629714966
evaluation-1100-tar-000,1,0.18069177865982056
evaluation-1100-non-000,0,0.35583481192588806
evaluation-11060-tar-000,1,0.9408340454101562
evaluation-11060-non-000,0,0.8392442464828491
evaluation-11126-tar-000,1,0.9382150173187256
evaluation-11126-non-000,0,0.5896811485290527
evaluation-11189-tar-000,1,0.6855753660202026
evaluation-11189-non-000,0,0.951943039894104
evaluation-1122-tar-000,1,0.6265618205070496
evaluation-1122-non-000,0,0.03924348205327988
evaluation-1130-tar-000,1,0.6912763714790344
evaluation-1130-non-000,0,0.13016372919082642
evaluation-11392-tar-000,1,0.9456965327262878
evaluation-11392-non-000,0,0.8930751085281372
evaluation-11485-tar-000,1,0.910163938999176
evaluation-11485-non-000,0,0.9489617943763733
evaluation-11513-tar-000,1,0.9102059602737427
evaluation-11513-non-000,0,0.6040138006210327
evaluation-1162-tar-000,1,0.9506427645683289
evaluation-1162-non-000,0,0.9578720331192017
evaluation-11647-tar-000,1,0.8073474764823914
evaluation-11647-non-000,0,0.7215322256088257
evaluation-1165-tar-000,1,0.9302038550376892
evaluation-1165-non-000,0,0.9112828969955444
evaluation-11664-tar-000,1,0.6904634833335876
evaluation-11664-non-000,0,0.3682505488395691
evaluation-1169-tar-000,1,0.36378705501556396
evaluation-1169-non-000,0,-0.3629104495048523
evaluation-11757-tar-000,1,0.9888626933097839
evaluation-11757-non-000,0,-0.10975868999958038
evaluation-11845-tar-000,1,0.9508063793182373
evaluation-11845-non-000,0,0.6600164175033569
evaluation-1198-tar-000,1,0.4857260584831238
evaluation-1198-non-000,0,0.4482177495956421
evaluation-1203-tar-000,1,0.7377480268478394
evaluation-1203-non-000,0,0.3573262691497803
evaluation-12106-tar-000,1,0.899158239364624
evaluation-12106-non-000,0,0.5530437231063843
evaluation-12112-tar-000,1,0.3675335645675659
evaluation-12112-non-000,0,0.4520334303379059
evaluation-12156-tar-000,1,0.7273033857345581
evaluation-12156-non-000,0,-0.104398712515831
evaluation-12197-tar-000,1,0.8809953927993774
evaluation-12197-non-000,0,0.7796331644058228
evaluation-12210-tar-000,1,0.932430624961853
evaluation-12210-non-000,0,0.8084479570388794
evaluation-12224-tar-000,1,0.9740484952926636
evaluation-12224-non-000,0,0.949009358882904
evaluation-12323-tar-000,1,0.9858525991439819
evaluation-12323-non-000,0,0.9638937711715698
evaluation-1235-tar-000,1,0.8895916938781738
evaluation-1235-non-000,0,0.6377192735671997
evaluation-1238-tar-000,1,0.5391063690185547
evaluation-1238-non-000,0,0.15696744620800018
evaluation-12395-tar-000,1,0.38094425201416016
evaluation-12395-non-000,0,0.8557286262512207
evaluation-12408-tar-000,1,0.9667688012123108
evaluation-12408-non-000,0,0.6484889388084412
evaluation-12414-tar-000,1,0.9873464107513428
evaluation-12414-non-000,0,0.9332607388496399
evaluation-12661-tar-000,1,0.9861298203468323
evaluation-12661-non-000,0,0.5820525288581848
evaluation-12666-tar-000,1,0.4626352787017822
evaluation-12666-non-000,0,0.7980061769485474
evaluation-12669-tar-000,1,0.9337676763534546
evaluation-12669-non-000,0,0.5181006193161011
evaluation-1270-tar-000,1,0.895149290561676
evaluation-1270-non-000,0,0.13998615741729736
evaluation-1274-tar-000,1,0.8222049474716187
evaluation-1274-non-000,0,-0.032510414719581604
evaluation-12796-tar-000,1,0.5536490678787231
evaluation-12796-non-000,0,0.8682753443717957
evaluation-12807-tar-000,1,0.9310765266418457
evaluation-12807-non-000,0,0.49918103218078613
evaluation-12828-tar-000,1,0.960769772529602
evaluation-12828-non-000,0,0.8571343421936035
evaluation-12919-tar-000,1,0.8165546655654907
evaluation-12919-non-000,0,0.4657762050628662
evaluation-1297-tar-000,1,0.8847302198410034
evaluation-1297-non-000,0,0.7721590399742126
evaluation-1303-tar-000,1,0.6920698881149292
evaluation-1303-non-000,0,0.5901588201522827
evaluation-13194-tar-000,1,0.9636958837509155
evaluation-13194-non-000,0,0.38736724853515625
evaluation-1320-tar-000,1,0.7747246623039246
evaluation-1320-non-000,0,-0.5645647048950195
evaluation-13298-tar-000,1,0.8796769380569458
evaluation-13298-non-000,0,0.14530743658542633
evaluation-1334-tar-000,1,0.8081549406051636
evaluation-1334-non-000,0,0.8465015888214111
evaluation-13663-tar-000,1,0.933038592338562
evaluation-13663-non-000,0,0.32200324535369873
evaluation-13666-tar-000,1,0.9710367321968079
evaluation-13666-non-000,0,0.8809860944747925
evaluation-13707-tar-000,1,0.7725085020065308
evaluation-13707-non-000,0,0.9141026139259338
evaluation-1372-tar-000,1,0.17867988348007202
evaluation-1372-non-000,0,0.3005237579345703
evaluation-13754-tar-000,1,0.8497493863105774
evaluation-13754-non-000,0,0.818340539932251
evaluation-13806-tar-000,1,0.8135013580322266
evaluation-13806-non-000,0,0.6839185953140259
evaluation-13839-tar-000,1,0.8561323285102844
evaluation-13839-non-000,0,0.7846158742904663
evaluation-13985-tar-000,1,0.3825441896915436
evaluation-13985-non-000,0,0.763185441493988
evaluation-14001-tar-000,1,0.9655027985572815
evaluation-14001-non-000,0,0.25864678621292114
evaluation-1401-tar-000,1,0.7375650405883789
evaluation-1401-non-000,0,0.7915507555007935
evaluation-14075-tar-000,1,0.9371035099029541
evaluation-14075-non-000,0,0.6058887839317322
evaluation-1409-tar-000,1,0.9891666173934937
evaluation-1409-non-000,0,0.905921459197998
evaluation-14106-tar-000,1,0.9965256452560425
evaluation-14106-non-000,0,0.6483080983161926
evaluation-1414-tar-000,1,0.8895502090454102
evaluation-1414-non-000,0,0.013849683105945587
evaluation-14259-tar-000,1,0.9467229247093201
evaluation-14259-non-000,0,0.8222397565841675
evaluation-14430-tar-000,1,0.8657321333885193
evaluation-14430-non-000,0,0.6773673295974731
evaluation-14737-tar-000,1,0.153513103723526
evaluation-14737-non-000,0,0.874622642993927
evaluation-1475-tar-000,1,0.6399844884872437
evaluation-1475-non-000,0,0.33670860528945923
evaluation-14790-tar-000,1,0.8151317834854126
evaluation-14790-non-000,0,0.1443871259689331
evaluation-1480-tar-000,1,0.3021162748336792
evaluation-1480-non-000,0,0.6494661569595337
evaluation-14869-tar-000,1,0.7045511603355408
evaluation-14869-non-000,0,0.7031760215759277
evaluation-14875-tar-000,1,0.4543984532356262
evaluation-14875-non-000,0,0.27942967414855957
evaluation-14877-tar-000,1,0.9790884852409363
evaluation-14877-non-000,0,0.4750875234603882
evaluation-14888-tar-000,1,0.9813278913497925
evaluation-14888-non-000,0,0.9179306030273438
evaluation-14987-tar-000,1,0.9218679070472717
evaluation-14987-non-000,0,0.8074871301651001
evaluation-1507-tar-000,1,0.9146760702133179
evaluation-1507-non-000,0,0.6816798448562622
evaluation-15073-tar-000,1,0.905142605304718
evaluation-15073-non-000,0,0.8009676933288574
evaluation-15133-tar-000,1,0.9846029281616211
evaluation-15133-non-000,0,0.6723599433898926
evaluation-15169-tar-000,1,0.8634336590766907
evaluation-15169-non-000,0,0.7428696155548096
evaluation-15180-tar-000,1,0.9835257530212402
evaluation-15180-non-000,0,0.9821227788925171
evaluation-1522-tar-000,1,0.9862061738967896
evaluation-1522-non-000,0,0.23923426866531372
evaluation-1524-tar-000,1,0.5254049301147461
evaluation-1524-non-000,0,0.866236686706543
evaluation-15243-tar-000,1,0.9577735662460327
evaluation-15243-non-000,0,0.6118026971817017
evaluation-15298-tar-000,1,0.8058342933654785
evaluation-15298-non-000,0,0.8452611565589905
evaluation-1539-tar-000,1,0.11544662714004517
evaluation-1539-non-000,0,0.054386891424655914
evaluation-15462-tar-000,1,0.7639586925506592
evaluation-15462-non-000,0,0.5800143480300903
evaluation-1548-tar-000,1,0.8648592233657837
evaluation-1548-non-000,0,0.8019229173660278
evaluation-15501-tar-000,1,0.42214176058769226
evaluation-15501-non-000,0,0.343171626329422
evaluation-15515-tar-000,1,0.7885690927505493
evaluation-15515-non-000,0,0.20761635899543762
evaluation-1554-tar-000,1,0.8037835359573364
evaluation-1554-non-000,0,-0.15529894828796387
evaluation-15570-tar-000,1,0.972262978553772
evaluation-15570-non-000,0,0.5626130104064941
evaluation-15581-tar-000,1,0.26304036378860474
evaluation-15581-non-000,0,0.3051478862762451
evaluation-15600-tar-000,1,0.9315574169158936
evaluation-15600-non-000,0,0.713780403137207
evaluation-15699-tar-000,1,0.8862432241439819
evaluation-15699-non-000,0,0.9607813358306885
evaluation-15817-tar-000,1,0.955374002456665
evaluation-15817-non-000,0,0.8728246092796326
evaluation-15839-tar-000,1,0.9385169744491577
evaluation-15839-non-000,0,0.7976294755935669
evaluation-15855-tar-000,1,0.9376567006111145
evaluation-15855-non-000,0,0.7969420552253723
evaluation-15866-tar-000,1,0.984744668006897
evaluation-15866-non-000,0,0.9737116098403931
evaluation-15885-tar-000,1,0.9129112362861633
evaluation-15885-non-000,0,0.7545734643936157
evaluation-15993-tar-000,1,0.9031967520713806
evaluation-15993-non-000,0,-0.07678718864917755
evaluation-1603-tar-000,1,0.5589158535003662
evaluation-1603-non-000,0,0.6337411999702454
evaluation-16223-tar-000,1,0.9801301956176758
evaluation-16223-non-000,0,0.9329373836517334
evaluation-1631-tar-000,1,0.9864097237586975
evaluation-1631-non-000,0,-0.3553451597690582
evaluation-1632-tar-000,1,0.9442607164382935
evaluation-1632-non-000,0,0.8443506956100464
evaluation-1633-tar-000,1,0.9894757270812988
evaluation-1633-non-000,0,0.9048938155174255
evaluation-1646-tar-000,1,0.8853668570518494
evaluation-1646-non-000,0,-0.004838887602090836
evaluation-16473-tar-000,1,0.9090355634689331
evaluation-16473-non-000,0,0.28117865324020386
evaluation-16490-tar-000,1,0.9957141876220703
evaluation-16490-non-000,0,0.970166802406311
evaluation-1650-tar-000,1,0.8166111707687378
evaluation-1650-non-000,0,0.5016919374465942
evaluation-16520-tar-000,1,0.5684282183647156
evaluation-16520-non-000,0,0.16715538501739502
evaluation-16608-tar-000,1,0.928747832775116
evaluation-16608-non-000,0,0.8460193872451782
evaluation-16635-tar-000,1,0.668336808681488
evaluation-16635-non-000,0,0.8981871604919434
evaluation-16665-tar-000,1,0.7981282472610474
evaluation-16665-non-000,0,0.7487087249755859
evaluation-1681-tar-000,1,0.9862534999847412
evaluation-1681-non-000,0,0.8487797975540161
evaluation-16849-tar-000,1,0.24352890253067017
evaluation-16849-non-000,0,-0.14585790038108826
evaluation-16855-tar-000,1,0.8286992311477661
evaluation-16855-non-000,0,0.3350555896759033
evaluation-16976-tar-000,1,0.7191022634506226
evaluation-16976-non-000,0,-0.15157195925712585
evaluation-1707-tar-000,1,0.9550780057907104
evaluation-1707-non-000,0,0.6595087051391602
evaluation-17121-tar-000,1,0.9726170301437378
evaluation-17121-non-000,0,0.2025230973958969
evaluation-17163-tar-000,1,0.9655855894088745
evaluation-17163-non-000,0,0.455387681722641
evaluation-17165-tar-000,1,0.8524817228317261
evaluation-17165-non-000,0,0.7126176357269287
evaluation-17182-tar-000,1,0.9086747765541077
evaluation-17182-non-000,0,0.8774522542953491
evaluation-17717-tar-000,1,0.9856271743774414
evaluation-17717-non-000,0,0.9776286482810974
evaluation-1777-tar-000,1,0.9147536158561707
evaluation-1777-non-000,0,0.2235402762889862
evaluation-1778-tar-000,1,0.7207610607147217
evaluation-1778-non-000,0,0.8892083764076233
evaluation-1780-tar-000,1,0.6704413890838623
evaluation-1780-non-000,0,0.2508750855922699
evaluation-17805-tar-000,1,0.9368736147880554
evaluation-17805-non-000,0,0.992842435836792
evaluation-1781-tar-000,1,0.9417908191680908
evaluation-1781-non-000,0,0.25372812151908875
evaluation-17871-tar-000,1,0.9863910675048828
evaluation-17871-non-000,0,-0.6409169435501099
evaluation-1790-tar-000,1,0.8757938742637634
evaluation-1790-non-000,0,-0.29797208309173584
evaluation-17918-tar-000,1,0.9841365814208984
evaluation-17918-non-000,0,0.30733782052993774
evaluation-17970-tar-000,1,0.7711963653564453
evaluation-17970-non-000,0,0.9260913133621216
evaluation-1800-tar-000,1,0.9540618658065796
evaluation-1800-non-000,0,-0.3805145025253296
evaluation-18041-tar-000,1,0.9007402062416077
evaluation-18041-non-000,0,0.952634334564209
evaluation-1812-tar-000,1,0.5845264196395874
evaluation-1812-non-000,0,-0.0809364765882492
evaluation-18146-tar-000,1,0.6347900629043579
evaluation-18146-non-000,0,0.8208636045455933
evaluation-18176-tar-000,1,0.7257617115974426
evaluation-18176-non-000,0,0.6508051753044128
evaluation-1818-tar-000,1,0.8794593214988708
evaluation-1818-non-000,0,-0.08128297328948975
evaluation-18245-tar-000,1,0.9345220923423767
evaluation-18245-non-000,0,0.9199141263961792
evaluation-18286-tar-000,1,0.8291345238685608
evaluation-18286-non-000,0,-0.3152725100517273
evaluation-18294-tar-000,1,0.9482042789459229
evaluation-18294-non-000,0,-0.3717936873435974
evaluation-18390-tar-000,1,0.9927959442138672
evaluation-18390-non-000,0,0.9282066822052002
evaluation-18407-tar-000,1,0.9222825765609741
evaluation-18407-non-000,0,0.814185619354248
evaluation-1845-tar-000,1,0.81220543384552
evaluation-1845-non-000,0,0.7279437780380249
evaluation-1847-tar-000,1,0.5912532806396484
evaluation-1847-non-000,0,0.6192741394042969
evaluation-1859-tar-000,1,0.555530309677124
evaluation-1859-non-000,0,0.8264670968055725
evaluation-1868-tar-000,1,0.8753485083580017
evaluation-1868-non-000,0,0.30102503299713135
evaluation-18708-tar-000,1,-0.23367562890052795
evaluation-18708-non-000,0,0.31805258989334106
evaluation-18835-tar-000,1,0.7659993171691895
evaluation-18835-non-000,0,0.6915822625160217
evaluation-1896-tar-000,1,0.9469751119613647
evaluation-1896-non-000,0,-0.1900137960910797
evaluation-1904-tar-000,1,0.581748366355896
evaluation-1904-non-000,0,0.8030537366867065
evaluation-19077-tar-000,1,-0.2809065878391266
evaluation-19077-non-000,0,0.6541273593902588
evaluation-19288-tar-000,1,0.905158519744873
evaluation-19288-non-000,0,0.4924289584159851
evaluation-19371-tar-000,1,0.8810106515884399
evaluation-19371-non-000,0,0.8311738967895508
evaluation-19407-tar-000,1,0.9459185600280762
evaluation-19407-non-000,0,0.9453016519546509
evaluation-19549-tar-000,1,0.9913149476051331
evaluation-19549-non-000,0,0.8467604517936707
evaluation-1958-tar-000,1,0.9709495306015015
evaluation-1958-non-000,0,0.24351678788661957
evaluation-1960-tar-000,1,0.7726062536239624
evaluation-1960-non-000,0,0.611943244934082
evaluation-19659-tar-000,1,0.9633045196533203
evaluation-19659-non-000,0,-0.306182324886322
evaluation-19714-tar-000,1,0.7898321151733398
evaluation-19714-non-000,0,0.5621350407600403
evaluation-19761-tar-000,1,0.967718243598938
evaluation-19761-non-000,0,0.539956271648407
evaluation-19819-tar-000,1,0.6190141439437866
evaluation-19819-non-000,0,-0.5255260467529297
evaluation-19865-tar-000,1,0.7654062509536743
evaluation-19865-non-000,0,0.9537346363067627
evaluation-1994-tar-000,1,0.7188878059387207
evaluation-1994-non-000,0,-0.5263940095901489
evaluation-20000-tar-000,1,0.9769150614738464
evaluation-20000-non-000,0,0.9228113293647766
evaluation-2020-tar-000,1,0.4363892674446106
evaluation-2020-non-000,0,0.8568103313446045
evaluation-20244-tar-000,1,0.659588098526001
evaluation-20244-non-000,0,-0.11535319685935974
evaluation-2037-tar-000,1,0.8435899019241333
evaluation-2037-non-000,0,0.6837243437767029
evaluation-20458-tar-000,1,0.6895685195922852
evaluation-20458-non-000,0,-0.08578912913799286
evaluation-20461-tar-000,1,0.9879928827285767
evaluation-20461-non-000,0,0.5712215900421143
evaluation-2059-tar-000,1,0.11698642373085022
evaluation-2059-non-000,0,0.5550305247306824
evaluation-20667-tar-000,1,0.888272762298584
evaluation-20667-non-000,0,0.05070672184228897
evaluation-20673-tar-000,1,0.7256391644477844
evaluation-20673-non-000,0,0.9862765669822693
evaluation-2077-tar-000,1,0.9846267104148865
evaluation-2077-non-000,0,0.9075547456741333
evaluation-20870-tar-000,1,0.9806735515594482
evaluation-20870-non-000,0,0.9201160669326782
evaluation-20881-tar-000,1,0.9858386516571045
evaluation-20881-non-000,0,0.7403641939163208
evaluation-2090-tar-000,1,0.6755556464195251
evaluation-2090-non-000,0,-0.2493458390235901
evaluation-2092-tar-000,1,0.812771201133728
evaluation-2092-non-000,0,0.710625410079956
evaluation-2093-tar-000,1,0.9339600801467896
evaluation-2093-non-000,0,0.788189172744751
evaluation-2094-tar-000,1,0.8313468098640442
evaluation-2094-non-000,0,-0.19854608178138733
evaluation-20947-tar-000,1,0.8204547762870789
evaluation-20947-non-000,0,0.9412555694580078
evaluation-21041-tar-000,1,0.6023508310317993
evaluation-21041-non-000,0,0.9065401554107666
evaluation-21082-tar-000,1,0.9952759742736816
evaluation-21082-non-000,0,0.9846363067626953
evaluation-21120-tar-000,1,0.7466344833374023
evaluation-21120-non-000,0,0.14364327490329742
evaluation-21181-tar-000,1,0.7841343283653259
evaluation-21181-non-000,0,0.7876549959182739
evaluation-2124-tar-000,1,0.9586474895477295
evaluation-2124-non-000,0,0.6882733106613159
evaluation-21258-tar-000,1,0.8266803622245789
evaluation-21258-non-000,0,0.9305112957954407
evaluation-21280-tar-000,1,0.9393290281295776
evaluation-21280-non-000,0,0.24647736549377441
evaluation-2130-tar-000,1,0.9001049399375916
evaluation-2130-non-000,0,0.042419277131557465
evaluation-21403-tar-000,1,0.7795639038085938
evaluation-21403-non-000,0,0.9786304235458374
evaluation-2159-tar-000,1,0.9831385016441345
evaluation-2159-non-000,0,0.6373517513275146
evaluation-21629-tar-000,1,0.6685526371002197
evaluation-21629-non-000,0,0.9108198881149292
evaluation-2168-tar-000,1,0.8608828783035278
evaluation-2168-non-000,0,0.47117120027542114
evaluation-2171-tar-000,1,0.14176079630851746
evaluation-2171-non-000,0,0.674182653427124
evaluation-2181-tar-000,1,0.6199914216995239
evaluation-2181-non-000,0,0.004965197294950485
evaluation-2186-tar-000,1,0.7606598734855652
evaluation-2186-non-000,0,0.4553244709968567
evaluation-21928-tar-000,1,0.9668703675270081
evaluation-21928-non-000,0,0.5290848016738892
evaluation-2196-tar-000,1,0.8926792144775391
evaluation-2196-non-000,0,0.6396133899688721
evaluation-21969-tar-000,1,0.9402965307235718
evaluation-21969-non-000,0,0.4639248847961426
evaluation-2199-tar-000,1,0.595593273639679
evaluation-2199-non-000,0,0.2817055881023407
evaluation-21991-tar-000,1,0.8975361585617065
evaluation-21991-non-000,0,0.5516437292098999
evaluation-2200-tar-000,1,0.5438213348388672
evaluation-2200-non-000,0,0.23949286341667175
evaluation-22062-tar-000,1,0.9493685960769653
evaluation-22062-non-000,0,0.9312061071395874
evaluation-22090-tar-000,1,0.9985360503196716
evaluation-22090-non-000,0,0.6590083837509155
evaluation-22134-tar-000,1,0.9525307416915894
evaluation-22134-non-000,0,0.7133979797363281
evaluation-22142-tar-000,1,0.9772443175315857
evaluation-22142-non-000,0,0.9500997066497803
evaluation-22290-tar-000,1,0.9631012678146362
evaluation-22290-non-000,0,0.6563011407852173
evaluation-2233-tar-000,1,0.7575404047966003
evaluation-2233-non-000,0,0.9507161378860474
evaluation-22345-tar-000,1,0.2449256181716919
evaluation-22345-non-000,0,0.616187334060669
evaluation-22365-tar-000,1,0.6472643613815308
evaluation-22365-non-000,0,-0.1675839126110077
evaluation-22483-tar-000,1,0.9284839630126953
evaluation-22483-non-000,0,0.47822076082229614
evaluation-22521-tar-000,1,0.9975587725639343
evaluation-22521-non-000,0,-0.38005271553993225
evaluation-22595-tar-000,1,0.8275908827781677
evaluation-22595-non-000,0,0.8341459035873413
evaluation-22738-tar-000,1,0.9538066983222961
evaluation-22738-non-000,0,0.7279694080352783
evaluation-22760-tar-000,1,0.9591972827911377
evaluation-22760-non-000,0,0.3536451756954193
evaluation-2290-tar-000,1,0.46838122606277466
evaluation-2290-non-000,0,-0.06593358516693115
evaluation-2291-tar-000,1,0.8531633019447327
evaluation-2291-non-000,0,0.8277328610420227
evaluation-22988-tar-000,1,0.35166487097740173
evaluation-22988-non-000,0,0.523847222328186
evaluation-2305-tar-000,1,0.5297261476516724
evaluation-2305-non-000,0,-0.17344580590724945
evaluation-23051-tar-000,1,0.5796547532081604
evaluation-23051-non-000,0,0.46278154850006104
evaluation-23200-tar-000,1,0.3097585439682007
evaluation-23200-non-000,0,0.523165762424469
evaluation-23224-tar-000,1,0.49715352058410645
evaluation-23224-non-000,0,0.5909696817398071
evaluation-23246-tar-000,1,0.8926875591278076
evaluation-23246-non-000,0,0.5346663594245911
evaluation-2327-tar-000,1,0.9725056886672974
evaluation-2327-non-000,0,0.6530909538269043
evaluation-23406-tar-000,1,0.7310352325439453
evaluation-23406-non-000,0,0.9324263334274292
evaluation-23422-tar-000,1,0.5816189050674438
evaluation-23422-non-000,0,0.8325902223587036
evaluation-2346-tar-000,1,0.6388314962387085
evaluation-2346-non-000,0,0.4919273853302002
evaluation-23482-tar-000,1,0.8570786714553833
evaluation-23482-non-000,0,-0.08322560787200928
evaluation-2349-tar-000,1,0.7304781675338745
evaluation-2349-non-000,0,0.5410144925117493
evaluation-23510-tar-000,1,0.028161700814962387
evaluation-23510-non-000,0,0.4276607632637024
evaluation-23623-tar-000,1,0.9935023784637451
evaluation-23623-non-000,0,0.9144015908241272
evaluation-2363-tar-000,1,-0.17100198566913605
evaluation-2363-non-000,0,0.9457389712333679
evaluation-23721-tar-000,1,0.9683064222335815
evaluation-23721-non-000,0,0.7838071584701538
evaluation-23743-tar-000,1,0.9367058277130127
evaluation-23743-non-000,0,0.8708071112632751
evaluation-23845-tar-000,1,0.6279448866844177
evaluation-23845-non-000,0,0.062127646058797836
evaluation-23878-tar-000,1,0.1870802938938141
evaluation-23878-non-000,0,0.7692972421646118
evaluation-2389-tar-000,1,0.9787166118621826
evaluation-2389-non-000,0,0.6567025184631348
evaluation-23988-tar-000,1,0.5728618502616882
evaluation-23988-non-000,0,0.3868524432182312
evaluation-2400-tar-000,1,0.835519552230835
evaluation-2400-non-000,0,-0.41764914989471436
evaluation-24035-tar-000,1,0.8497798442840576
evaluation-24035-non-000,0,0.8805743455886841
evaluation-24054-tar-000,1,0.9926866292953491
evaluation-24054-non-000,0,0.3465280532836914
evaluation-24117-tar-000,1,0.9651955366134644
evaluation-24117-non-000,0,0.7017194628715515
evaluation-24158-tar-000,1,0.9770748615264893
evaluation-24158-non-000,0,0.41154971718788147
evaluation-2421-tar-000,1,0.7506081461906433
evaluation-2421-non-000,0,0.31640124320983887
evaluation-24241-tar-000,1,0.9484881162643433
evaluation-24241-non-000,0,0.06684455275535583
evaluation-2427-tar-000,1,0.9011983871459961
evaluation-2427-non-000,0,0.7611384391784668
evaluation-2451-tar-000,1,0.42572540044784546
evaluation-2451-non-000,0,0.43335169553756714
evaluation-24512-tar-000,1,0.9828652143478394
evaluation-24512-non-000,0,0.6020882725715637
evaluation-24526-tar-000,1,0.6704525947570801
evaluation-24526-non-000,0,-0.1061871126294136
evaluation-24534-tar-000,1,0.9055861234664917
evaluation-24534-non-000,0,0.12675556540489197
evaluation-2454-tar-000,1,0.45935750007629395
evaluation-2454-non-000,0,0.6191825866699219
evaluation-2455-tar-000,1,0.9243377447128296
evaluation-2455-non-000,0,0.6684820652008057
evaluation-24584-tar-000,1,0.5716354250907898
evaluation-24584-non-000,0,-0.1655476689338684
evaluation-24620-tar-000,1,0.4146915674209595
evaluation-24620-non-000,0,0.006265401840209961
evaluation-2467-tar-000,1,0.7623181939125061
evaluation-2467-non-000,0,0.6236938834190369
evaluation-24688-tar-000,1,0.41195425391197205
evaluation-24688-non-000,0,0.626806378364563
evaluation-24699-tar-000,1,0.7817707061767578
evaluation-24699-non-000,0,0.9137659072875977
evaluation-2473-tar-000,1,0.8191934823989868
evaluation-2473-non-000,0,-0.257820725440979
evaluation-2481-tar-000,1,0.6780766248703003
evaluation-2481-non-000,0,0.9168232679367065
evaluation-2487-tar-000,1,0.5507381558418274
evaluation-2487-non-000,0,0.5251016020774841
evaluation-24872-tar-000,1,0.4866422712802887
evaluation-24872-non-000,0,0.554319441318512
evaluation-24875-tar-000,1,0.7234939336776733
evaluation-24875-non-000,0,0.7805031538009644
evaluation-24916-tar-000,1,0.7407150864601135
evaluation-24916-non-000,0,0.6539318561553955
evaluation-25070-tar-000,1,0.9269796013832092
evaluation-25070-non-000,0,-0.17817142605781555
evaluation-2509-tar-000,1,0.5273274183273315
evaluation-2509-non-000,0,0.4478256106376648
evaluation-2515-tar-000,1,0.8935637474060059
evaluation-2515-non-000,0,0.7389577627182007
evaluation-25185-tar-000,1,0.5670887231826782
evaluation-25185-non-000,0,0.7698262929916382
evaluation-25284-tar-000,1,0.9096143245697021
evaluation-25284-non-000,0,0.9365500211715698
evaluation-25295-tar-000,1,0.9474124908447266
evaluation-25295-non-000,0,0.7199794054031372
evaluation-25323-tar-000,1,0.8598923683166504
evaluation-25323-non-000,0,0.764427661895752
evaluation-2544-tar-000,1,0.9639701843261719
evaluation-2544-non-000,0,0.6223884224891663
evaluation-25485-tar-000,1,0.93147873878479
evaluation-25485-non-000,0,0.477335661649704
evaluation-25586-tar-000,1,0.9912124872207642
evaluation-25586-non-000,0,0.7982983589172363
evaluation-25619-tar-000,1,0.5269573926925659
evaluation-25619-non-000,0,0.31817370653152466
evaluation-2565-tar-000,1,0.925467848777771
evaluation-2565-non-000,0,0.9004660248756409
evaluation-25748-tar-000,1,0.8666353821754456
evaluation-25748-non-000,0,0.5860986709594727
evaluation-25960-tar-000,1,0.9940698146820068
evaluation-25960-non-000,0,0.6989704370498657
evaluation-2602-tar-000,1,0.987949013710022
evaluation-2602-non-000,0,0.9938764572143555
evaluation-2610-tar-000,1,0.21055592596530914
evaluation-2610-non-000,0,0.9749882817268372
evaluation-26125-tar-000,1,0.8816361427307129
evaluation-26125-non-000,0,-0.42492926120758057
evaluation-26138-tar-000,1,0.8628072738647461
evaluation-26138-non-000,0,0.9953371286392212
evaluation-26158-tar-000,1,0.9517189264297485
evaluation-26158-non-000,0,0.6510766744613647
evaluation-2618-tar-000,1,0.880657434463501
evaluation-2618-non-000,0,-0.27953416109085083
evaluation-26221-tar-000,1,0.5238125920295715
evaluation-26221-non-000,0,-0.02555437944829464
evaluation-26287-tar-000,1,0.993733286857605
evaluation-26287-non-000,0,0.7730952501296997
evaluation-26435-tar-000,1,0.5076326727867126
evaluation-26435-non-000,0,0.666980504989624
evaluation-26443-tar-000,1,0.027601517736911774
evaluation-26443-non-000,0,0.7347195148468018
evaluation-26454-tar-000,1,0.8159847259521484
evaluation-26454-non-000,0,0.7574702501296997
evaluation-26473-tar-000,1,0.608208179473877
evaluation-26473-non-000,0,0.04830797016620636
evaluation-26501-tar-000,1,0.9609266519546509
evaluation-26501-non-000,0,0.8001123070716858
evaluation-26545-tar-000,1,0.7885174751281738
evaluation-26545-non-000,0,0.34061354398727417
evaluation-26666-tar-000,1,0.9927184581756592
evaluation-26666-non-000,0,0.03362061083316803
evaluation-26679-tar-000,1,0.9857791662216187
evaluation-26679-non-000,0,0.9396330118179321
evaluation-2674-tar-000,1,-0.12030826508998871
evaluation-2674-non-000,0,0.9447450637817383
evaluation-2689-tar-000,1,0.6398480534553528
evaluation-2689-non-000,0,0.47962164878845215
evaluation-26894-tar-000,1,0.881546676158905
evaluation-26894-non-000,0,0.9574449062347412
evaluation-2699-tar-000,1,0.9496269822120667
evaluation-2699-non-000,0,0.42524880170822144
evaluation-2707-tar-000,1,0.9778311252593994
evaluation-2707-non-000,0,0.9124284982681274
evaluation-27124-tar-000,1,0.6744471788406372
evaluation-27124-non-000,0,0.18194064497947693
evaluation-27135-tar-000,1,0.8524031639099121
evaluation-27135-non-000,0,0.9302868247032166
evaluation-2714-tar-000,1,0.9559018015861511
evaluation-2714-non-000,0,0.5619785785675049
evaluation-27199-tar-000,1,0.8577562570571899
evaluation-27199-non-000,0,0.8920332193374634
evaluation-2739-tar-000,1,0.9861865043640137
evaluation-2739-non-000,0,0.2943604588508606
evaluation-2752-tar-000,1,0.9604246616363525
evaluation-2752-non-000,0,0.8265374302864075
evaluation-2762-tar-000,1,0.9541811943054199
evaluation-2762-non-000,0,0.3124600350856781
evaluation-2775-tar-000,1,0.9512405395507812
evaluation-2775-non-000,0,0.9022560715675354
evaluation-27811-tar-000,1,0.9535472393035889
evaluation-27811-non-000,0,0.899439811706543
evaluation-27932-tar-000,1,0.3730927109718323
evaluation-27932-non-000,0,0.9037665128707886
evaluation-27943-tar-000,1,0.5481590032577515
evaluation-27943-non-000,0,0.8182998895645142
evaluation-27979-tar-000,1,0.9355818033218384
evaluation-27979-non-000,0,0.6214139461517334
evaluation-28017-tar-000,1,0.6968424320220947
evaluation-28017-non-000,0,0.6741399765014648
evaluation-28028-tar-000,1,0.8151723146438599
evaluation-28028-non-000,0,0.902621865272522
evaluation-28053-tar-000,1,0.9261887073516846
evaluation-28053-non-000,0,0.4696374535560608
evaluation-2806-tar-000,1,0.13944727182388306
evaluation-2806-non-000,0,0.6434474587440491
evaluation-28086-tar-000,1,0.2068784087896347
evaluation-28086-non-000,0,0.962017297744751
evaluation-28105-tar-000,1,0.7231844663619995
evaluation-28105-non-000,0,0.7061488628387451
evaluation-28152-tar-000,1,0.569756031036377
evaluation-28152-non-000,0,-0.05510658025741577
evaluation-28182-tar-000,1,0.9487407207489014
evaluation-28182-non-000,0,0.9331665635108948
evaluation-28248-tar-000,1,0.28943926095962524
evaluation-28248-non-000,0,0.9676821827888489
evaluation-2831-tar-000,1,0.8433911800384521
evaluation-2831-non-000,0,0.9021005034446716
evaluation-28338-tar-000,1,0.892976701259613
evaluation-28338-non-000,0,0.5564683079719543
evaluation-28679-tar-000,1,0.9358639717102051
evaluation-28679-non-000,0,0.1927952766418457
evaluation-28682-tar-000,1,0.9547901153564453
evaluation-28682-non-000,0,0.6538370847702026
evaluation-28750-tar-000,1,0.7283688187599182
evaluation-28750-non-000,0,0.2337927222251892
evaluation-28781-tar-000,1,0.557738721370697
evaluation-28781-non-000,0,0.8854002952575684
evaluation-28822-tar-000,1,0.7405545115470886
evaluation-28822-non-000,0,0.16073104739189148
evaluation-2892-tar-000,1,0.08921164274215698
evaluation-2892-non-000,0,0.8075471520423889
evaluation-2901-tar-000,1,0.8328655958175659
evaluation-2901-non-000,0,0.8528213500976562
evaluation-2908-tar-000,1,0.253162145614624
evaluation-2908-non-000,0,-0.21203869581222534
evaluation-29102-tar-000,1,0.9821791052818298
evaluation-29102-non-000,0,0.35650232434272766
evaluation-29105-tar-000,1,0.7097989320755005
evaluation-29105-non-000,0,0.38963526487350464
evaluation-29237-tar-000,1,0.9881833791732788
evaluation-29237-non-000,0,0.05711942911148071
evaluation-29278-tar-000,1,0.9827046990394592
evaluation-29278-non-000,0,0.27971625328063965
evaluation-29434-tar-000,1,0.41421347856521606
evaluation-29434-non-000,0,-0.4222883880138397
evaluation-2950-tar-000,1,0.9538975954055786
evaluation-2950-non-000,0,0.7805379629135132
evaluation-29500-tar-000,1,0.9505552053451538
evaluation-29500-non-000,0,0.31480851769447327
evaluation-2957-tar-000,1,0.8152812719345093
evaluation-2957-non-000,0,0.5043619275093079
evaluation-29668-tar-000,1,0.9736840724945068
evaluation-29668-non-000,0,0.776602029800415
evaluation-29778-tar-000,1,0.9482315182685852
evaluation-29778-non-000,0,0.4160572290420532
evaluation-2984-tar-000,1,0.9396120309829712
evaluation-2984-non-000,0,0.9448309540748596
evaluation-2990-tar-000,1,0.780346691608429
evaluation-2990-non-000,0,0.03766242787241936
evaluation-29904-tar-000,1,-0.13957451283931732
evaluation-29904-non-000,0,0.8505246639251709
evaluation-30085-tar-000,1,0.9600478410720825
evaluation-30085-non-000,0,0.965172529220581
evaluation-3015-tar-000,1,0.43852221965789795
evaluation-3015-non-000,0,-0.07765653729438782
evaluation-3023-tar-000,1,0.501587450504303
evaluation-3023-non-000,0,0.31541237235069275
evaluation-30261-tar-000,1,0.947446346282959
evaluation-30261-non-000,0,0.9641674160957336
evaluation-30302-tar-000,1,0.5605819225311279
evaluation-30302-non-000,0,-0.3496663272380829
evaluation-30316-tar-000,1,0.7285358905792236
evaluation-30316-non-000,0,-0.006492998450994492
evaluation-30610-tar-000,1,0.972160816192627
evaluation-30610-non-000,0,0.6229315400123596
evaluation-3062-tar-000,1,0.540584921836853
evaluation-3062-non-000,0,0.7707310318946838
evaluation-30621-tar-000,1,0.6210260391235352
evaluation-30621-non-000,0,0.8596997261047363
evaluation-30659-tar-000,1,0.6548132300376892
evaluation-30659-non-000,0,0.46734118461608887
evaluation-30824-tar-000,1,0.6575502157211304
evaluation-30824-non-000,0,-0.24350899457931519
evaluation-30923-tar-000,1,0.9027062654495239
evaluation-30923-non-000,0,0.41158029437065125
evaluation-30967-tar-000,1,0.21553316712379456
evaluation-30967-non-000,0,0.09653022885322571
evaluation-31008-tar-000,1,0.9888185262680054
evaluation-31008-non-000,0,0.7169645428657532
evaluation-3124-tar-000,1,0.8961415886878967
evaluation-3124-non-000,0,0.7055624127388
evaluation-31280-tar-000,1,0.9883484244346619
evaluation-31280-non-000,0,0.4395962357521057
evaluation-31294-tar-000,1,0.5541336536407471
evaluation-31294-non-000,0,0.8117051124572754
evaluation-31307-tar-000,1,0.6716380715370178
evaluation-31307-non-000,0,0.5049672722816467
evaluation-31346-tar-000,1,-0.3264293968677521
evaluation-31346-non-000,0,0.3968663513660431
evaluation-31360-tar-000,1,0.6231385469436646
evaluation-31360-non-000,0,0.6456785798072815
evaluation-31384-tar-000,1,0.8469312191009521
evaluation-31384-non-000,0,0.7850936651229858
evaluation-3139-tar-000,1,0.8608876466751099
evaluation-3139-non-000,0,0.28823089599609375
evaluation-31390-tar-000,1,0.9736262559890747
evaluation-31390-non-000,0,0.9594109058380127
evaluation-3145-tar-000,1,0.9650880098342896
evaluation-3145-non-000,0,0.8846263885498047
evaluation-31464-tar-000,1,0.7713507413864136
evaluation-31464-non-000,0,0.4005165100097656
evaluation-3161-tar-000,1,0.6112664937973022
evaluation-3161-non-000,0,0.13370281457901
evaluation-31665-tar-000,1,0.8874605894088745
evaluation-31665-non-000,0,0.6348743438720703
evaluation-3167-tar-000,1,0.7940229177474976
evaluation-3167-non-000,0,0.6486833691596985
evaluation-31838-tar-000,1,0.9229262471199036
evaluation-31838-non-000,0,0.893427848815918
evaluation-31947-tar-000,1,0.7442011833190918
evaluation-31947-non-000,0,0.3340451121330261
evaluation-31950-tar-000,1,0.9496526718139648
evaluation-31950-non-000,0,0.9468680620193481
evaluation-31964-tar-000,1,0.9808086156845093
evaluation-31964-non-000,0,0.2982245683670044
evaluation-31986-tar-000,1,0.6208885908126831
evaluation-31986-non-000,0,-0.414317786693573
evaluation-32005-tar-000,1,0.9561530351638794
evaluation-32005-non-000,0,0.8835636973381042
evaluation-32046-tar-000,1,0.9763133525848389
evaluation-32046-non-000,0,0.7587605714797974
evaluation-32057-tar-000,1,0.2570929527282715
evaluation-32057-non-000,0,0.23622611165046692
evaluation-3215-tar-000,1,0.9278509616851807
evaluation-3215-non-000,0,0.6720892190933228
evaluation-32285-tar-000,1,0.8562799692153931
evaluation-32285-non-000,0,0.31361883878707886
evaluation-32368-tar-000,1,0.9613646268844604
evaluation-32368-non-000,0,0.4926829934120178
evaluation-32521-tar-000,1,0.9857170581817627
evaluation-32521-non-000,0,0.3501904010772705
evaluation-32620-tar-000,1,0.6749514937400818
evaluation-32620-non-000,0,0.8151962757110596
evaluation-32730-tar-000,1,-0.05004838854074478
evaluation-32730-non-000,0,0.8233879804611206
evaluation-32785-tar-000,1,0.7652313113212585
evaluation-32785-non-000,0,0.8215291500091553
evaluation-32810-tar-000,1,0.9887537956237793
evaluation-32810-non-000,0,0.9677245616912842
evaluation-3292-tar-000,1,-0.02641245722770691
evaluation-3292-non-000,0,0.32627227902412415
evaluation-3301-tar-000,1,0.7524450421333313
evaluation-3301-non-000,0,0.27180472016334534
evaluation-33060-tar-000,1,0.7700858116149902
evaluation-33060-non-000,0,0.4503493010997772
evaluation-33096-tar-000,1,0.8370589017868042
evaluation-33096-non-000,0,-0.11535091698169708
evaluation-33120-tar-000,1,0.988585352897644
evaluation-33120-non-000,0,0.6606252193450928
evaluation-3314-tar-000,1,0.9697193503379822
evaluation-3314-non-000,0,0.8721908330917358
evaluation-33255-tar-000,1,0.906885027885437
evaluation-33255-non-000,0,-0.1456712782382965
evaluation-33258-tar-000,1,0.9731523394584656
evaluation-33258-non-000,0,0.8488473892211914
evaluation-33274-tar-000,1,0.9658216238021851
evaluation-33274-non-000,0,0.5637352466583252
evaluation-33598-tar-000,1,0.82854825258255
evaluation-33598-non-000,0,0.4193752408027649
evaluation-3361-tar-000,1,0.39629247784614563
evaluation-3361-non-000,0,0.49067771434783936
evaluation-33623-tar-000,1,0.5626925826072693
evaluation-33623-non-000,0,0.905181884765625
evaluation-3365-tar-000,1,0.3662077784538269
evaluation-3365-non-000,0,0.8419964909553528
evaluation-3369-tar-000,1,0.5405905246734619
evaluation-3369-non-000,0,0.878099262714386
evaluation-33711-tar-000,1,0.9672345519065857
evaluation-33711-non-000,0,0.47800320386886597
evaluation-33790-tar-000,1,0.9875159859657288
evaluation-33790-non-000,0,0.8738118410110474
evaluation-3395-tar-000,1,0.9036506414413452
evaluation-3395-non-000,0,0.8409169316291809
evaluation-3407-tar-000,1,0.8458043336868286
evaluation-3407-non-000,0,0.7202239036560059
evaluation-3409-tar-000,1,0.6642389297485352
evaluation-3409-non-000,0,0.27984705567359924
evaluation-34158-tar-000,1,0.8110668659210205
evaluation-34158-non-000,0,0.9493108987808228
evaluation-3417-tar-000,1,0.5327954292297363
evaluation-3417-non-000,0,0.7642872333526611
evaluation-3425-tar-000,1,0.9472307562828064
evaluation-3425-non-000,0,0.843487560749054
evaluation-34257-tar-000,1,0.9492328763008118
evaluation-34257-non-000,0,0.6558955907821655
evaluation-3427-tar-000,1,0.8170093297958374
evaluation-3427-non-000,0,0.5416439771652222
evaluation-34458-tar-000,1,0.005818724632263184
evaluation-34458-non-000,0,0.5659444332122803
evaluation-34485-tar-000,1,0.9319899082183838
evaluation-34485-non-000,0,0.5868171453475952
evaluation-34631-tar-000,1,0.8044579029083252
evaluation-34631-non-000,0,0.5147972106933594
evaluation-34647-tar-000,1,0.9437469840049744
evaluation-34647-non-000,0,0.4376314878463745
evaluation-3471-tar-000,1,0.4246397614479065
evaluation-3471-non-000,0,0.8328099846839905
evaluation-34719-tar-000,1,0.561050295829773
evaluation-34719-non-000,0,-0.20450817048549652
evaluation-3473-tar-000,1,0.9569089412689209
evaluation-3473-non-000,0,0.9586921334266663
evaluation-34738-tar-000,1,0.9098297357559204
evaluation-34738-non-000,0,0.3746832013130188
evaluation-34771-tar-000,1,0.9587327241897583
evaluation-34771-non-000,0,-0.25227266550064087
evaluation-3479-tar-000,1,0.540408730506897
evaluation-3479-non-000,0,0.5835412740707397
evaluation-34807-tar-000,1,0.825452983379364
evaluation-34807-non-000,0,0.7253496646881104
evaluation-3482-tar-000,1,0.9677085280418396
evaluation-3482-non-000,0,0.6596713066101074
evaluation-34859-tar-000,1,0.8673800826072693
evaluation-34859-non-000,0,0.5540223717689514
evaluation-3497-tar-000,1,0.9681299924850464
evaluation-3497-non-000,0,0.5999549031257629
evaluation-34996-tar-000,1,0.9841467142105103
evaluation-34996-non-000,0,0.5309378504753113
evaluation-35043-tar-000,1,0.947291910648346
evaluation-35043-non-000,0,0.8457813262939453
evaluation-3507-tar-000,1,0.9084615111351013
evaluation-3507-non-000,0,-0.18957974016666412
evaluation-35101-tar-000,1,0.908781111240387
evaluation-35101-non-000,0,0.9435064792633057
evaluation-3518-tar-000,1,0.8694342970848083
evaluation-3518-non-000,0,0.45050856471061707
evaluation-3522-tar-000,1,-0.22945138812065125
evaluation-3522-non-000,0,0.6709088087081909
evaluation-35293-tar-000,1,0.9101403951644897
evaluation-35293-non-000,0,0.3295329213142395
evaluation-35359-tar-000,1,0.9756585955619812
evaluation-35359-non-000,0,0.4877128303050995
evaluation-3540-tar-000,1,0.3461693525314331
evaluation-3540-non-000,0,-0.5575472712516785
evaluation-35416-tar-000,1,0.8457674980163574
evaluation-35416-non-000,0,0.781674861907959
evaluation-35449-tar-000,1,0.9988282322883606
evaluation-35449-non-000,0,0.7202160358428955
evaluation-35510-tar-000,1,0.587069034576416
evaluation-35510-non-000,0,0.8033671379089355
evaluation-35562-tar-000,1,0.9901869893074036
evaluation-35562-non-000,0,0.37449872493743896
evaluation-35587-tar-000,1,0.7983850240707397
evaluation-35587-non-000,0,0.9076197743415833
evaluation-3564-tar-000,1,0.9857223033905029
evaluation-3564-non-000,0,0.37467876076698303
evaluation-35683-tar-000,1,0.9284250736236572
evaluation-35683-non-000,0,0.8379586935043335
evaluation-35699-tar-000,1,0.6184302568435669
evaluation-35699-non-000,0,0.38683781027793884
evaluation-3571-tar-000,1,0.9051877856254578
evaluation-3571-non-000,0,0.7672663331031799
evaluation-3572-tar-000,1,0.9500983953475952
evaluation-3572-non-000,0,0.9028831124305725
evaluation-35793-tar-000,1,0.4075796604156494
evaluation-35793-non-000,0,0.9007172584533691
evaluation-35823-tar-000,1,0.8645296692848206
evaluation-35823-non-000,0,0.9880388975143433
evaluation-35872-tar-000,1,0.9085102081298828
evaluation-35872-non-000,0,0.9601927399635315
evaluation-3597-tar-000,1,0.9425104856491089
evaluation-3597-non-000,0,0.3205679655075073
evaluation-35996-tar-000,1,0.9429042339324951
evaluation-35996-non-000,0,0.3439803719520569
evaluation-36004-tar-000,1,0.877287745475769
evaluation-36004-non-000,0,0.8719083070755005
evaluation-36051-tar-000,1,0.8592605590820312
evaluation-36051-non-000,0,0.9333318471908569
evaluation-3619-tar-000,1,0.8957873582839966
evaluation-3619-non-000,0,0.8825812339782715
evaluation-36196-tar-000,1,0.11310526728630066
evaluation-36196-non-000,0,0.9110655784606934
evaluation-36298-tar-000,1,0.9461159110069275
evaluation-36298-non-000,0,0.977501392364502
evaluation-36323-tar-000,1,0.892285168170929
evaluation-36323-non-000,0,0.9217017889022827
evaluation-36386-tar-000,1,0.9930824637413025
evaluation-36386-non-000,0,-0.728941798210144
evaluation-36395-tar-000,1,0.9473624229431152
evaluation-36395-non-000,0,0.3784800171852112
evaluation-36460-tar-000,1,0.49072396755218506
evaluation-36460-non-000,0,0.376994252204895
evaluation-36499-tar-000,1,0.5015599131584167
evaluation-36499-non-000,0,0.41269516944885254
evaluation-3656-tar-000,1,0.8892011046409607
evaluation-3656-non-000,0,0.21087804436683655
evaluation-36611-tar-000,1,0.6902604103088379
evaluation-36611-non-000,0,0.920366644859314
evaluation-36619-tar-000,1,0.6201893091201782
evaluation-36619-non-000,0,0.7946522235870361
evaluation-36625-tar-000,1,0.8984571099281311
evaluation-36625-non-000,0,0.8233340382575989
evaluation-36633-tar-000,1,0.9208334684371948
evaluation-36633-non-000,0,0.9513393640518188
evaluation-36685-tar-000,1,0.9661968350410461
evaluation-36685-non-000,0,0.8087639808654785
evaluation-3669-tar-000,1,0.9659609794616699
evaluation-3669-non-000,0,0.8554272651672363
evaluation-36853-tar-000,1,0.937308669090271
evaluation-36853-non-000,0,0.9664232730865479
evaluation-3693-tar-000,1,0.89668869972229
evaluation-3693-non-000,0,0.943103551864624
evaluation-3720-tar-000,1,0.9536596536636353
evaluation-3720-non-000,0,0.9410350322723389
evaluation-37259-tar-000,1,0.9223361015319824
evaluation-37259-non-000,0,0.4919169247150421
evaluation-37301-tar-000,1,0.5960386395454407
evaluation-37301-non-000,0,0.5661247372627258
evaluation-37328-tar-000,1,0.9296442270278931
evaluation-37328-non-000,0,0.5411641597747803
evaluation-37625-tar-000,1,0.7225689888000488
evaluation-37625-non-000,0,0.6563007831573486
evaluation-37658-tar-000,1,0.7549953460693359
evaluation-37658-non-000,0,0.7243993282318115
evaluation-3767-tar-000,1,0.16007199883460999
evaluation-3767-non-000,0,0.8086321949958801
evaluation-37696-tar-000,1,0.754307746887207
evaluation-37696-non-000,0,0.4518406093120575
evaluation-3770-tar-000,1,0.9930164813995361
evaluation-3770-non-000,0,0.9082406759262085
evaluation-37740-tar-000,1,0.79156494140625
evaluation-37740-non-000,0,0.887947678565979
evaluation-3778-tar-000,1,0.6493124961853027
evaluation-3778-non-000,0,0.5672086477279663
evaluation-37844-tar-000,1,0.973220705986023
evaluation-37844-non-000,0,0.8705035448074341
evaluation-37921-tar-000,1,0.9826793670654297
evaluation-37921-non-000,0,0.47899767756462097
evaluation-37932-tar-000,1,0.8241022825241089
evaluation-37932-non-000,0,0.5035480260848999
evaluation-37946-tar-000,1,0.9773512482643127
evaluation-37946-non-000,0,0.7634021043777466
evaluation-37965-tar-000,1,0.9291521310806274
evaluation-37965-non-000,0,-0.2543017566204071
evaluation-37971-tar-000,1,0.980913519859314
evaluation-37971-non-000,0,0.8719282150268555
evaluation-3805-tar-000,1,0.8452514410018921
evaluation-3805-non-000,0,0.8280748128890991
evaluation-38056-tar-000,1,0.9714850783348083
evaluation-38056-non-000,0,0.9517813324928284
evaluation-38083-tar-000,1,0.7678579688072205
evaluation-38083-non-000,0,-0.16611284017562866
evaluation-3813-tar-000,1,0.800920844078064
evaluation-3813-non-000,0,0.0723482072353363
evaluation-38157-tar-000,1,0.9747527837753296
evaluation-38157-non-000,0,-0.24704131484031677
evaluation-38166-tar-000,1,0.8963059186935425
evaluation-38166-non-000,0,-0.32342779636383057
evaluation-38196-tar-000,1,0.8553187847137451
evaluation-38196-non-000,0,0.7742670178413391
evaluation-3827-tar-000,1,-0.5095486044883728
evaluation-3827-non-000,0,-0.014613635838031769
evaluation-38388-tar-000,1,0.9964781999588013
evaluation-38388-non-000,0,0.8691139221191406
evaluation-3839-tar-000,1,0.9972607493400574
evaluation-3839-non-000,0,0.9680516719818115
evaluation-3840-tar-000,1,0.6125507354736328
evaluation-3840-non-000,0,0.7565569877624512
evaluation-38657-tar-000,1,0.865236759185791
evaluation-38657-non-000,0,0.9101826548576355
evaluation-38792-tar-000,1,0.3473154306411743
evaluation-38792-non-000,0,0.7197003364562988
evaluation-3888-tar-000,1,0.42985543608665466
evaluation-3888-non-000,0,0.7168989777565002
evaluation-3892-tar-000,1,0.8836712837219238
evaluation-3892-non-000,0,0.25361168384552
evaluation-3901-tar-000,1,0.6166545748710632
evaluation-3901-non-000,0,0.5922085046768188
evaluation-39025-tar-000,1,0.9790596961975098
evaluation-39025-non-000,0,0.8461893796920776
evaluation-39031-tar-000,1,0.9728227853775024
evaluation-39031-non-000,0,0.7834166288375854
evaluation-3911-tar-000,1,0.9395732879638672
evaluation-3911-non-000,0,0.6029444336891174
evaluation-39163-tar-000,1,0.9425241947174072
evaluation-39163-non-000,0,0.956032395362854
evaluation-39201-tar-000,1,0.9734354019165039
evaluation-39201-non-000,0,0.9146261811256409
evaluation-3921-tar-000,1,0.9060843586921692
evaluation-3921-non-000,0,0.9827296733856201
evaluation-3926-tar-000,1,0.36197999119758606
evaluation-3926-non-000,0,0.7977110147476196
evaluation-3928-tar-000,1,0.5783672332763672
evaluation-3928-non-000,0,0.11350827664136887
evaluation-3931-tar-000,1,0.6634533405303955
evaluation-3931-non-000,0,0.24332430958747864
evaluation-3939-tar-000,1,0.9713666439056396
evaluation-3939-non-000,0,0.8313309550285339
evaluation-39421-tar-000,1,0.9158329963684082
evaluation-39421-non-000,0,0.9706677198410034
evaluation-3954-tar-000,1,0.527982771396637
evaluation-3954-non-000,0,0.8678758144378662
evaluation-39720-tar-000,1,0.7649335861206055
evaluation-39720-non-000,0,0.689602255821228
evaluation-39756-tar-000,1,0.9407444000244141
evaluation-39756-non-000,0,0.9220185279846191
evaluation-39877-tar-000,1,0.8036172389984131
evaluation-39877-non-000,0,0.8452434539794922
evaluation-3989-tar-000,1,0.8724998235702515
evaluation-3989-non-000,0,0.7408696413040161
evaluation-40025-tar-000,1,0.6714619398117065
evaluation-40025-non-000,0,0.8341217041015625
evaluation-4004-tar-000,1,0.8607426881790161
evaluation-4004-non-000,0,0.9115046262741089
evaluation-40064-tar-000,1,0.9974644184112549
evaluation-40064-non-000,0,0.5069178342819214
evaluation-40075-tar-000,1,0.9744260907173157
evaluation-40075-non-000,0,0.11475783586502075
evaluation-4013-tar-000,1,0.7826505303382874
evaluation-4013-non-000,0,0.900326132774353
evaluation-40173-tar-000,1,0.9897722601890564
evaluation-40173-non-000,0,-0.041825294494628906
evaluation-40311-tar-000,1,0.9511816501617432
evaluation-40311-non-000,0,0.548276424407959
evaluation-4044-tar-000,1,-0.2855073809623718
evaluation-4044-non-000,0,0.8485662937164307
evaluation-40525-tar-000,1,0.9881862998008728
evaluation-40525-non-000,0,0.8172807693481445
evaluation-40577-tar-000,1,0.8410834074020386
evaluation-40577-non-000,0,0.8562401533126831
evaluation-40588-tar-000,1,0.9602888226509094
evaluation-40588-non-000,0,0.5951684713363647
evaluation-40676-tar-000,1,0.8278251886367798
evaluation-40676-non-000,0,0.3862375020980835
evaluation-4068-tar-000,1,0.6157406568527222
evaluation-4068-non-000,0,0.3892112374305725
evaluation-4077-tar-000,1,0.9130666851997375
evaluation-4077-non-000,0,0.6554421186447144
evaluation-40772-tar-000,1,0.023978520184755325
evaluation-40772-non-000,0,0.28247398138046265
evaluation-40929-tar-000,1,0.9438514709472656
evaluation-40929-non-000,0,0.70429527759552
evaluation-41000-tar-000,1,0.8173360824584961
evaluation-41000-non-000,0,0.8237744569778442
evaluation-41025-tar-000,1,0.5256999731063843
evaluation-41025-non-000,0,0.16142740845680237
evaluation-4123-tar-000,1,0.9926275610923767
evaluation-4123-non-000,0,0.7878121137619019
evaluation-41278-tar-000,1,0.5958153009414673
evaluation-41278-non-000,0,0.3733724057674408
evaluation-4134-tar-000,1,0.8405624628067017
evaluation-4134-non-000,0,0.5756672024726868
evaluation-41357-tar-000,1,0.9648036360740662
evaluation-41357-non-000,0,0.49163419008255005
evaluation-41390-tar-000,1,0.7697469592094421
evaluation-41390-non-000,0,0.6050927639007568
evaluation-41404-tar-000,1,0.7313981056213379
evaluation-41404-non-000,0,0.7804465293884277
evaluation-41492-tar-000,1,0.9249157309532166
evaluation-41492-non-000,0,-0.34901076555252075
evaluation-41536-tar-000,1,0.8124099969863892
evaluation-41536-non-000,0,0.278095006942749
evaluation-41706-tar-000,1,0.8308348059654236
evaluation-41706-non-000,0,0.9080877900123596
evaluation-41750-tar-000,1,0.9720101356506348
evaluation-41750-non-000,0,0.15476581454277039
evaluation-41755-tar-000,1,0.9787477254867554
evaluation-41755-non-000,0,0.4147332012653351
evaluation-41854-tar-000,1,0.9827636480331421
evaluation-41854-non-000,0,0.7407387495040894
evaluation-41945-tar-000,1,0.9267367720603943
evaluation-41945-non-000,0,0.26896291971206665
evaluation-41994-tar-000,1,0.90671306848526
evaluation-41994-non-000,0,0.8950059413909912
evaluation-4202-tar-000,1,0.8613283038139343
evaluation-4202-non-000,0,-0.39724981784820557
evaluation-42025-tar-000,1,0.9686025381088257
evaluation-42025-non-000,0,0.49697446823120117
evaluation-4204-tar-000,1,0.6395441293716431
evaluation-4204-non-000,0,-0.16912873089313507
evaluation-42173-tar-000,1,0.7181201577186584
evaluation-42173-non-000,0,0.3082534670829773
evaluation-42176-tar-000,1,0.989435613155365
evaluation-42176-non-000,0,0.9764235019683838
evaluation-42209-tar-000,1,0.6606354713439941
evaluation-42209-non-000,0,0.5970562696456909
evaluation-42250-tar-000,1,0.7512320280075073
evaluation-42250-non-000,0,0.8387208580970764
evaluation-4240-tar-000,1,0.4786643981933594
evaluation-4240-non-000,0,0.8006309270858765
evaluation-42401-tar-000,1,0.719062089920044
evaluation-42401-non-000,0,0.9479937553405762
evaluation-4246-tar-000,1,0.6938244104385376
evaluation-4246-non-000,0,0.9652166366577148
evaluation-42505-tar-000,1,0.7331025004386902
evaluation-42505-non-000,0,0.38752132654190063
evaluation-4251-tar-000,1,0.9732836484909058
evaluation-4251-non-000,0,-0.039923131465911865
evaluation-42546-tar-000,1,0.7702919244766235
evaluation-42546-non-000,0,0.48148027062416077
evaluation-42648-tar-000,1,0.9888678193092346
evaluation-42648-non-000,0,0.767518162727356
evaluation-42681-tar-000,1,0.9346417188644409
evaluation-42681-non-000,0,0.5866274237632751
evaluation-42717-tar-000,1,0.9853041172027588
evaluation-42717-non-000,0,-0.35956645011901855
evaluation-42728-tar-000,1,0.978326678276062
evaluation-42728-non-000,0,0.9371051788330078
evaluation-42744-tar-000,1,0.9495893120765686
evaluation-42744-non-000,0,0.8517112731933594
evaluation-42772-tar-000,1,0.8941822648048401
evaluation-42772-non-000,0,0.8318650722503662
evaluation-4288-tar-000,1,0.18180017173290253
evaluation-4288-non-000,0,-0.37132611870765686
evaluation-42904-tar-000,1,0.9771754741668701
evaluation-42904-non-000,0,0.9564539194107056
evaluation-4295-tar-000,1,0.8641917109489441
evaluation-4295-non-000,0,-0.6922718286514282
evaluation-43042-tar-000,1,0.9136210680007935
evaluation-43042-non-000,0,0.6605247259140015
evaluation-43063-tar-000,1,0.9755952954292297
evaluation-43063-non-000,0,0.8477887511253357
evaluation-4308-tar-000,1,0.6250112652778625
evaluation-4308-non-000,0,0.6433237791061401
evaluation-4315-tar-000,1,0.8322582244873047
evaluation-4315-non-000,0,0.4214087724685669
evaluation-43184-tar-000,1,0.2271786481142044
evaluation-43184-non-000,0,0.8508369326591492
evaluation-43225-tar-000,1,0.879603385925293
evaluation-43225-non-000,0,0.9010453820228577
evaluation-43269-tar-000,1,0.9132880568504333
evaluation-43269-non-000,0,0.8552238941192627
evaluation-43288-tar-000,1,0.7817936539649963
evaluation-43288-non-000,0,-0.5164079666137695
evaluation-4341-tar-000,1,0.9160858392715454
evaluation-4341-non-000,0,0.4386575222015381
evaluation-43483-tar-000,1,0.8504546284675598
evaluation-43483-non-000,0,0.9000447988510132
evaluation-43604-tar-000,1,0.7647432088851929
evaluation-43604-non-000,0,0.9673689603805542
evaluation-43675-tar-000,1,0.9670678973197937
evaluation-43675-non-000,0,0.4892609119415283
evaluation-4368-tar-000,1,0.4929628074169159
evaluation-4368-non-000,0,0.8797078728675842
evaluation-43744-tar-000,1,0.4852491617202759
evaluation-43744-non-000,0,0.9665932655334473
evaluation-43818-tar-000,1,0.6419656872749329
evaluation-43818-non-000,0,0.6033185720443726
evaluation-43865-tar-000,1,0.9800667762756348
evaluation-43865-non-000,0,-0.47371160984039307
evaluation-43958-tar-000,1,0.6452609300613403
evaluation-43958-non-000,0,-0.1728961169719696
evaluation-44085-tar-000,1,0.5391678810119629
evaluation-44085-non-000,0,0.696943461894989
evaluation-44175-tar-000,1,0.8529366850852966
evaluation-44175-non-000,0,-1.541152596473694e-05
evaluation-44285-tar-000,1,0.9884577989578247
evaluation-44285-non-000,0,0.9347307085990906
evaluation-44392-tar-000,1,0.9379532933235168
evaluation-44392-non-000,0,0.5145943760871887
evaluation-4440-tar-000,1,0.5956207513809204
evaluation-4440-non-000,0,0.5723336338996887
evaluation-44406-tar-000,1,0.5210160613059998
evaluation-44406-non-000,0,0.9175835847854614
evaluation-4442-tar-000,1,0.8863735198974609
evaluation-4442-non-000,0,-0.038176823407411575
evaluation-4468-tar-000,1,-0.16334429383277893
evaluation-4468-non-000,0,-0.31545376777648926
evaluation-44683-tar-000,1,0.7734499573707581
evaluation-44683-non-000,0,0.6086280345916748
evaluation-44727-tar-000,1,0.5382111072540283
evaluation-44727-non-000,0,0.8655208349227905
evaluation-4477-tar-000,1,0.8888571262359619
evaluation-4477-non-000,0,0.6553611159324646
evaluation-44829-tar-000,1,0.9739155769348145
evaluation-44829-non-000,0,0.6186997890472412
evaluation-4506-tar-000,1,0.8510787487030029
evaluation-4506-non-000,0,-0.45529282093048096
evaluation-45084-tar-000,1,0.9007645845413208
evaluation-45084-non-000,0,0.7247810363769531
evaluation-45213-tar-000,1,0.8302887082099915
evaluation-45213-non-000,0,0.6633546352386475
evaluation-45252-tar-000,1,0.971915602684021
evaluation-45252-non-000,0,-0.15286925435066223
evaluation-4529-tar-000,1,0.5045570731163025
evaluation-4529-non-000,0,0.7019165754318237
evaluation-45538-tar-000,1,0.8419829607009888
evaluation-45538-non-000,0,0.9953358173370361
evaluation-45617-tar-000,1,0.3575558662414551
evaluation-45617-non-000,0,0.5840166807174683
evaluation-45658-tar-000,1,0.9972555041313171
evaluation-45658-non-000,0,0.7483900189399719
evaluation-45744-tar-000,1,0.985016942024231
evaluation-45744-non-000,0,0.81419837474823
evaluation-45749-tar-000,1,0.6699056625366211
evaluation-45749-non-000,0,0.8124547600746155
evaluation-45793-tar-000,1,0.9765953421592712
evaluation-45793-non-000,0,-0.21009327471256256
evaluation-4581-tar-000,1,0.8817542195320129
evaluation-4581-non-000,0,-0.055237624794244766
evaluation-45834-tar-000,1,0.9673761129379272
evaluation-45834-non-000,0,0.6291316747665405
evaluation-45870-tar-000,1,0.06801941245794296
evaluation-45870-non-000,0,-0.3292539119720459
evaluation-4591-tar-000,1,0.8692634701728821
evaluation-4591-non-000,0,0.7472746968269348
evaluation-45985-tar-000,1,0.6266023516654968
evaluation-45985-non-000,0,0.06885887682437897
evaluation-46029-tar-000,1,0.6849628686904907
evaluation-46029-non-000,0,0.35267385840415955
evaluation-4603-tar-000,1,0.9777214527130127
evaluation-4603-non-000,0,0.9886478185653687
evaluation-4612-tar-000,1,0.7862957119941711
evaluation-4612-non-000,0,-0.1459447592496872
evaluation-4619-tar-000,1,0.8009822964668274
evaluation-4619-non-000,0,-0.28649619221687317
evaluation-46202-tar-000,1,0.9882600903511047
evaluation-46202-non-000,0,0.8564167618751526
evaluation-46241-tar-000,1,0.9936505556106567
evaluation-46241-non-000,0,0.9477639198303223
evaluation-46298-tar-000,1,0.9836232662200928
evaluation-46298-non-000,0,-0.35554784536361694
evaluation-46466-tar-000,1,0.9734911322593689
evaluation-46466-non-000,0,0.8739267587661743
evaluation-4649-tar-000,1,0.8521426916122437
evaluation-4649-non-000,0,0.9738866686820984
evaluation-4664-tar-000,1,0.9053335189819336
evaluation-4664-non-000,0,0.9392531514167786
evaluation-46955-tar-000,1,0.7631891965866089
evaluation-46955-non-000,0,0.4488355219364166
evaluation-4709-tar-000,1,0.820274829864502
evaluation-4709-non-000,0,0.5260199308395386
evaluation-4710-tar-000,1,0.8425943851470947
evaluation-4710-non-000,0,-0.2969059944152832
evaluation-47139-tar-000,1,0.9798291325569153
evaluation-47139-non-000,0,-0.08904354274272919
evaluation-47142-tar-000,1,0.9527428150177002
evaluation-47142-non-000,0,0.21248672902584076
evaluation-47169-tar-000,1,0.5134643316268921
evaluation-47169-non-000,0,0.8779862523078918
evaluation-47238-tar-000,1,-0.10619859397411346
evaluation-47238-non-000,0,0.053806014358997345
evaluation-4728-tar-000,1,0.8955458402633667
evaluation-4728-non-000,0,0.7376446723937988
evaluation-47342-tar-000,1,0.9049173593521118
evaluation-47342-non-000,0,0.5341965556144714
evaluation-47504-tar-000,1,0.7823461294174194
evaluation-47504-non-000,0,0.7502392530441284
evaluation-4763-tar-000,1,0.8350681066513062
evaluation-4763-non-000,0,-0.1255820393562317
evaluation-47650-tar-000,1,0.9886884689331055
evaluation-47650-non-000,0,0.9861742258071899
evaluation-47658-tar-000,1,0.48696476221084595
evaluation-47658-non-000,0,0.27763471007347107
evaluation-4773-tar-000,1,0.8568843603134155
evaluation-4773-non-000,0,0.08858601003885269
evaluation-4774-tar-000,1,0.07953852415084839
evaluation-4774-non-000,0,0.6230816841125488
evaluation-47913-tar-000,1,0.9799245595932007
evaluation-47913-non-000,0,0.957594633102417
evaluation-47998-tar-000,1,0.760871171951294
evaluation-47998-non-000,0,0.22554883360862732
evaluation-4800-tar-000,1,0.5362337827682495
evaluation-4800-non-000,0,0.46220746636390686
evaluation-48095-tar-000,1,0.9897979497909546
evaluation-48095-non-000,0,0.8466805815696716
evaluation-48193-tar-000,1,0.9902600049972534
evaluation-48193-non-000,0,0.8798176646232605
evaluation-4821-tar-000,1,0.5576869249343872
evaluation-4821-non-000,0,0.31314897537231445
evaluation-48232-tar-000,1,0.9592945575714111
evaluation-48232-non-000,0,0.9690539836883545
evaluation-48262-tar-000,1,0.5819185972213745
evaluation-48262-non-000,0,0.7098449468612671
evaluation-48388-tar-000,1,0.9829318523406982
evaluation-48388-non-000,0,0.9449785947799683
evaluation-4841-tar-000,1,0.9194272756576538
evaluation-4841-non-000,0,0.6913115978240967
evaluation-4842-tar-000,1,0.5634766817092896
evaluation-4842-non-000,0,0.17323313653469086
evaluation-48443-tar-000,1,0.9498181939125061
evaluation-48443-non-000,0,0.9036835432052612
evaluation-48454-tar-000,1,0.8944124579429626
evaluation-48454-non-000,0,0.3326908349990845
evaluation-48575-tar-000,1,0.9321393966674805
evaluation-48575-non-000,0,0.21562615036964417
evaluation-48578-tar-000,1,0.8182410597801208
evaluation-48578-non-000,0,0.6778336763381958
evaluation-4867-tar-000,1,0.6443370580673218
evaluation-4867-non-000,0,0.8450543284416199
evaluation-48726-tar-000,1,0.925331711769104
evaluation-48726-non-000,0,-0.04721026122570038
evaluation-48759-tar-000,1,0.8236768245697021
evaluation-48759-non-000,0,0.5082593560218811
evaluation-48787-tar-000,1,0.9873580932617188
evaluation-48787-non-000,0,0.059078942984342575
evaluation-48833-tar-000,1,0.3734787702560425
evaluation-48833-non-000,0,0.6041902303695679
evaluation-48905-tar-000,1,0.8314274549484253
evaluation-48905-non-000,0,0.8640396595001221
evaluation-4891-tar-000,1,0.4518423080444336
evaluation-4891-non-000,0,0.64515620470047
evaluation-4894-tar-000,1,0.7321794033050537
evaluation-4894-non-000,0,0.8839701414108276
evaluation-48952-tar-000,1,0.9972012042999268
evaluation-48952-non-000,0,0.861322283744812
evaluation-49004-tar-000,1,0.8712347745895386
evaluation-49004-non-000,0,0.8295096158981323
evaluation-49037-tar-000,1,0.9335827231407166
evaluation-49037-non-000,0,0.7402623295783997
evaluation-49045-tar-000,1,0.9841797351837158
evaluation-49045-non-000,0,0.7263737916946411
evaluation-49097-tar-000,1,0.3075348138809204
evaluation-49097-non-000,0,0.26790279150009155
evaluation-49116-tar-000,1,0.5499216914176941
evaluation-49116-non-000,0,-0.3744814693927765
evaluation-49196-tar-000,1,0.9788689613342285
evaluation-49196-non-000,0,0.6024035215377808
evaluation-49207-tar-000,1,0.948150098323822
evaluation-49207-non-000,0,0.7031285762786865
evaluation-4921-tar-000,1,0.9409162998199463
evaluation-4921-non-000,0,0.7915500402450562
evaluation-49215-tar-000,1,0.7276709675788879
evaluation-49215-non-000,0,0.2925533056259155
evaluation-4934-tar-000,1,0.9878387451171875
evaluation-4934-non-000,0,0.3074495494365692
evaluation-49446-tar-000,1,0.9847378730773926
evaluation-49446-non-000,0,0.7510194182395935
evaluation-49476-tar-000,1,0.9845883846282959
evaluation-49476-non-000,0,0.313997358083725
evaluation-49484-tar-000,1,0.7635308504104614
evaluation-49484-non-000,0,0.24581927061080933
evaluation-49520-tar-000,1,0.9825758934020996
evaluation-49520-non-000,0,0.14368665218353271
evaluation-49539-tar-000,1,0.9703220129013062
evaluation-49539-non-000,0,0.8575458526611328
evaluation-4958-tar-000,1,0.40805289149284363
evaluation-4958-non-000,0,0.6581075191497803
evaluation-4961-tar-000,1,0.7035254240036011
evaluation-4961-non-000,0,0.5105934143066406
evaluation-49677-tar-000,1,0.7323422431945801
evaluation-49677-non-000,0,0.2913706302642822
evaluation-49792-tar-000,1,0.009955614805221558
evaluation-49792-non-000,0,0.28179964423179626
evaluation-49808-tar-000,1,0.9609702825546265
evaluation-49808-non-000,0,0.9690756797790527
evaluation-49872-tar-000,1,0.2443397492170334
evaluation-49872-non-000,0,0.4675453305244446
evaluation-50056-tar-000,1,0.8180333375930786
evaluation-50056-non-000,0,0.7620636224746704
evaluation-5008-tar-000,1,0.8806245923042297
evaluation-5008-non-000,0,0.8774215579032898
evaluation-5010-tar-000,1,0.9609847068786621
evaluation-5010-non-000,0,0.5463170409202576
evaluation-50138-tar-000,1,0.9902368783950806
evaluation-50138-non-000,0,0.970581591129303
evaluation-5018-tar-000,1,0.9139643907546997
evaluation-5018-non-000,0,0.9662426114082336
evaluation-5021-tar-000,1,0.973629891872406
evaluation-5021-non-000,0,0.6435294151306152
evaluation-5024-tar-000,1,0.9373693466186523
evaluation-5024-non-000,0,0.9351619482040405
evaluation-50374-tar-000,1,0.8955085873603821
evaluation-50374-non-000,0,0.6951945424079895
evaluation-5042-tar-000,1,0.9561067819595337
evaluation-5042-non-000,0,0.8185027241706848
evaluation-50440-tar-000,1,0.7504304647445679
evaluation-50440-non-000,0,0.7809374332427979
evaluation-50490-tar-000,1,0.39644160866737366
evaluation-50490-non-000,0,-0.0797739326953888
evaluation-50591-tar-000,1,0.9826615452766418
evaluation-50591-non-000,0,0.7023229002952576
evaluation-50608-tar-000,1,0.7835800647735596
evaluation-50608-non-000,0,0.7280460000038147
evaluation-50613-tar-000,1,0.9729640483856201
evaluation-50613-non-000,0,0.7517362236976624
evaluation-50643-tar-000,1,0.9835712313652039
evaluation-50643-non-000,0,0.9868907928466797
evaluation-50652-tar-000,1,0.954977810382843
evaluation-50652-non-000,0,0.9784600734710693
evaluation-50676-tar-000,1,0.9697341918945312
evaluation-50676-non-000,0,0.04152435436844826
evaluation-50679-tar-000,1,0.29371607303619385
evaluation-50679-non-000,0,0.2905418872833252
evaluation-50723-tar-000,1,0.8024089336395264
evaluation-50723-non-000,0,0.5310481786727905
evaluation-50786-tar-000,1,0.42696988582611084
evaluation-50786-non-000,0,0.17877322435379028
evaluation-51050-tar-000,1,0.9135515689849854
evaluation-51050-non-000,0,0.5680191516876221
evaluation-51080-tar-000,1,0.9511245489120483
evaluation-51080-non-000,0,0.1815420389175415
evaluation-51099-tar-000,1,0.5659955143928528
evaluation-51099-non-000,0,0.916131317615509
evaluation-5135-tar-000,1,0.88067626953125
evaluation-5135-non-000,0,0.7344260215759277
evaluation-51399-tar-000,1,0.8426167964935303
evaluation-51399-non-000,0,-0.2465837150812149
evaluation-51459-tar-000,1,0.8189448118209839
evaluation-51459-non-000,0,0.2789857089519501
evaluation-5148-tar-000,1,0.935202419757843
evaluation-5148-non-000,0,0.18641340732574463
evaluation-5149-tar-000,1,0.40545469522476196
evaluation-5149-non-000,0,-0.3640095591545105
evaluation-51506-tar-000,1,0.8096697330474854
evaluation-51506-non-000,0,0.9424557685852051
evaluation-51525-tar-000,1,0.9930387735366821
evaluation-51525-non-000,0,0.7492238879203796
evaluation-5153-tar-000,1,0.8496119976043701
evaluation-5153-non-000,0,0.5519289970397949
evaluation-51531-tar-000,1,0.8993323445320129
evaluation-51531-non-000,0,-0.1909373700618744
evaluation-51544-tar-000,1,0.9951434135437012
evaluation-51544-non-000,0,0.6473843455314636
evaluation-51624-tar-000,1,0.910828173160553
evaluation-51624-non-000,0,0.8571557998657227
evaluation-51629-tar-000,1,0.9353210926055908
evaluation-51629-non-000,0,0.377750039100647
evaluation-5167-tar-000,1,0.8581916093826294
evaluation-5167-non-000,0,0.7879041433334351
evaluation-5171-tar-000,1,0.3063492178916931
evaluation-5171-non-000,0,0.5161229372024536
evaluation-51899-tar-000,1,0.8448730111122131
evaluation-51899-non-000,0,-0.06424948573112488
evaluation-51940-tar-000,1,0.9488978385925293
evaluation-51940-non-000,0,0.6080310344696045
evaluation-51962-tar-000,1,0.8782014846801758
evaluation-51962-non-000,0,0.6383640170097351
evaluation-5203-tar-000,1,0.9775201082229614
evaluation-5203-non-000,0,0.18905967473983765
evaluation-5215-tar-000,1,0.952311635017395
evaluation-5215-non-000,0,0.8192375898361206
evaluation-52213-tar-000,1,0.9441559314727783
evaluation-52213-non-000,0,-0.012892613187432289
evaluation-5225-tar-000,1,0.7783581018447876
evaluation-5225-non-000,0,0.8439190983772278
evaluation-52371-tar-000,1,0.9274353981018066
evaluation-52371-non-000,0,0.9241185188293457
evaluation-52374-tar-000,1,0.7405973672866821
evaluation-52374-non-000,0,0.9177947044372559
evaluation-5246-tar-000,1,0.8518364429473877
evaluation-5246-non-000,0,0.5917243361473083
evaluation-52486-tar-000,1,0.994182825088501
evaluation-52486-non-000,0,0.8919053077697754
evaluation-5253-tar-000,1,0.9986802339553833
evaluation-5253-non-000,0,0.9979691505432129
evaluation-52530-tar-000,1,0.639492928981781
evaluation-52530-non-000,0,0.7974790930747986
evaluation-5256-tar-000,1,0.9436087608337402
evaluation-5256-non-000,0,0.7301859855651855
evaluation-5261-tar-000,1,0.4664629101753235
evaluation-5261-non-000,0,0.8842631578445435
evaluation-52651-tar-000,1,0.8570405840873718
evaluation-52651-non-000,0,0.8875864744186401
evaluation-52709-tar-000,1,0.4524797201156616
evaluation-52709-non-000,0,0.3984344005584717
evaluation-5289-tar-000,1,0.7246764898300171
evaluation-5289-non-000,0,0.49668800830841064
evaluation-52912-tar-000,1,0.7796365022659302
evaluation-52912-non-000,0,0.16246698796749115
evaluation-52929-tar-000,1,0.6478782892227173
evaluation-52929-non-000,0,0.3496500849723816
evaluation-5309-tar-000,1,0.9548331499099731
evaluation-5309-non-000,0,0.7478370666503906
evaluation-53170-tar-000,1,0.8480857610702515
evaluation-53170-non-000,0,0.5745437145233154
evaluation-5322-tar-000,1,0.8217250108718872
evaluation-5322-non-000,0,0.8055753111839294
evaluation-5325-tar-000,1,0.6179791688919067
evaluation-5325-non-000,0,0.20467206835746765
evaluation-53266-tar-000,1,0.9010405540466309
evaluation-53266-non-000,0,0.6736234426498413
evaluation-53269-tar-000,1,0.7531430721282959
evaluation-53269-non-000,0,0.8673387765884399
evaluation-53272-tar-000,1,0.9939554333686829
evaluation-53272-non-000,0,0.7345414161682129
evaluation-5334-tar-000,1,0.9736834764480591
evaluation-5334-non-000,0,0.7758325934410095
evaluation-53354-tar-000,1,0.9798589944839478
evaluation-53354-non-000,0,0.39461463689804077
evaluation-5336-tar-000,1,0.9666297435760498
evaluation-5336-non-000,0,-0.5031707286834717
evaluation-5339-tar-000,1,0.6205072402954102
evaluation-5339-non-000,0,0.677096962928772
evaluation-53390-tar-000,1,0.9867696762084961
evaluation-53390-non-000,0,0.9092409610748291
evaluation-53434-tar-000,1,0.9806209802627563
evaluation-53434-non-000,0,0.9769459962844849
evaluation-53544-tar-000,1,0.7837167382240295
evaluation-53544-non-000,0,0.7666727304458618
evaluation-53588-tar-000,1,0.9881497621536255
evaluation-53588-non-000,0,0.44286319613456726
evaluation-53755-tar-000,1,0.619439959526062
evaluation-53755-non-000,0,0.045514125376939774
evaluation-53972-tar-000,1,0.9540049433708191
evaluation-53972-non-000,0,0.13643744587898254
evaluation-5399-tar-000,1,0.8358203172683716
evaluation-5399-non-000,0,0.5044485330581665
evaluation-54035-tar-000,1,0.7925728559494019
evaluation-54035-non-000,0,0.5319051742553711
evaluation-54085-tar-000,1,0.8325775861740112
evaluation-54085-non-000,0,0.924128532409668
evaluation-5413-tar-000,1,0.5603195428848267
evaluation-5413-non-000,0,0.5097737312316895
evaluation-54197-tar-000,1,0.8077123761177063
evaluation-54197-non-000,0,-0.548018217086792
evaluation-54250-tar-000,1,0.985565721988678
evaluation-54250-non-000,0,0.8369019031524658
evaluation-54261-tar-000,1,0.8522557616233826
evaluation-54261-non-000,0,0.40043020248413086
evaluation-5437-tar-000,1,0.9207191467285156
evaluation-5437-non-000,0,0.9605292081832886
evaluation-54376-tar-000,1,0.753989577293396
evaluation-54376-non-000,0,0.6993909478187561
evaluation-5438-tar-000,1,0.9732822775840759
evaluation-5438-non-000,0,0.9562391042709351
evaluation-54568-tar-000,1,0.9138153791427612
evaluation-54568-non-000,0,0.9178029298782349
evaluation-54596-tar-000,1,0.9896893501281738
evaluation-54596-non-000,0,0.7546752691268921
evaluation-54637-tar-000,1,0.8777133822441101
evaluation-54637-non-000,0,0.2782953381538391
evaluation-54725-tar-000,1,0.6485986113548279
evaluation-54725-non-000,0,-0.061537500470876694
evaluation-5490-tar-000,1,0.67303067445755
evaluation-5490-non-000,0,-0.24866312742233276
evaluation-55027-tar-000,1,0.9744550585746765
evaluation-55027-non-000,0,0.1271875947713852
evaluation-55052-tar-000,1,0.8204043507575989
evaluation-55052-non-000,0,0.7666963934898376
evaluation-55225-tar-000,1,0.7085685133934021
evaluation-55225-non-000,0,0.9114206433296204
evaluation-5532-tar-000,1,0.8324563503265381
evaluation-5532-non-000,0,0.40114784240722656
evaluation-55354-tar-000,1,0.8881129622459412
evaluation-55354-non-000,0,0.3601480722427368
evaluation-55362-tar-000,1,0.9680340886116028
evaluation-55362-non-000,0,0.5223720073699951
evaluation-5542-tar-000,1,0.7663373947143555
evaluation-5542-non-000,0,0.8637654781341553
evaluation-55488-tar-000,1,0.9510233998298645
evaluation-55488-non-000,0,0.4658711552619934
evaluation-55656-tar-000,1,0.38100630044937134
evaluation-55656-non-000,0,0.816364586353302
evaluation-55681-tar-000,1,0.9426982402801514
evaluation-55681-non-000,0,0.16715602576732635
evaluation-55807-tar-000,1,0.7914902567863464
evaluation-55807-non-000,0,0.6918307542800903
evaluation-55810-tar-000,1,0.9210182428359985
evaluation-55810-non-000,0,0.8684667348861694
evaluation-55870-tar-000,1,0.9319143295288086
evaluation-55870-non-000,0,0.9605075716972351
evaluation-55928-tar-000,1,0.98762446641922
evaluation-55928-non-000,0,0.8728848695755005
evaluation-5594-tar-000,1,0.8326576948165894
evaluation-5594-non-000,0,-0.19447104632854462
evaluation-55953-tar-000,1,0.8928266763687134
evaluation-55953-non-000,0,0.8030749559402466
evaluation-55966-tar-000,1,0.9655771255493164
evaluation-55966-non-000,0,0.8067471981048584
evaluation-5599-tar-000,1,0.9601371884346008
evaluation-5599-non-000,0,0.8827916383743286
evaluation-56043-tar-000,1,0.6054750680923462
evaluation-56043-non-000,0,0.614716112613678
evaluation-5605-tar-000,1,0.9853245615959167
evaluation-5605-non-000,0,0.856611430644989
evaluation-56073-tar-000,1,0.9695115685462952
evaluation-56073-non-000,0,0.9323222637176514
evaluation-56098-tar-000,1,0.9892187714576721
evaluation-56098-non-000,0,0.962536633014679
evaluation-56112-tar-000,1,0.9892895817756653
evaluation-56112-non-000,0,-0.16243180632591248
evaluation-56170-tar-000,1,0.9323509335517883
evaluation-56170-non-000,0,0.9789618253707886
evaluation-56181-tar-000,1,0.7065666913986206
evaluation-56181-non-000,0,0.7270551323890686
evaluation-56293-tar-000,1,0.4248970150947571
evaluation-56293-non-000,0,0.8655604124069214
evaluation-5631-tar-000,1,0.9566696882247925
evaluation-5631-non-000,0,-0.3909013867378235
evaluation-5645-tar-000,1,-0.06985925137996674
evaluation-5645-non-000,0,0.7541946172714233
evaluation-5648-tar-000,1,0.04620402306318283
evaluation-5648-non-000,0,0.6345482468605042
evaluation-5653-tar-000,1,0.9722450971603394
evaluation-5653-non-000,0,0.8497737646102905
evaluation-56568-tar-000,1,0.9542810916900635
evaluation-56568-non-000,0,0.5823017954826355
evaluation-5671-tar-000,1,0.8660354614257812
evaluation-5671-non-000,0,0.9191923141479492
evaluation-56722-tar-000,1,0.7676031589508057
evaluation-56722-non-000,0,0.7053626775741577
evaluation-56771-tar-000,1,0.17039790749549866
evaluation-56771-non-000,0,0.16970428824424744
evaluation-56829-tar-000,1,0.9782665967941284
evaluation-56829-non-000,0,0.7013448476791382
evaluation-56853-tar-000,1,0.9797680377960205
evaluation-56853-non-000,0,0.801054060459137
evaluation-56939-tar-000,1,0.751797080039978
evaluation-56939-non-000,0,0.41647839546203613
evaluation-5706-tar-000,1,0.7152982950210571
evaluation-5706-non-000,0,0.8336422443389893
evaluation-57103-tar-000,1,0.6227236986160278
evaluation-57103-non-000,0,0.12775272130966187
evaluation-57208-tar-000,1,0.30961287021636963
evaluation-57208-non-000,0,-0.2770999073982239
evaluation-57246-tar-000,1,0.974956750869751
evaluation-57246-non-000,0,0.6924346685409546
evaluation-57263-tar-000,1,0.9339576959609985
evaluation-57263-non-000,0,0.8550509214401245
evaluation-5734-tar-000,1,0.952950119972229
evaluation-5734-non-000,0,-0.09711747616529465
evaluation-57364-tar-000,1,0.9018175005912781
evaluation-57364-non-000,0,0.959818959236145
evaluation-57384-tar-000,1,0.6730585694313049
evaluation-57384-non-000,0,0.9051000475883484
evaluation-57413-tar-000,1,0.9223297834396362
evaluation-57413-non-000,0,0.8922658562660217
evaluation-5745-tar-000,1,0.9436129331588745
evaluation-5745-non-000,0,0.7606402039527893
evaluation-57502-tar-000,1,0.9031901955604553
evaluation-57502-non-000,0,0.8767277002334595
evaluation-57587-tar-000,1,0.9728122353553772
evaluation-57587-non-000,0,0.689499020576477
evaluation-5763-tar-000,1,-0.05440712720155716
evaluation-5763-non-000,0,0.180067241191864
evaluation-57661-tar-000,1,0.9552609324455261
evaluation-57661-non-000,0,0.7699729204177856
evaluation-57710-tar-000,1,0.614556074142456
evaluation-57710-non-000,0,-0.44252970814704895
evaluation-57719-tar-000,1,0.9635770916938782
evaluation-57719-non-000,0,0.953552782535553
evaluation-5773-tar-000,1,0.9654682874679565
evaluation-5773-non-000,0,0.936528742313385
evaluation-57944-tar-000,1,0.7024976015090942
evaluation-57944-non-000,0,0.7133756875991821
evaluation-57980-tar-000,1,0.9805504679679871
evaluation-57980-non-000,0,0.39367207884788513
evaluation-58059-tar-000,1,0.9529560804367065
evaluation-58059-non-000,0,0.1954745054244995
evaluation-58067-tar-000,1,0.9586529731750488
evaluation-58067-non-000,0,0.6819605827331543
evaluation-58081-tar-000,1,0.8374813795089722
evaluation-58081-non-000,0,0.13693474233150482
evaluation-58087-tar-000,1,0.7274042367935181
evaluation-58087-non-000,0,0.7546409964561462
evaluation-58098-tar-000,1,0.9105956554412842
evaluation-58098-non-000,0,-0.12122977524995804
evaluation-5814-tar-000,1,0.9795652627944946
evaluation-5814-non-000,0,0.5989345908164978
evaluation-58144-tar-000,1,0.9729658365249634
evaluation-58144-non-000,0,0.19250625371932983
evaluation-5832-tar-000,1,0.422976016998291
evaluation-5832-non-000,0,0.07140342146158218
evaluation-5836-tar-000,1,0.6684258580207825
evaluation-5836-non-000,0,0.7039737701416016
evaluation-5841-tar-000,1,0.9609315991401672
evaluation-5841-non-000,0,0.9768311977386475
evaluation-58430-tar-000,1,0.900208055973053
evaluation-58430-non-000,0,0.7148230075836182
evaluation-58587-tar-000,1,0.7703237533569336
evaluation-58587-non-000,0,0.4120768904685974
evaluation-5861-tar-000,1,0.9008362889289856
evaluation-5861-non-000,0,0.46517062187194824
evaluation-5868-tar-000,1,0.6322405338287354
evaluation-5868-non-000,0,0.36190348863601685
evaluation-58694-tar-000,1,0.5908921360969543
evaluation-58694-non-000,0,0.6331682205200195
evaluation-58724-tar-000,1,0.9574806690216064
evaluation-58724-non-000,0,-0.17532426118850708
evaluation-58771-tar-000,1,0.5648438930511475
evaluation-58771-non-000,0,-0.17328104376792908
evaluation-5884-tar-000,1,0.5649796724319458
evaluation-5884-non-000,0,0.4578225612640381
evaluation-58968-tar-000,1,0.8729722499847412
evaluation-58968-non-000,0,-0.6365180015563965
evaluation-5900-tar-000,1,0.6937314867973328
evaluation-5900-non-000,0,0.17784889042377472
evaluation-59029-tar-000,1,0.9643493890762329
evaluation-59029-non-000,0,0.7562406063079834
evaluation-59235-tar-000,1,0.9878969192504883
evaluation-59235-non-000,0,0.9708466529846191
evaluation-59284-tar-000,1,0.886328935623169
evaluation-59284-non-000,0,0.688728928565979
evaluation-59443-tar-000,1,0.6557780504226685
evaluation-59443-non-000,0,0.3315660357475281
evaluation-5946-tar-000,1,0.9702407121658325
evaluation-5946-non-000,0,0.9311407804489136
evaluation-5949-tar-000,1,0.9519972801208496
evaluation-5949-non-000,0,0.07393056154251099
evaluation-59496-tar-000,1,0.9395323991775513
evaluation-59496-non-000,0,0.9154537916183472
evaluation-59564-tar-000,1,0.7779669761657715
evaluation-59564-non-000,0,0.8164329528808594
evaluation-59663-tar-000,1,0.8553838729858398
evaluation-59663-non-000,0,0.5170183181762695
evaluation-59779-tar-000,1,0.6613587141036987
evaluation-59779-non-000,0,0.9592876434326172
evaluation-59820-tar-000,1,0.7800900936126709
evaluation-59820-non-000,0,0.6737911105155945
evaluation-59963-tar-000,1,0.8046160936355591
evaluation-59963-non-000,0,0.7786161303520203
evaluation-59971-tar-000,1,0.8710834980010986
evaluation-59971-non-000,0,0.33753782510757446
evaluation-6006-tar-000,1,0.8880717754364014
evaluation-6006-non-000,0,0.623360812664032
evaluation-6010-tar-000,1,0.788813591003418
evaluation-6010-non-000,0,0.9349275827407837
evaluation-60240-tar-000,1,0.9670062065124512
evaluation-60240-non-000,0,0.6862711906433105
evaluation-60627-tar-000,1,0.9790858030319214
evaluation-60627-non-000,0,-0.012936928309500217
evaluation-60646-tar-000,1,0.9701046347618103
evaluation-60646-non-000,0,0.8443947434425354
evaluation-60699-tar-000,1,0.9798380136489868
evaluation-60699-non-000,0,0.6931244134902954
evaluation-60748-tar-000,1,0.3894459009170532
evaluation-60748-non-000,0,0.5882951617240906
evaluation-60803-tar-000,1,0.8324416875839233
evaluation-60803-non-000,0,-0.0229765884578228
evaluation-6081-tar-000,1,0.7937831878662109
evaluation-6081-non-000,0,0.8027195930480957
evaluation-6086-tar-000,1,0.8286651968955994
evaluation-6086-non-000,0,0.5263141393661499
evaluation-6089-tar-000,1,-0.06849205493927002
evaluation-6089-non-000,0,0.6860830187797546
evaluation-6097-tar-000,1,0.6944703459739685
evaluation-6097-non-000,0,0.7668966054916382
evaluation-61015-tar-000,1,-0.20347212255001068
evaluation-61015-non-000,0,0.46568775177001953
evaluation-61078-tar-000,1,0.9791836738586426
evaluation-61078-non-000,0,-0.06905263662338257
evaluation-6108-tar-000,1,0.9718005657196045
evaluation-6108-non-000,0,0.9324654936790466
evaluation-61119-tar-000,1,0.5528178215026855
evaluation-61119-non-000,0,-0.13628242909908295
evaluation-61122-tar-000,1,0.3691040575504303
evaluation-61122-non-000,0,0.3598291873931885
evaluation-61133-tar-000,1,0.9211785197257996
evaluation-61133-non-000,0,0.3135484457015991
evaluation-61174-tar-000,1,0.45118486881256104
evaluation-61174-non-000,0,0.2943095862865448
evaluation-61207-tar-000,1,0.9868824481964111
evaluation-61207-non-000,0,0.30510562658309937
evaluation-61292-tar-000,1,0.7564233541488647
evaluation-61292-non-000,0,0.7033204436302185
evaluation-61410-tar-000,1,0.7658136487007141
evaluation-61410-non-000,0,0.8695477247238159
evaluation-61421-tar-000,1,0.6264692544937134
evaluation-61421-non-000,0,0.729630172252655
evaluation-6163-tar-000,1,0.9129541516304016
evaluation-6163-non-000,0,0.09002044796943665
evaluation-61663-tar-000,1,0.8098340630531311
evaluation-61663-non-000,0,0.8551045656204224
evaluation-61712-tar-000,1,0.728664219379425
evaluation-61712-non-000,0,0.23467925190925598
evaluation-61775-tar-000,1,0.8226951956748962
evaluation-61775-non-000,0,0.3750700354576111
evaluation-61800-tar-000,1,0.9255443811416626
evaluation-61800-non-000,0,0.3463965654373169
evaluation-6186-tar-000,1,0.7938594818115234
evaluation-6186-non-000,0,0.5373382568359375
evaluation-6194-tar-000,1,0.9758294224739075
evaluation-6194-non-000,0,-0.4784965515136719
evaluation-61979-tar-000,1,0.9400972127914429
evaluation-61979-non-000,0,0.8429912328720093
evaluation-62012-tar-000,1,0.8902506828308105
evaluation-62012-non-000,0,0.8130649328231812
evaluation-6202-tar-000,1,0.9481995105743408
evaluation-6202-non-000,0,0.7505292892456055
evaluation-62066-tar-000,1,0.902172327041626
evaluation-62066-non-000,0,0.4198595881462097
evaluation-62086-tar-000,1,0.8875257968902588
evaluation-62086-non-000,0,0.5279525518417358
evaluation-6209-tar-000,1,0.6849386692047119
evaluation-6209-non-000,0,0.29574424028396606
evaluation-62138-tar-000,1,0.3352961838245392
evaluation-62138-non-000,0,0.710170567035675
evaluation-62179-tar-000,1,0.7787424325942993
evaluation-62179-non-000,0,0.06975515931844711
evaluation-62223-tar-000,1,0.9167888164520264
evaluation-62223-non-000,0,-0.139250710606575
evaluation-62292-tar-000,1,0.9655008316040039
evaluation-62292-non-000,0,0.28381067514419556
evaluation-6231-tar-000,1,0.6784372925758362
evaluation-6231-non-000,0,0.42075756192207336
evaluation-62325-tar-000,1,0.6992357969284058
evaluation-62325-non-000,0,0.6149559617042542
evaluation-62404-tar-000,1,0.9249997735023499
evaluation-62404-non-000,0,0.9475178122520447
evaluation-6246-tar-000,1,0.9775905013084412
evaluation-6246-non-000,0,-0.5633124709129333
evaluation-62544-tar-000,1,0.4401775002479553
evaluation-62544-non-000,0,0.7150565981864929
evaluation-6257-tar-000,1,0.8368803858757019
evaluation-6257-non-000,0,0.42724430561065674
evaluation-62572-tar-000,1,0.9372206330299377
evaluation-62572-non-000,0,0.7960492968559265
evaluation-62660-tar-000,1,0.9853891730308533
evaluation-62660-non-000,0,0.7269240021705627
evaluation-62748-tar-000,1,0.3918040990829468
evaluation-62748-non-000,0,0.4339168071746826
evaluation-6287-tar-000,1,0.10876032710075378
evaluation-6287-non-000,0,0.4070960581302643
evaluation-6292-tar-000,1,-0.06658491492271423
evaluation-6292-non-000,0,0.9623392820358276
evaluation-6296-tar-000,1,0.5707074999809265
evaluation-6296-non-000,0,0.26078087091445923
evaluation-63077-tar-000,1,0.9310444593429565
evaluation-63077-non-000,0,0.7546778917312622
evaluation-6310-tar-000,1,0.7059299945831299
evaluation-6310-non-000,0,0.7794883251190186
evaluation-63132-tar-000,1,0.9910324811935425
evaluation-63132-non-000,0,-0.27385398745536804
evaluation-63138-tar-000,1,0.9752893447875977
evaluation-63138-non-000,0,0.7783263921737671
evaluation-63415-tar-000,1,0.8766448497772217
evaluation-63415-non-000,0,0.5940651297569275
evaluation-63478-tar-000,1,0.961292564868927
evaluation-63478-non-000,0,0.7912849187850952
evaluation-63536-tar-000,1,0.7620563507080078
evaluation-63536-non-000,0,0.8547042012214661
evaluation-6358-tar-000,1,0.6986158490180969
evaluation-6358-non-000,0,0.33170703053474426
evaluation-6359-tar-000,1,0.9678215384483337
evaluation-6359-non-000,0,0.5227155089378357
evaluation-63627-tar-000,1,0.8895694017410278
evaluation-63627-non-000,0,0.8634850978851318
evaluation-63629-tar-000,1,0.9820514917373657
evaluation-63629-non-000,0,0.8373832702636719
evaluation-63714-tar-000,1,0.6671205759048462
evaluation-63714-non-000,0,0.8982227444648743
evaluation-63739-tar-000,1,0.8911518454551697
evaluation-63739-non-000,0,0.9727494716644287
evaluation-63805-tar-000,1,0.9913650155067444
evaluation-63805-non-000,0,0.6742650270462036
evaluation-63838-tar-000,1,0.9834900498390198
evaluation-63838-non-000,0,0.8734967112541199
evaluation-63852-tar-000,1,0.9680706262588501
evaluation-63852-non-000,0,0.9505077600479126
evaluation-63984-tar-000,1,0.9775680303573608
evaluation-63984-non-000,0,0.7417489290237427
evaluation-6401-tar-000,1,0.9953135251998901
evaluation-6401-non-000,0,0.9412132501602173
evaluation-64082-tar-000,1,0.942144513130188
evaluation-64082-non-000,0,0.9447377324104309
evaluation-6410-tar-000,1,0.9856723546981812
evaluation-6410-non-000,0,0.2880077362060547
evaluation-64291-tar-000,1,0.8978113532066345
evaluation-64291-non-000,0,0.7737513780593872
evaluation-64354-tar-000,1,0.45778727531433105
evaluation-64354-non-000,0,0.2083340883255005
evaluation-64431-tar-000,1,0.9595317840576172
evaluation-64431-non-000,0,0.6265212893486023
evaluation-64456-tar-000,1,0.9676581621170044
evaluation-64456-non-000,0,0.6481059193611145
evaluation-64489-tar-000,1,0.4899753928184509
evaluation-64489-non-000,0,0.8963987827301025
evaluation-64494-tar-000,1,0.9886454939842224
evaluation-64494-non-000,0,0.9071871042251587
evaluation-64541-tar-000,1,0.7263950109481812
evaluation-64541-non-000,0,0.36505913734436035
evaluation-64593-tar-000,1,0.6478855609893799
evaluation-64593-non-000,0,-0.4601897597312927
evaluation-64626-tar-000,1,0.9143499135971069
evaluation-64626-non-000,0,0.260635107755661
evaluation-64747-tar-000,1,0.9891559481620789
evaluation-64747-non-000,0,0.5220977663993835
evaluation-6478-tar-000,1,0.3814443349838257
evaluation-6478-non-000,0,-0.057314176112413406
evaluation-6494-tar-000,1,0.26833274960517883
evaluation-6494-non-000,0,0.00334942527115345
evaluation-64961-tar-000,1,0.9954718351364136
evaluation-64961-non-000,0,0.9827556610107422
evaluation-64967-tar-000,1,0.9584476947784424
evaluation-64967-non-000,0,0.3361416459083557
evaluation-65079-tar-000,1,0.9785317182540894
evaluation-65079-non-000,0,0.6912497878074646
evaluation-65159-tar-000,1,0.9441361427307129
evaluation-65159-non-000,0,-0.576560378074646
evaluation-6527-tar-000,1,0.7283376455307007
evaluation-6527-non-000,0,0.44070881605148315
evaluation-65368-tar-000,1,0.36124828457832336
evaluation-65368-non-000,0,0.824828028678894
evaluation-65404-tar-000,1,0.8828169107437134
evaluation-65404-non-000,0,0.9639770984649658
evaluation-65423-tar-000,1,0.9895305633544922
evaluation-65423-non-000,0,0.884177565574646
evaluation-65511-tar-000,1,0.8713648319244385
evaluation-65511-non-000,0,0.8885223865509033
evaluation-65513-tar-000,1,0.9289172887802124
evaluation-65513-non-000,0,0.9005324840545654
evaluation-6552-tar-000,1,0.9293878078460693
evaluation-6552-non-000,0,0.9535809755325317
evaluation-65538-tar-000,1,0.9915421009063721
evaluation-65538-non-000,0,0.9202840328216553
evaluation-65541-tar-000,1,0.17365527153015137
evaluation-65541-non-000,0,0.4119923710823059
evaluation-65761-tar-000,1,0.8222956657409668
evaluation-65761-non-000,0,0.06967554986476898
evaluation-65807-tar-000,1,0.9135406017303467
evaluation-65807-non-000,0,0.9605070352554321
evaluation-65868-tar-000,1,0.6795910000801086
evaluation-65868-non-000,0,-0.013282369822263718
evaluation-65945-tar-000,1,0.9578870534896851
evaluation-65945-non-000,0,0.9279125928878784
evaluation-6595-tar-000,1,0.8427261114120483
evaluation-6595-non-000,0,0.2125018835067749
evaluation-65986-tar-000,1,0.6999823451042175
evaluation-65986-non-000,0,0.7738515734672546
evaluation-66002-tar-000,1,0.9764635562896729
evaluation-66002-non-000,0,0.45338648557662964
evaluation-66030-tar-000,1,0.9983254671096802
evaluation-66030-non-000,0,0.7060263156890869
evaluation-66230-tar-000,1,0.9646121859550476
evaluation-66230-non-000,0,0.6748300790786743
evaluation-6625-tar-000,1,0.3246333599090576
evaluation-6625-non-000,0,0.4396207630634308
evaluation-6634-tar-000,1,0.5836406946182251
evaluation-6634-non-000,0,0.7697608470916748
evaluation-66436-tar-000,1,0.9532840251922607
evaluation-66436-non-000,0,0.6010798811912537
evaluation-66466-tar-000,1,0.9370983839035034
evaluation-66466-non-000,0,0.8276380896568298
evaluation-66508-tar-000,1,0.7845460176467896
evaluation-66508-non-000,0,0.527202844619751
evaluation-6661-tar-000,1,-0.1106356531381607
evaluation-6661-non-000,0,0.9359172582626343
evaluation-66749-tar-000,1,0.8479728698730469
evaluation-66749-non-000,0,0.5852553248405457
evaluation-66782-tar-000,1,0.9478970766067505
evaluation-66782-non-000,0,-0.5869760513305664
evaluation-6682-tar-000,1,0.6169406175613403
evaluation-6682-non-000,0,0.6875950694084167
evaluation-66944-tar-000,1,0.38624170422554016
evaluation-66944-non-000,0,0.5455335974693298
evaluation-67057-tar-000,1,0.6072537899017334
evaluation-67057-non-000,0,0.41834747791290283
evaluation-67087-tar-000,1,0.14403511583805084
evaluation-67087-non-000,0,0.02802293375134468
evaluation-67137-tar-000,1,0.944007396697998
evaluation-67137-non-000,0,0.17188677191734314
evaluation-67288-tar-000,1,0.9266026020050049
evaluation-67288-non-000,0,0.25253379344940186
evaluation-6731-tar-000,1,0.9504958391189575
evaluation-6731-non-000,0,-0.30780017375946045
evaluation-67370-tar-000,1,0.617887020111084
evaluation-67370-non-000,0,0.7822922468185425
evaluation-67488-tar-000,1,0.9250891208648682
evaluation-67488-non-000,0,0.9630413055419922
evaluation-6749-tar-000,1,0.953863799571991
evaluation-6749-non-000,0,0.1266207993030548
evaluation-67521-tar-000,1,0.9633748531341553
evaluation-67521-non-000,0,0.8085877299308777
evaluation-67529-tar-000,1,0.9223488569259644
evaluation-67529-non-000,0,0.43474018573760986
evaluation-67538-tar-000,1,0.9058714509010315
evaluation-67538-non-000,0,0.6048020124435425
evaluation-67686-tar-000,1,0.9928130507469177
evaluation-67686-non-000,0,0.4910832643508911
evaluation-67697-tar-000,1,0.995227038860321
evaluation-67697-non-000,0,0.9136427640914917
evaluation-67859-tar-000,1,0.7385826110839844
evaluation-67859-non-000,0,0.5385259985923767
evaluation-6789-tar-000,1,0.8384122848510742
evaluation-6789-non-000,0,0.6392592191696167
evaluation-67991-tar-000,1,0.9876797199249268
evaluation-67991-non-000,0,0.009916330687701702
evaluation-68068-tar-000,1,0.8212393522262573
evaluation-68068-non-000,0,0.6590718626976013
evaluation-68131-tar-000,1,0.9993545413017273
evaluation-68131-non-000,0,0.7641912698745728
evaluation-6818-tar-000,1,0.4519617259502411
evaluation-6818-non-000,0,-0.3468790650367737
evaluation-68227-tar-000,1,0.6342130303382874
evaluation-68227-non-000,0,0.5188320279121399
evaluation-68268-tar-000,1,0.9299224019050598
evaluation-68268-non-000,0,0.6877124905586243
evaluation-68334-tar-000,1,0.8436970710754395
evaluation-68334-non-000,0,0.46741199493408203
evaluation-68378-tar-000,1,0.6551039218902588
evaluation-68378-non-000,0,-0.21234498918056488
evaluation-68430-tar-000,1,0.961414635181427
evaluation-68430-non-000,0,0.5721404552459717
evaluation-68785-tar-000,1,0.5735433101654053
evaluation-68785-non-000,0,0.7471631765365601
evaluation-68886-tar-000,1,0.8412126302719116
evaluation-68886-non-000,0,-0.12632572650909424
evaluation-68908-tar-000,1,-0.08788970857858658
evaluation-68908-non-000,0,0.29443442821502686
evaluation-6898-tar-000,1,0.46396464109420776
evaluation-6898-non-000,0,0.5381909608840942
evaluation-69035-tar-000,1,0.9056237936019897
evaluation-69035-non-000,0,0.33619725704193115
evaluation-69087-tar-000,1,0.9381053447723389
evaluation-69087-non-000,0,0.9198479652404785
evaluation-69155-tar-000,1,0.7183722257614136
evaluation-69155-non-000,0,0.553057074546814
evaluation-69166-tar-000,1,0.9693090915679932
evaluation-69166-non-000,0,0.9494816064834595
evaluation-69169-tar-000,1,0.9698522090911865
evaluation-69169-non-000,0,0.6147308349609375
evaluation-69235-tar-000,1,0.8018833994865417
evaluation-69235-non-000,0,0.828200101852417
evaluation-69279-tar-000,1,0.21099185943603516
evaluation-69279-non-000,0,0.24965697526931763
evaluation-69315-tar-000,1,0.9935797452926636
evaluation-69315-non-000,0,0.8629729151725769
evaluation-6932-tar-000,1,0.41867595911026
evaluation-6932-non-000,0,0.6878601312637329
evaluation-69361-tar-000,1,0.09576177597045898
evaluation-69361-non-000,0,0.08166145533323288
evaluation-69425-tar-000,1,0.7117483615875244
evaluation-69425-non-000,0,0.9567726850509644
evaluation-69526-tar-000,1,0.9873769879341125
evaluation-69526-non-000,0,0.7950607538223267
evaluation-69529-tar-000,1,0.621822714805603
evaluation-69529-non-000,0,0.8822608590126038
evaluation-6957-tar-000,1,0.4049832224845886
evaluation-6957-non-000,0,0.5085471868515015
evaluation-69573-tar-000,1,0.7987456321716309
evaluation-69573-non-000,0,-0.12567472457885742
evaluation-69617-tar-000,1,0.9597831964492798
evaluation-69617-non-000,0,0.3964800238609314
evaluation-69672-tar-000,1,0.8508830070495605
evaluation-69672-non-000,0,0.7330567836761475
evaluation-69724-tar-000,1,0.8718711137771606
evaluation-69724-non-000,0,0.8545673489570618
evaluation-69848-tar-000,1,0.8164724111557007
evaluation-69848-non-000,0,-0.15484619140625
evaluation-69927-tar-000,1,0.5618553161621094
evaluation-69927-non-000,0,0.09849397838115692
evaluation-6993-tar-000,1,0.8845071792602539
evaluation-6993-non-000,0,0.984261691570282
evaluation-6994-tar-000,1,0.9322964549064636
evaluation-6994-non-000,0,0.9447697401046753
evaluation-7006-tar-000,1,0.8677611351013184
evaluation-7006-non-000,0,0.18146759271621704
evaluation-70130-tar-000,1,0.7677829265594482
evaluation-70130-non-000,0,0.7456640005111694
evaluation-70169-tar-000,1,0.8958930969238281
evaluation-70169-non-000,0,0.46146106719970703
evaluation-70191-tar-000,1,0.6654454469680786
evaluation-70191-non-000,0,0.581943929195404
evaluation-7029-tar-000,1,0.964431643486023
evaluation-7029-non-000,0,-0.3542645573616028
evaluation-70290-tar-000,1,0.8211328983306885
evaluation-70290-non-000,0,0.9885905981063843
evaluation-70320-tar-000,1,0.8926926851272583
evaluation-70320-non-000,0,0.2900712192058563
evaluation-70347-tar-000,1,0.94801265001297
evaluation-70347-non-000,0,0.30992162227630615
evaluation-7036-tar-000,1,0.8342821598052979
evaluation-7036-non-000,0,0.9229811429977417
evaluation-70501-tar-000,1,0.782852828502655
evaluation-70501-non-000,0,0.07794246077537537
evaluation-7055-tar-000,1,0.7325546741485596
evaluation-7055-non-000,0,0.33028915524482727
evaluation-70592-tar-000,1,0.9524970650672913
evaluation-70592-non-000,0,-0.44725847244262695
evaluation-70641-tar-000,1,0.8816632032394409
evaluation-70641-non-000,0,0.7663419246673584
evaluation-70671-tar-000,1,0.127338245511055
evaluation-70671-non-000,0,0.5267641544342041
evaluation-7077-tar-000,1,0.8503050804138184
evaluation-7077-non-000,0,0.9442476034164429
evaluation-7078-tar-000,1,0.965354859828949
evaluation-7078-non-000,0,0.6171770095825195
evaluation-70781-tar-000,1,0.08819795399904251
evaluation-70781-non-000,0,0.898099958896637
evaluation-70801-tar-000,1,0.9860986471176147
evaluation-70801-non-000,0,0.9893374443054199
evaluation-7092-tar-000,1,0.7946766018867493
evaluation-7092-non-000,0,0.27941715717315674
evaluation-70952-tar-000,1,0.3733562231063843
evaluation-70952-non-000,0,-0.4457799196243286
evaluation-71001-tar-000,1,0.9872875213623047
evaluation-71001-non-000,0,-0.08130932599306107
evaluation-71015-tar-000,1,0.9224874377250671
evaluation-71015-non-000,0,0.5782110095024109
evaluation-71042-tar-000,1,0.5796068906784058
evaluation-71042-non-000,0,0.5217629671096802
evaluation-7108-tar-000,1,0.9594013690948486
evaluation-7108-non-000,0,0.29215267300605774
evaluation-7123-tar-000,1,0.45397746562957764
evaluation-7123-non-000,0,-0.13926248252391815
evaluation-71300-tar-000,1,0.4021214544773102
evaluation-71300-non-000,0,0.895064651966095
evaluation-7131-tar-000,1,0.9813296794891357
evaluation-7131-non-000,0,0.7949560284614563
evaluation-7140-tar-000,1,0.30787014961242676
evaluation-7140-non-000,0,0.34356689453125
evaluation-71402-tar-000,1,0.976848304271698
evaluation-71402-non-000,0,0.9138492345809937
evaluation-71441-tar-000,1,0.9362438917160034
evaluation-71441-non-000,0,-0.14595967531204224
evaluation-71457-tar-000,1,0.14079149067401886
evaluation-71457-non-000,0,0.25821125507354736
evaluation-7149-tar-000,1,0.9059805274009705
evaluation-7149-non-000,0,0.9313678741455078
evaluation-71528-tar-000,1,0.7567718625068665
evaluation-71528-non-000,0,0.6035600900650024
evaluation-71594-tar-000,1,0.9932854175567627
evaluation-71594-non-000,0,-0.09837506711483002
evaluation-7174-tar-000,1,0.9807404279708862
evaluation-7174-non-000,0,0.8727505207061768
evaluation-7177-tar-000,1,0.9917371273040771
evaluation-7177-non-000,0,0.5277024507522583
evaluation-71798-tar-000,1,0.24299049377441406
evaluation-71798-non-000,0,0.900627851486206
evaluation-71839-tar-000,1,0.6694948077201843
evaluation-71839-non-000,0,0.6386629343032837
evaluation-71924-tar-000,1,0.9843533635139465
evaluation-71924-non-000,0,0.5241683721542358
evaluation-72009-tar-000,1,0.9829484820365906
evaluation-72009-non-000,0,-0.04422134906053543
evaluation-72017-tar-000,1,0.8584157824516296
evaluation-72017-non-000,0,0.7943674325942993
evaluation-72078-tar-000,1,0.9278806447982788
evaluation-72078-non-000,0,-0.38198304176330566
evaluation-7211-tar-000,1,0.74344801902771
evaluation-7211-non-000,0,0.33138835430145264
evaluation-7214-tar-000,1,0.5866765975952148
evaluation-7214-non-000,0,-0.03833244740962982
evaluation-72182-tar-000,1,0.8321796655654907
evaluation-72182-non-000,0,-0.21874210238456726
evaluation-72221-tar-000,1,0.9365759491920471
evaluation-72221-non-000,0,0.6651641726493835
evaluation-7225-tar-000,1,0.9362657070159912
evaluation-7225-non-000,0,0.6229464411735535
evaluation-72267-tar-000,1,0.7887198328971863
evaluation-72267-non-000,0,0.8455768823623657
evaluation-7228-tar-000,1,0.8552218675613403
evaluation-7228-non-000,0,0.2890216112136841
evaluation-72328-tar-000,1,0.6282486915588379
evaluation-72328-non-000,0,0.9665085673332214
evaluation-72355-tar-000,1,0.6622211933135986
evaluation-72355-non-000,0,0.8721851110458374
evaluation-72531-tar-000,1,0.8989571928977966
evaluation-72531-non-000,0,-0.40294337272644043
evaluation-7259-tar-000,1,0.9120615720748901
evaluation-7259-non-000,0,0.1444273740053177
evaluation-72646-tar-000,1,0.9903156161308289
evaluation-72646-non-000,0,0.9770704507827759
evaluation-72685-tar-000,1,0.31317564845085144
evaluation-72685-non-000,0,-0.04576677456498146
evaluation-72718-tar-000,1,0.4326462149620056
evaluation-72718-non-000,0,-0.3714246153831482
evaluation-72731-tar-000,1,0.8642847537994385
evaluation-72731-non-000,0,0.4728628695011139
evaluation-72800-tar-000,1,0.8331677913665771
evaluation-72800-non-000,0,0.2335282266139984
evaluation-7285-tar-000,1,0.5528004169464111
evaluation-7285-non-000,0,0.6454904675483704
evaluation-7290-tar-000,1,0.8732323050498962
evaluation-7290-non-000,0,0.6558332443237305
evaluation-7302-tar-000,1,0.8193823099136353
evaluation-7302-non-000,0,0.7856332063674927
evaluation-73086-tar-000,1,0.6188801527023315
evaluation-73086-non-000,0,0.9722936153411865
evaluation-7314-tar-000,1,0.6378100514411926
evaluation-7314-non-000,0,0.8717027306556702
evaluation-73366-tar-000,1,0.9306627511978149
evaluation-73366-non-000,0,0.22787341475486755
evaluation-73396-tar-000,1,0.9194696545600891
evaluation-73396-non-000,0,-0.3496765196323395
evaluation-7343-tar-000,1,0.9593237638473511
evaluation-7343-non-000,0,0.7662444710731506
evaluation-73465-tar-000,1,0.8122910261154175
evaluation-73465-non-000,0,0.42619675397872925
evaluation-7350-tar-000,1,0.9756960272789001
evaluation-7350-non-000,0,0.9215527772903442
evaluation-7353-tar-000,1,0.9497067928314209
evaluation-7353-non-000,0,0.10378681868314743
evaluation-7354-tar-000,1,0.9587252140045166
evaluation-7354-non-000,0,0.2864903211593628
evaluation-73660-tar-000,1,0.9381791353225708
evaluation-73660-non-000,0,-0.3227987289428711
evaluation-73814-tar-000,1,0.9895604848861694
evaluation-73814-non-000,0,0.9276645183563232
evaluation-73858-tar-000,1,0.7126597166061401
evaluation-73858-non-000,0,-0.17167378962039948
evaluation-73923-tar-000,1,0.9340388178825378
evaluation-73923-non-000,0,0.49042993783950806
evaluation-73995-tar-000,1,0.9047937393188477
evaluation-73995-non-000,0,0.7949320077896118
evaluation-74014-tar-000,1,0.9248286485671997
evaluation-74014-non-000,0,0.8500106334686279
evaluation-74028-tar-000,1,0.8994889259338379
evaluation-74028-non-000,0,0.8520383834838867
evaluation-74033-tar-000,1,0.9987426996231079
evaluation-74033-non-000,0,0.018700748682022095
evaluation-7406-tar-000,1,0.23265621066093445
evaluation-7406-non-000,0,0.8587310314178467
evaluation-7408-tar-000,1,0.7615976333618164
evaluation-7408-non-000,0,0.6364294290542603
evaluation-74110-tar-000,1,0.479656457901001
evaluation-74110-non-000,0,0.7192158102989197
evaluation-74179-tar-000,1,0.9765958786010742
evaluation-74179-non-000,0,0.9791625738143921
evaluation-74195-tar-000,1,0.6674094200134277
evaluation-74195-non-000,0,-0.5003689527511597
evaluation-74234-tar-000,1,0.1345808357000351
evaluation-74234-non-000,0,0.6412628889083862
evaluation-74250-tar-000,1,0.9394937753677368
evaluation-74250-non-000,0,0.8196819424629211
evaluation-7428-tar-000,1,0.9471234083175659
evaluation-7428-non-000,0,0.7483763098716736
evaluation-74324-tar-000,1,0.8737425208091736
evaluation-74324-non-000,0,0.23684868216514587
evaluation-74335-tar-000,1,0.8373140096664429
evaluation-74335-non-000,0,0.4829656481742859
evaluation-74357-tar-000,1,0.9678941369056702
evaluation-74357-non-000,0,0.08064752072095871
evaluation-7438-tar-000,1,0.9946275949478149
evaluation-7438-non-000,0,0.9226540923118591
evaluation-74388-tar-000,1,0.9534947276115417
evaluation-74388-non-000,0,0.8320438861846924
evaluation-74481-tar-000,1,0.5779308080673218
evaluation-74481-non-000,0,0.14392660558223724
evaluation-74599-tar-000,1,0.7164791822433472
evaluation-74599-non-000,0,0.9285931587219238
evaluation-74720-tar-000,1,0.3653043806552887
evaluation-74720-non-000,0,0.18043653666973114
evaluation-74745-tar-000,1,0.3461649417877197
evaluation-74745-non-000,0,0.7600542902946472
evaluation-74783-tar-000,1,0.9820684194564819
evaluation-74783-non-000,0,0.905473530292511
evaluation-74953-tar-000,1,0.4999907612800598
evaluation-74953-non-000,0,0.8582948446273804
evaluation-7500-tar-000,1,0.8196406364440918
evaluation-7500-non-000,0,0.8209834694862366
evaluation-75011-tar-000,1,0.9677079916000366
evaluation-75011-non-000,0,0.7824313640594482
evaluation-7511-tar-000,1,0.4044710397720337
evaluation-7511-non-000,0,0.11245586723089218
evaluation-75157-tar-000,1,0.9766733646392822
evaluation-75157-non-000,0,0.9234696626663208
evaluation-7516-tar-000,1,0.9356531500816345
evaluation-7516-non-000,0,0.7321852445602417
evaluation-75176-tar-000,1,0.9880231618881226
evaluation-75176-non-000,0,0.6747554540634155
evaluation-75192-tar-000,1,0.7514268159866333
evaluation-75192-non-000,0,0.9491609930992126
evaluation-7536-tar-000,1,0.2327841818332672
evaluation-7536-non-000,0,0.8149591684341431
evaluation-7544-tar-000,1,0.9496005773544312
evaluation-7544-non-000,0,0.9449559450149536
evaluation-75442-tar-000,1,0.831899881362915
evaluation-75442-non-000,0,0.7362002730369568
evaluation-75448-tar-000,1,0.966178834438324
evaluation-75448-non-000,0,0.8218188285827637
evaluation-75451-tar-000,1,0.6649023294448853
evaluation-75451-non-000,0,-0.47363919019699097
evaluation-75555-tar-000,1,0.8813819289207458
evaluation-75555-non-000,0,0.02423914521932602
evaluation-75690-tar-000,1,0.9351454973220825
evaluation-75690-non-000,0,0.8628729581832886
evaluation-75753-tar-000,1,0.7732885479927063
evaluation-75753-non-000,0,0.0024213995784521103
evaluation-75802-tar-000,1,0.9941086173057556
evaluation-75802-non-000,0,-0.30053773522377014
evaluation-75849-tar-000,1,0.22519776225090027
evaluation-75849-non-000,0,0.44317442178726196
evaluation-75860-tar-000,1,0.9442055225372314
evaluation-75860-non-000,0,-0.3083532452583313
evaluation-75874-tar-000,1,0.33304500579833984
evaluation-75874-non-000,0,0.7313125729560852
evaluation-75945-tar-000,1,0.8792185187339783
evaluation-75945-non-000,0,-0.4944344162940979
evaluation-7604-tar-000,1,0.8489954471588135
evaluation-7604-non-000,0,0.2192734181880951
evaluation-76085-tar-000,1,0.9005143642425537
evaluation-76085-non-000,0,0.7565574645996094
evaluation-76101-tar-000,1,0.7622441649436951
evaluation-76101-non-000,0,0.965930700302124
evaluation-7617-tar-000,1,0.9099907875061035
evaluation-7617-non-000,0,0.7788132429122925
evaluation-76192-tar-000,1,0.9735580086708069
evaluation-76192-non-000,0,0.6498745679855347
evaluation-76247-tar-000,1,0.9160648584365845
evaluation-76247-non-000,0,0.7371975183486938
evaluation-76299-tar-000,1,0.9145480394363403
evaluation-76299-non-000,0,0.8033856153488159
evaluation-76420-tar-000,1,0.6578819155693054
evaluation-76420-non-000,0,0.5620357394218445
evaluation-7645-tar-000,1,0.7498486042022705
evaluation-7645-non-000,0,0.6991221308708191
evaluation-76453-tar-000,1,0.6695415377616882
evaluation-76453-non-000,0,0.3216487765312195
evaluation-7646-tar-000,1,0.48739615082740784
evaluation-7646-non-000,0,0.7333905696868896
evaluation-7654-tar-000,1,0.4198213517665863
evaluation-7654-non-000,0,0.6248924732208252
evaluation-7655-tar-000,1,0.8647260069847107
evaluation-7655-non-000,0,0.7779247760772705
evaluation-76585-tar-000,1,0.8685738444328308
evaluation-76585-non-000,0,0.3610507547855377
evaluation-76695-tar-000,1,0.9916824102401733
evaluation-76695-non-000,0,0.9576598405838013
evaluation-76719-tar-000,1,0.8523750305175781
evaluation-76719-non-000,0,0.6904715299606323
evaluation-76725-tar-000,1,0.5651612281799316
evaluation-76725-non-000,0,0.30684447288513184
evaluation-7679-tar-000,1,0.5747871994972229
evaluation-7679-non-000,0,0.4696502685546875
evaluation-76862-tar-000,1,0.05570182949304581
evaluation-76862-non-000,0,0.8156877160072327
evaluation-77101-tar-000,1,0.9687340259552002
evaluation-77101-non-000,0,-0.5860605239868164
evaluation-7712-tar-000,1,0.9868181347846985
evaluation-7712-non-000,0,0.9660821557044983
evaluation-77175-tar-000,1,0.8074713945388794
evaluation-77175-non-000,0,-0.47376930713653564
evaluation-7721-tar-000,1,0.9330573678016663
evaluation-7721-non-000,0,-0.32105034589767456
evaluation-7726-tar-000,1,0.9212137460708618
evaluation-7726-non-000,0,0.6630553007125854
evaluation-7728-tar-000,1,0.9750454425811768
evaluation-7728-non-000,0,0.48297151923179626
evaluation-7735-tar-000,1,0.6566452383995056
evaluation-7735-non-000,0,0.44963306188583374
evaluation-77351-tar-000,1,0.25742819905281067
evaluation-77351-non-000,0,0.8559939861297607
evaluation-77376-tar-000,1,0.983534574508667
evaluation-77376-non-000,0,0.6137488484382629
evaluation-77486-tar-000,1,0.3591935336589813
evaluation-77486-non-000,0,0.23902374505996704
evaluation-7750-tar-000,1,0.9224450588226318
evaluation-7750-non-000,0,0.2517300844192505
evaluation-77571-tar-000,1,0.9523406028747559
evaluation-77571-non-000,0,0.17910438776016235
evaluation-77656-tar-000,1,0.37914037704467773
evaluation-77656-non-000,0,0.6865874528884888
evaluation-77851-tar-000,1,0.9715529084205627
evaluation-77851-non-000,0,-0.2338123321533203
evaluation-77854-tar-000,1,0.9574231505393982
evaluation-77854-non-000,0,0.28517094254493713
evaluation-77879-tar-000,1,0.9886589050292969
evaluation-77879-non-000,0,0.826359212398529
evaluation-7789-tar-000,1,0.8964238166809082
evaluation-7789-non-000,0,0.1121717020869255
evaluation-7790-tar-000,1,0.9357422590255737
evaluation-7790-non-000,0,0.9669661521911621
evaluation-7810-tar-000,1,0.8137712478637695
evaluation-7810-non-000,0,0.6660397052764893
evaluation-78247-tar-000,1,0.9782488942146301
evaluation-78247-non-000,0,-0.26559990644454956
evaluation-78249-tar-000,1,0.9919290542602539
evaluation-78249-non-000,0,0.39250802993774414
evaluation-7827-tar-000,1,0.7920500040054321
evaluation-7827-non-000,0,0.6328219175338745
evaluation-78370-tar-000,1,0.9154264330863953
evaluation-78370-non-000,0,0.7573540806770325
evaluation-78400-tar-000,1,0.9739845991134644
evaluation-78400-non-000,0,0.8843547701835632
evaluation-78436-tar-000,1,0.9633244276046753
evaluation-78436-non-000,0,0.20691615343093872
evaluation-78444-tar-000,1,0.525144636631012
evaluation-78444-non-000,0,0.4343221187591553
evaluation-7846-tar-000,1,0.8751211762428284
evaluation-7846-non-000,0,0.907379150390625
evaluation-7848-tar-000,1,0.9915749430656433
evaluation-7848-non-000,0,0.5149914026260376
evaluation-7849-tar-000,1,0.7318774461746216
evaluation-7849-non-000,0,0.7566890716552734
evaluation-78540-tar-000,1,0.8894510865211487
evaluation-78540-non-000,0,0.7895560264587402
evaluation-78571-tar-000,1,0.8692842125892639
evaluation-78571-non-000,0,0.9051400423049927
evaluation-78576-tar-000,1,0.6773601174354553
evaluation-78576-non-000,0,0.8981940746307373
evaluation-78584-tar-000,1,0.8430323600769043
evaluation-78584-non-000,0,0.23221367597579956
evaluation-78615-tar-000,1,0.9633725881576538
evaluation-78615-non-000,0,0.77218097448349
evaluation-78675-tar-000,1,0.9518150091171265
evaluation-78675-non-000,0,0.08528122305870056
evaluation-78752-tar-000,1,0.9697682857513428
evaluation-78752-non-000,0,0.771614670753479
evaluation-7878-tar-000,1,0.6951638460159302
evaluation-7878-non-000,0,-0.06753435730934143
evaluation-78782-tar-000,1,0.9463239312171936
evaluation-78782-non-000,0,-0.4892578125
evaluation-78815-tar-000,1,0.39729535579681396
evaluation-78815-non-000,0,0.3335416316986084
evaluation-78826-tar-000,1,0.9793421030044556
evaluation-78826-non-000,0,0.9815765619277954
evaluation-78887-tar-000,1,0.573076069355011
evaluation-78887-non-000,0,-0.014108173549175262
evaluation-78963-tar-000,1,0.9609992504119873
evaluation-78963-non-000,0,0.6660776734352112
evaluation-78972-tar-000,1,0.5983086228370667
evaluation-78972-non-000,0,-0.23470020294189453
evaluation-79095-tar-000,1,0.9164658784866333
evaluation-79095-non-000,0,0.23122645914554596
evaluation-79255-tar-000,1,0.8591088056564331
evaluation-79255-non-000,0,-0.3856924772262573
evaluation-79474-tar-000,1,0.8502098321914673
evaluation-79474-non-000,0,0.9614297747612
evaluation-79521-tar-000,1,0.9361000657081604
evaluation-79521-non-000,0,0.8823204636573792
evaluation-79581-tar-000,1,0.7233006954193115
evaluation-79581-non-000,0,0.9958629608154297
evaluation-7964-tar-000,1,0.3015645146369934
evaluation-7964-non-000,0,0.7076218724250793
evaluation-7972-tar-000,1,0.7611565589904785
evaluation-7972-non-000,0,0.4198622703552246
evaluation-79776-tar-000,1,0.9917638301849365
evaluation-79776-non-000,0,0.6652610898017883
evaluation-79798-tar-000,1,0.38237258791923523
evaluation-79798-non-000,0,0.6008438467979431
evaluation-79807-tar-000,1,0.9694994688034058
evaluation-79807-non-000,0,0.8349711894989014
evaluation-7983-tar-000,1,0.9884616136550903
evaluation-7983-non-000,0,0.6623598337173462
evaluation-79843-tar-000,1,0.864699125289917
evaluation-79843-non-000,0,0.6280636787414551
evaluation-7989-tar-000,1,0.968299388885498
evaluation-7989-non-000,0,0.01149221882224083
evaluation-79980-tar-000,1,0.5029119253158569
evaluation-79980-non-000,0,0.6686707139015198
evaluation-79991-tar-000,1,0.9848446846008301
evaluation-79991-non-000,0,0.7276757955551147
evaluation-80153-tar-000,1,0.9608139991760254
evaluation-80153-non-000,0,0.7924426198005676
evaluation-80180-tar-000,1,0.8500113487243652
evaluation-80180-non-000,0,0.9115257859230042
evaluation-8019-tar-000,1,0.9901769161224365
evaluation-8019-non-000,0,0.9446249008178711
evaluation-80210-tar-000,1,0.8681808710098267
evaluation-80210-non-000,0,0.2334042489528656
evaluation-80221-tar-000,1,0.9961670637130737
evaluation-80221-non-000,0,0.7270338535308838
evaluation-8023-tar-000,1,0.9184004068374634
evaluation-8023-non-000,0,0.9147095680236816
evaluation-8027-tar-000,1,0.99680495262146
evaluation-8027-non-000,0,0.9908658266067505
evaluation-8028-tar-000,1,0.2993241846561432
evaluation-8028-non-000,0,0.6970105767250061
evaluation-80353-tar-000,1,0.9394101500511169
evaluation-80353-non-000,0,0.9253055453300476
evaluation-8041-tar-000,1,0.42138010263442993
evaluation-8041-non-000,0,0.5620319843292236
evaluation-80449-tar-000,1,0.7505367994308472
evaluation-80449-non-000,0,0.9948762655258179
evaluation-80504-tar-000,1,0.987085223197937
evaluation-80504-non-000,0,0.9704010486602783
evaluation-8068-tar-000,1,0.6624153852462769
evaluation-8068-non-000,0,0.8464292883872986
evaluation-80710-tar-000,1,0.8757301568984985
evaluation-80710-non-000,0,-0.006508848629891872
evaluation-80773-tar-000,1,0.9797161817550659
evaluation-80773-non-000,0,0.8867089748382568
evaluation-80793-tar-000,1,0.9368078112602234
evaluation-80793-non-000,0,0.889299750328064
evaluation-80798-tar-000,1,0.8281595706939697
evaluation-80798-non-000,0,0.048969849944114685
evaluation-80806-tar-000,1,0.9014968872070312
evaluation-80806-non-000,0,0.9751161336898804
evaluation-80900-tar-000,1,0.8329870700836182
evaluation-80900-non-000,0,0.4746711254119873
evaluation-80935-tar-000,1,0.8002423048019409
evaluation-80935-non-000,0,-0.2480156421661377
evaluation-80938-tar-000,1,0.9863781929016113
evaluation-80938-non-000,0,0.9921437501907349
evaluation-8097-tar-000,1,0.6955055594444275
evaluation-8097-non-000,0,0.7137967348098755
evaluation-81034-tar-000,1,0.5451434850692749
evaluation-81034-non-000,0,0.38266104459762573
evaluation-81103-tar-000,1,0.9446706175804138
evaluation-81103-non-000,0,-0.17384198307991028
evaluation-81106-tar-000,1,0.9533331394195557
evaluation-81106-non-000,0,0.8647724390029907
evaluation-81111-tar-000,1,0.9509835243225098
evaluation-81111-non-000,0,0.8344836235046387
evaluation-81119-tar-000,1,0.7752072811126709
evaluation-81119-non-000,0,0.6486188769340515
evaluation-81128-tar-000,1,0.9674068689346313
evaluation-81128-non-000,0,0.7686384916305542
evaluation-81174-tar-000,1,0.949238657951355
evaluation-81174-non-000,0,0.9334215521812439
evaluation-81271-tar-000,1,0.6515114307403564
evaluation-81271-non-000,0,0.31415626406669617
evaluation-81276-tar-000,1,0.7892167568206787
evaluation-81276-non-000,0,-0.1671261191368103
evaluation-81309-tar-000,1,0.9095974564552307
evaluation-81309-non-000,0,0.8128852248191833
evaluation-8143-tar-000,1,0.518119215965271
evaluation-8143-non-000,0,-0.009413832798600197
evaluation-81441-tar-000,1,0.9258688688278198
evaluation-81441-non-000,0,0.7811222672462463
evaluation-81455-tar-000,1,0.9872050285339355
evaluation-81455-non-000,0,-0.0642588809132576
evaluation-81823-tar-000,1,0.9023064374923706
evaluation-81823-non-000,0,0.9686745405197144
evaluation-8185-tar-000,1,0.655699610710144
evaluation-8185-non-000,0,0.3492852449417114
evaluation-81858-tar-000,1,0.9883272647857666
evaluation-81858-non-000,0,0.9291211366653442
evaluation-8191-tar-000,1,0.6217684149742126
evaluation-8191-non-000,0,0.9149425625801086
evaluation-81913-tar-000,1,0.8938518166542053
evaluation-81913-non-000,0,0.9743329286575317
evaluation-81963-tar-000,1,0.8978836536407471
evaluation-81963-non-000,0,0.9504575729370117
evaluation-8203-tar-000,1,0.4506012797355652
evaluation-8203-non-000,0,0.7936997413635254
evaluation-82040-tar-000,1,0.9835652112960815
evaluation-82040-non-000,0,0.8675573468208313
evaluation-8210-tar-000,1,0.9079893827438354
evaluation-8210-non-000,0,-0.10296287387609482
evaluation-8215-tar-000,1,0.7587253451347351
evaluation-8215-non-000,0,0.5773770809173584
evaluation-8216-tar-000,1,0.9890761375427246
evaluation-8216-non-000,0,0.8562818765640259
evaluation-8219-tar-000,1,0.9330914616584778
evaluation-8219-non-000,0,0.3986615538597107
evaluation-82273-tar-000,1,0.9314259886741638
evaluation-82273-non-000,0,-0.24687877297401428
evaluation-82342-tar-000,1,0.8862314224243164
evaluation-82342-non-000,0,0.4814665913581848
evaluation-8236-tar-000,1,0.23496779799461365
evaluation-8236-non-000,0,0.6055542230606079
evaluation-82421-tar-000,1,0.9740605354309082
evaluation-82421-non-000,0,-0.40187180042266846
evaluation-82603-tar-000,1,0.9610957503318787
evaluation-82603-non-000,0,0.7365792989730835
evaluation-82641-tar-000,1,0.8859745264053345
evaluation-82641-non-000,0,0.5666167736053467
evaluation-82842-tar-000,1,0.656405508518219
evaluation-82842-non-000,0,-0.11478562653064728
evaluation-82847-tar-000,1,0.9772113561630249
evaluation-82847-non-000,0,0.7067790031433105
evaluation-8299-tar-000,1,0.9822046756744385
evaluation-8299-non-000,0,0.39657920598983765
evaluation-83006-tar-000,1,0.8203495740890503
evaluation-83006-non-000,0,0.6796878576278687
evaluation-83028-tar-000,1,0.20313367247581482
evaluation-83028-non-000,0,0.6339542865753174
evaluation-83094-tar-000,1,0.8246316909790039
evaluation-83094-non-000,0,0.7509967088699341
evaluation-83204-tar-000,1,0.8672664165496826
evaluation-83204-non-000,0,0.40238189697265625
evaluation-8328-tar-000,1,-0.0027650371193885803
evaluation-8328-non-000,0,0.8897063732147217
evaluation-8335-tar-000,1,0.9241783618927002
evaluation-8335-non-000,0,0.9459621906280518
evaluation-83355-tar-000,1,0.5906716585159302
evaluation-83355-non-000,0,0.6199600696563721
evaluation-83674-tar-000,1,0.9419889450073242
evaluation-83674-non-000,0,0.8843461275100708
evaluation-83696-tar-000,1,0.9811639189720154
evaluation-83696-non-000,0,0.7728428840637207
evaluation-8383-tar-000,1,0.36729004979133606
evaluation-8383-non-000,0,0.7531200647354126
evaluation-83839-tar-000,1,0.8689014911651611
evaluation-83839-non-000,0,0.6439919471740723
evaluation-83905-tar-000,1,0.6060071587562561
evaluation-83905-non-000,0,0.9063143730163574
evaluation-83918-tar-000,1,0.878250002861023
evaluation-83918-non-000,0,0.7716752886772156
evaluation-83927-tar-000,1,0.3364682197570801
evaluation-83927-non-000,0,0.8623161315917969
evaluation-83995-tar-000,1,0.9837397336959839
evaluation-83995-non-000,0,0.7408978939056396
evaluation-8407-tar-000,1,0.7870150208473206
evaluation-8407-non-000,0,0.35172170400619507
evaluation-84075-tar-000,1,0.5081580877304077
evaluation-84075-non-000,0,-0.35563594102859497
evaluation-84160-tar-000,1,0.7492901086807251
evaluation-84160-non-000,0,0.6879191994667053
evaluation-84187-tar-000,1,0.9672446250915527
evaluation-84187-non-000,0,0.26125991344451904
evaluation-84300-tar-000,1,-0.42397749423980713
evaluation-84300-non-000,0,0.8550219535827637
evaluation-84457-tar-000,1,0.960572361946106
evaluation-84457-non-000,0,0.8270736932754517
evaluation-84512-tar-000,1,0.9420101642608643
evaluation-84512-non-000,0,0.8084644675254822
evaluation-8452-tar-000,1,0.5830349922180176
evaluation-8452-non-000,0,0.47775518894195557
evaluation-8453-tar-000,1,0.927981972694397
evaluation-8453-non-000,0,-0.11198823899030685
evaluation-84544-tar-000,1,0.9639883637428284
evaluation-84544-non-000,0,0.9555478692054749
evaluation-84547-tar-000,1,0.869554877281189
evaluation-84547-non-000,0,0.7989619970321655
evaluation-84649-tar-000,1,0.9614062309265137
evaluation-84649-non-000,0,0.9881983995437622
evaluation-84693-tar-000,1,0.4893401265144348
evaluation-84693-non-000,0,0.8399904370307922
evaluation-84704-tar-000,1,0.8792029619216919
evaluation-84704-non-000,0,0.9701383113861084
evaluation-84753-tar-000,1,0.7661033272743225
evaluation-84753-non-000,0,0.8244156837463379
evaluation-84929-tar-000,1,0.8285057544708252
evaluation-84929-non-000,0,0.9024012088775635
evaluation-8494-tar-000,1,0.9461303949356079
evaluation-8494-non-000,0,0.8930243253707886
evaluation-8502-tar-000,1,0.9473464488983154
evaluation-8502-non-000,0,0.7294198274612427
evaluation-85201-tar-000,1,0.722402811050415
evaluation-85201-non-000,0,0.6899606585502625
evaluation-8522-tar-000,1,0.6404737234115601
evaluation-8522-non-000,0,0.9185919165611267
evaluation-8527-tar-000,1,0.9767186641693115
evaluation-8527-non-000,0,0.9614663124084473
evaluation-85286-tar-000,1,0.9920694231987
evaluation-85286-non-000,0,0.8202952146530151
evaluation-85319-tar-000,1,0.7492626905441284
evaluation-85319-non-000,0,0.9747934341430664
evaluation-85396-tar-000,1,0.9003465175628662
evaluation-85396-non-000,0,0.4109634757041931
evaluation-85421-tar-000,1,0.9936834573745728
evaluation-85421-non-000,0,0.7174340486526489
evaluation-8557-tar-000,1,0.6494277119636536
evaluation-8557-non-000,0,0.9234528541564941
evaluation-85676-tar-000,1,0.5043423771858215
evaluation-85676-non-000,0,0.4736294150352478
evaluation-85750-tar-000,1,0.9571292400360107
evaluation-85750-non-000,0,0.5254652500152588
evaluation-85778-tar-000,1,0.6152541637420654
evaluation-85778-non-000,0,0.5880504250526428
evaluation-85871-tar-000,1,0.9871742725372314
evaluation-85871-non-000,0,0.7957611083984375
evaluation-8602-tar-000,1,0.7423626184463501
evaluation-8602-non-000,0,0.8655639290809631
evaluation-86107-tar-000,1,0.7384887933731079
evaluation-86107-non-000,0,-0.2281985580921173
evaluation-8614-tar-000,1,0.5169643759727478
evaluation-8614-non-000,0,0.3392351269721985
evaluation-86151-tar-000,1,0.6795508861541748
evaluation-86151-non-000,0,0.8703586459159851
evaluation-86198-tar-000,1,0.9377471208572388
evaluation-86198-non-000,0,0.8067336678504944
evaluation-86245-tar-000,1,0.30885544419288635
evaluation-86245-non-000,0,0.7879793643951416
evaluation-8628-tar-000,1,0.27155423164367676
evaluation-8628-non-000,0,0.6168873310089111
evaluation-8630-tar-000,1,0.8290774822235107
evaluation-8630-non-000,0,0.8396989703178406
evaluation-86376-tar-000,1,0.9494695663452148
evaluation-86376-non-000,0,0.21578186750411987
evaluation-8639-tar-000,1,0.6513347029685974
evaluation-8639-non-000,0,-0.30664411187171936
evaluation-8640-tar-000,1,0.9703071117401123
evaluation-8640-non-000,0,0.9284798502922058
evaluation-86470-tar-000,1,0.05658164620399475
evaluation-86470-non-000,0,0.5819170475006104
evaluation-86478-tar-000,1,0.5332404971122742
evaluation-86478-non-000,0,0.7795726656913757
evaluation-86519-tar-000,1,0.8616100549697876
evaluation-86519-non-000,0,0.4159736633300781
evaluation-86577-tar-000,1,0.00560513511300087
evaluation-86577-non-000,0,-0.26198306679725647
evaluation-86591-tar-000,1,0.6664401888847351
evaluation-86591-non-000,0,0.4830835461616516
evaluation-86799-tar-000,1,0.9755846858024597
evaluation-86799-non-000,0,0.6124257445335388
evaluation-86926-tar-000,1,0.7680826187133789
evaluation-86926-non-000,0,0.5273362398147583
evaluation-86945-tar-000,1,0.7302382588386536
evaluation-86945-non-000,0,0.4381616711616516
evaluation-8697-tar-000,1,0.45916590094566345
evaluation-8697-non-000,0,0.07078012824058533
evaluation-87016-tar-000,1,0.9509580135345459
evaluation-87016-non-000,0,0.5925978422164917
evaluation-87176-tar-000,1,0.9884836077690125
evaluation-87176-non-000,0,0.9375377893447876
evaluation-8724-tar-000,1,0.8959396481513977
evaluation-8724-non-000,0,0.5903104543685913
evaluation-87313-tar-000,1,0.6717466115951538
evaluation-87313-non-000,0,0.545100212097168
evaluation-87338-tar-000,1,0.9998003244400024
evaluation-87338-non-000,0,0.12419165670871735
evaluation-87362-tar-000,1,0.9849388599395752
evaluation-87362-non-000,0,0.21847549080848694
evaluation-87450-tar-000,1,0.964913010597229
evaluation-87450-non-000,0,0.6503034234046936
evaluation-8746-tar-000,1,0.9824771285057068
evaluation-8746-non-000,0,0.9690703749656677
evaluation-8756-tar-000,1,0.8495694994926453
evaluation-8756-non-000,0,0.20650480687618256
evaluation-87577-tar-000,1,0.9270226955413818
evaluation-87577-non-000,0,0.6504305005073547
evaluation-87601-tar-000,1,0.773829460144043
evaluation-87601-non-000,0,0.9264675974845886
evaluation-8765-tar-000,1,0.9372081756591797
evaluation-8765-non-000,0,0.41272491216659546
evaluation-87711-tar-000,1,0.4500175416469574
evaluation-87711-non-000,0,-0.09265483170747757
evaluation-87720-tar-000,1,0.7125129103660583
evaluation-87720-non-000,0,0.7512432336807251
evaluation-87722-tar-000,1,0.7981976270675659
evaluation-87722-non-000,0,0.546765923500061
evaluation-87876-tar-000,1,0.9420905113220215
evaluation-87876-non-000,0,0.3351821303367615
evaluation-87923-tar-000,1,0.9923873543739319
evaluation-87923-non-000,0,0.9090831875801086
evaluation-8796-tar-000,1,0.9596102833747864
evaluation-8796-non-000,0,0.031929899007081985
evaluation-8804-tar-000,1,0.8447559475898743
evaluation-8804-non-000,0,0.7168716192245483
evaluation-88060-tar-000,1,0.8726184368133545
evaluation-88060-non-000,0,0.7260033488273621
evaluation-8814-tar-000,1,0.9693887233734131
evaluation-8814-non-000,0,0.36832094192504883
evaluation-88156-tar-000,1,0.7531173229217529
evaluation-88156-non-000,0,0.7197191715240479
evaluation-88170-tar-000,1,0.9653467535972595
evaluation-88170-non-000,0,0.4608204960823059
evaluation-88313-tar-000,1,0.9441876411437988
evaluation-88313-non-000,0,0.5854471325874329
evaluation-8836-tar-000,1,0.9601702690124512
evaluation-8836-non-000,0,0.5152702927589417
evaluation-88458-tar-000,1,0.813612699508667
evaluation-88458-non-000,0,0.9670752286911011
evaluation-88524-tar-000,1,0.47507748007774353
evaluation-88524-non-000,0,0.7918647527694702
evaluation-88576-tar-000,1,0.8847924470901489
evaluation-88576-non-000,0,0.46578311920166016
evaluation-88582-tar-000,1,0.9970800876617432
evaluation-88582-non-000,0,0.8970993757247925
evaluation-88689-tar-000,1,0.8423402309417725
evaluation-88689-non-000,0,0.31753844022750854
evaluation-88747-tar-000,1,0.9529872536659241
evaluation-88747-non-000,0,0.7674465775489807
evaluation-88780-tar-000,1,0.7701907157897949
evaluation-88780-non-000,0,0.38622334599494934
evaluation-88791-tar-000,1,0.5785431861877441
evaluation-88791-non-000,0,-0.14369574189186096
evaluation-8896-tar-000,1,0.9393483400344849
evaluation-8896-non-000,0,0.8924639225006104
evaluation-89005-tar-000,1,0.9171302914619446
evaluation-89005-non-000,0,0.25374144315719604
evaluation-89027-tar-000,1,0.9921308755874634
evaluation-89027-non-000,0,0.9013779163360596
evaluation-89054-tar-000,1,0.6054853796958923
evaluation-89054-non-000,0,0.7104449272155762
evaluation-89120-tar-000,1,0.9423426389694214
evaluation-89120-non-000,0,0.8330762982368469
evaluation-89255-tar-000,1,0.8261003494262695
evaluation-89255-non-000,0,0.9158843755722046
evaluation-89335-tar-000,1,0.8771629929542542
evaluation-89335-non-000,0,0.5020014643669128
evaluation-89340-tar-000,1,0.7682451009750366
evaluation-89340-non-000,0,0.3583897054195404
evaluation-89346-tar-000,1,0.6905356645584106
evaluation-89346-non-000,0,0.9452390670776367
evaluation-89381-tar-000,1,0.3515949249267578
evaluation-89381-non-000,0,0.5254532098770142
evaluation-89557-tar-000,1,0.736301064491272
evaluation-89557-non-000,0,0.9567167162895203
evaluation-89604-tar-000,1,0.6415257453918457
evaluation-89604-non-000,0,0.3821476101875305
evaluation-89615-tar-000,1,0.9760605096817017
evaluation-89615-non-000,0,0.8249818086624146
evaluation-89631-tar-000,1,0.7858161926269531
evaluation-89631-non-000,0,-0.01402580738067627
evaluation-89757-tar-000,1,0.8160296082496643
evaluation-89757-non-000,0,0.9243804216384888
evaluation-89766-tar-000,1,0.896070122718811
evaluation-89766-non-000,0,0.05273638293147087
evaluation-89782-tar-000,1,0.6820486783981323
evaluation-89782-non-000,0,0.6944396495819092
evaluation-89818-tar-000,1,0.8816957473754883
evaluation-89818-non-000,0,0.8648972511291504
evaluation-89822-tar-000,1,0.9315597414970398
evaluation-89822-non-000,0,0.38372135162353516
evaluation-8983-tar-000,1,0.8816518783569336
evaluation-8983-non-000,0,0.5530830025672913
evaluation-90024-tar-000,1,0.9916293025016785
evaluation-90024-non-000,0,0.6676689982414246
evaluation-90032-tar-000,1,0.9038074016571045
evaluation-90032-non-000,0,0.6941676139831543
evaluation-90038-tar-000,1,0.3916127383708954
evaluation-90038-non-000,0,0.8010842800140381
evaluation-90117-tar-000,1,0.9072220325469971
evaluation-90117-non-000,0,0.6635176539421082
evaluation-90145-tar-000,1,0.6674886345863342
evaluation-90145-non-000,0,0.7854013442993164
evaluation-90148-tar-000,1,0.9316208362579346
evaluation-90148-non-000,0,-0.5056568384170532
evaluation-90169-tar-000,1,0.6264908313751221
evaluation-90169-non-000,0,0.478507399559021
evaluation-90257-tar-000,1,0.7399855256080627
evaluation-90257-non-000,0,0.8925677537918091
evaluation-90301-tar-000,1,0.9417181611061096
evaluation-90301-non-000,0,-0.14998342096805573
evaluation-90304-tar-000,1,0.9311404824256897
evaluation-90304-non-000,0,0.8109740018844604
evaluation-90381-tar-000,1,0.9551194906234741
evaluation-90381-non-000,0,0.42442548274993896
evaluation-90414-tar-000,1,0.8328956365585327
evaluation-90414-non-000,0,0.7881653904914856
evaluation-90469-tar-000,1,0.2812463045120239
evaluation-90469-non-000,0,0.07199947535991669
evaluation-90562-tar-000,1,0.969385027885437
evaluation-90562-non-000,0,0.9752180576324463
evaluation-90631-tar-000,1,0.793852686882019
evaluation-90631-non-000,0,0.9615635871887207
evaluation-90862-tar-000,1,0.19754116237163544
evaluation-90862-non-000,0,0.7295767664909363
evaluation-90875-tar-000,1,0.9448371529579163
evaluation-90875-non-000,0,0.8101591467857361
evaluation-90939-tar-000,1,0.9836839437484741
evaluation-90939-non-000,0,-0.5838693380355835
evaluation-9109-tar-000,1,0.4872957766056061
evaluation-9109-non-000,0,0.9313102960586548
evaluation-91106-tar-000,1,0.9792190194129944
evaluation-91106-non-000,0,0.5792044401168823
evaluation-91166-tar-000,1,0.23262175917625427
evaluation-91166-non-000,0,-0.4434446394443512
evaluation-91205-tar-000,1,0.7232234477996826
evaluation-91205-non-000,0,0.2230965495109558
evaluation-9125-tar-000,1,0.8776705265045166
evaluation-9125-non-000,0,0.8394097089767456
evaluation-91433-tar-000,1,0.6279132962226868
evaluation-91433-non-000,0,0.9197136759757996
evaluation-91441-tar-000,1,0.8069077730178833
evaluation-91441-non-000,0,0.9100021123886108
evaluation-91466-tar-000,1,0.9718068838119507
evaluation-91466-non-000,0,0.273379921913147
evaluation-9148-tar-000,1,0.286206990480423
evaluation-9148-non-000,0,0.7129364609718323
evaluation-91496-tar-000,1,0.969581663608551
evaluation-91496-non-000,0,0.9536485075950623
evaluation-91543-tar-000,1,0.6515564322471619
evaluation-91543-non-000,0,0.8307666778564453
evaluation-91642-tar-000,1,0.8912582397460938
evaluation-91642-non-000,0,0.5659618377685547
evaluation-9165-tar-000,1,0.8160189390182495
evaluation-9165-non-000,0,0.5157092809677124
evaluation-91719-tar-000,1,0.9486730098724365
evaluation-91719-non-000,0,0.5061277151107788
evaluation-9179-tar-000,1,0.813710629940033
evaluation-9179-non-000,0,0.04852689057588577
evaluation-91798-tar-000,1,0.6400843858718872
evaluation-91798-non-000,0,0.05277156084775925
evaluation-91823-tar-000,1,0.43218663334846497
evaluation-91823-non-000,0,0.2133629024028778
evaluation-91886-tar-000,1,0.7206857800483704
evaluation-91886-non-000,0,0.8983189463615417
evaluation-9195-tar-000,1,0.8215249180793762
evaluation-9195-non-000,0,0.1455056518316269
evaluation-9197-tar-000,1,0.9333102107048035
evaluation-9197-non-000,0,0.9444118738174438
evaluation-91974-tar-000,1,0.7975728511810303
evaluation-91974-non-000,0,0.026724860072135925
evaluation-92007-tar-000,1,0.9942457675933838
evaluation-92007-non-000,0,0.4305543899536133
evaluation-9210-tar-000,1,0.9222027063369751
evaluation-9210-non-000,0,0.9072974920272827
evaluation-92133-tar-000,1,0.9348604679107666
evaluation-92133-non-000,0,0.2162775993347168
evaluation-92260-tar-000,1,0.9731979370117188
evaluation-92260-non-000,0,0.8790491223335266
evaluation-9229-tar-000,1,0.7929211854934692
evaluation-9229-non-000,0,-0.04655063897371292
evaluation-9240-tar-000,1,0.9484342932701111
evaluation-9240-non-000,0,0.7899640798568726
evaluation-9241-tar-000,1,0.8046455383300781
evaluation-9241-non-000,0,0.49556663632392883
evaluation-92438-tar-000,1,0.9649626016616821
evaluation-92438-non-000,0,0.014063425362110138
evaluation-92488-tar-000,1,0.3129009008407593
evaluation-92488-non-000,0,0.5823440551757812
evaluation-92630-tar-000,1,0.9473268389701843
evaluation-92630-non-000,0,0.20849725604057312
evaluation-92652-tar-000,1,0.9291978478431702
evaluation-92652-non-000,0,0.7568765878677368
evaluation-92787-tar-000,1,0.525173008441925
evaluation-92787-non-000,0,-0.19464464485645294
evaluation-92825-tar-000,1,0.9292688369750977
evaluation-92825-non-000,0,0.8043838739395142
evaluation-92845-tar-000,1,0.6062403917312622
evaluation-92845-non-000,0,0.4730837941169739
evaluation-92853-tar-000,1,0.9164659976959229
evaluation-92853-non-000,0,0.948839545249939
evaluation-9286-tar-000,1,0.9765469431877136
evaluation-9286-non-000,0,0.4660155475139618
evaluation-9291-tar-000,1,-0.03983127698302269
evaluation-9291-non-000,0,0.7795493006706238
evaluation-9303-tar-000,1,-0.28404146432876587
evaluation-9303-non-000,0,0.8376901149749756
evaluation-93034-tar-000,1,0.9962725043296814
evaluation-93034-non-000,0,0.6789315938949585
evaluation-93042-tar-000,1,0.7716875076293945
evaluation-93042-non-000,0,0.5481827855110168
evaluation-93169-tar-000,1,0.8836154937744141
evaluation-93169-non-000,0,0.8535495400428772
evaluation-93210-tar-000,1,0.9608452916145325
evaluation-93210-non-000,0,0.8942761421203613
evaluation-93279-tar-000,1,0.8643484115600586
evaluation-93279-non-000,0,0.6983102560043335
evaluation-93375-tar-000,1,0.9811420440673828
evaluation-93375-non-000,0,0.6005786061286926
evaluation-93449-tar-000,1,0.9484674334526062
evaluation-93449-non-000,0,-0.011588864028453827
evaluation-9355-tar-000,1,0.6816355586051941
evaluation-9355-non-000,0,0.6878223419189453
evaluation-93660-tar-000,1,0.8895974159240723
evaluation-93660-non-000,0,0.7286756038665771
evaluation-93718-tar-000,1,0.8928289413452148
evaluation-93718-non-000,0,0.9281527996063232
evaluation-93735-tar-000,1,0.8958700895309448
evaluation-93735-non-000,0,0.8428028225898743
evaluation-93740-tar-000,1,0.5480810403823853
evaluation-93740-non-000,0,0.38534989953041077
evaluation-93811-tar-000,1,-0.06460094451904297
evaluation-93811-non-000,0,0.1856384426355362
evaluation-93853-tar-000,1,0.8623546957969666
evaluation-93853-non-000,0,0.9202998280525208
evaluation-93886-tar-000,1,0.7519216537475586
evaluation-93886-non-000,0,-0.06705041229724884
evaluation-93930-tar-000,1,0.07675257325172424
evaluation-93930-non-000,0,0.9275484681129456
evaluation-9403-tar-000,1,0.11555173993110657
evaluation-9403-non-000,0,0.9090731143951416
evaluation-9410-tar-000,1,0.6419163942337036
evaluation-9410-non-000,0,-0.5525674819946289
evaluation-94105-tar-000,1,0.8184685111045837
evaluation-94105-non-000,0,0.5991896986961365
evaluation-94125-tar-000,1,0.9935684204101562
evaluation-94125-non-000,0,0.8984714150428772
evaluation-94226-tar-000,1,0.7662698030471802
evaluation-94226-non-000,0,0.7346415519714355
evaluation-94267-tar-000,1,0.11320694535970688
evaluation-94267-non-000,0,0.8250996470451355
evaluation-94270-tar-000,1,0.9285786151885986
evaluation-94270-non-000,0,0.2793664336204529
evaluation-94314-tar-000,1,0.9936513900756836
evaluation-94314-non-000,0,0.4083002805709839
evaluation-94421-tar-000,1,0.8867942094802856
evaluation-94421-non-000,0,0.8340737819671631
evaluation-94528-tar-000,1,0.9319621324539185
evaluation-94528-non-000,0,0.6857960224151611
evaluation-94550-tar-000,1,0.68397456407547
evaluation-94550-non-000,0,0.8838512897491455
evaluation-94586-tar-000,1,0.996380090713501
evaluation-94586-non-000,0,0.9823083877563477
evaluation-94633-tar-000,1,0.8231426477432251
evaluation-94633-non-000,0,0.16748301684856415
evaluation-94663-tar-000,1,0.9547370672225952
evaluation-94663-non-000,0,0.9726275205612183
evaluation-94668-tar-000,1,0.9652017951011658
evaluation-94668-non-000,0,0.5204885005950928
evaluation-9469-tar-000,1,0.78537917137146
evaluation-9469-non-000,0,0.917160153388977
evaluation-94740-tar-000,1,0.9868142604827881
evaluation-94740-non-000,0,0.936766505241394
evaluation-94828-tar-000,1,0.7245731949806213
evaluation-94828-non-000,0,0.7981866598129272
evaluation-9485-tar-000,1,0.9801610112190247
evaluation-9485-non-000,0,0.8514485359191895
evaluation-94855-tar-000,1,-0.05271316319704056
evaluation-94855-non-000,0,0.3012848496437073
evaluation-94971-tar-000,1,0.4286668300628662
evaluation-94971-non-000,0,0.6293362379074097
evaluation-95006-tar-000,1,0.9862931370735168
evaluation-95006-non-000,0,0.6095176935195923
evaluation-95020-tar-000,1,0.9069336652755737
evaluation-95020-non-000,0,0.7795945405960083
evaluation-95031-tar-000,1,0.9097954034805298
evaluation-95031-non-000,0,0.8607474565505981
evaluation-95045-tar-000,1,0.874735951423645
evaluation-95045-non-000,0,0.7416297793388367
evaluation-95072-tar-000,1,0.9798383116722107
evaluation-95072-non-000,0,0.47081223130226135
evaluation-9512-tar-000,1,0.8394012451171875
evaluation-9512-non-000,0,0.743660569190979
evaluation-95166-tar-000,1,0.48065119981765747
evaluation-95166-non-000,0,0.44507649540901184
evaluation-95174-tar-000,1,0.9596641063690186
evaluation-95174-non-000,0,0.06470665335655212
evaluation-95198-tar-000,1,0.7785347104072571
evaluation-95198-non-000,0,0.46109509468078613
evaluation-9522-tar-000,1,0.8127148747444153
evaluation-9522-non-000,0,0.6070326566696167
evaluation-95229-tar-000,1,0.914169430732727
evaluation-95229-non-000,0,0.9223134517669678
evaluation-95295-tar-000,1,0.993091344833374
evaluation-95295-non-000,0,0.8877826929092407
evaluation-95300-tar-000,1,0.897800087928772
evaluation-95300-non-000,0,-0.40333664417266846
evaluation-95303-tar-000,1,0.9448091983795166
evaluation-95303-non-000,0,0.774316668510437
evaluation-95328-tar-000,1,0.9469773769378662
evaluation-95328-non-000,0,0.5391134023666382
evaluation-95388-tar-000,1,0.958390474319458
evaluation-95388-non-000,0,0.19008025527000427
evaluation-9539-tar-000,1,0.8529598712921143
evaluation-9539-non-000,0,0.45519375801086426
evaluation-95424-tar-000,1,0.07148411124944687
evaluation-95424-non-000,0,0.4388381242752075
evaluation-95459-tar-000,1,0.6102981567382812
evaluation-95459-non-000,0,0.7535920143127441
evaluation-9549-tar-000,1,0.9356457591056824
evaluation-9549-non-000,0,-0.04056350514292717
evaluation-95789-tar-000,1,0.6992038488388062
evaluation-95789-non-000,0,-0.33112868666648865
evaluation-95962-tar-000,1,0.8053313493728638
evaluation-95962-non-000,0,0.5305536985397339
evaluation-96017-tar-000,1,0.2534167170524597
evaluation-96017-non-000,0,0.6655466556549072
evaluation-96130-tar-000,1,0.9954996109008789
evaluation-96130-non-000,0,0.914973795413971
evaluation-9620-tar-000,1,0.7137917280197144
evaluation-9620-non-000,0,0.7994345426559448
evaluation-96371-tar-000,1,0.9157122373580933
evaluation-96371-non-000,0,0.6911205649375916
evaluation-96418-tar-000,1,0.823279619216919
evaluation-96418-non-000,0,0.35132142901420593
evaluation-96443-tar-000,1,0.7714021801948547
evaluation-96443-non-000,0,0.8169366121292114
evaluation-96577-tar-000,1,0.9193822741508484
evaluation-96577-non-000,0,0.8539406061172485
evaluation-96613-tar-000,1,0.8956786394119263
evaluation-96613-non-000,0,0.4677025377750397
evaluation-96643-tar-000,1,0.8743455410003662
evaluation-96643-non-000,0,0.9113399982452393
evaluation-9666-tar-000,1,0.6859340667724609
evaluation-9666-non-000,0,0.42476195096969604
evaluation-96665-tar-000,1,0.9861744046211243
evaluation-96665-non-000,0,0.7192529439926147
evaluation-96676-tar-000,1,0.46718111634254456
evaluation-96676-non-000,0,0.6523253917694092
evaluation-96701-tar-000,1,0.9934283494949341
evaluation-96701-non-000,0,-0.08146484196186066
evaluation-96706-tar-000,1,0.973414421081543
evaluation-96706-non-000,0,0.9238307476043701
evaluation-96712-tar-000,1,0.7622431516647339
evaluation-96712-non-000,0,0.7579593658447266
evaluation-96767-tar-000,1,0.9515580534934998
evaluation-96767-non-000,0,0.3380918800830841
evaluation-96844-tar-000,1,0.9910527467727661
evaluation-96844-non-000,0,0.8376052379608154
evaluation-9696-tar-000,1,0.28053420782089233
evaluation-9696-non-000,0,0.2776123285293579
evaluation-96984-tar-000,1,0.9665023684501648
evaluation-96984-non-000,0,0.8979697227478027
evaluation-9705-tar-000,1,0.30077505111694336
evaluation-9705-non-000,0,0.8541418313980103
evaluation-9706-tar-000,1,0.840637743473053
evaluation-9706-non-000,0,0.7650023698806763
evaluation-97072-tar-000,1,0.7597654461860657
evaluation-97072-non-000,0,0.4054853916168213
evaluation-9737-tar-000,1,0.263300359249115
evaluation-9737-non-000,0,-0.5515849590301514
evaluation-97434-tar-000,1,0.5211076736450195
evaluation-97434-non-000,0,0.8557833433151245
evaluation-9752-tar-000,1,0.3713091015815735
evaluation-9752-non-000,0,0.22934329509735107
evaluation-97550-tar-000,1,0.7635708451271057
evaluation-97550-non-000,0,0.8115652203559875
evaluation-97588-tar-000,1,0.9306517243385315
evaluation-97588-non-000,0,0.9566817283630371
evaluation-97624-tar-000,1,0.9340103268623352
evaluation-97624-non-000,0,0.32901033759117126
evaluation-9767-tar-000,1,0.9771543741226196
evaluation-9767-non-000,0,0.2724892199039459
evaluation-97695-tar-000,1,0.987717866897583
evaluation-97695-non-000,0,-0.004769546911120415
evaluation-97860-tar-000,1,0.8310514688491821
evaluation-97860-non-000,0,0.9408125281333923
evaluation-97937-tar-000,1,0.9780439138412476
evaluation-97937-non-000,0,0.7382224798202515
evaluation-97953-tar-000,1,0.9906638860702515
evaluation-97953-non-000,0,0.5691988468170166
evaluation-9817-tar-000,1,0.9601647257804871
evaluation-9817-non-000,0,0.8129507303237915
evaluation-9830-tar-000,1,0.8248391151428223
evaluation-9830-non-000,0,0.4983047544956207
evaluation-98327-tar-000,1,0.8707200884819031
evaluation-98327-non-000,0,0.6701412796974182
evaluation-9835-tar-000,1,0.7800713777542114
evaluation-9835-non-000,0,0.9464704990386963
evaluation-98459-tar-000,1,0.8798304796218872
evaluation-98459-non-000,0,0.7386989593505859
evaluation-98514-tar-000,1,0.9761688709259033
evaluation-98514-non-000,0,0.5578238368034363
evaluation-98588-tar-000,1,0.9695540070533752
evaluation-98588-non-000,0,0.666675329208374
evaluation-9859-tar-000,1,0.6745562553405762
evaluation-9859-non-000,0,0.6714805960655212
evaluation-9863-tar-000,1,0.5918533205986023
evaluation-9863-non-000,0,0.7975744009017944
evaluation-9871-tar-000,1,0.729331910610199
evaluation-9871-non-000,0,0.7541254758834839
evaluation-9872-tar-000,1,0.9788273572921753
evaluation-9872-non-000,0,0.9781153798103333
evaluation-98731-tar-000,1,0.8759077191352844
evaluation-98731-non-000,0,0.13262684643268585
evaluation-98744-tar-000,1,0.5074389576911926
evaluation-98744-non-000,0,-0.11731991916894913
evaluation-98821-tar-000,1,0.811315655708313
evaluation-98821-non-000,0,0.9041257500648499
evaluation-99038-tar-000,1,0.9070616960525513
evaluation-99038-non-000,0,-0.42212748527526855
evaluation-9904-tar-000,1,0.2888082265853882
evaluation-9904-non-000,0,0.18784722685813904
evaluation-99123-tar-000,1,0.5988539457321167
evaluation-99123-non-000,0,0.41591161489486694
evaluation-99148-tar-000,1,0.30394768714904785
evaluation-99148-non-000,0,-0.0598379410803318
evaluation-9915-tar-000,1,0.8354949951171875
evaluation-9915-non-000,0,-0.27025431394577026
evaluation-99195-tar-000,1,0.7237789630889893
evaluation-99195-non-000,0,0.7797152996063232
evaluation-99206-tar-000,1,0.9795523881912231
evaluation-99206-non-000,0,0.913449764251709
evaluation-99230-tar-000,1,0.9276509284973145
evaluation-99230-non-000,0,0.775462806224823
evaluation-99241-tar-000,1,0.9342803955078125
evaluation-99241-non-000,0,0.5235782861709595
evaluation-9928-tar-000,1,0.9908631443977356
evaluation-9928-non-000,0,0.9976511597633362
evaluation-9932-tar-000,1,0.6088119149208069
evaluation-9932-non-000,0,0.8193042278289795
evaluation-99321-tar-000,1,0.9884697198867798
evaluation-99321-non-000,0,0.13663643598556519
evaluation-99349-tar-000,1,0.9109084606170654
evaluation-99349-non-000,0,0.0713692307472229
evaluation-9946-tar-000,1,0.6093634366989136
evaluation-9946-non-000,0,0.9370623826980591
evaluation-99461-tar-000,1,0.8789791464805603
evaluation-99461-non-000,0,0.8115967512130737
evaluation-9948-tar-000,1,0.9912801384925842
evaluation-9948-non-000,0,0.7782643437385559
evaluation-9949-tar-000,1,0.5448624491691589
evaluation-9949-non-000,0,-0.23721802234649658
evaluation-99497-tar-000,1,0.95179682970047
evaluation-99497-non-000,0,0.8543907999992371
evaluation-99640-tar-000,1,0.8154926300048828
evaluation-99640-non-000,0,0.9504804015159607
evaluation-99692-tar-000,1,0.9139531850814819
evaluation-99692-non-000,0,0.9006320238113403
evaluation-9971-tar-000,1,0.15581217408180237
evaluation-9971-non-000,0,0.9578465223312378
evaluation-9972-tar-000,1,0.46407240629196167
evaluation-9972-non-000,0,0.7969401478767395
evaluation-9979-tar-000,1,0.5675884485244751
evaluation-9979-non-000,0,0.8300374746322632
evaluation-9985-tar-000,1,0.8423594236373901
evaluation-9985-non-000,0,0.025793079286813736
evaluation-9993-tar-000,1,0.2765117883682251
evaluation-9993-non-000,0,0.39892226457595825
evaluation-9994-tar-000,1,0.9611331820487976
evaluation-9994-non-000,0,0.7005401849746704
evaluation-99945-tar-000,1,0.9192035794258118
evaluation-99945-non-000,0,0.6052204966545105
evaluation-99967-tar-000,1,0.9928503036499023
evaluation-99967-non-000,0,0.9786860942840576
evaluation-9997-tar-000,1,0.9667482376098633
evaluation-9997-non-000,0,0.9516555070877075
