trial_id,label,score
evaluation-1007-tar-000,1,-0.007895663380622864
evaluation-1007-non-000,0,-0.011163057759404182
evaluation-1008-tar-000,1,0.2884460985660553
evaluation-1008-non-000,0,0.21205344796180725
evaluation-1013-tar-000,1,0.26434630155563354
evaluation-1013-non-000,0,0.30948859453201294
evaluation-10178-tar-000,1,0.08804260939359665
evaluation-10178-non-000,0,0.23496052622795105
evaluation-1024-tar-000,1,0.21354974806308746
evaluation-1024-non-000,0,0.12087483704090118
evaluation-10282-tar-000,1,0.06614126265048981
evaluation-10282-non-000,0,0.0865195021033287
evaluation-10346-tar-000,1,-0.048880431801080704
evaluation-10346-non-000,0,0.02088918350636959
evaluation-10406-tar-000,1,0.08160921931266785
evaluation-10406-non-000,0,-0.01084710843861103
evaluation-10428-tar-000,1,0.10100019723176956
evaluation-10428-non-000,0,0.060848064720630646
evaluation-10444-tar-000,1,0.13469277322292328
evaluation-10444-non-000,0,0.08877817541360855
evaluation-10538-tar-000,1,0.02047763019800186
evaluation-10538-non-000,0,0.023559795692563057
evaluation-1055-tar-000,1,0.16936351358890533
evaluation-1055-non-000,0,-0.06353025138378143
evaluation-1056-tar-000,1,-0.10474973917007446
evaluation-1056-non-000,0,-0.16956955194473267
evaluation-10606-tar-000,1,0.1689423769712448
evaluation-10606-non-000,0,0.043836504220962524
evaluation-1063-tar-000,1,0.09102721512317657
evaluation-1063-non-000,0,0.09365592896938324
evaluation-10642-tar-000,1,0.13519202172756195
evaluation-10642-non-000,0,0.12952293455600739
evaluation-10689-tar-000,1,0.0006918497383594513
evaluation-10689-non-000,0,-0.011529456824064255
evaluation-10711-tar-000,1,-0.041790612041950226
evaluation-10711-non-000,0,-0.1611853539943695
evaluation-10738-tar-000,1,0.04299239441752434
evaluation-10738-non-000,0,-0.020706044510006905
evaluation-10802-tar-000,1,0.22834086418151855
evaluation-10802-non-000,0,0.07485491037368774
evaluation-10862-tar-000,1,-0.0003921985626220703
evaluation-10862-non-000,0,0.05033738911151886
evaluation-10966-tar-000,1,0.015020123682916164
evaluation-10966-non-000,0,-0.03665519133210182
evaluation-1100-tar-000,1,0.030531305819749832
evaluation-1100-non-000,0,-0.017165718600153923
evaluation-11060-tar-000,1,-0.04682707414031029
evaluation-11060-non-000,0,-0.14040705561637878
evaluation-11126-tar-000,1,0.09813922643661499
evaluation-11126-non-000,0,0.12361281365156174
evaluation-11189-tar-000,1,0.004848100244998932
evaluation-11189-non-000,0,-0.0495966300368309
evaluation-1122-tar-000,1,0.14738576114177704
evaluation-1122-non-000,0,0.12949638068675995
evaluation-1130-tar-000,1,0.17085649073123932
evaluation-1130-non-000,0,0.10706256330013275
evaluation-11392-tar-000,1,0.20940621197223663
evaluation-11392-non-000,0,0.23469525575637817
evaluation-11485-tar-000,1,0.0985814556479454
evaluation-11485-non-000,0,-0.03369315713644028
evaluation-11513-tar-000,1,0.2150818109512329
evaluation-11513-non-000,0,0.12302158772945404
evaluation-1162-tar-000,1,0.037639446556568146
evaluation-1162-non-000,0,-0.07799233496189117
evaluation-11647-tar-000,1,0.12106770277023315
evaluation-11647-non-000,0,0.11920656263828278
evaluation-1165-tar-000,1,0.2423863708972931
evaluation-1165-non-000,0,0.11351028084754944
evaluation-11664-tar-000,1,0.10113956034183502
evaluation-11664-non-000,0,0.14444419741630554
evaluation-1169-tar-000,1,0.3387749493122101
evaluation-1169-non-000,0,0.1596485674381256
evaluation-11757-tar-000,1,0.17622309923171997
evaluation-11757-non-000,0,-0.04720548540353775
evaluation-11845-tar-000,1,0.26474276185035706
evaluation-11845-non-000,0,0.054266635328531265
evaluation-1198-tar-000,1,0.007594112306833267
evaluation-1198-non-000,0,-0.058951832354068756
evaluation-1203-tar-000,1,-0.08207682520151138
evaluation-1203-non-000,0,-0.12240754067897797
evaluation-12106-tar-000,1,-0.04187195003032684
evaluation-12106-non-000,0,-0.06877696514129639
evaluation-12112-tar-000,1,0.08919915556907654
evaluation-12112-non-000,0,0.15773314237594604
evaluation-12156-tar-000,1,0.32285717129707336
evaluation-12156-non-000,0,0.14781127870082855
evaluation-12197-tar-000,1,0.14983226358890533
evaluation-12197-non-000,0,0.039820048958063126
evaluation-12210-tar-000,1,0.1948295533657074
evaluation-12210-non-000,0,0.10988245159387589
evaluation-12224-tar-000,1,0.19838756322860718
evaluation-12224-non-000,0,-0.06625375151634216
evaluation-12323-tar-000,1,0.15127284824848175
evaluation-12323-non-000,0,0.16541671752929688
evaluation-1235-tar-000,1,0.28740447759628296
evaluation-1235-non-000,0,0.16130007803440094
evaluation-1238-tar-000,1,-0.017243683338165283
evaluation-1238-non-000,0,-0.005048299208283424
evaluation-12395-tar-000,1,0.15490761399269104
evaluation-12395-non-000,0,-0.11772134155035019
evaluation-12408-tar-000,1,0.08597447723150253
evaluation-12408-non-000,0,0.06769202649593353
evaluation-12414-tar-000,1,-0.02812652662396431
evaluation-12414-non-000,0,-0.0758538693189621
evaluation-12661-tar-000,1,0.07093941420316696
evaluation-12661-non-000,0,-0.0812453106045723
evaluation-12666-tar-000,1,0.08940468728542328
evaluation-12666-non-000,0,-0.07959379255771637
evaluation-12669-tar-000,1,0.12672150135040283
evaluation-12669-non-000,0,0.08564400672912598
evaluation-1270-tar-000,1,0.1366858333349228
evaluation-1270-non-000,0,0.09848368912935257
evaluation-1274-tar-000,1,0.3182509243488312
evaluation-1274-non-000,0,0.15831798315048218
evaluation-12796-tar-000,1,0.12776333093643188
evaluation-12796-non-000,0,0.013663893565535545
evaluation-12807-tar-000,1,0.039476048201322556
evaluation-12807-non-000,0,-0.18609300255775452
evaluation-12828-tar-000,1,0.16830962896347046
evaluation-12828-non-000,0,0.059155337512493134
evaluation-12919-tar-000,1,-0.04037155583500862
evaluation-12919-non-000,0,-0.05944925546646118
evaluation-1297-tar-000,1,0.043482497334480286
evaluation-1297-non-000,0,-0.015016451478004456
evaluation-1303-tar-000,1,-0.016684047877788544
evaluation-1303-non-000,0,-0.19106577336788177
evaluation-13194-tar-000,1,-0.07152886688709259
evaluation-13194-non-000,0,0.10734616219997406
evaluation-1320-tar-000,1,0.13638800382614136
evaluation-1320-non-000,0,0.06592778861522675
evaluation-13298-tar-000,1,0.38160717487335205
evaluation-13298-non-000,0,0.2395896315574646
evaluation-1334-tar-000,1,0.051026515662670135
evaluation-1334-non-000,0,0.0820603147149086
evaluation-13663-tar-000,1,0.03612769395112991
evaluation-13663-non-000,0,-0.026095645502209663
evaluation-13666-tar-000,1,-0.05815732106566429
evaluation-13666-non-000,0,-0.14905864000320435
evaluation-13707-tar-000,1,0.009247314184904099
evaluation-13707-non-000,0,0.05836135521531105
evaluation-1372-tar-000,1,0.026932962238788605
evaluation-1372-non-000,0,0.028115782886743546
evaluation-13754-tar-000,1,0.08821679651737213
evaluation-13754-non-000,0,0.036212317645549774
evaluation-13806-tar-000,1,0.30015459656715393
evaluation-13806-non-000,0,0.23514795303344727
evaluation-13839-tar-000,1,0.13902786374092102
evaluation-13839-non-000,0,-0.08997468650341034
evaluation-13985-tar-000,1,0.16343113780021667
evaluation-13985-non-000,0,0.2096678912639618
evaluation-14001-tar-000,1,0.14013130962848663
evaluation-14001-non-000,0,0.17687466740608215
evaluation-1401-tar-000,1,0.22326913475990295
evaluation-1401-non-000,0,0.18128091096878052
evaluation-14075-tar-000,1,0.1909887194633484
evaluation-14075-non-000,0,0.09355168044567108
evaluation-1409-tar-000,1,0.21797138452529907
evaluation-1409-non-000,0,0.13678397238254547
evaluation-14106-tar-000,1,-0.014911646023392677
evaluation-14106-non-000,0,-0.07297413051128387
evaluation-1414-tar-000,1,0.05821901559829712
evaluation-1414-non-000,0,0.10715750604867935
evaluation-14259-tar-000,1,0.16530093550682068
evaluation-14259-non-000,0,0.07541673630475998
evaluation-14430-tar-000,1,0.1932041347026825
evaluation-14430-non-000,0,0.10854025930166245
evaluation-14737-tar-000,1,0.29377281665802
evaluation-14737-non-000,0,0.1634366363286972
evaluation-1475-tar-000,1,0.13710613548755646
evaluation-1475-non-000,0,0.13663282990455627
evaluation-14790-tar-000,1,0.09270687401294708
evaluation-14790-non-000,0,0.16431954503059387
evaluation-1480-tar-000,1,0.1113414317369461
evaluation-1480-non-000,0,0.16009685397148132
evaluation-14869-tar-000,1,0.3148992657661438
evaluation-14869-non-000,0,0.262440025806427
evaluation-14875-tar-000,1,0.38983094692230225
evaluation-14875-non-000,0,0.23392677307128906
evaluation-14877-tar-000,1,0.070365309715271
evaluation-14877-non-000,0,0.0016910918056964874
evaluation-14888-tar-000,1,0.0636385977268219
evaluation-14888-non-000,0,0.03340129181742668
evaluation-14987-tar-000,1,0.15211012959480286
evaluation-14987-non-000,0,0.20658184587955475
evaluation-1507-tar-000,1,0.08312886953353882
evaluation-1507-non-000,0,0.03252234682440758
evaluation-15073-tar-000,1,0.029631154611706734
evaluation-15073-non-000,0,-0.09052782505750656
evaluation-15133-tar-000,1,0.222929447889328
evaluation-15133-non-000,0,0.08188962191343307
evaluation-15169-tar-000,1,0.23045147955417633
evaluation-15169-non-000,0,0.2623366415500641
evaluation-15180-tar-000,1,0.06559982895851135
evaluation-15180-non-000,0,-0.14277446269989014
evaluation-1522-tar-000,1,0.4292529821395874
evaluation-1522-non-000,0,0.35924988985061646
evaluation-1524-tar-000,1,0.2683578431606293
evaluation-1524-non-000,0,0.02107342518866062
evaluation-15243-tar-000,1,0.014794301241636276
evaluation-15243-non-000,0,0.0888911634683609
evaluation-15298-tar-000,1,0.03300289809703827
evaluation-15298-non-000,0,-0.09500882029533386
evaluation-1539-tar-000,1,0.023048218339681625
evaluation-1539-non-000,0,-0.1449362337589264
evaluation-15462-tar-000,1,0.1726740300655365
evaluation-15462-non-000,0,-0.0720156729221344
evaluation-1548-tar-000,1,0.07670629024505615
evaluation-1548-non-000,0,0.11062529683113098
evaluation-15501-tar-000,1,0.12296883016824722
evaluation-15501-non-000,0,-0.011302739381790161
evaluation-15515-tar-000,1,-0.24151265621185303
evaluation-15515-non-000,0,-0.1475384533405304
evaluation-1554-tar-000,1,-0.04081772267818451
evaluation-1554-non-000,0,-0.05009128153324127
evaluation-15570-tar-000,1,0.4340471625328064
evaluation-15570-non-000,0,0.14983481168746948
evaluation-15581-tar-000,1,0.09855213761329651
evaluation-15581-non-000,0,-0.054773569107055664
evaluation-15600-tar-000,1,0.12767675518989563
evaluation-15600-non-000,0,-0.061279088258743286
evaluation-15699-tar-000,1,0.2403557300567627
evaluation-15699-non-000,0,0.08834251016378403
evaluation-15817-tar-000,1,0.21537652611732483
evaluation-15817-non-000,0,0.1664154976606369
evaluation-15839-tar-000,1,0.31508615612983704
evaluation-15839-non-000,0,-0.0335424542427063
evaluation-15855-tar-000,1,0.17739401757717133
evaluation-15855-non-000,0,0.12504282593727112
evaluation-15866-tar-000,1,0.08319008350372314
evaluation-15866-non-000,0,-0.000772375613451004
evaluation-15885-tar-000,1,0.17336100339889526
evaluation-15885-non-000,0,-0.009527470916509628
evaluation-15993-tar-000,1,0.08648259192705154
evaluation-15993-non-000,0,-0.009861171245574951
evaluation-1603-tar-000,1,0.051111575216054916
evaluation-1603-non-000,0,0.02202003449201584
evaluation-16223-tar-000,1,0.06578586995601654
evaluation-16223-non-000,0,-0.01816483400762081
evaluation-1631-tar-000,1,0.05074549466371536
evaluation-1631-non-000,0,-0.12124624848365784
evaluation-1632-tar-000,1,0.08894192427396774
evaluation-1632-non-000,0,0.22103488445281982
evaluation-1633-tar-000,1,0.19616666436195374
evaluation-1633-non-000,0,0.06405816972255707
evaluation-1646-tar-000,1,-0.026102358475327492
evaluation-1646-non-000,0,-0.04259301349520683
evaluation-16473-tar-000,1,0.13059397041797638
evaluation-16473-non-000,0,0.14844462275505066
evaluation-16490-tar-000,1,0.31162774562835693
evaluation-16490-non-000,0,0.2364400327205658
evaluation-1650-tar-000,1,0.033576399087905884
evaluation-1650-non-000,0,-0.13489100337028503
evaluation-16520-tar-000,1,0.27728164196014404
evaluation-16520-non-000,0,0.22755809128284454
evaluation-16608-tar-000,1,-0.004879608750343323
evaluation-16608-non-000,0,-0.08556319028139114
evaluation-16635-tar-000,1,0.06528224050998688
evaluation-16635-non-000,0,-0.09304757416248322
evaluation-16665-tar-000,1,0.258148729801178
evaluation-16665-non-000,0,0.091471366584301
evaluation-1681-tar-000,1,0.19597333669662476
evaluation-1681-non-000,0,0.011449910700321198
evaluation-16849-tar-000,1,0.03110095113515854
evaluation-16849-non-000,0,-0.02649669349193573
evaluation-16855-tar-000,1,0.27078455686569214
evaluation-16855-non-000,0,0.026605311781167984
evaluation-16976-tar-000,1,-0.03316736966371536
evaluation-16976-non-000,0,-0.19245567917823792
evaluation-1707-tar-000,1,-0.15694692730903625
evaluation-1707-non-000,0,-0.20188456773757935
evaluation-17121-tar-000,1,0.10780812054872513
evaluation-17121-non-000,0,-0.005959334783256054
evaluation-17163-tar-000,1,0.26272159814834595
evaluation-17163-non-000,0,0.24994249641895294
evaluation-17165-tar-000,1,0.08345943689346313
evaluation-17165-non-000,0,0.03952598571777344
evaluation-17182-tar-000,1,-0.05067882314324379
evaluation-17182-non-000,0,-0.12051862478256226
evaluation-17717-tar-000,1,0.02972262352705002
evaluation-17717-non-000,0,-0.026995360851287842
evaluation-1777-tar-000,1,0.18496355414390564
evaluation-1777-non-000,0,-0.071040078997612
evaluation-1778-tar-000,1,0.027879558503627777
evaluation-1778-non-000,0,-0.06677094101905823
evaluation-1780-tar-000,1,-0.08598843216896057
evaluation-1780-non-000,0,-0.05641135200858116
evaluation-17805-tar-000,1,0.2920122444629669
evaluation-17805-non-000,0,0.15296503901481628
evaluation-1781-tar-000,1,0.18171846866607666
evaluation-1781-non-000,0,0.1334260106086731
evaluation-17871-tar-000,1,0.009888282045722008
evaluation-17871-non-000,0,0.02943783812224865
evaluation-1790-tar-000,1,0.2871127128601074
evaluation-1790-non-000,0,0.06911363452672958
evaluation-17918-tar-000,1,0.15837720036506653
evaluation-17918-non-000,0,0.2136242687702179
evaluation-17970-tar-000,1,0.11026667803525925
evaluation-17970-non-000,0,0.08382202684879303
evaluation-1800-tar-000,1,0.34764957427978516
evaluation-1800-non-000,0,0.08987826108932495
evaluation-18041-tar-000,1,0.11765435338020325
evaluation-18041-non-000,0,0.00654203724116087
evaluation-1812-tar-000,1,-0.05077299475669861
evaluation-1812-non-000,0,-0.13949152827262878
evaluation-18146-tar-000,1,0.13230730593204498
evaluation-18146-non-000,0,-0.033569902181625366
evaluation-18176-tar-000,1,0.20651283860206604
evaluation-18176-non-000,0,0.09102914482355118
evaluation-1818-tar-000,1,0.06333772838115692
evaluation-1818-non-000,0,-0.05310428515076637
evaluation-18245-tar-000,1,0.11506505310535431
evaluation-18245-non-000,0,0.028130006045103073
evaluation-18286-tar-000,1,0.48041924834251404
evaluation-18286-non-000,0,0.28517013788223267
evaluation-18294-tar-000,1,-0.07917962968349457
evaluation-18294-non-000,0,-0.0009592100977897644
evaluation-18390-tar-000,1,0.2528036832809448
evaluation-18390-non-000,0,0.14681121706962585
evaluation-18407-tar-000,1,0.17301921546459198
evaluation-18407-non-000,0,0.17999286949634552
evaluation-1845-tar-000,1,0.08289089053869247
evaluation-1845-non-000,0,-0.03409067541360855
evaluation-1847-tar-000,1,0.35231518745422363
evaluation-1847-non-000,0,0.03159642964601517
evaluation-1859-tar-000,1,0.10913030803203583
evaluation-1859-non-000,0,0.10727079212665558
evaluation-1868-tar-000,1,0.11957339197397232
evaluation-1868-non-000,0,-0.17139282822608948
evaluation-18708-tar-000,1,-0.022197112441062927
evaluation-18708-non-000,0,-0.19774021208286285
evaluation-18835-tar-000,1,0.16035187244415283
evaluation-18835-non-000,0,-0.06493741273880005
evaluation-1896-tar-000,1,-0.016210678964853287
evaluation-1896-non-000,0,-0.20337721705436707
evaluation-1904-tar-000,1,0.10818479210138321
evaluation-1904-non-000,0,0.012828867882490158
evaluation-19077-tar-000,1,-0.12328146398067474
evaluation-19077-non-000,0,-0.019192779436707497
evaluation-19288-tar-000,1,0.11106646806001663
evaluation-19288-non-000,0,0.1780107021331787
evaluation-19371-tar-000,1,0.05572645738720894
evaluation-19371-non-000,0,-0.014927849173545837
evaluation-19407-tar-000,1,0.10724008083343506
evaluation-19407-non-000,0,0.19934538006782532
evaluation-19549-tar-000,1,-0.07407844811677933
evaluation-19549-non-000,0,-0.004306968301534653
evaluation-1958-tar-000,1,0.2225240170955658
evaluation-1958-non-000,0,0.17009560763835907
evaluation-1960-tar-000,1,-0.0013489723205566406
evaluation-1960-non-000,0,-0.08662635087966919
evaluation-19659-tar-000,1,0.45533034205436707
evaluation-19659-non-000,0,0.35276317596435547
evaluation-19714-tar-000,1,-0.09380626678466797
evaluation-19714-non-000,0,-0.12805473804473877
evaluation-19761-tar-000,1,0.043324749916791916
evaluation-19761-non-000,0,-0.053248047828674316
evaluation-19819-tar-000,1,0.19088774919509888
evaluation-19819-non-000,0,0.0729183778166771
evaluation-19865-tar-000,1,0.12404407560825348
evaluation-19865-non-000,0,0.12473434209823608
evaluation-1994-tar-000,1,0.22826382517814636
evaluation-1994-non-000,0,0.11115017533302307
evaluation-20000-tar-000,1,0.2115434855222702
evaluation-20000-non-000,0,-0.04649704322218895
evaluation-2020-tar-000,1,-0.0812453031539917
evaluation-2020-non-000,0,-0.0749816969037056
evaluation-20244-tar-000,1,0.09783943742513657
evaluation-20244-non-000,0,0.03777798265218735
evaluation-2037-tar-000,1,0.3632478713989258
evaluation-2037-non-000,0,0.20847533643245697
evaluation-20458-tar-000,1,0.22778552770614624
evaluation-20458-non-000,0,0.19236162304878235
evaluation-20461-tar-000,1,0.07621866464614868
evaluation-20461-non-000,0,0.02925139106810093
evaluation-2059-tar-000,1,-0.01763138547539711
evaluation-2059-non-000,0,-0.020486949011683464
evaluation-20667-tar-000,1,0.23533613979816437
evaluation-20667-non-000,0,0.07691509276628494
evaluation-20673-tar-000,1,0.017361320555210114
evaluation-20673-non-000,0,0.03135630488395691
evaluation-2077-tar-000,1,0.15926164388656616
evaluation-2077-non-000,0,-0.12934750318527222
evaluation-20870-tar-000,1,0.13421067595481873
evaluation-20870-non-000,0,0.05799490958452225
evaluation-20881-tar-000,1,0.2053428739309311
evaluation-20881-non-000,0,0.1066943109035492
evaluation-2090-tar-000,1,0.16498203575611115
evaluation-2090-non-000,0,0.047183260321617126
evaluation-2092-tar-000,1,-0.09356613457202911
evaluation-2092-non-000,0,-0.054333917796611786
evaluation-2093-tar-000,1,0.165859192609787
evaluation-2093-non-000,0,0.002493463456630707
evaluation-2094-tar-000,1,0.22515524923801422
evaluation-2094-non-000,0,0.042081549763679504
evaluation-20947-tar-000,1,-0.023807311430573463
evaluation-20947-non-000,0,-0.1275024712085724
evaluation-21041-tar-000,1,0.14897316694259644
evaluation-21041-non-000,0,-0.10626834630966187
evaluation-21082-tar-000,1,0.1830463707447052
evaluation-21082-non-000,0,0.11178157478570938
evaluation-21120-tar-000,1,0.3084474503993988
evaluation-21120-non-000,0,0.16826796531677246
evaluation-21181-tar-000,1,0.14713217318058014
evaluation-21181-non-000,0,0.07849174737930298
evaluation-2124-tar-000,1,0.08840378373861313
evaluation-2124-non-000,0,0.026582956314086914
evaluation-21258-tar-000,1,0.11814135313034058
evaluation-21258-non-000,0,0.11549973487854004
evaluation-21280-tar-000,1,0.2252846658229828
evaluation-21280-non-000,0,0.19251322746276855
evaluation-2130-tar-000,1,0.1567763388156891
evaluation-2130-non-000,0,0.07143297791481018
evaluation-21403-tar-000,1,0.06237880885601044
evaluation-21403-non-000,0,0.1591063290834427
evaluation-2159-tar-000,1,-0.03608816862106323
evaluation-2159-non-000,0,-0.047143757343292236
evaluation-21629-tar-000,1,0.23978860676288605
evaluation-21629-non-000,0,0.003173328936100006
evaluation-2168-tar-000,1,0.3100402057170868
evaluation-2168-non-000,0,0.09438767284154892
evaluation-2171-tar-000,1,0.24135492742061615
evaluation-2171-non-000,0,0.16806840896606445
evaluation-2181-tar-000,1,0.2100180685520172
evaluation-2181-non-000,0,0.11037161201238632
evaluation-2186-tar-000,1,0.10891305655241013
evaluation-2186-non-000,0,0.016972851008176804
evaluation-21928-tar-000,1,0.07102330029010773
evaluation-21928-non-000,0,0.13212552666664124
evaluation-2196-tar-000,1,0.12838895618915558
evaluation-2196-non-000,0,-0.05665665864944458
evaluation-21969-tar-000,1,0.21729505062103271
evaluation-21969-non-000,0,-0.03974679857492447
evaluation-2199-tar-000,1,0.148379847407341
evaluation-2199-non-000,0,-0.11507159471511841
evaluation-21991-tar-000,1,0.0843442976474762
evaluation-21991-non-000,0,-0.05895477533340454
evaluation-2200-tar-000,1,0.2817286550998688
evaluation-2200-non-000,0,0.19799181818962097
evaluation-22062-tar-000,1,0.041776999831199646
evaluation-22062-non-000,0,-0.01471700519323349
evaluation-22090-tar-000,1,0.13827937841415405
evaluation-22090-non-000,0,-0.022266359999775887
evaluation-22134-tar-000,1,0.08085820078849792
evaluation-22134-non-000,0,0.005221452564001083
evaluation-22142-tar-000,1,0.016746269538998604
evaluation-22142-non-000,0,-0.08787770569324493
evaluation-22290-tar-000,1,0.04926830157637596
evaluation-22290-non-000,0,-0.0979786142706871
evaluation-2233-tar-000,1,0.06413643807172775
evaluation-2233-non-000,0,0.08521132171154022
evaluation-22345-tar-000,1,-0.039444439113140106
evaluation-22345-non-000,0,-0.02755310945212841
evaluation-22365-tar-000,1,0.05940987914800644
evaluation-22365-non-000,0,0.07717465609312057
evaluation-22483-tar-000,1,0.04030495882034302
evaluation-22483-non-000,0,-0.04260443523526192
evaluation-22521-tar-000,1,-0.05152685567736626
evaluation-22521-non-000,0,-0.05964585021138191
evaluation-22595-tar-000,1,0.3538999557495117
evaluation-22595-non-000,0,0.2592349052429199
evaluation-22738-tar-000,1,0.24831904470920563
evaluation-22738-non-000,0,0.0545504055917263
evaluation-22760-tar-000,1,0.23172542452812195
evaluation-22760-non-000,0,0.11370395123958588
evaluation-2290-tar-000,1,0.18361113965511322
evaluation-2290-non-000,0,0.06267097592353821
evaluation-2291-tar-000,1,0.3273157477378845
evaluation-2291-non-000,0,0.3139401972293854
evaluation-22988-tar-000,1,0.20519278943538666
evaluation-22988-non-000,0,0.17448732256889343
evaluation-2305-tar-000,1,0.181155264377594
evaluation-2305-non-000,0,0.09535957872867584
evaluation-23051-tar-000,1,0.1389380395412445
evaluation-23051-non-000,0,0.044497277587652206
evaluation-23200-tar-000,1,0.32969415187835693
evaluation-23200-non-000,0,0.15445396304130554
evaluation-23224-tar-000,1,-0.029608193784952164
evaluation-23224-non-000,0,-0.26667049527168274
evaluation-23246-tar-000,1,0.31261441111564636
evaluation-23246-non-000,0,0.0571783147752285
evaluation-2327-tar-000,1,0.1687333583831787
evaluation-2327-non-000,0,0.09654790163040161
evaluation-23406-tar-000,1,0.14348214864730835
evaluation-23406-non-000,0,-0.0965271070599556
evaluation-23422-tar-000,1,-0.14810869097709656
evaluation-23422-non-000,0,-0.08218090236186981
evaluation-2346-tar-000,1,0.0821150690317154
evaluation-2346-non-000,0,0.0475093312561512
evaluation-23482-tar-000,1,0.11779116094112396
evaluation-23482-non-000,0,-0.015245407819747925
evaluation-2349-tar-000,1,0.136899933218956
evaluation-2349-non-000,0,0.05697207152843475
evaluation-23510-tar-000,1,-0.022854380309581757
evaluation-23510-non-000,0,0.019014699384570122
evaluation-23623-tar-000,1,0.07202218472957611
evaluation-23623-non-000,0,0.16195085644721985
evaluation-2363-tar-000,1,0.3251621723175049
evaluation-2363-non-000,0,0.17897731065750122
evaluation-23721-tar-000,1,0.22642040252685547
evaluation-23721-non-000,0,0.20616191625595093
evaluation-23743-tar-000,1,0.08429653942584991
evaluation-23743-non-000,0,0.12291450798511505
evaluation-23845-tar-000,1,0.0862504243850708
evaluation-23845-non-000,0,0.04353853315114975
evaluation-23878-tar-000,1,0.25836652517318726
evaluation-23878-non-000,0,-0.06226550415158272
evaluation-2389-tar-000,1,0.15382793545722961
evaluation-2389-non-000,0,-0.07349403947591782
evaluation-23988-tar-000,1,0.1363632082939148
evaluation-23988-non-000,0,0.007949859835207462
evaluation-2400-tar-000,1,0.1760219931602478
evaluation-2400-non-000,0,0.026472121477127075
evaluation-24035-tar-000,1,0.19613127410411835
evaluation-24035-non-000,0,-0.01779864728450775
evaluation-24054-tar-000,1,0.285788357257843
evaluation-24054-non-000,0,0.2127242088317871
evaluation-24117-tar-000,1,0.10935739427804947
evaluation-24117-non-000,0,-0.003006257116794586
evaluation-24158-tar-000,1,0.022733595222234726
evaluation-24158-non-000,0,-0.16314470767974854
evaluation-2421-tar-000,1,-0.08796238899230957
evaluation-2421-non-000,0,-0.13885948061943054
evaluation-24241-tar-000,1,-0.017380811274051666
evaluation-24241-non-000,0,-0.12472821027040482
evaluation-2427-tar-000,1,0.022221079096198082
evaluation-2427-non-000,0,0.009476941078901291
evaluation-2451-tar-000,1,0.145163431763649
evaluation-2451-non-000,0,0.10777027904987335
evaluation-24512-tar-000,1,0.0726032704114914
evaluation-24512-non-000,0,-0.15810710191726685
evaluation-24526-tar-000,1,0.3555085062980652
evaluation-24526-non-000,0,0.19948028028011322
evaluation-24534-tar-000,1,0.09842580556869507
evaluation-24534-non-000,0,0.07526233047246933
evaluation-2454-tar-000,1,0.162865549325943
evaluation-2454-non-000,0,-0.10344322770833969
evaluation-2455-tar-000,1,-0.02544141747057438
evaluation-2455-non-000,0,0.062416963279247284
evaluation-24584-tar-000,1,-0.02423255331814289
evaluation-24584-non-000,0,0.06396611034870148
evaluation-24620-tar-000,1,-0.05121779814362526
evaluation-24620-non-000,0,0.017979426309466362
evaluation-2467-tar-000,1,0.16583454608917236
evaluation-2467-non-000,0,0.15319906175136566
evaluation-24688-tar-000,1,0.19153493642807007
evaluation-24688-non-000,0,-0.029369743540883064
evaluation-24699-tar-000,1,0.13368366658687592
evaluation-24699-non-000,0,0.0772540271282196
evaluation-2473-tar-000,1,-0.03591867536306381
evaluation-2473-non-000,0,-0.017747990787029266
evaluation-2481-tar-000,1,-0.06453663855791092
evaluation-2481-non-000,0,-0.33427679538726807
evaluation-2487-tar-000,1,0.18743033707141876
evaluation-2487-non-000,0,0.15673446655273438
evaluation-24872-tar-000,1,-0.00718950480222702
evaluation-24872-non-000,0,-0.2589861750602722
evaluation-24875-tar-000,1,0.10887500643730164
evaluation-24875-non-000,0,-0.030846133828163147
evaluation-24916-tar-000,1,-0.013665363192558289
evaluation-24916-non-000,0,-0.015607025474309921
evaluation-25070-tar-000,1,0.2827480137348175
evaluation-25070-non-000,0,0.3413178324699402
evaluation-2509-tar-000,1,0.2340013086795807
evaluation-2509-non-000,0,0.17510586977005005
evaluation-2515-tar-000,1,0.0965762510895729
evaluation-2515-non-000,0,-0.02809002995491028
evaluation-25185-tar-000,1,0.20718471705913544
evaluation-25185-non-000,0,0.053498342633247375
evaluation-25284-tar-000,1,-0.001687934622168541
evaluation-25284-non-000,0,-0.0821676179766655
evaluation-25295-tar-000,1,0.16327743232250214
evaluation-25295-non-000,0,0.04701847955584526
evaluation-25323-tar-000,1,0.09457109123468399
evaluation-25323-non-000,0,0.12851284444332123
evaluation-2544-tar-000,1,0.3112804591655731
evaluation-2544-non-000,0,0.2411842793226242
evaluation-25485-tar-000,1,0.035104379057884216
evaluation-25485-non-000,0,-0.14918656647205353
evaluation-25586-tar-000,1,0.04410398006439209
evaluation-25586-non-000,0,-0.06297969818115234
evaluation-25619-tar-000,1,0.11996708810329437
evaluation-25619-non-000,0,0.01810707151889801
evaluation-2565-tar-000,1,-0.058632742613554
evaluation-2565-non-000,0,-0.2535005211830139
evaluation-25748-tar-000,1,0.10346610844135284
evaluation-25748-non-000,0,-0.00502772955223918
evaluation-25960-tar-000,1,0.16686537861824036
evaluation-25960-non-000,0,0.010997045785188675
evaluation-2602-tar-000,1,0.1856638789176941
evaluation-2602-non-000,0,0.04421709105372429
evaluation-2610-tar-000,1,0.1105276420712471
evaluation-2610-non-000,0,-0.05675055831670761
evaluation-26125-tar-000,1,-0.014191091060638428
evaluation-26125-non-000,0,0.0629710853099823
evaluation-26138-tar-000,1,0.24623456597328186
evaluation-26138-non-000,0,0.02052900195121765
evaluation-26158-tar-000,1,0.0011735111474990845
evaluation-26158-non-000,0,-0.1630120873451233
evaluation-2618-tar-000,1,0.12186388671398163
evaluation-2618-non-000,0,-0.15134084224700928
evaluation-26221-tar-000,1,0.2649582028388977
evaluation-26221-non-000,0,0.16118523478507996
evaluation-26287-tar-000,1,-0.0531134270131588
evaluation-26287-non-000,0,-0.13241608440876007
evaluation-26435-tar-000,1,0.2681746482849121
evaluation-26435-non-000,0,0.10965002328157425
evaluation-26443-tar-000,1,0.04113239049911499
evaluation-26443-non-000,0,0.0737592801451683
evaluation-26454-tar-000,1,0.20815080404281616
evaluation-26454-non-000,0,0.1358649581670761
evaluation-26473-tar-000,1,0.019065070897340775
evaluation-26473-non-000,0,-0.13368253409862518
evaluation-26501-tar-000,1,0.47311314940452576
evaluation-26501-non-000,0,0.44576776027679443
evaluation-26545-tar-000,1,-0.07655908167362213
evaluation-26545-non-000,0,-0.006850354373455048
evaluation-26666-tar-000,1,0.15092584490776062
evaluation-26666-non-000,0,-0.010420013219118118
evaluation-26679-tar-000,1,0.24415400624275208
evaluation-26679-non-000,0,0.09605163335800171
evaluation-2674-tar-000,1,-0.0016895309090614319
evaluation-2674-non-000,0,0.03224993869662285
evaluation-2689-tar-000,1,0.03959965705871582
evaluation-2689-non-000,0,-0.07457286864519119
evaluation-26894-tar-000,1,0.03720472753047943
evaluation-26894-non-000,0,-0.03595159947872162
evaluation-2699-tar-000,1,0.1322789192199707
evaluation-2699-non-000,0,-0.028200451284646988
evaluation-2707-tar-000,1,-0.03738703206181526
evaluation-2707-non-000,0,-0.07454867660999298
evaluation-27124-tar-000,1,0.07666681706905365
evaluation-27124-non-000,0,-0.055281177163124084
evaluation-27135-tar-000,1,0.18382865190505981
evaluation-27135-non-000,0,0.12279900908470154
evaluation-2714-tar-000,1,0.0801764577627182
evaluation-2714-non-000,0,0.11462604999542236
evaluation-27199-tar-000,1,0.013543931767344475
evaluation-27199-non-000,0,-0.11083687841892242
evaluation-2739-tar-000,1,0.05802091211080551
evaluation-2739-non-000,0,-0.07001157104969025
evaluation-2752-tar-000,1,-0.04869379103183746
evaluation-2752-non-000,0,-0.07481125742197037
evaluation-2762-tar-000,1,0.2075265794992447
evaluation-2762-non-000,0,0.16812892258167267
evaluation-2775-tar-000,1,0.20917874574661255
evaluation-2775-non-000,0,0.06754098832607269
evaluation-27811-tar-000,1,0.14157113432884216
evaluation-27811-non-000,0,0.170327290892601
evaluation-27932-tar-000,1,0.1525607407093048
evaluation-27932-non-000,0,-0.031464509665966034
evaluation-27943-tar-000,1,-0.2696340084075928
evaluation-27943-non-000,0,-0.15226799249649048
evaluation-27979-tar-000,1,0.02827216312289238
evaluation-27979-non-000,0,-0.08407388627529144
evaluation-28017-tar-000,1,0.26776206493377686
evaluation-28017-non-000,0,0.056455347687006
evaluation-28028-tar-000,1,0.3635180592536926
evaluation-28028-non-000,0,0.14940929412841797
evaluation-28053-tar-000,1,-0.13431289792060852
evaluation-28053-non-000,0,-0.1483066976070404
evaluation-2806-tar-000,1,0.1434333324432373
evaluation-2806-non-000,0,0.14136993885040283
evaluation-28086-tar-000,1,0.22638359665870667
evaluation-28086-non-000,0,0.12692813575267792
evaluation-28105-tar-000,1,-0.08344364911317825
evaluation-28105-non-000,0,-0.2281714826822281
evaluation-28152-tar-000,1,-0.1061694398522377
evaluation-28152-non-000,0,-0.2008279711008072
evaluation-28182-tar-000,1,0.06209215894341469
evaluation-28182-non-000,0,-0.034405142068862915
evaluation-28248-tar-000,1,0.10411898791790009
evaluation-28248-non-000,0,0.11112618446350098
evaluation-2831-tar-000,1,0.09729355573654175
evaluation-2831-non-000,0,-0.013900507241487503
evaluation-28338-tar-000,1,0.2974775731563568
evaluation-28338-non-000,0,0.10033407807350159
evaluation-28679-tar-000,1,0.05660121887922287
evaluation-28679-non-000,0,0.04678531736135483
evaluation-28682-tar-000,1,0.03743595629930496
evaluation-28682-non-000,0,-0.02988976240158081
evaluation-28750-tar-000,1,0.06413185596466064
evaluation-28750-non-000,0,0.034696172922849655
evaluation-28781-tar-000,1,0.1744106560945511
evaluation-28781-non-000,0,0.1237322986125946
evaluation-28822-tar-000,1,0.10722086578607559
evaluation-28822-non-000,0,-0.15390349924564362
evaluation-2892-tar-000,1,0.0966319888830185
evaluation-2892-non-000,0,0.061460137367248535
evaluation-2901-tar-000,1,0.4249383211135864
evaluation-2901-non-000,0,0.29596149921417236
evaluation-2908-tar-000,1,0.30934441089630127
evaluation-2908-non-000,0,0.051376402378082275
evaluation-29102-tar-000,1,-0.021900707855820656
evaluation-29102-non-000,0,-0.08051659911870956
evaluation-29105-tar-000,1,0.016598649322986603
evaluation-29105-non-000,0,-0.17680642008781433
evaluation-29237-tar-000,1,0.19526821374893188
evaluation-29237-non-000,0,0.17581771314144135
evaluation-29278-tar-000,1,0.04341363534331322
evaluation-29278-non-000,0,-0.0653766617178917
evaluation-29434-tar-000,1,0.005286049097776413
evaluation-29434-non-000,0,0.1103408932685852
evaluation-2950-tar-000,1,0.2828044891357422
evaluation-2950-non-000,0,0.03274816647171974
evaluation-29500-tar-000,1,0.2920421361923218
evaluation-29500-non-000,0,0.17362093925476074
evaluation-2957-tar-000,1,-0.09533380717039108
evaluation-2957-non-000,0,-0.07812690734863281
evaluation-29668-tar-000,1,0.02215559408068657
evaluation-29668-non-000,0,-0.09217777103185654
evaluation-29778-tar-000,1,0.3512793183326721
evaluation-29778-non-000,0,0.25030601024627686
evaluation-2984-tar-000,1,0.17479655146598816
evaluation-2984-non-000,0,0.08556804060935974
evaluation-2990-tar-000,1,-0.021154241636395454
evaluation-2990-non-000,0,0.04518049955368042
evaluation-29904-tar-000,1,0.022204790264368057
evaluation-29904-non-000,0,0.07101131230592728
evaluation-30085-tar-000,1,0.2689282298088074
evaluation-30085-non-000,0,0.276969850063324
evaluation-3015-tar-000,1,-0.03999532014131546
evaluation-3015-non-000,0,-0.0386304035782814
evaluation-3023-tar-000,1,0.05634650960564613
evaluation-3023-non-000,0,0.02533721923828125
evaluation-30261-tar-000,1,0.029296578839421272
evaluation-30261-non-000,0,-0.04588291049003601
evaluation-30302-tar-000,1,0.30799242854118347
evaluation-30302-non-000,0,0.09309165924787521
evaluation-30316-tar-000,1,0.07215875387191772
evaluation-30316-non-000,0,0.13710898160934448
evaluation-30610-tar-000,1,0.1511346697807312
evaluation-30610-non-000,0,0.010581638664007187
evaluation-3062-tar-000,1,-0.11538542807102203
evaluation-3062-non-000,0,-0.06819604337215424
evaluation-30621-tar-000,1,-0.053397729992866516
evaluation-30621-non-000,0,-0.11181995272636414
evaluation-30659-tar-000,1,0.08229982852935791
evaluation-30659-non-000,0,0.09595164656639099
evaluation-30824-tar-000,1,0.19748759269714355
evaluation-30824-non-000,0,0.06629689037799835
evaluation-30923-tar-000,1,0.33637475967407227
evaluation-30923-non-000,0,0.06458578258752823
evaluation-30967-tar-000,1,0.24459564685821533
evaluation-30967-non-000,0,0.2696476876735687
evaluation-31008-tar-000,1,0.4151209592819214
evaluation-31008-non-000,0,0.273495078086853
evaluation-3124-tar-000,1,0.13322646915912628
evaluation-3124-non-000,0,0.01790066808462143
evaluation-31280-tar-000,1,-0.08938349783420563
evaluation-31280-non-000,0,0.07513577491044998
evaluation-31294-tar-000,1,0.2328101247549057
evaluation-31294-non-000,0,0.0020228251814842224
evaluation-31307-tar-000,1,0.19433128833770752
evaluation-31307-non-000,0,0.17176289856433868
evaluation-31346-tar-000,1,0.1802845001220703
evaluation-31346-non-000,0,0.19361162185668945
evaluation-31360-tar-000,1,0.08001375198364258
evaluation-31360-non-000,0,0.07084765285253525
evaluation-31384-tar-000,1,0.15089446306228638
evaluation-31384-non-000,0,0.07449812442064285
evaluation-3139-tar-000,1,-0.04133910685777664
evaluation-3139-non-000,0,0.00847921147942543
evaluation-31390-tar-000,1,0.03155453875660896
evaluation-31390-non-000,0,0.0007004030048847198
evaluation-3145-tar-000,1,0.03483276069164276
evaluation-3145-non-000,0,-0.10709534585475922
evaluation-31464-tar-000,1,0.03201506659388542
evaluation-31464-non-000,0,-0.09011989086866379
evaluation-3161-tar-000,1,-0.008044121786952019
evaluation-3161-non-000,0,-0.3448295295238495
evaluation-31665-tar-000,1,0.08424961566925049
evaluation-31665-non-000,0,-0.08946609497070312
evaluation-3167-tar-000,1,0.1723405420780182
evaluation-3167-non-000,0,0.18887507915496826
evaluation-31838-tar-000,1,0.11152344942092896
evaluation-31838-non-000,0,-0.17515793442726135
evaluation-31947-tar-000,1,0.3137611150741577
evaluation-31947-non-000,0,0.20965248346328735
evaluation-31950-tar-000,1,-0.08133812248706818
evaluation-31950-non-000,0,-0.08808572590351105
evaluation-31964-tar-000,1,0.10495215654373169
evaluation-31964-non-000,0,0.20070308446884155
evaluation-31986-tar-000,1,0.08418387174606323
evaluation-31986-non-000,0,-0.0322892926633358
evaluation-32005-tar-000,1,0.18975302577018738
evaluation-32005-non-000,0,0.05599135905504227
evaluation-32046-tar-000,1,-0.002153743989765644
evaluation-32046-non-000,0,-0.13563144207000732
evaluation-32057-tar-000,1,0.16663779318332672
evaluation-32057-non-000,0,0.17545157670974731
evaluation-3215-tar-000,1,0.12966658174991608
evaluation-3215-non-000,0,-0.06263114511966705
evaluation-32285-tar-000,1,0.17238232493400574
evaluation-32285-non-000,0,0.08852960169315338
evaluation-32368-tar-000,1,0.41040438413619995
evaluation-32368-non-000,0,0.3088511824607849
evaluation-32521-tar-000,1,0.02437439374625683
evaluation-32521-non-000,0,-0.07206544280052185
evaluation-32620-tar-000,1,-0.0056210048496723175
evaluation-32620-non-000,0,-0.12705036997795105
evaluation-32730-tar-000,1,0.11625772714614868
evaluation-32730-non-000,0,-0.033743783831596375
evaluation-32785-tar-000,1,0.14169703423976898
evaluation-32785-non-000,0,0.17208729684352875
evaluation-32810-tar-000,1,0.04441288858652115
evaluation-32810-non-000,0,-0.0021720658987760544
evaluation-3292-tar-000,1,0.10598394274711609
evaluation-3292-non-000,0,0.18842004239559174
evaluation-3301-tar-000,1,0.13163679838180542
evaluation-3301-non-000,0,0.08771782368421555
evaluation-33060-tar-000,1,-0.07000700384378433
evaluation-33060-non-000,0,0.006892629899084568
evaluation-33096-tar-000,1,0.027549684047698975
evaluation-33096-non-000,0,0.1381751000881195
evaluation-33120-tar-000,1,0.06687374413013458
evaluation-33120-non-000,0,0.026389630511403084
evaluation-3314-tar-000,1,-0.05724037438631058
evaluation-3314-non-000,0,-0.05416344478726387
evaluation-33255-tar-000,1,0.08050559461116791
evaluation-33255-non-000,0,0.021003514528274536
evaluation-33258-tar-000,1,0.13725468516349792
evaluation-33258-non-000,0,-0.04256637766957283
evaluation-33274-tar-000,1,0.02389221079647541
evaluation-33274-non-000,0,0.007060418836772442
evaluation-33598-tar-000,1,0.1719793677330017
evaluation-33598-non-000,0,0.04864059016108513
evaluation-3361-tar-000,1,0.05691079795360565
evaluation-3361-non-000,0,-0.07355190068483353
evaluation-33623-tar-000,1,0.4897705316543579
evaluation-33623-non-000,0,0.42463621497154236
evaluation-3365-tar-000,1,0.2205684632062912
evaluation-3365-non-000,0,0.1153097003698349
evaluation-3369-tar-000,1,0.08852104842662811
evaluation-3369-non-000,0,-0.04351028800010681
evaluation-33711-tar-000,1,0.080897256731987
evaluation-33711-non-000,0,0.0015223771333694458
evaluation-33790-tar-000,1,0.30374646186828613
evaluation-33790-non-000,0,0.008871972560882568
evaluation-3395-tar-000,1,0.212778240442276
evaluation-3395-non-000,0,0.14813649654388428
evaluation-3407-tar-000,1,-0.15860475599765778
evaluation-3407-non-000,0,-0.22574391961097717
evaluation-3409-tar-000,1,0.10169240832328796
evaluation-3409-non-000,0,-0.07501378655433655
evaluation-34158-tar-000,1,0.16421101987361908
evaluation-34158-non-000,0,0.13989241421222687
evaluation-3417-tar-000,1,0.10911700874567032
evaluation-3417-non-000,0,0.09956419467926025
evaluation-3425-tar-000,1,0.2502167224884033
evaluation-3425-non-000,0,0.13203731179237366
evaluation-34257-tar-000,1,0.34610939025878906
evaluation-34257-non-000,0,0.19728325307369232
evaluation-3427-tar-000,1,0.28710711002349854
evaluation-3427-non-000,0,0.2288811057806015
evaluation-34458-tar-000,1,0.01471158117055893
evaluation-34458-non-000,0,0.03334902971982956
evaluation-34485-tar-000,1,0.007384848780930042
evaluation-34485-non-000,0,-0.10208556056022644
evaluation-34631-tar-000,1,0.20420792698860168
evaluation-34631-non-000,0,0.04863864928483963
evaluation-34647-tar-000,1,0.1964554786682129
evaluation-34647-non-000,0,0.11003001034259796
evaluation-3471-tar-000,1,0.006612125784158707
evaluation-3471-non-000,0,-0.12832096219062805
evaluation-34719-tar-000,1,0.260367751121521
evaluation-34719-non-000,0,0.3213005065917969
evaluation-3473-tar-000,1,0.16749627888202667
evaluation-3473-non-000,0,0.022053927183151245
evaluation-34738-tar-000,1,0.02725966088473797
evaluation-34738-non-000,0,0.12312541902065277
evaluation-34771-tar-000,1,0.06789714097976685
evaluation-34771-non-000,0,-0.10326620936393738
evaluation-3479-tar-000,1,0.16636602580547333
evaluation-3479-non-000,0,0.1143418699502945
evaluation-34807-tar-000,1,-0.019951101392507553
evaluation-34807-non-000,0,-0.22686639428138733
evaluation-3482-tar-000,1,0.14880791306495667
evaluation-3482-non-000,0,0.044285595417022705
evaluation-34859-tar-000,1,0.27463144063949585
evaluation-34859-non-000,0,0.05724194645881653
evaluation-3497-tar-000,1,0.12325664609670639
evaluation-3497-non-000,0,0.1274847388267517
evaluation-34996-tar-000,1,0.04744664207100868
evaluation-34996-non-000,0,-0.06129753217101097
evaluation-35043-tar-000,1,0.30558085441589355
evaluation-35043-non-000,0,0.1387145072221756
evaluation-3507-tar-000,1,0.14411544799804688
evaluation-3507-non-000,0,0.06859832257032394
evaluation-35101-tar-000,1,0.284222275018692
evaluation-35101-non-000,0,0.09174762666225433
evaluation-3518-tar-000,1,0.03617764264345169
evaluation-3518-non-000,0,0.020318415015935898
evaluation-3522-tar-000,1,-0.052961964160203934
evaluation-3522-non-000,0,-0.12996110320091248
evaluation-35293-tar-000,1,0.1309947669506073
evaluation-35293-non-000,0,-0.017141517251729965
evaluation-35359-tar-000,1,0.008583582006394863
evaluation-35359-non-000,0,-0.16371041536331177
evaluation-3540-tar-000,1,0.16472220420837402
evaluation-3540-non-000,0,0.11552461981773376
evaluation-35416-tar-000,1,0.13225682079792023
evaluation-35416-non-000,0,0.14648745954036713
evaluation-35449-tar-000,1,0.2098732888698578
evaluation-35449-non-000,0,0.029261235147714615
evaluation-35510-tar-000,1,0.04753575101494789
evaluation-35510-non-000,0,-0.013992112129926682
evaluation-35562-tar-000,1,0.26750707626342773
evaluation-35562-non-000,0,-0.007602522149682045
evaluation-35587-tar-000,1,0.03430290147662163
evaluation-35587-non-000,0,-0.10998095571994781
evaluation-3564-tar-000,1,0.025569219142198563
evaluation-3564-non-000,0,-0.09542514383792877
evaluation-35683-tar-000,1,0.012300873175263405
evaluation-35683-non-000,0,-0.03666974976658821
evaluation-35699-tar-000,1,0.25526756048202515
evaluation-35699-non-000,0,0.16669130325317383
evaluation-3571-tar-000,1,-0.07299771904945374
evaluation-3571-non-000,0,-0.07725895941257477
evaluation-3572-tar-000,1,-0.11774048209190369
evaluation-3572-non-000,0,0.17208406329154968
evaluation-35793-tar-000,1,0.08396890759468079
evaluation-35793-non-000,0,-0.14638492465019226
evaluation-35823-tar-000,1,0.1783730536699295
evaluation-35823-non-000,0,-0.000991765409708023
evaluation-35872-tar-000,1,0.2277127057313919
evaluation-35872-non-000,0,0.09937955439090729
evaluation-3597-tar-000,1,0.04005865752696991
evaluation-3597-non-000,0,-0.05910069867968559
evaluation-35996-tar-000,1,0.04550572857260704
evaluation-35996-non-000,0,-0.07832930982112885
evaluation-36004-tar-000,1,0.4441002309322357
evaluation-36004-non-000,0,0.07476506382226944
evaluation-36051-tar-000,1,-0.24243949353694916
evaluation-36051-non-000,0,-0.15564250946044922
evaluation-3619-tar-000,1,-0.2200528383255005
evaluation-3619-non-000,0,-0.2037724405527115
evaluation-36196-tar-000,1,0.18793943524360657
evaluation-36196-non-000,0,0.12895634770393372
evaluation-36298-tar-000,1,0.151047483086586
evaluation-36298-non-000,0,-0.006499053910374641
evaluation-36323-tar-000,1,0.30594196915626526
evaluation-36323-non-000,0,0.25708919763565063
evaluation-36386-tar-000,1,-0.055629998445510864
evaluation-36386-non-000,0,0.023292312398552895
evaluation-36395-tar-000,1,0.031596943736076355
evaluation-36395-non-000,0,-0.11190355569124222
evaluation-36460-tar-000,1,0.23451043665409088
evaluation-36460-non-000,0,0.19252325594425201
evaluation-36499-tar-000,1,0.25232312083244324
evaluation-36499-non-000,0,0.1754142791032791
evaluation-3656-tar-000,1,0.14941461384296417
evaluation-3656-non-000,0,0.022025547921657562
evaluation-36611-tar-000,1,0.4125220477581024
evaluation-36611-non-000,0,0.3223768472671509
evaluation-36619-tar-000,1,0.34886354207992554
evaluation-36619-non-000,0,0.3265138864517212
evaluation-36625-tar-000,1,0.1682533621788025
evaluation-36625-non-000,0,0.10851071029901505
evaluation-36633-tar-000,1,0.12816880643367767
evaluation-36633-non-000,0,0.024949222803115845
evaluation-36685-tar-000,1,0.034798819571733475
evaluation-36685-non-000,0,0.01715530827641487
evaluation-3669-tar-000,1,0.049130722880363464
evaluation-3669-non-000,0,-0.11655161529779434
evaluation-36853-tar-000,1,0.0726546198129654
evaluation-36853-non-000,0,0.019406815990805626
evaluation-3693-tar-000,1,-0.0787661150097847
evaluation-3693-non-000,0,-0.20607340335845947
evaluation-3720-tar-000,1,-0.15925061702728271
evaluation-3720-non-000,0,-0.03581085801124573
evaluation-37259-tar-000,1,0.12654802203178406
evaluation-37259-non-000,0,-0.07109774649143219
evaluation-37301-tar-000,1,-0.10840591788291931
evaluation-37301-non-000,0,-0.11926161497831345
evaluation-37328-tar-000,1,-0.021996818482875824
evaluation-37328-non-000,0,0.0927552878856659
evaluation-37625-tar-000,1,0.10754410177469254
evaluation-37625-non-000,0,0.026922162622213364
evaluation-37658-tar-000,1,-0.013797571882605553
evaluation-37658-non-000,0,0.024399548768997192
evaluation-3767-tar-000,1,0.4111258387565613
evaluation-3767-non-000,0,0.1816384643316269
evaluation-37696-tar-000,1,0.1311107724905014
evaluation-37696-non-000,0,0.06772779673337936
evaluation-3770-tar-000,1,0.34691980481147766
evaluation-3770-non-000,0,0.3043924570083618
evaluation-37740-tar-000,1,0.20989564061164856
evaluation-37740-non-000,0,0.14214211702346802
evaluation-3778-tar-000,1,0.1279546171426773
evaluation-3778-non-000,0,-0.022699806839227676
evaluation-37844-tar-000,1,0.1253032684326172
evaluation-37844-non-000,0,-0.10414345562458038
evaluation-37921-tar-000,1,0.007593665271997452
evaluation-37921-non-000,0,-0.07310923933982849
evaluation-37932-tar-000,1,0.31846803426742554
evaluation-37932-non-000,0,0.23410934209823608
evaluation-37946-tar-000,1,0.1568901687860489
evaluation-37946-non-000,0,0.015837036073207855
evaluation-37965-tar-000,1,0.13262876868247986
evaluation-37965-non-000,0,-0.06845660507678986
evaluation-37971-tar-000,1,-0.11125659942626953
evaluation-37971-non-000,0,-0.007313540205359459
evaluation-3805-tar-000,1,0.04947558045387268
evaluation-3805-non-000,0,-0.27971088886260986
evaluation-38056-tar-000,1,0.019397081807255745
evaluation-38056-non-000,0,0.027126679196953773
evaluation-38083-tar-000,1,-0.18613797426223755
evaluation-38083-non-000,0,-0.059380900114774704
evaluation-3813-tar-000,1,0.11560149490833282
evaluation-3813-non-000,0,0.16618110239505768
evaluation-38157-tar-000,1,0.04858051985502243
evaluation-38157-non-000,0,0.09234341979026794
evaluation-38166-tar-000,1,0.029888346791267395
evaluation-38166-non-000,0,0.004029940813779831
evaluation-38196-tar-000,1,0.18029706180095673
evaluation-38196-non-000,0,-0.10365504026412964
evaluation-3827-tar-000,1,0.18928232789039612
evaluation-3827-non-000,0,-0.10493975877761841
evaluation-38388-tar-000,1,0.11049920320510864
evaluation-38388-non-000,0,0.06795985251665115
evaluation-3839-tar-000,1,0.2719433903694153
evaluation-3839-non-000,0,0.1435352861881256
evaluation-3840-tar-000,1,0.2030286341905594
evaluation-3840-non-000,0,0.19207486510276794
evaluation-38657-tar-000,1,-0.13986307382583618
evaluation-38657-non-000,0,-0.15437398850917816
evaluation-38792-tar-000,1,0.07251352071762085
evaluation-38792-non-000,0,0.029888208955526352
evaluation-3888-tar-000,1,0.23130464553833008
evaluation-3888-non-000,0,0.1670251488685608
evaluation-3892-tar-000,1,0.22579558193683624
evaluation-3892-non-000,0,0.1885358691215515
evaluation-3901-tar-000,1,0.1015753448009491
evaluation-3901-non-000,0,-0.10924215614795685
evaluation-39025-tar-000,1,-0.009380828589200974
evaluation-39025-non-000,0,-0.05160292983055115
evaluation-39031-tar-000,1,0.19980698823928833
evaluation-39031-non-000,0,0.050484344363212585
evaluation-3911-tar-000,1,0.2529096007347107
evaluation-3911-non-000,0,0.12563976645469666
evaluation-39163-tar-000,1,0.08390775322914124
evaluation-39163-non-000,0,0.03059764951467514
evaluation-39201-tar-000,1,-0.05090606212615967
evaluation-39201-non-000,0,-0.06477320194244385
evaluation-3921-tar-000,1,0.17197979986667633
evaluation-3921-non-000,0,0.04712530970573425
evaluation-3926-tar-000,1,0.22971823811531067
evaluation-3926-non-000,0,0.16734415292739868
evaluation-3928-tar-000,1,0.006520558148622513
evaluation-3928-non-000,0,0.07691645622253418
evaluation-3931-tar-000,1,0.013725826516747475
evaluation-3931-non-000,0,0.11819703876972198
evaluation-3939-tar-000,1,0.16412293910980225
evaluation-3939-non-000,0,-0.05995683744549751
evaluation-39421-tar-000,1,0.1304834485054016
evaluation-39421-non-000,0,0.028651319444179535
evaluation-3954-tar-000,1,0.21650740504264832
evaluation-3954-non-000,0,0.04842568188905716
evaluation-39720-tar-000,1,0.08269897103309631
evaluation-39720-non-000,0,-0.07863070070743561
evaluation-39756-tar-000,1,0.08928236365318298
evaluation-39756-non-000,0,0.09846899658441544
evaluation-39877-tar-000,1,0.06431172043085098
evaluation-39877-non-000,0,0.03839670866727829
evaluation-3989-tar-000,1,-0.1530054360628128
evaluation-3989-non-000,0,-0.04479198902845383
evaluation-40025-tar-000,1,0.30003076791763306
evaluation-40025-non-000,0,0.005582733079791069
evaluation-4004-tar-000,1,0.03275996074080467
evaluation-4004-non-000,0,-0.12907391786575317
evaluation-40064-tar-000,1,0.4319888949394226
evaluation-40064-non-000,0,0.3586420714855194
evaluation-40075-tar-000,1,-0.31854748725891113
evaluation-40075-non-000,0,-0.16496539115905762
evaluation-4013-tar-000,1,0.24378758668899536
evaluation-4013-non-000,0,0.2542676627635956
evaluation-40173-tar-000,1,-0.05123277008533478
evaluation-40173-non-000,0,-0.26389381289482117
evaluation-40311-tar-000,1,0.11760058254003525
evaluation-40311-non-000,0,-0.059458035975694656
evaluation-4044-tar-000,1,0.13828593492507935
evaluation-4044-non-000,0,0.0022833850234746933
evaluation-40525-tar-000,1,0.19359615445137024
evaluation-40525-non-000,0,0.005011033266782761
evaluation-40577-tar-000,1,0.12931162118911743
evaluation-40577-non-000,0,0.020394058898091316
evaluation-40588-tar-000,1,0.04739224910736084
evaluation-40588-non-000,0,0.02321757562458515
evaluation-40676-tar-000,1,0.0869491919875145
evaluation-40676-non-000,0,0.07327879965305328
evaluation-4068-tar-000,1,0.14965158700942993
evaluation-4068-non-000,0,0.13101604580879211
evaluation-4077-tar-000,1,0.20346765220165253
evaluation-4077-non-000,0,0.012623446062207222
evaluation-40772-tar-000,1,0.11742311716079712
evaluation-40772-non-000,0,0.0888681709766388
evaluation-40929-tar-000,1,0.03069443069398403
evaluation-40929-non-000,0,-0.06005360186100006
evaluation-41000-tar-000,1,0.2442941814661026
evaluation-41000-non-000,0,0.2756372094154358
evaluation-41025-tar-000,1,-0.17889396846294403
evaluation-41025-non-000,0,-0.25410133600234985
evaluation-4123-tar-000,1,0.3950555920600891
evaluation-4123-non-000,0,0.3610683083534241
evaluation-41278-tar-000,1,0.18898916244506836
evaluation-41278-non-000,0,0.25077536702156067
evaluation-4134-tar-000,1,0.14041942358016968
evaluation-4134-non-000,0,0.09652906656265259
evaluation-41357-tar-000,1,0.07505165040493011
evaluation-41357-non-000,0,-0.00741732120513916
evaluation-41390-tar-000,1,0.18153366446495056
evaluation-41390-non-000,0,0.1547354757785797
evaluation-41404-tar-000,1,0.0985279530286789
evaluation-41404-non-000,0,0.13808438181877136
evaluation-41492-tar-000,1,0.2946332097053528
evaluation-41492-non-000,0,0.08793676644563675
evaluation-41536-tar-000,1,0.40693604946136475
evaluation-41536-non-000,0,0.3072341978549957
evaluation-41706-tar-000,1,0.2504948377609253
evaluation-41706-non-000,0,0.22495681047439575
evaluation-41750-tar-000,1,0.23441340029239655
evaluation-41750-non-000,0,0.11406424641609192
evaluation-41755-tar-000,1,0.19206611812114716
evaluation-41755-non-000,0,0.13749679923057556
evaluation-41854-tar-000,1,-0.07050967961549759
evaluation-41854-non-000,0,-0.06455343216657639
evaluation-41945-tar-000,1,-0.022027118131518364
evaluation-41945-non-000,0,-0.10262545198202133
evaluation-41994-tar-000,1,0.10806842893362045
evaluation-41994-non-000,0,0.18352030217647552
evaluation-4202-tar-000,1,0.1979389488697052
evaluation-4202-non-000,0,0.0015607699751853943
evaluation-42025-tar-000,1,0.239167720079422
evaluation-42025-non-000,0,0.21839496493339539
evaluation-4204-tar-000,1,0.026622794568538666
evaluation-4204-non-000,0,-0.0387800857424736
evaluation-42173-tar-000,1,0.15922053158283234
evaluation-42173-non-000,0,0.06750725954771042
evaluation-42176-tar-000,1,0.07569487392902374
evaluation-42176-non-000,0,-0.04969116672873497
evaluation-42209-tar-000,1,0.11107035726308823
evaluation-42209-non-000,0,0.03097275085747242
evaluation-42250-tar-000,1,0.010235251858830452
evaluation-42250-non-000,0,-0.034290529787540436
evaluation-4240-tar-000,1,0.08477778732776642
evaluation-4240-non-000,0,-0.009577969089150429
evaluation-42401-tar-000,1,0.07876609265804291
evaluation-42401-non-000,0,0.08947152644395828
evaluation-4246-tar-000,1,0.18405833840370178
evaluation-4246-non-000,0,0.05777863413095474
evaluation-42505-tar-000,1,0.22884230315685272
evaluation-42505-non-000,0,0.3211752474308014
evaluation-4251-tar-000,1,0.14628902077674866
evaluation-4251-non-000,0,0.10502707958221436
evaluation-42546-tar-000,1,0.06018354743719101
evaluation-42546-non-000,0,0.06687717139720917
evaluation-42648-tar-000,1,0.1255398392677307
evaluation-42648-non-000,0,-0.05814558267593384
evaluation-42681-tar-000,1,0.14286856353282928
evaluation-42681-non-000,0,0.010372444987297058
evaluation-42717-tar-000,1,0.2856966257095337
evaluation-42717-non-000,0,0.19939808547496796
evaluation-42728-tar-000,1,0.527487576007843
evaluation-42728-non-000,0,0.32550233602523804
evaluation-42744-tar-000,1,0.012645712122321129
evaluation-42744-non-000,0,-0.12504763901233673
evaluation-42772-tar-000,1,0.009886130690574646
evaluation-42772-non-000,0,0.0006631501019001007
evaluation-4288-tar-000,1,0.28840839862823486
evaluation-4288-non-000,0,0.14217013120651245
evaluation-42904-tar-000,1,-0.06499343365430832
evaluation-42904-non-000,0,-0.13499434292316437
evaluation-4295-tar-000,1,0.18998253345489502
evaluation-4295-non-000,0,0.10247611999511719
evaluation-43042-tar-000,1,0.1856027990579605
evaluation-43042-non-000,0,0.04627130553126335
evaluation-43063-tar-000,1,0.14937768876552582
evaluation-43063-non-000,0,0.028264980763196945
evaluation-4308-tar-000,1,0.16327641904354095
evaluation-4308-non-000,0,-0.00924905575811863
evaluation-4315-tar-000,1,0.11012813448905945
evaluation-4315-non-000,0,0.1057797223329544
evaluation-43184-tar-000,1,-0.014855647459626198
evaluation-43184-non-000,0,0.026314586400985718
evaluation-43225-tar-000,1,0.11474577337503433
evaluation-43225-non-000,0,0.035875335335731506
evaluation-43269-tar-000,1,0.09926760196685791
evaluation-43269-non-000,0,0.07687222957611084
evaluation-43288-tar-000,1,0.2133895456790924
evaluation-43288-non-000,0,0.03647090494632721
evaluation-4341-tar-000,1,0.05941411107778549
evaluation-4341-non-000,0,-0.09568464756011963
evaluation-43483-tar-000,1,0.429500937461853
evaluation-43483-non-000,0,0.25372353196144104
evaluation-43604-tar-000,1,0.45403143763542175
evaluation-43604-non-000,0,0.2542456090450287
evaluation-43675-tar-000,1,-0.10483643412590027
evaluation-43675-non-000,0,-0.25854629278182983
evaluation-4368-tar-000,1,0.10881897807121277
evaluation-4368-non-000,0,-0.0221220925450325
evaluation-43744-tar-000,1,0.1692357361316681
evaluation-43744-non-000,0,0.028686638921499252
evaluation-43818-tar-000,1,-0.09648767113685608
evaluation-43818-non-000,0,-0.07456313818693161
evaluation-43865-tar-000,1,0.087777279317379
evaluation-43865-non-000,0,0.03054220601916313
evaluation-43958-tar-000,1,-0.09122732281684875
evaluation-43958-non-000,0,-0.2283814251422882
evaluation-44085-tar-000,1,0.13035227358341217
evaluation-44085-non-000,0,-0.09908808767795563
evaluation-44175-tar-000,1,0.08206672966480255
evaluation-44175-non-000,0,-0.009557396173477173
evaluation-44285-tar-000,1,0.13743236660957336
evaluation-44285-non-000,0,0.07540670782327652
evaluation-44392-tar-000,1,0.18222743272781372
evaluation-44392-non-000,0,0.001196589320898056
evaluation-4440-tar-000,1,0.21166114509105682
evaluation-4440-non-000,0,0.029292859137058258
evaluation-44406-tar-000,1,0.004512461833655834
evaluation-44406-non-000,0,-0.0934305489063263
evaluation-4442-tar-000,1,0.13380515575408936
evaluation-4442-non-000,0,0.0020172540098428726
evaluation-4468-tar-000,1,0.17706230282783508
evaluation-4468-non-000,0,0.07570473849773407
evaluation-44683-tar-000,1,0.1295480877161026
evaluation-44683-non-000,0,0.06787949800491333
evaluation-44727-tar-000,1,0.2988024055957794
evaluation-44727-non-000,0,-0.10354474186897278
evaluation-4477-tar-000,1,0.3291838765144348
evaluation-4477-non-000,0,0.11334383487701416
evaluation-44829-tar-000,1,0.03560680150985718
evaluation-44829-non-000,0,-0.06406767666339874
evaluation-4506-tar-000,1,0.01268346980214119
evaluation-4506-non-000,0,0.0504683293402195
evaluation-45084-tar-000,1,0.17553377151489258
evaluation-45084-non-000,0,0.05251948535442352
evaluation-45213-tar-000,1,-0.1619916409254074
evaluation-45213-non-000,0,-0.1553719937801361
evaluation-45252-tar-000,1,0.045628197491168976
evaluation-45252-non-000,0,-0.08251918107271194
evaluation-4529-tar-000,1,0.29698777198791504
evaluation-4529-non-000,0,0.1459178924560547
evaluation-45538-tar-000,1,-0.09817859530448914
evaluation-45538-non-000,0,-0.10713667422533035
evaluation-45617-tar-000,1,0.2692418694496155
evaluation-45617-non-000,0,0.2850881516933441
evaluation-45658-tar-000,1,0.1605687290430069
evaluation-45658-non-000,0,0.09949879348278046
evaluation-45744-tar-000,1,0.1666238158941269
evaluation-45744-non-000,0,0.037723641842603683
evaluation-45749-tar-000,1,-0.023894473910331726
evaluation-45749-non-000,0,-0.011224486865103245
evaluation-45793-tar-000,1,0.01913723722100258
evaluation-45793-non-000,0,-0.0216630008071661
evaluation-4581-tar-000,1,0.21250316500663757
evaluation-4581-non-000,0,0.02923326939344406
evaluation-45834-tar-000,1,0.1802818775177002
evaluation-45834-non-000,0,-0.024877935647964478
evaluation-45870-tar-000,1,0.05657334625720978
evaluation-45870-non-000,0,-0.0007057078182697296
evaluation-4591-tar-000,1,0.015624796971678734
evaluation-4591-non-000,0,-0.0874943733215332
evaluation-45985-tar-000,1,0.030554451048374176
evaluation-45985-non-000,0,0.07581045478582382
evaluation-46029-tar-000,1,0.12444033473730087
evaluation-46029-non-000,0,0.2670743465423584
evaluation-4603-tar-000,1,0.15030454099178314
evaluation-4603-non-000,0,0.1611853539943695
evaluation-4612-tar-000,1,0.15371906757354736
evaluation-4612-non-000,0,0.044977378100156784
evaluation-4619-tar-000,1,0.06220623105764389
evaluation-4619-non-000,0,0.07865747064352036
evaluation-46202-tar-000,1,0.12099412083625793
evaluation-46202-non-000,0,-0.037878237664699554
evaluation-46241-tar-000,1,-0.0013296864926815033
evaluation-46241-non-000,0,0.028430724516510963
evaluation-46298-tar-000,1,-0.02345779910683632
evaluation-46298-non-000,0,0.030985882505774498
evaluation-46466-tar-000,1,-0.09168265759944916
evaluation-46466-non-000,0,-0.12605129182338715
evaluation-4649-tar-000,1,0.4447956085205078
evaluation-4649-non-000,0,0.3579365611076355
evaluation-4664-tar-000,1,0.34766823053359985
evaluation-4664-non-000,0,0.19069162011146545
evaluation-46955-tar-000,1,-0.11400450021028519
evaluation-46955-non-000,0,-0.29958099126815796
evaluation-4709-tar-000,1,0.10838793218135834
evaluation-4709-non-000,0,-0.053604207932949066
evaluation-4710-tar-000,1,0.0830318033695221
evaluation-4710-non-000,0,-0.05670024827122688
evaluation-47139-tar-000,1,-0.01847623474895954
evaluation-47139-non-000,0,-0.015117671340703964
evaluation-47142-tar-000,1,0.043813519179821014
evaluation-47142-non-000,0,0.02050217241048813
evaluation-47169-tar-000,1,-0.0020133089274168015
evaluation-47169-non-000,0,0.007715828716754913
evaluation-47238-tar-000,1,0.1790657639503479
evaluation-47238-non-000,0,-0.1254763901233673
evaluation-4728-tar-000,1,0.003065934404730797
evaluation-4728-non-000,0,-0.08402606844902039
evaluation-47342-tar-000,1,-0.0002729026600718498
evaluation-47342-non-000,0,-0.008785951882600784
evaluation-47504-tar-000,1,0.1462416648864746
evaluation-47504-non-000,0,-0.09395581483840942
evaluation-4763-tar-000,1,0.18938452005386353
evaluation-4763-non-000,0,0.18765002489089966
evaluation-47650-tar-000,1,0.1545446813106537
evaluation-47650-non-000,0,-0.04956847429275513
evaluation-47658-tar-000,1,0.25231266021728516
evaluation-47658-non-000,0,0.20257563889026642
evaluation-4773-tar-000,1,0.6951227784156799
evaluation-4773-non-000,0,0.6069951057434082
evaluation-4774-tar-000,1,0.13905483484268188
evaluation-4774-non-000,0,0.0490642786026001
evaluation-47913-tar-000,1,0.049416434019804
evaluation-47913-non-000,0,-0.00401123333722353
evaluation-47998-tar-000,1,0.3271923065185547
evaluation-47998-non-000,0,0.17369124293327332
evaluation-4800-tar-000,1,0.2014206349849701
evaluation-4800-non-000,0,0.17387551069259644
evaluation-48095-tar-000,1,-0.03499303013086319
evaluation-48095-non-000,0,-0.1542121022939682
evaluation-48193-tar-000,1,0.3060441017150879
evaluation-48193-non-000,0,-0.030333934351801872
evaluation-4821-tar-000,1,0.19864150881767273
evaluation-4821-non-000,0,0.30593347549438477
evaluation-48232-tar-000,1,0.3241831362247467
evaluation-48232-non-000,0,0.2486601620912552
evaluation-48262-tar-000,1,-0.0418325811624527
evaluation-48262-non-000,0,-0.07874202728271484
evaluation-48388-tar-000,1,0.354887455701828
evaluation-48388-non-000,0,0.13395622372627258
evaluation-4841-tar-000,1,0.07216672599315643
evaluation-4841-non-000,0,-0.05187302827835083
evaluation-4842-tar-000,1,0.2620987594127655
evaluation-4842-non-000,0,0.3913382291793823
evaluation-48443-tar-000,1,0.2878735661506653
evaluation-48443-non-000,0,0.21660304069519043
evaluation-48454-tar-000,1,0.1279209703207016
evaluation-48454-non-000,0,0.108880415558815
evaluation-48575-tar-000,1,-0.17234769463539124
evaluation-48575-non-000,0,-0.3020477592945099
evaluation-48578-tar-000,1,0.1409924030303955
evaluation-48578-non-000,0,0.05608829855918884
evaluation-4867-tar-000,1,0.02209106832742691
evaluation-4867-non-000,0,-0.12031516432762146
evaluation-48726-tar-000,1,0.2201555073261261
evaluation-48726-non-000,0,0.1416226476430893
evaluation-48759-tar-000,1,0.13028784096240997
evaluation-48759-non-000,0,0.010159920901060104
evaluation-48787-tar-000,1,0.16004271805286407
evaluation-48787-non-000,0,-0.051340218633413315
evaluation-48833-tar-000,1,0.03604108840227127
evaluation-48833-non-000,0,-0.05029740557074547
evaluation-48905-tar-000,1,0.05329218506813049
evaluation-48905-non-000,0,0.06447309255599976
evaluation-4891-tar-000,1,0.0773998573422432
evaluation-4891-non-000,0,0.015079520642757416
evaluation-4894-tar-000,1,0.06656301766633987
evaluation-4894-non-000,0,0.0852179080247879
evaluation-48952-tar-000,1,0.21761947870254517
evaluation-48952-non-000,0,0.18655207753181458
evaluation-49004-tar-000,1,0.03280152380466461
evaluation-49004-non-000,0,0.00246395543217659
evaluation-49037-tar-000,1,0.022716529667377472
evaluation-49037-non-000,0,-0.19734984636306763
evaluation-49045-tar-000,1,0.24575386941432953
evaluation-49045-non-000,0,0.1298443078994751
evaluation-49097-tar-000,1,0.028961582109332085
evaluation-49097-non-000,0,-0.04316600784659386
evaluation-49116-tar-000,1,-0.06492568552494049
evaluation-49116-non-000,0,-0.18673349916934967
evaluation-49196-tar-000,1,0.06527245789766312
evaluation-49196-non-000,0,-0.0725124329328537
evaluation-49207-tar-000,1,-0.030213583260774612
evaluation-49207-non-000,0,-0.0028232447803020477
evaluation-4921-tar-000,1,0.06135128438472748
evaluation-4921-non-000,0,0.04842013120651245
evaluation-49215-tar-000,1,0.21568605303764343
evaluation-49215-non-000,0,0.1548491269350052
evaluation-4934-tar-000,1,0.02101130411028862
evaluation-4934-non-000,0,0.03784007579088211
evaluation-49446-tar-000,1,-0.11049409955739975
evaluation-49446-non-000,0,-0.16762769222259521
evaluation-49476-tar-000,1,0.10217822343111038
evaluation-49476-non-000,0,0.022942140698432922
evaluation-49484-tar-000,1,0.18078020215034485
evaluation-49484-non-000,0,0.10795193910598755
evaluation-49520-tar-000,1,0.3400464653968811
evaluation-49520-non-000,0,0.11111508309841156
evaluation-49539-tar-000,1,0.3753230571746826
evaluation-49539-non-000,0,0.27140435576438904
evaluation-4958-tar-000,1,0.0863892063498497
evaluation-4958-non-000,0,0.041851457208395004
evaluation-4961-tar-000,1,0.25580790638923645
evaluation-4961-non-000,0,0.1263764500617981
evaluation-49677-tar-000,1,0.12853360176086426
evaluation-49677-non-000,0,-0.08916924893856049
evaluation-49792-tar-000,1,0.17055170238018036
evaluation-49792-non-000,0,0.023682894185185432
evaluation-49808-tar-000,1,0.2619549036026001
evaluation-49808-non-000,0,0.12231329828500748
evaluation-49872-tar-000,1,-0.24466080963611603
evaluation-49872-non-000,0,-0.1427796632051468
evaluation-50056-tar-000,1,0.16824622452259064
evaluation-50056-non-000,0,-0.00602702796459198
evaluation-5008-tar-000,1,0.09781258553266525
evaluation-5008-non-000,0,0.007857486605644226
evaluation-5010-tar-000,1,0.1536380797624588
evaluation-5010-non-000,0,-0.052639205008745193
evaluation-50138-tar-000,1,0.2548695206642151
evaluation-50138-non-000,0,0.028703564777970314
evaluation-5018-tar-000,1,0.09813255816698074
evaluation-5018-non-000,0,0.08355747908353806
evaluation-5021-tar-000,1,0.31658804416656494
evaluation-5021-non-000,0,0.2969280183315277
evaluation-5024-tar-000,1,0.16268157958984375
evaluation-5024-non-000,0,-0.14882898330688477
evaluation-50374-tar-000,1,-0.10081161558628082
evaluation-50374-non-000,0,-0.1229027658700943
evaluation-5042-tar-000,1,0.12277506291866302
evaluation-5042-non-000,0,0.04668230935931206
evaluation-50440-tar-000,1,0.12396599352359772
evaluation-50440-non-000,0,0.05483916029334068
evaluation-50490-tar-000,1,0.02832546830177307
evaluation-50490-non-000,0,-0.06506867706775665
evaluation-50591-tar-000,1,0.12233841419219971
evaluation-50591-non-000,0,0.028178943321108818
evaluation-50608-tar-000,1,0.3386293351650238
evaluation-50608-non-000,0,0.1398228108882904
evaluation-50613-tar-000,1,-0.002088521607220173
evaluation-50613-non-000,0,-0.03480168431997299
evaluation-50643-tar-000,1,0.3272366523742676
evaluation-50643-non-000,0,0.1371687948703766
evaluation-50652-tar-000,1,0.027644172310829163
evaluation-50652-non-000,0,-0.010117851197719574
evaluation-50676-tar-000,1,0.1036829873919487
evaluation-50676-non-000,0,0.12683697044849396
evaluation-50679-tar-000,1,-0.015821382403373718
evaluation-50679-non-000,0,-0.03874765336513519
evaluation-50723-tar-000,1,0.18710701167583466
evaluation-50723-non-000,0,0.0009634196758270264
evaluation-50786-tar-000,1,0.09241105616092682
evaluation-50786-non-000,0,0.15363344550132751
evaluation-51050-tar-000,1,0.30775511264801025
evaluation-51050-non-000,0,0.32424312829971313
evaluation-51080-tar-000,1,0.05648954212665558
evaluation-51080-non-000,0,-0.09377864748239517
evaluation-51099-tar-000,1,-0.02029343694448471
evaluation-51099-non-000,0,-0.018007388338446617
evaluation-5135-tar-000,1,-0.04347820580005646
evaluation-5135-non-000,0,-0.12918393313884735
evaluation-51399-tar-000,1,-0.09358121454715729
evaluation-51399-non-000,0,-0.07837200164794922
evaluation-51459-tar-000,1,-0.1463899314403534
evaluation-51459-non-000,0,-0.03079710155725479
evaluation-5148-tar-000,1,0.38032829761505127
evaluation-5148-non-000,0,0.2516006827354431
evaluation-5149-tar-000,1,0.021293187513947487
evaluation-5149-non-000,0,-0.012262582778930664
evaluation-51506-tar-000,1,0.1132558286190033
evaluation-51506-non-000,0,0.1280726194381714
evaluation-51525-tar-000,1,0.38999998569488525
evaluation-51525-non-000,0,0.026106785982847214
evaluation-5153-tar-000,1,0.11772385239601135
evaluation-5153-non-000,0,0.048876456916332245
evaluation-51531-tar-000,1,0.0839402824640274
evaluation-51531-non-000,0,0.1420726627111435
evaluation-51544-tar-000,1,0.22678029537200928
evaluation-51544-non-000,0,0.04019210487604141
evaluation-51624-tar-000,1,0.08856162428855896
evaluation-51624-non-000,0,0.009753063321113586
evaluation-51629-tar-000,1,0.1557905226945877
evaluation-51629-non-000,0,0.04342128336429596
evaluation-5167-tar-000,1,0.06363528966903687
evaluation-5167-non-000,0,0.06415535509586334
evaluation-5171-tar-000,1,-0.1739964634180069
evaluation-5171-non-000,0,-0.3055758476257324
evaluation-51899-tar-000,1,0.1000504195690155
evaluation-51899-non-000,0,0.020551662892103195
evaluation-51940-tar-000,1,0.16520956158638
evaluation-51940-non-000,0,0.18429046869277954
evaluation-51962-tar-000,1,-0.2355360984802246
evaluation-51962-non-000,0,-0.332080602645874
evaluation-5203-tar-000,1,0.09631239622831345
evaluation-5203-non-000,0,0.006220522336661816
evaluation-5215-tar-000,1,0.06701798737049103
evaluation-5215-non-000,0,0.011469766497612
evaluation-52213-tar-000,1,0.09992854297161102
evaluation-52213-non-000,0,0.11093291640281677
evaluation-5225-tar-000,1,0.1319822371006012
evaluation-5225-non-000,0,0.03793542832136154
evaluation-52371-tar-000,1,-0.004261281341314316
evaluation-52371-non-000,0,-0.09094648063182831
evaluation-52374-tar-000,1,-0.002360370010137558
evaluation-52374-non-000,0,0.11620645970106125
evaluation-5246-tar-000,1,0.11860517412424088
evaluation-5246-non-000,0,-0.0023451223969459534
evaluation-52486-tar-000,1,-0.020353948697447777
evaluation-52486-non-000,0,-0.15673008561134338
evaluation-5253-tar-000,1,0.492538183927536
evaluation-5253-non-000,0,0.19437749683856964
evaluation-52530-tar-000,1,0.04173573851585388
evaluation-52530-non-000,0,-0.0023667048662900925
evaluation-5256-tar-000,1,0.22538691759109497
evaluation-5256-non-000,0,0.15957440435886383
evaluation-5261-tar-000,1,0.25382938981056213
evaluation-5261-non-000,0,-0.067302405834198
evaluation-52651-tar-000,1,0.3171626925468445
evaluation-52651-non-000,0,0.0744500607252121
evaluation-52709-tar-000,1,0.14950066804885864
evaluation-52709-non-000,0,0.11653680354356766
evaluation-5289-tar-000,1,0.3560006022453308
evaluation-5289-non-000,0,0.24097055196762085
evaluation-52912-tar-000,1,0.15814295411109924
evaluation-52912-non-000,0,0.14175021648406982
evaluation-52929-tar-000,1,-0.20106090605258942
evaluation-52929-non-000,0,-0.0916069895029068
evaluation-5309-tar-000,1,0.4637458026409149
evaluation-5309-non-000,0,0.47739002108573914
evaluation-53170-tar-000,1,0.04965751990675926
evaluation-53170-non-000,0,-0.08116184175014496
evaluation-5322-tar-000,1,0.1680954098701477
evaluation-5322-non-000,0,-0.02618177980184555
evaluation-5325-tar-000,1,-0.0422012135386467
evaluation-5325-non-000,0,-0.1816415786743164
evaluation-53266-tar-000,1,0.2184734344482422
evaluation-53266-non-000,0,0.20487858355045319
evaluation-53269-tar-000,1,0.09921442717313766
evaluation-53269-non-000,0,-0.013384416699409485
evaluation-53272-tar-000,1,0.012284807860851288
evaluation-53272-non-000,0,-0.042741067707538605
evaluation-5334-tar-000,1,0.057586487382650375
evaluation-5334-non-000,0,-0.013924984261393547
evaluation-53354-tar-000,1,-0.05829250440001488
evaluation-53354-non-000,0,-0.022921347990632057
evaluation-5336-tar-000,1,0.17612096667289734
evaluation-5336-non-000,0,-0.03798523545265198
evaluation-5339-tar-000,1,0.1840110421180725
evaluation-5339-non-000,0,0.1416224092245102
evaluation-53390-tar-000,1,0.31582513451576233
evaluation-53390-non-000,0,0.34874090552330017
evaluation-53434-tar-000,1,0.16142290830612183
evaluation-53434-non-000,0,-0.019430559128522873
evaluation-53544-tar-000,1,0.28970426321029663
evaluation-53544-non-000,0,0.1363842785358429
evaluation-53588-tar-000,1,-0.03213579207658768
evaluation-53588-non-000,0,0.14058899879455566
evaluation-53755-tar-000,1,0.09437732398509979
evaluation-53755-non-000,0,0.07818139344453812
evaluation-53972-tar-000,1,0.03122590482234955
evaluation-53972-non-000,0,-0.08236189186573029
evaluation-5399-tar-000,1,0.16536377370357513
evaluation-5399-non-000,0,-0.0372827872633934
evaluation-54035-tar-000,1,0.31960374116897583
evaluation-54035-non-000,0,0.25456294417381287
evaluation-54085-tar-000,1,0.32856717705726624
evaluation-54085-non-000,0,0.20283666253089905
evaluation-5413-tar-000,1,-0.007834300398826599
evaluation-5413-non-000,0,0.015127845108509064
evaluation-54197-tar-000,1,-0.0791957750916481
evaluation-54197-non-000,0,-0.19333666563034058
evaluation-54250-tar-000,1,0.2736924886703491
evaluation-54250-non-000,0,0.29704761505126953
evaluation-54261-tar-000,1,0.18292516469955444
evaluation-54261-non-000,0,-0.10512542724609375
evaluation-5437-tar-000,1,-0.06858403980731964
evaluation-5437-non-000,0,-0.022043876349925995
evaluation-54376-tar-000,1,0.19089871644973755
evaluation-54376-non-000,0,0.053223174065351486
evaluation-5438-tar-000,1,0.13429611921310425
evaluation-5438-non-000,0,-0.16481514275074005
evaluation-54568-tar-000,1,0.06428294628858566
evaluation-54568-non-000,0,-0.10828612744808197
evaluation-54596-tar-000,1,-0.18253815174102783
evaluation-54596-non-000,0,-0.21526123583316803
evaluation-54637-tar-000,1,0.31493520736694336
evaluation-54637-non-000,0,0.1468033790588379
evaluation-54725-tar-000,1,0.14818736910820007
evaluation-54725-non-000,0,0.18656359612941742
evaluation-5490-tar-000,1,0.29464614391326904
evaluation-5490-non-000,0,0.06993302702903748
evaluation-55027-tar-000,1,0.23855645954608917
evaluation-55027-non-000,0,0.0954117625951767
evaluation-55052-tar-000,1,0.12878459692001343
evaluation-55052-non-000,0,0.07122916728258133
evaluation-55225-tar-000,1,0.20750416815280914
evaluation-55225-non-000,0,-0.02137771248817444
evaluation-5532-tar-000,1,-0.009508343413472176
evaluation-5532-non-000,0,-0.040175098925828934
evaluation-55354-tar-000,1,0.24384993314743042
evaluation-55354-non-000,0,-0.05606623739004135
evaluation-55362-tar-000,1,0.08591187000274658
evaluation-55362-non-000,0,-0.058505505323410034
evaluation-5542-tar-000,1,0.11948439478874207
evaluation-5542-non-000,0,-0.061785176396369934
evaluation-55488-tar-000,1,0.06555686891078949
evaluation-55488-non-000,0,0.08064007759094238
evaluation-55656-tar-000,1,0.16174989938735962
evaluation-55656-non-000,0,0.09310604631900787
evaluation-55681-tar-000,1,0.1934194564819336
evaluation-55681-non-000,0,-0.05230255797505379
evaluation-55807-tar-000,1,0.17804564535617828
evaluation-55807-non-000,0,0.14816051721572876
evaluation-55810-tar-000,1,0.16932150721549988
evaluation-55810-non-000,0,0.058932263404130936
evaluation-55870-tar-000,1,-0.056409236043691635
evaluation-55870-non-000,0,-0.025484323501586914
evaluation-55928-tar-000,1,-0.1008133590221405
evaluation-55928-non-000,0,-0.01978006213903427
evaluation-5594-tar-000,1,0.08525530993938446
evaluation-5594-non-000,0,-0.0008390452712774277
evaluation-55953-tar-000,1,0.10085653513669968
evaluation-55953-non-000,0,0.1059771329164505
evaluation-55966-tar-000,1,0.05876970291137695
evaluation-55966-non-000,0,-0.014077028259634972
evaluation-5599-tar-000,1,-0.0750805214047432
evaluation-5599-non-000,0,-0.06697121262550354
evaluation-56043-tar-000,1,0.03898123651742935
evaluation-56043-non-000,0,0.08228812366724014
evaluation-5605-tar-000,1,0.12386216223239899
evaluation-5605-non-000,0,0.015379570424556732
evaluation-56073-tar-000,1,-0.026156067848205566
evaluation-56073-non-000,0,0.027690261602401733
evaluation-56098-tar-000,1,0.061043087393045425
evaluation-56098-non-000,0,-0.0036944858729839325
evaluation-56112-tar-000,1,-0.011996127665042877
evaluation-56112-non-000,0,-0.21646176278591156
evaluation-56170-tar-000,1,0.19213545322418213
evaluation-56170-non-000,0,0.20559215545654297
evaluation-56181-tar-000,1,-0.015892209485173225
evaluation-56181-non-000,0,-0.0007188580930233002
evaluation-56293-tar-000,1,0.06429055333137512
evaluation-56293-non-000,0,-0.051943402737379074
evaluation-5631-tar-000,1,0.056144651025533676
evaluation-5631-non-000,0,-0.16064658761024475
evaluation-5645-tar-000,1,0.16233615577220917
evaluation-5645-non-000,0,0.22891098260879517
evaluation-5648-tar-000,1,0.11981625854969025
evaluation-5648-non-000,0,0.13751284778118134
evaluation-5653-tar-000,1,0.41218096017837524
evaluation-5653-non-000,0,0.23129214346408844
evaluation-56568-tar-000,1,0.2701405882835388
evaluation-56568-non-000,0,0.1393471211194992
evaluation-5671-tar-000,1,-0.016673356294631958
evaluation-5671-non-000,0,-0.13767877221107483
evaluation-56722-tar-000,1,-0.003990255296230316
evaluation-56722-non-000,0,0.00574878416955471
evaluation-56771-tar-000,1,-0.1475389450788498
evaluation-56771-non-000,0,-0.17842426896095276
evaluation-56829-tar-000,1,0.14994759857654572
evaluation-56829-non-000,0,-0.04387740045785904
evaluation-56853-tar-000,1,-0.09179692715406418
evaluation-56853-non-000,0,-0.25832509994506836
evaluation-56939-tar-000,1,0.20999178290367126
evaluation-56939-non-000,0,0.20981311798095703
evaluation-5706-tar-000,1,0.029317442327737808
evaluation-5706-non-000,0,-0.12302720546722412
evaluation-57103-tar-000,1,0.10526187717914581
evaluation-57103-non-000,0,0.08630245923995972
evaluation-57208-tar-000,1,0.25164133310317993
evaluation-57208-non-000,0,0.13313467800617218
evaluation-57246-tar-000,1,0.295348584651947
evaluation-57246-non-000,0,0.17184121906757355
evaluation-57263-tar-000,1,0.13366685807704926
evaluation-57263-non-000,0,0.014869872480630875
evaluation-5734-tar-000,1,-0.18223373591899872
evaluation-5734-non-000,0,-0.2697635591030121
evaluation-57364-tar-000,1,0.008328676223754883
evaluation-57364-non-000,0,-0.15966454148292542
evaluation-57384-tar-000,1,0.16746754944324493
evaluation-57384-non-000,0,-0.11010324954986572
evaluation-57413-tar-000,1,0.45373451709747314
evaluation-57413-non-000,0,0.32965409755706787
evaluation-5745-tar-000,1,0.1016395166516304
evaluation-5745-non-000,0,-0.04659569635987282
evaluation-57502-tar-000,1,0.03306558355689049
evaluation-57502-non-000,0,-0.18670710921287537
evaluation-57587-tar-000,1,0.49068599939346313
evaluation-57587-non-000,0,0.42453157901763916
evaluation-5763-tar-000,1,0.19236868619918823
evaluation-5763-non-000,0,0.013534033671021461
evaluation-57661-tar-000,1,0.07302752137184143
evaluation-57661-non-000,0,-0.003922145813703537
evaluation-57710-tar-000,1,0.38609665632247925
evaluation-57710-non-000,0,0.24131794273853302
evaluation-57719-tar-000,1,0.12693552672863007
evaluation-57719-non-000,0,0.03489790856838226
evaluation-5773-tar-000,1,0.03705780208110809
evaluation-5773-non-000,0,0.024043064564466476
evaluation-57944-tar-000,1,0.09546560794115067
evaluation-57944-non-000,0,0.013388030230998993
evaluation-57980-tar-000,1,-0.06397222727537155
evaluation-57980-non-000,0,-0.09430857002735138
evaluation-58059-tar-000,1,-0.1036236435174942
evaluation-58059-non-000,0,-0.05538748949766159
evaluation-58067-tar-000,1,0.057084351778030396
evaluation-58067-non-000,0,-0.02073759213089943
evaluation-58081-tar-000,1,0.46822869777679443
evaluation-58081-non-000,0,0.15906666219234467
evaluation-58087-tar-000,1,-0.05735861510038376
evaluation-58087-non-000,0,-0.08334492146968842
evaluation-58098-tar-000,1,0.12969428300857544
evaluation-58098-non-000,0,0.06614409387111664
evaluation-5814-tar-000,1,-0.06667677313089371
evaluation-5814-non-000,0,-0.10401835292577744
evaluation-58144-tar-000,1,-0.08169102668762207
evaluation-58144-non-000,0,-0.2107124626636505
evaluation-5832-tar-000,1,-0.02636016346514225
evaluation-5832-non-000,0,-0.15717196464538574
evaluation-5836-tar-000,1,0.2719460725784302
evaluation-5836-non-000,0,0.09011571854352951
evaluation-5841-tar-000,1,0.017801407724618912
evaluation-5841-non-000,0,0.013444628566503525
evaluation-58430-tar-000,1,0.11517961323261261
evaluation-58430-non-000,0,0.013826161623001099
evaluation-58587-tar-000,1,0.08209874480962753
evaluation-58587-non-000,0,0.07147075235843658
evaluation-5861-tar-000,1,0.14580203592777252
evaluation-5861-non-000,0,0.07582177221775055
evaluation-5868-tar-000,1,0.32023313641548157
evaluation-5868-non-000,0,0.12823311984539032
evaluation-58694-tar-000,1,-0.02906440570950508
evaluation-58694-non-000,0,-0.08417010307312012
evaluation-58724-tar-000,1,0.2645888924598694
evaluation-58724-non-000,0,0.20682393014431
evaluation-58771-tar-000,1,0.029376130551099777
evaluation-58771-non-000,0,0.06230776757001877
evaluation-5884-tar-000,1,0.21140700578689575
evaluation-5884-non-000,0,0.09891051799058914
evaluation-58968-tar-000,1,0.23904258012771606
evaluation-58968-non-000,0,0.2172732651233673
evaluation-5900-tar-000,1,0.06215825304389
evaluation-5900-non-000,0,0.07290993630886078
evaluation-59029-tar-000,1,0.23610593378543854
evaluation-59029-non-000,0,0.09337335079908371
evaluation-59235-tar-000,1,0.2369941771030426
evaluation-59235-non-000,0,0.09731370210647583
evaluation-59284-tar-000,1,0.2567490339279175
evaluation-59284-non-000,0,-0.02153089828789234
evaluation-59443-tar-000,1,0.17929016053676605
evaluation-59443-non-000,0,0.12875717878341675
evaluation-5946-tar-000,1,-0.00991678237915039
evaluation-5946-non-000,0,-0.00485827773809433
evaluation-5949-tar-000,1,0.18445023894309998
evaluation-5949-non-000,0,0.09136279672384262
evaluation-59496-tar-000,1,0.012672819197177887
evaluation-59496-non-000,0,-0.16370877623558044
evaluation-59564-tar-000,1,0.3943617343902588
evaluation-59564-non-000,0,0.14729340374469757
evaluation-59663-tar-000,1,0.2895658016204834
evaluation-59663-non-000,0,0.1628420650959015
evaluation-59779-tar-000,1,0.15019360184669495
evaluation-59779-non-000,0,-0.007287895306944847
evaluation-59820-tar-000,1,-0.020483914762735367
evaluation-59820-non-000,0,-0.028288889676332474
evaluation-59963-tar-000,1,0.07117996364831924
evaluation-59963-non-000,0,0.08399549126625061
evaluation-59971-tar-000,1,-0.002329666167497635
evaluation-59971-non-000,0,-0.06838145852088928
evaluation-6006-tar-000,1,-0.07296718657016754
evaluation-6006-non-000,0,-0.15879559516906738
evaluation-6010-tar-000,1,0.1932290643453598
evaluation-6010-non-000,0,0.09068793058395386
evaluation-60240-tar-000,1,-0.08469192683696747
evaluation-60240-non-000,0,-0.08866813033819199
evaluation-60627-tar-000,1,0.11105839908123016
evaluation-60627-non-000,0,0.05890471115708351
evaluation-60646-tar-000,1,0.06517916917800903
evaluation-60646-non-000,0,0.0717669352889061
evaluation-60699-tar-000,1,0.2756897807121277
evaluation-60699-non-000,0,0.09546534717082977
evaluation-60748-tar-000,1,0.32736557722091675
evaluation-60748-non-000,0,0.3425511419773102
evaluation-60803-tar-000,1,0.25617629289627075
evaluation-60803-non-000,0,0.12441791594028473
evaluation-6081-tar-000,1,0.17585724592208862
evaluation-6081-non-000,0,0.12792281806468964
evaluation-6086-tar-000,1,-0.07265710830688477
evaluation-6086-non-000,0,-0.16462168097496033
evaluation-6089-tar-000,1,-0.14800143241882324
evaluation-6089-non-000,0,-0.26496124267578125
evaluation-6097-tar-000,1,-0.1382358968257904
evaluation-6097-non-000,0,-0.17028450965881348
evaluation-61015-tar-000,1,0.31861114501953125
evaluation-61015-non-000,0,0.21278566122055054
evaluation-61078-tar-000,1,0.19801408052444458
evaluation-61078-non-000,0,0.16675017774105072
evaluation-6108-tar-000,1,0.3272513747215271
evaluation-6108-non-000,0,0.2130381464958191
evaluation-61119-tar-000,1,0.08275792002677917
evaluation-61119-non-000,0,0.0661141574382782
evaluation-61122-tar-000,1,0.12750427424907684
evaluation-61122-non-000,0,0.008842028677463531
evaluation-61133-tar-000,1,-0.025041773915290833
evaluation-61133-non-000,0,-0.051003988832235336
evaluation-61174-tar-000,1,0.24615204334259033
evaluation-61174-non-000,0,0.10134892165660858
evaluation-61207-tar-000,1,0.012749768793582916
evaluation-61207-non-000,0,0.06032802164554596
evaluation-61292-tar-000,1,0.22580131888389587
evaluation-61292-non-000,0,0.1192944198846817
evaluation-61410-tar-000,1,0.17844228446483612
evaluation-61410-non-000,0,0.130967378616333
evaluation-61421-tar-000,1,0.13567465543746948
evaluation-61421-non-000,0,0.06496924161911011
evaluation-6163-tar-000,1,0.3417871296405792
evaluation-6163-non-000,0,0.27094531059265137
evaluation-61663-tar-000,1,0.13082963228225708
evaluation-61663-non-000,0,0.07415331155061722
evaluation-61712-tar-000,1,0.1744747757911682
evaluation-61712-non-000,0,0.04386461153626442
evaluation-61775-tar-000,1,0.16939374804496765
evaluation-61775-non-000,0,-0.1016218438744545
evaluation-61800-tar-000,1,0.08223320543766022
evaluation-61800-non-000,0,0.0645885318517685
evaluation-6186-tar-000,1,0.19237130880355835
evaluation-6186-non-000,0,0.2140292227268219
evaluation-6194-tar-000,1,-0.044111594557762146
evaluation-6194-non-000,0,-0.013326898217201233
evaluation-61979-tar-000,1,0.25423234701156616
evaluation-61979-non-000,0,0.11560506373643875
evaluation-62012-tar-000,1,0.19777722656726837
evaluation-62012-non-000,0,0.07901473343372345
evaluation-6202-tar-000,1,0.22857363522052765
evaluation-6202-non-000,0,0.12504470348358154
evaluation-62066-tar-000,1,0.05639619752764702
evaluation-62066-non-000,0,-0.08856180310249329
evaluation-62086-tar-000,1,0.01624229922890663
evaluation-62086-non-000,0,-0.06546340137720108
evaluation-6209-tar-000,1,0.026616517454385757
evaluation-6209-non-000,0,0.08503405749797821
evaluation-62138-tar-000,1,0.2846585214138031
evaluation-62138-non-000,0,0.20854230225086212
evaluation-62179-tar-000,1,0.17451775074005127
evaluation-62179-non-000,0,0.16129332780838013
evaluation-62223-tar-000,1,-0.02545478194952011
evaluation-62223-non-000,0,0.07772673666477203
evaluation-62292-tar-000,1,-0.0177837572991848
evaluation-62292-non-000,0,-0.20579738914966583
evaluation-6231-tar-000,1,0.19367429614067078
evaluation-6231-non-000,0,0.26718369126319885
evaluation-62325-tar-000,1,0.0971502959728241
evaluation-62325-non-000,0,-0.05492668226361275
evaluation-62404-tar-000,1,0.19330456852912903
evaluation-62404-non-000,0,0.03249599039554596
evaluation-6246-tar-000,1,0.07370711117982864
evaluation-6246-non-000,0,0.012376412749290466
evaluation-62544-tar-000,1,0.4186813533306122
evaluation-62544-non-000,0,0.17087511718273163
evaluation-6257-tar-000,1,0.06627543270587921
evaluation-6257-non-000,0,0.08233022689819336
evaluation-62572-tar-000,1,-0.029646366834640503
evaluation-62572-non-000,0,-0.0501650907099247
evaluation-62660-tar-000,1,-0.049927931278944016
evaluation-62660-non-000,0,-0.03329100459814072
evaluation-62748-tar-000,1,0.17123357951641083
evaluation-62748-non-000,0,-0.04566558450460434
evaluation-6287-tar-000,1,0.40419358015060425
evaluation-6287-non-000,0,0.10010053217411041
evaluation-6292-tar-000,1,0.12337549030780792
evaluation-6292-non-000,0,0.19315555691719055
evaluation-6296-tar-000,1,0.06905083358287811
evaluation-6296-non-000,0,0.037728164345026016
evaluation-63077-tar-000,1,0.1815236210823059
evaluation-63077-non-000,0,0.1540001630783081
evaluation-6310-tar-000,1,0.011940652504563332
evaluation-6310-non-000,0,0.058817844837903976
evaluation-63132-tar-000,1,-0.10952503979206085
evaluation-63132-non-000,0,-0.005401626229286194
evaluation-63138-tar-000,1,-0.01812092959880829
evaluation-63138-non-000,0,-0.03510643169283867
evaluation-63415-tar-000,1,-0.01871967688202858
evaluation-63415-non-000,0,-0.10879365354776382
evaluation-63478-tar-000,1,0.2308671474456787
evaluation-63478-non-000,0,-0.08416241407394409
evaluation-63536-tar-000,1,0.22499483823776245
evaluation-63536-non-000,0,0.27989137172698975
evaluation-6358-tar-000,1,-0.011345217004418373
evaluation-6358-non-000,0,-0.1360045075416565
evaluation-6359-tar-000,1,0.10049283504486084
evaluation-6359-non-000,0,-0.04895760864019394
evaluation-63627-tar-000,1,0.18454396724700928
evaluation-63627-non-000,0,-0.05625529959797859
evaluation-63629-tar-000,1,0.12330111861228943
evaluation-63629-non-000,0,-0.055227234959602356
evaluation-63714-tar-000,1,0.23547758162021637
evaluation-63714-non-000,0,0.09024391323328018
evaluation-63739-tar-000,1,0.12675267457962036
evaluation-63739-non-000,0,-0.06773530691862106
evaluation-63805-tar-000,1,0.15181654691696167
evaluation-63805-non-000,0,0.0761667937040329
evaluation-63838-tar-000,1,0.12061339616775513
evaluation-63838-non-000,0,0.026548855006694794
evaluation-63852-tar-000,1,-0.24054796993732452
evaluation-63852-non-000,0,-0.18936139345169067
evaluation-63984-tar-000,1,-0.17516037821769714
evaluation-63984-non-000,0,-0.22838205099105835
evaluation-6401-tar-000,1,0.19115199148654938
evaluation-6401-non-000,0,0.11836250126361847
evaluation-64082-tar-000,1,0.0879674106836319
evaluation-64082-non-000,0,0.0904935747385025
evaluation-6410-tar-000,1,0.3345787227153778
evaluation-6410-non-000,0,0.47364139556884766
evaluation-64291-tar-000,1,-0.002284374088048935
evaluation-64291-non-000,0,-0.009248429909348488
evaluation-64354-tar-000,1,0.09098463505506516
evaluation-64354-non-000,0,-0.008918527513742447
evaluation-64431-tar-000,1,-0.08290345221757889
evaluation-64431-non-000,0,-0.015956737101078033
evaluation-64456-tar-000,1,0.2577674984931946
evaluation-64456-non-000,0,0.13145479559898376
evaluation-64489-tar-000,1,0.11916502565145493
evaluation-64489-non-000,0,0.029458804056048393
evaluation-64494-tar-000,1,0.22490113973617554
evaluation-64494-non-000,0,-0.033920370042324066
evaluation-64541-tar-000,1,0.1833939552307129
evaluation-64541-non-000,0,0.06280988454818726
evaluation-64593-tar-000,1,0.2646695673465729
evaluation-64593-non-000,0,0.040839072316884995
evaluation-64626-tar-000,1,-0.026053305715322495
evaluation-64626-non-000,0,0.011897234246134758
evaluation-64747-tar-000,1,0.22025558352470398
evaluation-64747-non-000,0,0.1592397391796112
evaluation-6478-tar-000,1,-0.08109874278306961
evaluation-6478-non-000,0,0.1503945291042328
evaluation-6494-tar-000,1,0.17329707741737366
evaluation-6494-non-000,0,0.058249086141586304
evaluation-64961-tar-000,1,0.036475010216236115
evaluation-64961-non-000,0,0.022181186825037003
evaluation-64967-tar-000,1,0.13886632025241852
evaluation-64967-non-000,0,-0.03338693827390671
evaluation-65079-tar-000,1,0.11582051217556
evaluation-65079-non-000,0,-0.047093767672777176
evaluation-65159-tar-000,1,0.09722378104925156
evaluation-65159-non-000,0,-0.04331213980913162
evaluation-6527-tar-000,1,0.09266192466020584
evaluation-6527-non-000,0,0.004204031080007553
evaluation-65368-tar-000,1,-0.02919825166463852
evaluation-65368-non-000,0,-0.13228213787078857
evaluation-65404-tar-000,1,-0.1337389051914215
evaluation-65404-non-000,0,-0.08492665737867355
evaluation-65423-tar-000,1,0.3055592179298401
evaluation-65423-non-000,0,0.29164084792137146
evaluation-65511-tar-000,1,0.2097471058368683
evaluation-65511-non-000,0,-0.13103877007961273
evaluation-65513-tar-000,1,-0.19866248965263367
evaluation-65513-non-000,0,-0.26382720470428467
evaluation-6552-tar-000,1,-0.06865856051445007
evaluation-6552-non-000,0,-0.13389086723327637
evaluation-65538-tar-000,1,0.13340675830841064
evaluation-65538-non-000,0,0.018139710649847984
evaluation-65541-tar-000,1,0.037797510623931885
evaluation-65541-non-000,0,-0.004768518730998039
evaluation-65761-tar-000,1,0.07606814801692963
evaluation-65761-non-000,0,-0.1419738233089447
evaluation-65807-tar-000,1,0.050763800740242004
evaluation-65807-non-000,0,-0.051422178745269775
evaluation-65868-tar-000,1,-0.2081698477268219
evaluation-65868-non-000,0,-0.15058229863643646
evaluation-65945-tar-000,1,0.11345164477825165
evaluation-65945-non-000,0,0.04915355518460274
evaluation-6595-tar-000,1,0.08320246636867523
evaluation-6595-non-000,0,-0.002122052013874054
evaluation-65986-tar-000,1,-0.03319993242621422
evaluation-65986-non-000,0,-0.07810024917125702
evaluation-66002-tar-000,1,0.16658705472946167
evaluation-66002-non-000,0,-0.022908944636583328
evaluation-66030-tar-000,1,0.15979495644569397
evaluation-66030-non-000,0,0.03598986566066742
evaluation-66230-tar-000,1,0.21310554444789886
evaluation-66230-non-000,0,0.13084827363491058
evaluation-6625-tar-000,1,0.17032752931118011
evaluation-6625-non-000,0,-0.03101004846394062
evaluation-6634-tar-000,1,0.04872497171163559
evaluation-6634-non-000,0,-0.012188263237476349
evaluation-66436-tar-000,1,0.28444138169288635
evaluation-66436-non-000,0,0.037724412977695465
evaluation-66466-tar-000,1,0.09654952585697174
evaluation-66466-non-000,0,0.006402406841516495
evaluation-66508-tar-000,1,0.16371867060661316
evaluation-66508-non-000,0,0.0326705127954483
evaluation-6661-tar-000,1,-0.03198385611176491
evaluation-6661-non-000,0,-0.19895271956920624
evaluation-66749-tar-000,1,0.07429223507642746
evaluation-66749-non-000,0,-0.061206258833408356
evaluation-66782-tar-000,1,-0.005839504301548004
evaluation-66782-non-000,0,0.21405334770679474
evaluation-6682-tar-000,1,-0.06394235044717789
evaluation-6682-non-000,0,-0.0790444016456604
evaluation-66944-tar-000,1,0.03677329421043396
evaluation-66944-non-000,0,0.13199663162231445
evaluation-67057-tar-000,1,0.08357776701450348
evaluation-67057-non-000,0,-0.0016345400363206863
evaluation-67087-tar-000,1,0.1681857854127884
evaluation-67087-non-000,0,0.07239507138729095
evaluation-67137-tar-000,1,0.07560387998819351
evaluation-67137-non-000,0,0.24672093987464905
evaluation-67288-tar-000,1,0.02944406308233738
evaluation-67288-non-000,0,0.11287529021501541
evaluation-6731-tar-000,1,0.2028728574514389
evaluation-6731-non-000,0,0.07132186740636826
evaluation-67370-tar-000,1,0.06636984646320343
evaluation-67370-non-000,0,-0.12689724564552307
evaluation-67488-tar-000,1,0.052541203796863556
evaluation-67488-non-000,0,0.06373456120491028
evaluation-6749-tar-000,1,0.10807420313358307
evaluation-6749-non-000,0,0.029159672558307648
evaluation-67521-tar-000,1,0.07233979552984238
evaluation-67521-non-000,0,0.029798800125718117
evaluation-67529-tar-000,1,0.18304765224456787
evaluation-67529-non-000,0,0.08606839179992676
evaluation-67538-tar-000,1,0.10242119431495667
evaluation-67538-non-000,0,0.06587719917297363
evaluation-67686-tar-000,1,-0.16802293062210083
evaluation-67686-non-000,0,-0.13443289697170258
evaluation-67697-tar-000,1,-0.006727205589413643
evaluation-67697-non-000,0,0.1232331171631813
evaluation-67859-tar-000,1,0.023733168840408325
evaluation-67859-non-000,0,0.06008376181125641
evaluation-6789-tar-000,1,0.1803637444972992
evaluation-6789-non-000,0,0.04280468076467514
evaluation-67991-tar-000,1,0.20288200676441193
evaluation-67991-non-000,0,0.010843425989151001
evaluation-68068-tar-000,1,-0.00034408457577228546
evaluation-68068-non-000,0,-0.04861907288432121
evaluation-68131-tar-000,1,0.22278204560279846
evaluation-68131-non-000,0,0.06554142385721207
evaluation-6818-tar-000,1,0.10292786359786987
evaluation-6818-non-000,0,-0.026287756860256195
evaluation-68227-tar-000,1,0.04502449557185173
evaluation-68227-non-000,0,-0.20209398865699768
evaluation-68268-tar-000,1,0.050106268376111984
evaluation-68268-non-000,0,-0.05179893225431442
evaluation-68334-tar-000,1,0.059429991990327835
evaluation-68334-non-000,0,0.05422407388687134
evaluation-68378-tar-000,1,0.027941139414906502
evaluation-68378-non-000,0,0.0887039303779602
evaluation-68430-tar-000,1,0.016636930406093597
evaluation-68430-non-000,0,0.024034179747104645
evaluation-68785-tar-000,1,0.025070514529943466
evaluation-68785-non-000,0,-0.19972538948059082
evaluation-68886-tar-000,1,0.20680952072143555
evaluation-68886-non-000,0,-0.013316918164491653
evaluation-68908-tar-000,1,-0.017960045486688614
evaluation-68908-non-000,0,-0.016751423478126526
evaluation-6898-tar-000,1,0.21358227729797363
evaluation-6898-non-000,0,0.060256123542785645
evaluation-69035-tar-000,1,0.06416350603103638
evaluation-69035-non-000,0,0.11358566582202911
evaluation-69087-tar-000,1,0.05749821290373802
evaluation-69087-non-000,0,-0.05022784322500229
evaluation-69155-tar-000,1,0.15542545914649963
evaluation-69155-non-000,0,-0.045652974396944046
evaluation-69166-tar-000,1,0.05315884202718735
evaluation-69166-non-000,0,-0.08234582096338272
evaluation-69169-tar-000,1,0.41549044847488403
evaluation-69169-non-000,0,0.21212264895439148
evaluation-69235-tar-000,1,0.18977412581443787
evaluation-69235-non-000,0,0.05365923047065735
evaluation-69279-tar-000,1,0.0629291832447052
evaluation-69279-non-000,0,-0.08244592696428299
evaluation-69315-tar-000,1,0.09010399132966995
evaluation-69315-non-000,0,-0.0719420462846756
evaluation-6932-tar-000,1,0.20219969749450684
evaluation-6932-non-000,0,0.0636606514453888
evaluation-69361-tar-000,1,0.08273614197969437
evaluation-69361-non-000,0,0.04823591560125351
evaluation-69425-tar-000,1,0.08309654891490936
evaluation-69425-non-000,0,0.04609214514493942
evaluation-69526-tar-000,1,-0.04365169256925583
evaluation-69526-non-000,0,-0.11563868820667267
evaluation-69529-tar-000,1,0.009853861294686794
evaluation-69529-non-000,0,-0.035206183791160583
evaluation-6957-tar-000,1,0.34237197041511536
evaluation-6957-non-000,0,0.19731265306472778
evaluation-69573-tar-000,1,0.30484265089035034
evaluation-69573-non-000,0,0.22258636355400085
evaluation-69617-tar-000,1,-0.03290046006441116
evaluation-69617-non-000,0,-0.08040950447320938
evaluation-69672-tar-000,1,0.17177480459213257
evaluation-69672-non-000,0,0.09980683773756027
evaluation-69724-tar-000,1,0.1712820678949356
evaluation-69724-non-000,0,-0.02728048339486122
evaluation-69848-tar-000,1,0.15960943698883057
evaluation-69848-non-000,0,0.15912814438343048
evaluation-69927-tar-000,1,0.053825534880161285
evaluation-69927-non-000,0,0.04025789350271225
evaluation-6993-tar-000,1,0.12274818867444992
evaluation-6993-non-000,0,0.0996030867099762
evaluation-6994-tar-000,1,0.05225297808647156
evaluation-6994-non-000,0,0.04207911342382431
evaluation-7006-tar-000,1,0.37371838092803955
evaluation-7006-non-000,0,0.2792356610298157
evaluation-70130-tar-000,1,0.046109654009342194
evaluation-70130-non-000,0,-0.030322298407554626
evaluation-70169-tar-000,1,0.13099509477615356
evaluation-70169-non-000,0,0.13928033411502838
evaluation-70191-tar-000,1,0.17449906468391418
evaluation-70191-non-000,0,0.11070123314857483
evaluation-7029-tar-000,1,0.307223916053772
evaluation-7029-non-000,0,0.07420958578586578
evaluation-70290-tar-000,1,0.06399079412221909
evaluation-70290-non-000,0,-0.1067580059170723
evaluation-70320-tar-000,1,0.12911918759346008
evaluation-70320-non-000,0,-0.07210271805524826
evaluation-70347-tar-000,1,0.1899469643831253
evaluation-70347-non-000,0,0.15678620338439941
evaluation-7036-tar-000,1,0.10963794589042664
evaluation-7036-non-000,0,-0.03429553657770157
evaluation-70501-tar-000,1,0.2829238474369049
evaluation-70501-non-000,0,0.12482711672782898
evaluation-7055-tar-000,1,0.22808071970939636
evaluation-7055-non-000,0,0.21385067701339722
evaluation-70592-tar-000,1,0.19128182530403137
evaluation-70592-non-000,0,0.09109470248222351
evaluation-70641-tar-000,1,0.233735591173172
evaluation-70641-non-000,0,0.19544458389282227
evaluation-70671-tar-000,1,0.07249065488576889
evaluation-70671-non-000,0,-0.05058959871530533
evaluation-7077-tar-000,1,-0.09852533042430878
evaluation-7077-non-000,0,-0.06829695403575897
evaluation-7078-tar-000,1,0.07465822994709015
evaluation-7078-non-000,0,-0.054090775549411774
evaluation-70781-tar-000,1,0.29376158118247986
evaluation-70781-non-000,0,0.09854468703269958
evaluation-70801-tar-000,1,-0.046801622956991196
evaluation-70801-non-000,0,0.026097333058714867
evaluation-7092-tar-000,1,0.2634882926940918
evaluation-7092-non-000,0,0.247739776968956
evaluation-70952-tar-000,1,0.16095569729804993
evaluation-70952-non-000,0,0.10020942986011505
evaluation-71001-tar-000,1,0.10862646996974945
evaluation-71001-non-000,0,-0.15394222736358643
evaluation-71015-tar-000,1,0.12109915912151337
evaluation-71015-non-000,0,-0.030571255832910538
evaluation-71042-tar-000,1,0.18761783838272095
evaluation-71042-non-000,0,0.22788888216018677
evaluation-7108-tar-000,1,0.03430081158876419
evaluation-7108-non-000,0,-0.12423910200595856
evaluation-7123-tar-000,1,0.04536805301904678
evaluation-7123-non-000,0,-0.07013868540525436
evaluation-71300-tar-000,1,0.17757007479667664
evaluation-71300-non-000,0,-0.00661633163690567
evaluation-7131-tar-000,1,0.20617572963237762
evaluation-7131-non-000,0,-0.1356261968612671
evaluation-7140-tar-000,1,0.09475036710500717
evaluation-7140-non-000,0,0.037990398705005646
evaluation-71402-tar-000,1,-0.0069016385823488235
evaluation-71402-non-000,0,-0.09832821786403656
evaluation-71441-tar-000,1,0.07367249578237534
evaluation-71441-non-000,0,0.07994700223207474
evaluation-71457-tar-000,1,-0.0688246637582779
evaluation-71457-non-000,0,0.11915291845798492
evaluation-7149-tar-000,1,0.1621359884738922
evaluation-7149-non-000,0,0.07211504876613617
evaluation-71528-tar-000,1,0.4434133768081665
evaluation-71528-non-000,0,0.3720163106918335
evaluation-71594-tar-000,1,0.12326449900865555
evaluation-71594-non-000,0,-0.17045873403549194
evaluation-7174-tar-000,1,0.22679884731769562
evaluation-7174-non-000,0,0.16788846254348755
evaluation-7177-tar-000,1,-0.11722168326377869
evaluation-7177-non-000,0,-0.14472553133964539
evaluation-71798-tar-000,1,0.19090911746025085
evaluation-71798-non-000,0,0.07754051685333252
evaluation-71839-tar-000,1,0.15331965684890747
evaluation-71839-non-000,0,0.2124634087085724
evaluation-71924-tar-000,1,0.06845986843109131
evaluation-71924-non-000,0,-0.08928883075714111
evaluation-72009-tar-000,1,0.043570227921009064
evaluation-72009-non-000,0,-0.02796916291117668
evaluation-72017-tar-000,1,0.07221503555774689
evaluation-72017-non-000,0,-0.09329225867986679
evaluation-72078-tar-000,1,0.1505327969789505
evaluation-72078-non-000,0,-0.032005675137043
evaluation-7211-tar-000,1,0.11215657740831375
evaluation-7211-non-000,0,-0.0507778599858284
evaluation-7214-tar-000,1,0.18179289996623993
evaluation-7214-non-000,0,0.037310149520635605
evaluation-72182-tar-000,1,0.07815960049629211
evaluation-72182-non-000,0,0.012184243649244308
evaluation-72221-tar-000,1,0.23247243463993073
evaluation-72221-non-000,0,0.20663368701934814
evaluation-7225-tar-000,1,0.047590017318725586
evaluation-7225-non-000,0,-0.06769071519374847
evaluation-72267-tar-000,1,0.23642490804195404
evaluation-72267-non-000,0,0.07247018814086914
evaluation-7228-tar-000,1,0.09772469103336334
evaluation-7228-non-000,0,-0.142815962433815
evaluation-72328-tar-000,1,0.45365476608276367
evaluation-72328-non-000,0,0.3455008268356323
evaluation-72355-tar-000,1,0.06964017450809479
evaluation-72355-non-000,0,0.02399996854364872
evaluation-72531-tar-000,1,-0.05518585443496704
evaluation-72531-non-000,0,0.05764433741569519
evaluation-7259-tar-000,1,0.16660809516906738
evaluation-7259-non-000,0,0.023706279695034027
evaluation-72646-tar-000,1,0.34648561477661133
evaluation-72646-non-000,0,0.1561577469110489
evaluation-72685-tar-000,1,0.033383287489414215
evaluation-72685-non-000,0,-0.06476658582687378
evaluation-72718-tar-000,1,0.2141231745481491
evaluation-72718-non-000,0,0.1429157853126526
evaluation-72731-tar-000,1,0.23412065207958221
evaluation-72731-non-000,0,0.1455024778842926
evaluation-72800-tar-000,1,0.09836851060390472
evaluation-72800-non-000,0,-0.12157884240150452
evaluation-7285-tar-000,1,0.2766050100326538
evaluation-7285-non-000,0,0.2300618290901184
evaluation-7290-tar-000,1,0.14036346971988678
evaluation-7290-non-000,0,0.04776030033826828
evaluation-7302-tar-000,1,0.2842581570148468
evaluation-7302-non-000,0,0.2487473487854004
evaluation-73086-tar-000,1,0.263214111328125
evaluation-73086-non-000,0,0.057310350239276886
evaluation-7314-tar-000,1,0.12762799859046936
evaluation-7314-non-000,0,0.01577744632959366
evaluation-73366-tar-000,1,-0.12518326938152313
evaluation-73366-non-000,0,-0.1605566293001175
evaluation-73396-tar-000,1,-0.09283366799354553
evaluation-73396-non-000,0,-0.23606301844120026
evaluation-7343-tar-000,1,0.13932499289512634
evaluation-7343-non-000,0,0.05105362832546234
evaluation-73465-tar-000,1,0.14225536584854126
evaluation-73465-non-000,0,0.05724812299013138
evaluation-7350-tar-000,1,-0.1943705677986145
evaluation-7350-non-000,0,-0.1895906925201416
evaluation-7353-tar-000,1,-0.0055899061262607574
evaluation-7353-non-000,0,-0.04307881370186806
evaluation-7354-tar-000,1,-0.06022011116147041
evaluation-7354-non-000,0,-0.11882129311561584
evaluation-73660-tar-000,1,0.32295137643814087
evaluation-73660-non-000,0,0.10543208569288254
evaluation-73814-tar-000,1,0.15727809071540833
evaluation-73814-non-000,0,0.2190973460674286
evaluation-73858-tar-000,1,-0.06355523318052292
evaluation-73858-non-000,0,-0.003953121602535248
evaluation-73923-tar-000,1,0.06903114169836044
evaluation-73923-non-000,0,0.007014031521975994
evaluation-73995-tar-000,1,0.15189115703105927
evaluation-73995-non-000,0,0.04830976575613022
evaluation-74014-tar-000,1,0.16286686062812805
evaluation-74014-non-000,0,-0.03853204846382141
evaluation-74028-tar-000,1,0.2546217739582062
evaluation-74028-non-000,0,0.24483758211135864
evaluation-74033-tar-000,1,0.30137214064598083
evaluation-74033-non-000,0,0.156875342130661
evaluation-7406-tar-000,1,0.16710655391216278
evaluation-7406-non-000,0,-0.017489096149802208
evaluation-7408-tar-000,1,0.22961485385894775
evaluation-7408-non-000,0,0.0287957563996315
evaluation-74110-tar-000,1,0.023599524050951004
evaluation-74110-non-000,0,0.040226902812719345
evaluation-74179-tar-000,1,0.2033536732196808
evaluation-74179-non-000,0,0.10717500746250153
evaluation-74195-tar-000,1,0.07416217029094696
evaluation-74195-non-000,0,-0.019017476588487625
evaluation-74234-tar-000,1,0.10570993274450302
evaluation-74234-non-000,0,-0.15001779794692993
evaluation-74250-tar-000,1,0.13813365995883942
evaluation-74250-non-000,0,0.15945595502853394
evaluation-7428-tar-000,1,0.3238733410835266
evaluation-7428-non-000,0,0.08749929070472717
evaluation-74324-tar-000,1,0.04341869056224823
evaluation-74324-non-000,0,-0.16052576899528503
evaluation-74335-tar-000,1,0.21780335903167725
evaluation-74335-non-000,0,0.119083471596241
evaluation-74357-tar-000,1,0.21761226654052734
evaluation-74357-non-000,0,0.05108639597892761
evaluation-7438-tar-000,1,-0.1562555730342865
evaluation-7438-non-000,0,-0.11959674954414368
evaluation-74388-tar-000,1,0.06693598628044128
evaluation-74388-non-000,0,0.010977286845445633
evaluation-74481-tar-000,1,0.31252968311309814
evaluation-74481-non-000,0,0.21388018131256104
evaluation-74599-tar-000,1,0.1091025248169899
evaluation-74599-non-000,0,0.07173319905996323
evaluation-74720-tar-000,1,0.10076521337032318
evaluation-74720-non-000,0,0.0861680880188942
evaluation-74745-tar-000,1,0.031455136835575104
evaluation-74745-non-000,0,0.10870535671710968
evaluation-74783-tar-000,1,0.1751854121685028
evaluation-74783-non-000,0,-0.0418386310338974
evaluation-74953-tar-000,1,0.218436598777771
evaluation-74953-non-000,0,0.0407191663980484
evaluation-7500-tar-000,1,0.1760770082473755
evaluation-7500-non-000,0,0.11593018472194672
evaluation-75011-tar-000,1,0.13508614897727966
evaluation-75011-non-000,0,0.028088923543691635
evaluation-7511-tar-000,1,0.1115470826625824
evaluation-7511-non-000,0,0.0296146422624588
evaluation-75157-tar-000,1,0.23018135130405426
evaluation-75157-non-000,0,0.1255148947238922
evaluation-7516-tar-000,1,0.3152371644973755
evaluation-7516-non-000,0,0.1466960310935974
evaluation-75176-tar-000,1,0.38319867849349976
evaluation-75176-non-000,0,0.27049311995506287
evaluation-75192-tar-000,1,0.09509178251028061
evaluation-75192-non-000,0,0.10689389705657959
evaluation-7536-tar-000,1,0.22409848868846893
evaluation-7536-non-000,0,0.09490573406219482
evaluation-7544-tar-000,1,0.253275603055954
evaluation-7544-non-000,0,0.05290341377258301
evaluation-75442-tar-000,1,0.14245280623435974
evaluation-75442-non-000,0,0.046211790293455124
evaluation-75448-tar-000,1,0.048399582505226135
evaluation-75448-non-000,0,0.04124373942613602
evaluation-75451-tar-000,1,0.1992456018924713
evaluation-75451-non-000,0,0.12481871247291565
evaluation-75555-tar-000,1,0.2208106964826584
evaluation-75555-non-000,0,0.01269356906414032
evaluation-75690-tar-000,1,0.006122622638940811
evaluation-75690-non-000,0,0.0785524919629097
evaluation-75753-tar-000,1,0.09817758202552795
evaluation-75753-non-000,0,0.08996932953596115
evaluation-75802-tar-000,1,-0.009348556399345398
evaluation-75802-non-000,0,0.031195972114801407
evaluation-75849-tar-000,1,0.1170411929488182
evaluation-75849-non-000,0,0.18737202882766724
evaluation-75860-tar-000,1,0.09466389566659927
evaluation-75860-non-000,0,-0.04306817054748535
evaluation-75874-tar-000,1,0.024070236831903458
evaluation-75874-non-000,0,-0.025805894285440445
evaluation-75945-tar-000,1,0.04852630943059921
evaluation-75945-non-000,0,0.008246094919741154
evaluation-7604-tar-000,1,0.0246364064514637
evaluation-7604-non-000,0,-0.1407831311225891
evaluation-76085-tar-000,1,0.016957666724920273
evaluation-76085-non-000,0,0.13340701162815094
evaluation-76101-tar-000,1,0.22157208621501923
evaluation-76101-non-000,0,0.2488042116165161
evaluation-7617-tar-000,1,-0.2661738991737366
evaluation-7617-non-000,0,-0.2906702160835266
evaluation-76192-tar-000,1,-0.05183751508593559
evaluation-76192-non-000,0,-0.21054063737392426
evaluation-76247-tar-000,1,0.007836192846298218
evaluation-76247-non-000,0,-0.09406954050064087
evaluation-76299-tar-000,1,-0.01624079793691635
evaluation-76299-non-000,0,0.07227788120508194
evaluation-76420-tar-000,1,0.1704845428466797
evaluation-76420-non-000,0,0.19464118778705597
evaluation-7645-tar-000,1,-0.004611521027982235
evaluation-7645-non-000,0,-0.12258195877075195
evaluation-76453-tar-000,1,0.1417548656463623
evaluation-76453-non-000,0,-0.054256267845630646
evaluation-7646-tar-000,1,0.20738324522972107
evaluation-7646-non-000,0,0.04183031991124153
evaluation-7654-tar-000,1,0.36896243691444397
evaluation-7654-non-000,0,0.2560651898384094
evaluation-7655-tar-000,1,0.2302439957857132
evaluation-7655-non-000,0,0.07764334231615067
evaluation-76585-tar-000,1,0.17703776061534882
evaluation-76585-non-000,0,0.15080028772354126
evaluation-76695-tar-000,1,-0.05578545853495598
evaluation-76695-non-000,0,-0.011689562350511551
evaluation-76719-tar-000,1,0.02875845693051815
evaluation-76719-non-000,0,-0.002193506807088852
evaluation-76725-tar-000,1,0.016355320811271667
evaluation-76725-non-000,0,-0.1542244553565979
evaluation-7679-tar-000,1,0.07880215346813202
evaluation-7679-non-000,0,0.25551334023475647
evaluation-76862-tar-000,1,0.1535298228263855
evaluation-76862-non-000,0,0.01934034377336502
evaluation-77101-tar-000,1,0.23547321557998657
evaluation-77101-non-000,0,0.03440692648291588
evaluation-7712-tar-000,1,0.04841680824756622
evaluation-7712-non-000,0,0.08492068201303482
evaluation-77175-tar-000,1,0.15002861618995667
evaluation-77175-non-000,0,0.1999632567167282
evaluation-7721-tar-000,1,0.07117968797683716
evaluation-7721-non-000,0,0.1387476921081543
evaluation-7726-tar-000,1,0.2215585708618164
evaluation-7726-non-000,0,0.2221781611442566
evaluation-7728-tar-000,1,0.13332988321781158
evaluation-7728-non-000,0,-0.06633025407791138
evaluation-7735-tar-000,1,0.06117675453424454
evaluation-7735-non-000,0,-0.03981297090649605
evaluation-77351-tar-000,1,0.2472480833530426
evaluation-77351-non-000,0,0.20128031075000763
evaluation-77376-tar-000,1,-0.1489340215921402
evaluation-77376-non-000,0,-0.13402223587036133
evaluation-77486-tar-000,1,0.3982400894165039
evaluation-77486-non-000,0,0.23651422560214996
evaluation-7750-tar-000,1,-0.03357751667499542
evaluation-7750-non-000,0,-0.11116284877061844
evaluation-77571-tar-000,1,0.05369184911251068
evaluation-77571-non-000,0,-0.021293703466653824
evaluation-77656-tar-000,1,0.014053989201784134
evaluation-77656-non-000,0,-0.0715583935379982
evaluation-77851-tar-000,1,-0.036312736570835114
evaluation-77851-non-000,0,-0.1756463199853897
evaluation-77854-tar-000,1,0.19409960508346558
evaluation-77854-non-000,0,0.042622439563274384
evaluation-77879-tar-000,1,0.071321502327919
evaluation-77879-non-000,0,0.06316007673740387
evaluation-7789-tar-000,1,-0.09993943572044373
evaluation-7789-non-000,0,-0.046315331012010574
evaluation-7790-tar-000,1,-0.10729160904884338
evaluation-7790-non-000,0,-0.053249016404151917
evaluation-7810-tar-000,1,0.0358833372592926
evaluation-7810-non-000,0,-0.026786111295223236
evaluation-78247-tar-000,1,0.22670400142669678
evaluation-78247-non-000,0,0.1290326863527298
evaluation-78249-tar-000,1,0.37415826320648193
evaluation-78249-non-000,0,0.15819253027439117
evaluation-7827-tar-000,1,0.14874154329299927
evaluation-7827-non-000,0,0.0685986578464508
evaluation-78370-tar-000,1,0.20111191272735596
evaluation-78370-non-000,0,0.18316075205802917
evaluation-78400-tar-000,1,0.1743190437555313
evaluation-78400-non-000,0,0.11127839237451553
evaluation-78436-tar-000,1,0.2633616030216217
evaluation-78436-non-000,0,0.0679979920387268
evaluation-78444-tar-000,1,0.21013379096984863
evaluation-78444-non-000,0,0.09762495756149292
evaluation-7846-tar-000,1,0.041207652539014816
evaluation-7846-non-000,0,-0.10314967483282089
evaluation-7848-tar-000,1,0.08718913793563843
evaluation-7848-non-000,0,0.11544518172740936
evaluation-7849-tar-000,1,0.0785587802529335
evaluation-7849-non-000,0,0.04431578889489174
evaluation-78540-tar-000,1,0.11034376919269562
evaluation-78540-non-000,0,0.058336690068244934
evaluation-78571-tar-000,1,-0.01731455698609352
evaluation-78571-non-000,0,0.00038753822445869446
evaluation-78576-tar-000,1,0.022845420986413956
evaluation-78576-non-000,0,-0.018469663336873055
evaluation-78584-tar-000,1,0.051344841718673706
evaluation-78584-non-000,0,-0.11763488501310349
evaluation-78615-tar-000,1,-0.007066015154123306
evaluation-78615-non-000,0,-0.07233696430921555
evaluation-78675-tar-000,1,0.21536514163017273
evaluation-78675-non-000,0,0.01612340658903122
evaluation-78752-tar-000,1,0.22284823656082153
evaluation-78752-non-000,0,0.2370777428150177
evaluation-7878-tar-000,1,0.24263212084770203
evaluation-7878-non-000,0,0.12122336775064468
evaluation-78782-tar-000,1,0.1296127885580063
evaluation-78782-non-000,0,-0.06831537187099457
evaluation-78815-tar-000,1,0.02783968672156334
evaluation-78815-non-000,0,-0.08185455948114395
evaluation-78826-tar-000,1,-0.038736600428819656
evaluation-78826-non-000,0,-0.04743266850709915
evaluation-78887-tar-000,1,0.1528533399105072
evaluation-78887-non-000,0,0.03566056862473488
evaluation-78963-tar-000,1,-0.012189740315079689
evaluation-78963-non-000,0,-0.18153652548789978
evaluation-78972-tar-000,1,0.04709649831056595
evaluation-78972-non-000,0,-0.16819357872009277
evaluation-79095-tar-000,1,-0.1693534255027771
evaluation-79095-non-000,0,-0.14439193904399872
evaluation-79255-tar-000,1,0.07995351403951645
evaluation-79255-non-000,0,0.14662879705429077
evaluation-79474-tar-000,1,0.26604482531547546
evaluation-79474-non-000,0,0.1526164710521698
evaluation-79521-tar-000,1,0.13131430745124817
evaluation-79521-non-000,0,-0.20133835077285767
evaluation-79581-tar-000,1,0.020961541682481766
evaluation-79581-non-000,0,-0.10146690905094147
evaluation-7964-tar-000,1,0.11295565217733383
evaluation-7964-non-000,0,0.05920413136482239
evaluation-7972-tar-000,1,0.08768699318170547
evaluation-7972-non-000,0,-0.024692729115486145
evaluation-79776-tar-000,1,0.10894651710987091
evaluation-79776-non-000,0,0.08779294043779373
evaluation-79798-tar-000,1,-0.05696995556354523
evaluation-79798-non-000,0,-0.11888114362955093
evaluation-79807-tar-000,1,-0.013856161385774612
evaluation-79807-non-000,0,-0.18188771605491638
evaluation-7983-tar-000,1,-0.07936213910579681
evaluation-7983-non-000,0,-0.141763836145401
evaluation-79843-tar-000,1,0.07442015409469604
evaluation-79843-non-000,0,0.09758331626653671
evaluation-7989-tar-000,1,-0.0342169925570488
evaluation-7989-non-000,0,0.001606890931725502
evaluation-79980-tar-000,1,0.14218240976333618
evaluation-79980-non-000,0,0.05508119612932205
evaluation-79991-tar-000,1,0.13671277463436127
evaluation-79991-non-000,0,-0.0755741223692894
evaluation-80153-tar-000,1,0.07581304013729095
evaluation-80153-non-000,0,-0.03498511761426926
evaluation-80180-tar-000,1,0.15854333341121674
evaluation-80180-non-000,0,-0.03903687372803688
evaluation-8019-tar-000,1,0.1861615777015686
evaluation-8019-non-000,0,0.15921401977539062
evaluation-80210-tar-000,1,0.1577925682067871
evaluation-80210-non-000,0,-0.009134991094470024
evaluation-80221-tar-000,1,-0.008229738101363182
evaluation-80221-non-000,0,-0.08737809956073761
evaluation-8023-tar-000,1,-0.060925938189029694
evaluation-8023-non-000,0,-0.18147942423820496
evaluation-8027-tar-000,1,-0.027551766484975815
evaluation-8027-non-000,0,0.0024565476924180984
evaluation-8028-tar-000,1,0.11309166997671127
evaluation-8028-non-000,0,-0.13836264610290527
evaluation-80353-tar-000,1,0.001773633062839508
evaluation-80353-non-000,0,0.046444956213235855
evaluation-8041-tar-000,1,0.24388384819030762
evaluation-8041-non-000,0,0.2809358537197113
evaluation-80449-tar-000,1,-0.0018717050552368164
evaluation-80449-non-000,0,-0.04859638586640358
evaluation-80504-tar-000,1,0.07895347476005554
evaluation-80504-non-000,0,-0.011000446043908596
evaluation-8068-tar-000,1,0.17265260219573975
evaluation-8068-non-000,0,0.07510040700435638
evaluation-80710-tar-000,1,0.00383940152823925
evaluation-80710-non-000,0,0.020602665841579437
evaluation-80773-tar-000,1,0.017125528305768967
evaluation-80773-non-000,0,-0.06925999373197556
evaluation-80793-tar-000,1,0.21295219659805298
evaluation-80793-non-000,0,0.12350866198539734
evaluation-80798-tar-000,1,0.1350778192281723
evaluation-80798-non-000,0,0.10602730512619019
evaluation-80806-tar-000,1,0.033455513417720795
evaluation-80806-non-000,0,0.08693422377109528
evaluation-80900-tar-000,1,0.23172998428344727
evaluation-80900-non-000,0,0.01927049085497856
evaluation-80935-tar-000,1,0.13690713047981262
evaluation-80935-non-000,0,0.00151718407869339
evaluation-80938-tar-000,1,0.06937184929847717
evaluation-80938-non-000,0,-0.05987865850329399
evaluation-8097-tar-000,1,0.05165456607937813
evaluation-8097-non-000,0,-0.024120796471834183
evaluation-81034-tar-000,1,0.02778439223766327
evaluation-81034-non-000,0,0.0527646467089653
evaluation-81103-tar-000,1,0.02403859794139862
evaluation-81103-non-000,0,-0.096246637403965
evaluation-81106-tar-000,1,0.1584167182445526
evaluation-81106-non-000,0,-0.03479743376374245
evaluation-81111-tar-000,1,-0.1325540989637375
evaluation-81111-non-000,0,-0.14230307936668396
evaluation-81119-tar-000,1,0.0067124683409929276
evaluation-81119-non-000,0,-0.02536051720380783
evaluation-81128-tar-000,1,0.09721202403306961
evaluation-81128-non-000,0,0.05412009358406067
evaluation-81174-tar-000,1,-0.18178430199623108
evaluation-81174-non-000,0,-0.2057725191116333
evaluation-81271-tar-000,1,0.032210834324359894
evaluation-81271-non-000,0,0.03826621174812317
evaluation-81276-tar-000,1,0.15657490491867065
evaluation-81276-non-000,0,0.0947829931974411
evaluation-81309-tar-000,1,-0.07352007925510406
evaluation-81309-non-000,0,-0.03740731254220009
evaluation-8143-tar-000,1,0.12615488469600677
evaluation-8143-non-000,0,0.10851229727268219
evaluation-81441-tar-000,1,0.019575072452425957
evaluation-81441-non-000,0,-0.09350459277629852
evaluation-81455-tar-000,1,0.3330172896385193
evaluation-81455-non-000,0,-0.05612138286232948
evaluation-81823-tar-000,1,0.05071223899722099
evaluation-81823-non-000,0,0.06774953007698059
evaluation-8185-tar-000,1,-0.1121232807636261
evaluation-8185-non-000,0,0.013084925711154938
evaluation-81858-tar-000,1,0.29611852765083313
evaluation-81858-non-000,0,0.2842462658882141
evaluation-8191-tar-000,1,0.026006247848272324
evaluation-8191-non-000,0,-0.002055194228887558
evaluation-81913-tar-000,1,0.1862092763185501
evaluation-81913-non-000,0,0.12810549139976501
evaluation-81963-tar-000,1,0.10004401952028275
evaluation-81963-non-000,0,0.08410637080669403
evaluation-8203-tar-000,1,-0.050597183406353
evaluation-8203-non-000,0,0.04786531627178192
evaluation-82040-tar-000,1,0.26357659697532654
evaluation-82040-non-000,0,0.03332410380244255
evaluation-8210-tar-000,1,0.28599813580513
evaluation-8210-non-000,0,0.2731333374977112
evaluation-8215-tar-000,1,0.07999210804700851
evaluation-8215-non-000,0,0.004882950335741043
evaluation-8216-tar-000,1,0.02493036352097988
evaluation-8216-non-000,0,-0.17742908000946045
evaluation-8219-tar-000,1,0.10285869985818863
evaluation-8219-non-000,0,-0.07020629942417145
evaluation-82273-tar-000,1,-0.053074389696121216
evaluation-82273-non-000,0,-0.09859122335910797
evaluation-82342-tar-000,1,0.20577552914619446
evaluation-82342-non-000,0,0.03443828970193863
evaluation-8236-tar-000,1,0.10948102176189423
evaluation-8236-non-000,0,0.021628016605973244
evaluation-82421-tar-000,1,0.31474173069000244
evaluation-82421-non-000,0,0.2494419515132904
evaluation-82603-tar-000,1,0.002940848469734192
evaluation-82603-non-000,0,-0.09686727076768875
evaluation-82641-tar-000,1,0.2906467020511627
evaluation-82641-non-000,0,0.02680414915084839
evaluation-82842-tar-000,1,0.204191654920578
evaluation-82842-non-000,0,0.21943053603172302
evaluation-82847-tar-000,1,0.07103824615478516
evaluation-82847-non-000,0,0.08177947252988815
evaluation-8299-tar-000,1,0.13297948241233826
evaluation-8299-non-000,0,0.07085882872343063
evaluation-83006-tar-000,1,0.07288346439599991
evaluation-83006-non-000,0,0.07594086974859238
evaluation-83028-tar-000,1,0.13123966753482819
evaluation-83028-non-000,0,0.07677027583122253
evaluation-83094-tar-000,1,0.13853435218334198
evaluation-83094-non-000,0,-0.023456331342458725
evaluation-83204-tar-000,1,0.14487215876579285
evaluation-83204-non-000,0,0.0488320030272007
evaluation-8328-tar-000,1,0.06830566376447678
evaluation-8328-non-000,0,0.0809900313615799
evaluation-8335-tar-000,1,0.14487165212631226
evaluation-8335-non-000,0,0.00046521425247192383
evaluation-83355-tar-000,1,0.17749282717704773
evaluation-83355-non-000,0,0.06346450746059418
evaluation-83674-tar-000,1,-0.06143588572740555
evaluation-83674-non-000,0,0.028481023386120796
evaluation-83696-tar-000,1,-0.03008079156279564
evaluation-83696-non-000,0,-0.166749969124794
evaluation-8383-tar-000,1,0.21771149337291718
evaluation-8383-non-000,0,0.1252431869506836
evaluation-83839-tar-000,1,-0.202530175447464
evaluation-83839-non-000,0,-0.23854805529117584
evaluation-83905-tar-000,1,0.051384344696998596
evaluation-83905-non-000,0,-0.0359494686126709
evaluation-83918-tar-000,1,-0.07763129472732544
evaluation-83918-non-000,0,-0.029843267053365707
evaluation-83927-tar-000,1,0.056576889008283615
evaluation-83927-non-000,0,-0.0899692252278328
evaluation-83995-tar-000,1,0.0883452445268631
evaluation-83995-non-000,0,0.0700930804014206
evaluation-8407-tar-000,1,0.18459045886993408
evaluation-8407-non-000,0,0.11227929592132568
evaluation-84075-tar-000,1,0.1495586782693863
evaluation-84075-non-000,0,0.16950680315494537
evaluation-84160-tar-000,1,0.10556674003601074
evaluation-84160-non-000,0,-0.0011794231832027435
evaluation-84187-tar-000,1,0.14191070199012756
evaluation-84187-non-000,0,-0.061958055943250656
evaluation-84300-tar-000,1,-0.2009914517402649
evaluation-84300-non-000,0,-0.07104627788066864
evaluation-84457-tar-000,1,0.15986189246177673
evaluation-84457-non-000,0,0.047909926623106
evaluation-84512-tar-000,1,-0.002098510041832924
evaluation-84512-non-000,0,-0.06096797436475754
evaluation-8452-tar-000,1,0.08985914289951324
evaluation-8452-non-000,0,-0.02915581688284874
evaluation-8453-tar-000,1,0.14924585819244385
evaluation-8453-non-000,0,-0.04963230341672897
evaluation-84544-tar-000,1,0.06266041100025177
evaluation-84544-non-000,0,-0.010742269456386566
evaluation-84547-tar-000,1,0.15119239687919617
evaluation-84547-non-000,0,-0.0693449079990387
evaluation-84649-tar-000,1,0.07567580044269562
evaluation-84649-non-000,0,-0.055061597377061844
evaluation-84693-tar-000,1,0.284080445766449
evaluation-84693-non-000,0,0.010651230812072754
evaluation-84704-tar-000,1,-0.03559137135744095
evaluation-84704-non-000,0,-0.26385217905044556
evaluation-84753-tar-000,1,-0.0025067785754799843
evaluation-84753-non-000,0,0.025876512750983238
evaluation-84929-tar-000,1,0.04677145183086395
evaluation-84929-non-000,0,0.18559107184410095
evaluation-8494-tar-000,1,0.15589478611946106
evaluation-8494-non-000,0,0.0125652477145195
evaluation-8502-tar-000,1,0.031446393579244614
evaluation-8502-non-000,0,-0.046871595084667206
evaluation-85201-tar-000,1,-0.07279746234416962
evaluation-85201-non-000,0,-0.19791007041931152
evaluation-8522-tar-000,1,0.2626994550228119
evaluation-8522-non-000,0,0.2393569052219391
evaluation-8527-tar-000,1,0.04041685163974762
evaluation-8527-non-000,0,-0.07605335116386414
evaluation-85286-tar-000,1,-0.03433232754468918
evaluation-85286-non-000,0,-0.0896267294883728
evaluation-85319-tar-000,1,0.049518294632434845
evaluation-85319-non-000,0,-0.0632520467042923
evaluation-85396-tar-000,1,0.12373979389667511
evaluation-85396-non-000,0,-0.19880755245685577
evaluation-85421-tar-000,1,0.12558989226818085
evaluation-85421-non-000,0,0.2006434202194214
evaluation-8557-tar-000,1,0.25440511107444763
evaluation-8557-non-000,0,0.18631404638290405
evaluation-85676-tar-000,1,0.15496712923049927
evaluation-85676-non-000,0,0.10758822411298752
evaluation-85750-tar-000,1,0.21870897710323334
evaluation-85750-non-000,0,0.14418713748455048
evaluation-85778-tar-000,1,-0.05252949148416519
evaluation-85778-non-000,0,0.05496310442686081
evaluation-85871-tar-000,1,-0.006515560671687126
evaluation-85871-non-000,0,-0.09164273738861084
evaluation-8602-tar-000,1,-0.08261409401893616
evaluation-8602-non-000,0,-0.027205584570765495
evaluation-86107-tar-000,1,0.03334870934486389
evaluation-86107-non-000,0,0.01081287395209074
evaluation-8614-tar-000,1,0.10967236012220383
evaluation-8614-non-000,0,0.05364584922790527
evaluation-86151-tar-000,1,0.16974271833896637
evaluation-86151-non-000,0,0.0029058707877993584
evaluation-86198-tar-000,1,0.30325794219970703
evaluation-86198-non-000,0,0.29777246713638306
evaluation-86245-tar-000,1,0.0540788508951664
evaluation-86245-non-000,0,0.0058177150785923
evaluation-8628-tar-000,1,0.08028843998908997
evaluation-8628-non-000,0,-0.029437050223350525
evaluation-8630-tar-000,1,0.07496340572834015
evaluation-8630-non-000,0,0.11514686048030853
evaluation-86376-tar-000,1,0.09203142672777176
evaluation-86376-non-000,0,0.11066054552793503
evaluation-8639-tar-000,1,0.11554513871669769
evaluation-8639-non-000,0,0.0637253075838089
evaluation-8640-tar-000,1,0.4595213532447815
evaluation-8640-non-000,0,0.39246222376823425
evaluation-86470-tar-000,1,0.19255594909191132
evaluation-86470-non-000,0,-0.05588576942682266
evaluation-86478-tar-000,1,0.061570748686790466
evaluation-86478-non-000,0,0.04968206211924553
evaluation-86519-tar-000,1,-0.1613503098487854
evaluation-86519-non-000,0,-0.06574027240276337
evaluation-86577-tar-000,1,0.061013564467430115
evaluation-86577-non-000,0,0.07130230218172073
evaluation-86591-tar-000,1,0.3117668032646179
evaluation-86591-non-000,0,0.16439372301101685
evaluation-86799-tar-000,1,0.06902748346328735
evaluation-86799-non-000,0,-0.050240665674209595
evaluation-86926-tar-000,1,0.09911110997200012
evaluation-86926-non-000,0,0.19854244589805603
evaluation-86945-tar-000,1,0.0717388391494751
evaluation-86945-non-000,0,-0.02557709626853466
evaluation-8697-tar-000,1,0.0451592281460762
evaluation-8697-non-000,0,0.027821317315101624
evaluation-87016-tar-000,1,0.2010497897863388
evaluation-87016-non-000,0,0.03517494723200798
evaluation-87176-tar-000,1,0.10961675643920898
evaluation-87176-non-000,0,-0.08454661816358566
evaluation-8724-tar-000,1,0.20074622333049774
evaluation-8724-non-000,0,0.10790227353572845
evaluation-87313-tar-000,1,-0.049286991357803345
evaluation-87313-non-000,0,-0.09578412771224976
evaluation-87338-tar-000,1,-0.02432028204202652
evaluation-87338-non-000,0,-0.04293458163738251
evaluation-87362-tar-000,1,-0.06131356954574585
evaluation-87362-non-000,0,-0.14076963067054749
evaluation-87450-tar-000,1,-0.13378053903579712
evaluation-87450-non-000,0,-0.29805445671081543
evaluation-8746-tar-000,1,0.13801521062850952
evaluation-8746-non-000,0,0.054967448115348816
evaluation-8756-tar-000,1,0.2693074941635132
evaluation-8756-non-000,0,0.29934030771255493
evaluation-87577-tar-000,1,-0.09114468097686768
evaluation-87577-non-000,0,-0.08952955901622772
evaluation-87601-tar-000,1,0.26416975259780884
evaluation-87601-non-000,0,0.0760268121957779
evaluation-8765-tar-000,1,0.14318257570266724
evaluation-8765-non-000,0,0.027224324643611908
evaluation-87711-tar-000,1,0.05255410447716713
evaluation-87711-non-000,0,-0.07418371737003326
evaluation-87720-tar-000,1,-0.035586465150117874
evaluation-87720-non-000,0,-0.1588546633720398
evaluation-87722-tar-000,1,0.13193875551223755
evaluation-87722-non-000,0,0.02580093964934349
evaluation-87876-tar-000,1,0.15914973616600037
evaluation-87876-non-000,0,0.06011825427412987
evaluation-87923-tar-000,1,0.04033077508211136
evaluation-87923-non-000,0,0.10344477742910385
evaluation-8796-tar-000,1,-0.013864284381270409
evaluation-8796-non-000,0,-0.10121800005435944
evaluation-8804-tar-000,1,0.195115864276886
evaluation-8804-non-000,0,0.1562063992023468
evaluation-88060-tar-000,1,0.10183108597993851
evaluation-88060-non-000,0,0.015878187492489815
evaluation-8814-tar-000,1,0.10261756181716919
evaluation-8814-non-000,0,-0.07419765740633011
evaluation-88156-tar-000,1,0.15888848900794983
evaluation-88156-non-000,0,0.08436446636915207
evaluation-88170-tar-000,1,0.029392091557383537
evaluation-88170-non-000,0,0.01194700412452221
evaluation-88313-tar-000,1,-0.13576248288154602
evaluation-88313-non-000,0,-0.12341237813234329
evaluation-8836-tar-000,1,0.09271524101495743
evaluation-8836-non-000,0,0.011287976056337357
evaluation-88458-tar-000,1,0.07595185935497284
evaluation-88458-non-000,0,-0.0026306603103876114
evaluation-88524-tar-000,1,0.1669251024723053
evaluation-88524-non-000,0,-0.0019307825714349747
evaluation-88576-tar-000,1,0.1162339448928833
evaluation-88576-non-000,0,0.05424303561449051
evaluation-88582-tar-000,1,-0.026303816586732864
evaluation-88582-non-000,0,-0.1505560576915741
evaluation-88689-tar-000,1,0.010549002327024937
evaluation-88689-non-000,0,0.10155986249446869
evaluation-88747-tar-000,1,0.08747609704732895
evaluation-88747-non-000,0,0.07626782357692719
evaluation-88780-tar-000,1,0.04925616830587387
evaluation-88780-non-000,0,-0.040319137275218964
evaluation-88791-tar-000,1,0.17816105484962463
evaluation-88791-non-000,0,0.11554009467363358
evaluation-8896-tar-000,1,0.14968927204608917
evaluation-8896-non-000,0,0.1055791974067688
evaluation-89005-tar-000,1,0.318358838558197
evaluation-89005-non-000,0,0.166260227560997
evaluation-89027-tar-000,1,0.20306846499443054
evaluation-89027-non-000,0,0.05356890335679054
evaluation-89054-tar-000,1,0.12870866060256958
evaluation-89054-non-000,0,-0.02684592828154564
evaluation-89120-tar-000,1,0.3350381851196289
evaluation-89120-non-000,0,0.07758669555187225
evaluation-89255-tar-000,1,-0.09215575456619263
evaluation-89255-non-000,0,-0.024122875183820724
evaluation-89335-tar-000,1,0.05303969979286194
evaluation-89335-non-000,0,0.005630716681480408
evaluation-89340-tar-000,1,0.07276809960603714
evaluation-89340-non-000,0,-0.01810925453901291
evaluation-89346-tar-000,1,-0.0522659607231617
evaluation-89346-non-000,0,-0.11426547169685364
evaluation-89381-tar-000,1,-0.0698089674115181
evaluation-89381-non-000,0,-0.15910807251930237
evaluation-89557-tar-000,1,0.13398712873458862
evaluation-89557-non-000,0,0.13807226717472076
evaluation-89604-tar-000,1,0.2992648482322693
evaluation-89604-non-000,0,0.23004654049873352
evaluation-89615-tar-000,1,0.09951041638851166
evaluation-89615-non-000,0,-0.06334720551967621
evaluation-89631-tar-000,1,0.0930519700050354
evaluation-89631-non-000,0,0.021608959883451462
evaluation-89757-tar-000,1,-0.09411202371120453
evaluation-89757-non-000,0,-0.20176516473293304
evaluation-89766-tar-000,1,0.12780335545539856
evaluation-89766-non-000,0,0.0852581113576889
evaluation-89782-tar-000,1,0.04339331388473511
evaluation-89782-non-000,0,-0.06210386008024216
evaluation-89818-tar-000,1,-0.06423091888427734
evaluation-89818-non-000,0,-0.10538069903850555
evaluation-89822-tar-000,1,0.22016078233718872
evaluation-89822-non-000,0,0.11647291481494904
evaluation-8983-tar-000,1,-0.017227020114660263
evaluation-8983-non-000,0,-0.05654571205377579
evaluation-90024-tar-000,1,0.22541002929210663
evaluation-90024-non-000,0,0.1093604788184166
evaluation-90032-tar-000,1,0.03036707639694214
evaluation-90032-non-000,0,0.006010860204696655
evaluation-90038-tar-000,1,0.19251517951488495
evaluation-90038-non-000,0,0.1532973051071167
evaluation-90117-tar-000,1,0.14817070960998535
evaluation-90117-non-000,0,-0.03707621991634369
evaluation-90145-tar-000,1,0.20546796917915344
evaluation-90145-non-000,0,-0.05331524834036827
evaluation-90148-tar-000,1,0.1006382554769516
evaluation-90148-non-000,0,0.07498696446418762
evaluation-90169-tar-000,1,0.11249004304409027
evaluation-90169-non-000,0,0.08894127607345581
evaluation-90257-tar-000,1,0.06308059394359589
evaluation-90257-non-000,0,-0.054259877651929855
evaluation-90301-tar-000,1,0.19635266065597534
evaluation-90301-non-000,0,0.045285385102033615
evaluation-90304-tar-000,1,0.10301785171031952
evaluation-90304-non-000,0,-0.03509001061320305
evaluation-90381-tar-000,1,0.20945751667022705
evaluation-90381-non-000,0,0.14956486225128174
evaluation-90414-tar-000,1,0.2561035454273224
evaluation-90414-non-000,0,0.11312912404537201
evaluation-90469-tar-000,1,0.007254164665937424
evaluation-90469-non-000,0,-6.030639633536339e-05
evaluation-90562-tar-000,1,-0.03762223571538925
evaluation-90562-non-000,0,0.0007626749575138092
evaluation-90631-tar-000,1,0.13386163115501404
evaluation-90631-non-000,0,-0.02142234705388546
evaluation-90862-tar-000,1,0.1204800009727478
evaluation-90862-non-000,0,-0.12237270176410675
evaluation-90875-tar-000,1,0.1961972415447235
evaluation-90875-non-000,0,0.20404838025569916
evaluation-90939-tar-000,1,0.15279486775398254
evaluation-90939-non-000,0,-0.1308545619249344
evaluation-9109-tar-000,1,0.09609673917293549
evaluation-9109-non-000,0,-0.05604875832796097
evaluation-91106-tar-000,1,0.19823765754699707
evaluation-91106-non-000,0,-0.04033343493938446
evaluation-91166-tar-000,1,0.1319272220134735
evaluation-91166-non-000,0,0.1452840119600296
evaluation-91205-tar-000,1,0.20542779564857483
evaluation-91205-non-000,0,-0.00232638418674469
evaluation-9125-tar-000,1,0.2666403651237488
evaluation-9125-non-000,0,0.029524078592658043
evaluation-91433-tar-000,1,-0.03772421181201935
evaluation-91433-non-000,0,-0.020374983549118042
evaluation-91441-tar-000,1,0.020022781565785408
evaluation-91441-non-000,0,-0.11090536415576935
evaluation-91466-tar-000,1,0.29783254861831665
evaluation-91466-non-000,0,0.016936704516410828
evaluation-9148-tar-000,1,0.05084694176912308
evaluation-9148-non-000,0,-0.07718755304813385
evaluation-91496-tar-000,1,0.16020812094211578
evaluation-91496-non-000,0,0.19399508833885193
evaluation-91543-tar-000,1,0.28668540716171265
evaluation-91543-non-000,0,0.05705062672495842
evaluation-91642-tar-000,1,0.25008463859558105
evaluation-91642-non-000,0,0.25506237149238586
evaluation-9165-tar-000,1,-0.20505291223526
evaluation-9165-non-000,0,-0.19442380964756012
evaluation-91719-tar-000,1,0.009219303727149963
evaluation-91719-non-000,0,0.0009891726076602936
evaluation-9179-tar-000,1,0.007439449429512024
evaluation-9179-non-000,0,0.1190624088048935
evaluation-91798-tar-000,1,-0.17745018005371094
evaluation-91798-non-000,0,-0.10457954555749893
evaluation-91823-tar-000,1,0.09220411628484726
evaluation-91823-non-000,0,0.1015409454703331
evaluation-91886-tar-000,1,0.2178744673728943
evaluation-91886-non-000,0,-0.022285940125584602
evaluation-9195-tar-000,1,0.15440595149993896
evaluation-9195-non-000,0,0.15253740549087524
evaluation-9197-tar-000,1,0.29586780071258545
evaluation-9197-non-000,0,0.1403270661830902
evaluation-91974-tar-000,1,0.3248613476753235
evaluation-91974-non-000,0,0.050301384180784225
evaluation-92007-tar-000,1,0.09529462456703186
evaluation-92007-non-000,0,0.055992938578128815
evaluation-9210-tar-000,1,0.31811031699180603
evaluation-9210-non-000,0,0.3096778392791748
evaluation-92133-tar-000,1,0.09207663685083389
evaluation-92133-non-000,0,0.13311471045017242
evaluation-92260-tar-000,1,0.09527827799320221
evaluation-92260-non-000,0,-0.12423869222402573
evaluation-9229-tar-000,1,0.04518478736281395
evaluation-9229-non-000,0,0.0528915673494339
evaluation-9240-tar-000,1,-0.019236721098423004
evaluation-9240-non-000,0,-0.2355680763721466
evaluation-9241-tar-000,1,-0.029532134532928467
evaluation-9241-non-000,0,-0.2115040272474289
evaluation-92438-tar-000,1,-0.048659756779670715
evaluation-92438-non-000,0,-0.15559488534927368
evaluation-92488-tar-000,1,0.11080804467201233
evaluation-92488-non-000,0,0.06511402130126953
evaluation-92630-tar-000,1,0.00930812768638134
evaluation-92630-non-000,0,0.061875589191913605
evaluation-92652-tar-000,1,0.17266042530536652
evaluation-92652-non-000,0,-0.12334819883108139
evaluation-92787-tar-000,1,0.011058244854211807
evaluation-92787-non-000,0,-0.045493874698877335
evaluation-92825-tar-000,1,0.036194808781147
evaluation-92825-non-000,0,-0.05775825306773186
evaluation-92845-tar-000,1,0.06029815226793289
evaluation-92845-non-000,0,0.09787936508655548
evaluation-92853-tar-000,1,0.18187053501605988
evaluation-92853-non-000,0,0.11470308154821396
evaluation-9286-tar-000,1,0.22879630327224731
evaluation-9286-non-000,0,0.04514322429895401
evaluation-9291-tar-000,1,-0.011679432354867458
evaluation-9291-non-000,0,-0.13904286921024323
evaluation-9303-tar-000,1,0.13402961194515228
evaluation-9303-non-000,0,0.1888628900051117
evaluation-93034-tar-000,1,0.05937299132347107
evaluation-93034-non-000,0,0.0533958300948143
evaluation-93042-tar-000,1,0.07247021794319153
evaluation-93042-non-000,0,-0.005920723080635071
evaluation-93169-tar-000,1,0.06409680098295212
evaluation-93169-non-000,0,-0.08892923593521118
evaluation-93210-tar-000,1,0.07743030786514282
evaluation-93210-non-000,0,-0.19394303858280182
evaluation-93279-tar-000,1,0.056258562952280045
evaluation-93279-non-000,0,0.08333104103803635
evaluation-93375-tar-000,1,0.046729493886232376
evaluation-93375-non-000,0,-0.10953925549983978
evaluation-93449-tar-000,1,0.11160636693239212
evaluation-93449-non-000,0,0.009665081277489662
evaluation-9355-tar-000,1,0.16617706418037415
evaluation-9355-non-000,0,-0.024594031274318695
evaluation-93660-tar-000,1,0.16331802308559418
evaluation-93660-non-000,0,-0.05194871127605438
evaluation-93718-tar-000,1,-0.0476621612906456
evaluation-93718-non-000,0,-0.07497750222682953
evaluation-93735-tar-000,1,-0.1121373176574707
evaluation-93735-non-000,0,0.020021187141537666
evaluation-93740-tar-000,1,0.01157285925000906
evaluation-93740-non-000,0,-0.04702925682067871
evaluation-93811-tar-000,1,0.09268166124820709
evaluation-93811-non-000,0,0.10026326030492783
evaluation-93853-tar-000,1,0.18335619568824768
evaluation-93853-non-000,0,-0.12013830244541168
evaluation-93886-tar-000,1,0.10206586867570877
evaluation-93886-non-000,0,-0.02034682407975197
evaluation-93930-tar-000,1,0.09800440073013306
evaluation-93930-non-000,0,0.005737894214689732
evaluation-9403-tar-000,1,-0.10178506374359131
evaluation-9403-non-000,0,-0.0764450952410698
evaluation-9410-tar-000,1,0.21325400471687317
evaluation-9410-non-000,0,0.1283474862575531
evaluation-94105-tar-000,1,0.07078196853399277
evaluation-94105-non-000,0,-0.12899237871170044
evaluation-94125-tar-000,1,0.10331348329782486
evaluation-94125-non-000,0,-0.062190648168325424
evaluation-94226-tar-000,1,0.2648117244243622
evaluation-94226-non-000,0,0.07012508809566498
evaluation-94267-tar-000,1,0.02906268648803234
evaluation-94267-non-000,0,0.14700466394424438
evaluation-94270-tar-000,1,0.12313494086265564
evaluation-94270-non-000,0,0.06786729395389557
evaluation-94314-tar-000,1,0.28034675121307373
evaluation-94314-non-000,0,0.13421130180358887
evaluation-94421-tar-000,1,0.2511290907859802
evaluation-94421-non-000,0,0.10247808694839478
evaluation-94528-tar-000,1,0.24199770390987396
evaluation-94528-non-000,0,0.22182509303092957
evaluation-94550-tar-000,1,0.21448099613189697
evaluation-94550-non-000,0,0.1106991395354271
evaluation-94586-tar-000,1,0.03574913740158081
evaluation-94586-non-000,0,0.026828324422240257
evaluation-94633-tar-000,1,0.17934519052505493
evaluation-94633-non-000,0,0.17501528561115265
evaluation-94663-tar-000,1,0.34844446182250977
evaluation-94663-non-000,0,0.3568663001060486
evaluation-94668-tar-000,1,0.4180195927619934
evaluation-94668-non-000,0,0.20715618133544922
evaluation-9469-tar-000,1,0.3236156702041626
evaluation-9469-non-000,0,0.23639580607414246
evaluation-94740-tar-000,1,0.13720911741256714
evaluation-94740-non-000,0,0.019434144720435143
evaluation-94828-tar-000,1,0.0952877402305603
evaluation-94828-non-000,0,0.12250018864870071
evaluation-9485-tar-000,1,0.1727413833141327
evaluation-9485-non-000,0,0.1265215128660202
evaluation-94855-tar-000,1,0.1548447459936142
evaluation-94855-non-000,0,0.13324689865112305
evaluation-94971-tar-000,1,0.3256426453590393
evaluation-94971-non-000,0,0.3155559003353119
evaluation-95006-tar-000,1,0.35961028933525085
evaluation-95006-non-000,0,0.17128980159759521
evaluation-95020-tar-000,1,0.08357976377010345
evaluation-95020-non-000,0,-0.09318310022354126
evaluation-95031-tar-000,1,0.060071516782045364
evaluation-95031-non-000,0,-0.10860919207334518
evaluation-95045-tar-000,1,0.15275582671165466
evaluation-95045-non-000,0,0.11066155880689621
evaluation-95072-tar-000,1,0.15937259793281555
evaluation-95072-non-000,0,-0.05456492677330971
evaluation-9512-tar-000,1,0.2777348756790161
evaluation-9512-non-000,0,0.05046342313289642
evaluation-95166-tar-000,1,0.2677246034145355
evaluation-95166-non-000,0,0.2934798002243042
evaluation-95174-tar-000,1,0.05087099224328995
evaluation-95174-non-000,0,-0.23648324608802795
evaluation-95198-tar-000,1,0.05520181357860565
evaluation-95198-non-000,0,0.15796226263046265
evaluation-9522-tar-000,1,0.1417093724012375
evaluation-9522-non-000,0,-0.015549722127616405
evaluation-95229-tar-000,1,-0.05169641971588135
evaluation-95229-non-000,0,-0.13505935668945312
evaluation-95295-tar-000,1,0.09368519484996796
evaluation-95295-non-000,0,-0.005857905372977257
evaluation-95300-tar-000,1,0.13058313727378845
evaluation-95300-non-000,0,0.07384815812110901
evaluation-95303-tar-000,1,0.09697016328573227
evaluation-95303-non-000,0,0.10691900551319122
evaluation-95328-tar-000,1,0.06684282422065735
evaluation-95328-non-000,0,-0.09903606027364731
evaluation-95388-tar-000,1,0.027027752250432968
evaluation-95388-non-000,0,-0.20597119629383087
evaluation-9539-tar-000,1,0.07256361842155457
evaluation-9539-non-000,0,0.1697421669960022
evaluation-95424-tar-000,1,0.3901262879371643
evaluation-95424-non-000,0,-0.005142552778124809
evaluation-95459-tar-000,1,0.175796777009964
evaluation-95459-non-000,0,0.14593124389648438
evaluation-9549-tar-000,1,0.06888622045516968
evaluation-9549-non-000,0,-0.030276775360107422
evaluation-95789-tar-000,1,-0.07822336256504059
evaluation-95789-non-000,0,-0.05929272621870041
evaluation-95962-tar-000,1,0.23081207275390625
evaluation-95962-non-000,0,0.09566814452409744
evaluation-96017-tar-000,1,0.24893413484096527
evaluation-96017-non-000,0,0.24030539393424988
evaluation-96130-tar-000,1,0.11248765140771866
evaluation-96130-non-000,0,-0.12163348495960236
evaluation-9620-tar-000,1,-0.03636226803064346
evaluation-9620-non-000,0,-0.07604268193244934
evaluation-96371-tar-000,1,0.09530463069677353
evaluation-96371-non-000,0,0.004371533170342445
evaluation-96418-tar-000,1,0.21845495700836182
evaluation-96418-non-000,0,0.013302046805620193
evaluation-96443-tar-000,1,0.1227075606584549
evaluation-96443-non-000,0,0.04506226256489754
evaluation-96577-tar-000,1,0.15691553056240082
evaluation-96577-non-000,0,0.13598811626434326
evaluation-96613-tar-000,1,0.13371871411800385
evaluation-96613-non-000,0,0.004100189544260502
evaluation-96643-tar-000,1,0.37105584144592285
evaluation-96643-non-000,0,0.11464474350214005
evaluation-9666-tar-000,1,0.28208494186401367
evaluation-9666-non-000,0,-0.03693021088838577
evaluation-96665-tar-000,1,0.13220225274562836
evaluation-96665-non-000,0,0.1468208134174347
evaluation-96676-tar-000,1,-0.08553054928779602
evaluation-96676-non-000,0,-0.05835139378905296
evaluation-96701-tar-000,1,0.23471546173095703
evaluation-96701-non-000,0,0.03730732947587967
evaluation-96706-tar-000,1,0.04103904217481613
evaluation-96706-non-000,0,-0.15289631485939026
evaluation-96712-tar-000,1,-0.018576279282569885
evaluation-96712-non-000,0,0.016917958855628967
evaluation-96767-tar-000,1,0.03329268842935562
evaluation-96767-non-000,0,-0.03833913803100586
evaluation-96844-tar-000,1,0.11249443143606186
evaluation-96844-non-000,0,0.0032771825790405273
evaluation-9696-tar-000,1,-0.03743351250886917
evaluation-9696-non-000,0,-0.12242397665977478
evaluation-96984-tar-000,1,0.02502237632870674
evaluation-96984-non-000,0,-0.11943791806697845
evaluation-9705-tar-000,1,0.2825673222541809
evaluation-9705-non-000,0,0.05231783539056778
evaluation-9706-tar-000,1,0.004392847418785095
evaluation-9706-non-000,0,-0.05169393867254257
evaluation-97072-tar-000,1,0.08742935955524445
evaluation-97072-non-000,0,0.18197816610336304
evaluation-9737-tar-000,1,0.09362222254276276
evaluation-9737-non-000,0,0.09382554888725281
evaluation-97434-tar-000,1,0.1098940521478653
evaluation-97434-non-000,0,0.004414813593029976
evaluation-9752-tar-000,1,0.03158839792013168
evaluation-9752-non-000,0,-0.009397154673933983
evaluation-97550-tar-000,1,0.24543587863445282
evaluation-97550-non-000,0,-0.03309592604637146
evaluation-97588-tar-000,1,0.07385548204183578
evaluation-97588-non-000,0,0.15867039561271667
evaluation-97624-tar-000,1,0.14562278985977173
evaluation-97624-non-000,0,0.13964486122131348
evaluation-9767-tar-000,1,0.13471569120883942
evaluation-9767-non-000,0,-0.003636859357357025
evaluation-97695-tar-000,1,0.21273888647556305
evaluation-97695-non-000,0,0.13165441155433655
evaluation-97860-tar-000,1,0.15090259909629822
evaluation-97860-non-000,0,-0.03753712773323059
evaluation-97937-tar-000,1,0.13289013504981995
evaluation-97937-non-000,0,0.09175068140029907
evaluation-97953-tar-000,1,0.2297217696905136
evaluation-97953-non-000,0,0.13424190878868103
evaluation-9817-tar-000,1,0.15322443842887878
evaluation-9817-non-000,0,0.0075937677174806595
evaluation-9830-tar-000,1,0.06270511448383331
evaluation-9830-non-000,0,0.060915470123291016
evaluation-98327-tar-000,1,0.21537476778030396
evaluation-98327-non-000,0,0.22100137174129486
evaluation-9835-tar-000,1,0.20287248492240906
evaluation-9835-non-000,0,0.10111452639102936
evaluation-98459-tar-000,1,0.03053581342101097
evaluation-98459-non-000,0,-0.16912399232387543
evaluation-98514-tar-000,1,0.1313760131597519
evaluation-98514-non-000,0,-0.12622196972370148
evaluation-98588-tar-000,1,-0.015538245439529419
evaluation-98588-non-000,0,-0.06797685474157333
evaluation-9859-tar-000,1,-0.03639788553118706
evaluation-9859-non-000,0,-0.07899437099695206
evaluation-9863-tar-000,1,0.07933083176612854
evaluation-9863-non-000,0,0.004097236320376396
evaluation-9871-tar-000,1,-0.06693825125694275
evaluation-9871-non-000,0,-0.20592652261257172
evaluation-9872-tar-000,1,0.050408706068992615
evaluation-9872-non-000,0,-0.005523880012333393
evaluation-98731-tar-000,1,0.09186343848705292
evaluation-98731-non-000,0,0.09037642180919647
evaluation-98744-tar-000,1,0.3050229549407959
evaluation-98744-non-000,0,0.008096439763903618
evaluation-98821-tar-000,1,0.12195692956447601
evaluation-98821-non-000,0,-0.0006878525018692017
evaluation-99038-tar-000,1,0.017140831798315048
evaluation-99038-non-000,0,0.15141458809375763
evaluation-9904-tar-000,1,0.08786377310752869
evaluation-9904-non-000,0,0.1953640580177307
evaluation-99123-tar-000,1,0.22917579114437103
evaluation-99123-non-000,0,0.13932648301124573
evaluation-99148-tar-000,1,0.2950892448425293
evaluation-99148-non-000,0,0.21995505690574646
evaluation-9915-tar-000,1,0.09648306667804718
evaluation-9915-non-000,0,0.15615683794021606
evaluation-99195-tar-000,1,-0.013592430390417576
evaluation-99195-non-000,0,0.09985673427581787
evaluation-99206-tar-000,1,0.18555867671966553
evaluation-99206-non-000,0,0.1542651653289795
evaluation-99230-tar-000,1,-0.09199486672878265
evaluation-99230-non-000,0,-0.09812738001346588
evaluation-99241-tar-000,1,0.043629251420497894
evaluation-99241-non-000,0,0.043869227170944214
evaluation-9928-tar-000,1,-0.01552533358335495
evaluation-9928-non-000,0,-0.10365019738674164
evaluation-9932-tar-000,1,0.33746588230133057
evaluation-9932-non-000,0,0.08618897199630737
evaluation-99321-tar-000,1,0.16967040300369263
evaluation-99321-non-000,0,-0.057357653975486755
evaluation-99349-tar-000,1,0.06118635833263397
evaluation-99349-non-000,0,0.027281399816274643
evaluation-9946-tar-000,1,0.2596522271633148
evaluation-9946-non-000,0,0.23495981097221375
evaluation-99461-tar-000,1,0.12391060590744019
evaluation-99461-non-000,0,0.14994822442531586
evaluation-9948-tar-000,1,0.13711252808570862
evaluation-9948-non-000,0,-0.05156507343053818
evaluation-9949-tar-000,1,0.014142327010631561
evaluation-9949-non-000,0,-0.07835189253091812
evaluation-99497-tar-000,1,0.13820883631706238
evaluation-99497-non-000,0,0.027402374893426895
evaluation-99640-tar-000,1,0.251345157623291
evaluation-99640-non-000,0,0.22883835434913635
evaluation-99692-tar-000,1,-0.022869903594255447
evaluation-99692-non-000,0,-0.03728634491562843
evaluation-9971-tar-000,1,-0.05358941853046417
evaluation-9971-non-000,0,0.01986781135201454
evaluation-9972-tar-000,1,0.2135038524866104
evaluation-9972-non-000,0,-0.0007352456450462341
evaluation-9979-tar-000,1,0.043186236172914505
evaluation-9979-non-000,0,0.1702517867088318
evaluation-9985-tar-000,1,0.08409827202558517
evaluation-9985-non-000,0,0.06136101111769676
evaluation-9993-tar-000,1,0.1492655873298645
evaluation-9993-non-000,0,0.11223050951957703
evaluation-9994-tar-000,1,0.25632575154304504
evaluation-9994-non-000,0,0.22089634835720062
evaluation-99945-tar-000,1,0.10983993113040924
evaluation-99945-non-000,0,-0.12472675740718842
evaluation-99967-tar-000,1,-0.021922899410128593
evaluation-99967-non-000,0,-0.13729119300842285
evaluation-9997-tar-000,1,0.026730582118034363
evaluation-9997-non-000,0,-0.1416737586259842
