trial_id,label,score
evaluation-1007-tar-000,1,-0.011114336550235748
evaluation-1007-non-000,0,0.03792949765920639
evaluation-1008-tar-000,1,0.09549979865550995
evaluation-1008-non-000,0,-0.07057129591703415
evaluation-1013-tar-000,1,0.15543648600578308
evaluation-1013-non-000,0,0.17411166429519653
evaluation-10178-tar-000,1,0.0416003093123436
evaluation-10178-non-000,0,0.2314159870147705
evaluation-1024-tar-000,1,0.18140143156051636
evaluation-1024-non-000,0,-0.04632824286818504
evaluation-10282-tar-000,1,0.11822226643562317
evaluation-10282-non-000,0,0.008593859151005745
evaluation-10346-tar-000,1,0.018005283549427986
evaluation-10346-non-000,0,-0.01961979828774929
evaluation-10406-tar-000,1,0.014803001657128334
evaluation-10406-non-000,0,0.09639651328325272
evaluation-10428-tar-000,1,0.13883227109909058
evaluation-10428-non-000,0,0.10086598247289658
evaluation-10444-tar-000,1,0.1279984563589096
evaluation-10444-non-000,0,0.140800341963768
evaluation-10538-tar-000,1,0.016987714916467667
evaluation-10538-non-000,0,0.10771791636943817
evaluation-1055-tar-000,1,-0.019111208617687225
evaluation-1055-non-000,0,-0.06320786476135254
evaluation-1056-tar-000,1,-0.15486131608486176
evaluation-1056-non-000,0,-0.14515945315361023
evaluation-10606-tar-000,1,0.16268885135650635
evaluation-10606-non-000,0,-0.019754581153392792
evaluation-1063-tar-000,1,0.2509530186653137
evaluation-1063-non-000,0,0.024788979440927505
evaluation-10642-tar-000,1,0.015039097517728806
evaluation-10642-non-000,0,-0.03268079459667206
evaluation-10689-tar-000,1,0.09870389848947525
evaluation-10689-non-000,0,0.031220752745866776
evaluation-10711-tar-000,1,-0.053545739501714706
evaluation-10711-non-000,0,-0.1752013862133026
evaluation-10738-tar-000,1,0.07052464783191681
evaluation-10738-non-000,0,-0.08710655570030212
evaluation-10802-tar-000,1,-0.1947512924671173
evaluation-10802-non-000,0,0.07513727992773056
evaluation-10862-tar-000,1,0.14890556037425995
evaluation-10862-non-000,0,-0.11038108170032501
evaluation-10966-tar-000,1,-0.01977602206170559
evaluation-10966-non-000,0,-0.017521847039461136
evaluation-1100-tar-000,1,-0.01983403041958809
evaluation-1100-non-000,0,0.16037216782569885
evaluation-11060-tar-000,1,-0.0859370082616806
evaluation-11060-non-000,0,-0.0755510926246643
evaluation-11126-tar-000,1,0.10196029394865036
evaluation-11126-non-000,0,0.2146741896867752
evaluation-11189-tar-000,1,-0.04501142352819443
evaluation-11189-non-000,0,-0.050119027495384216
evaluation-1122-tar-000,1,0.20115749537944794
evaluation-1122-non-000,0,0.06126207113265991
evaluation-1130-tar-000,1,0.006223615258932114
evaluation-1130-non-000,0,-0.010025078430771828
evaluation-11392-tar-000,1,0.1912982016801834
evaluation-11392-non-000,0,0.15408775210380554
evaluation-11485-tar-000,1,-0.026389962062239647
evaluation-11485-non-000,0,-0.18486356735229492
evaluation-11513-tar-000,1,0.07216355204582214
evaluation-11513-non-000,0,0.08025239408016205
evaluation-1162-tar-000,1,-0.12419694662094116
evaluation-1162-non-000,0,0.026383284479379654
evaluation-11647-tar-000,1,-0.015894878655672073
evaluation-11647-non-000,0,0.17943279445171356
evaluation-1165-tar-000,1,0.09031738340854645
evaluation-1165-non-000,0,-0.0678194910287857
evaluation-11664-tar-000,1,0.06942892074584961
evaluation-11664-non-000,0,0.04278166964650154
evaluation-1169-tar-000,1,0.2002749741077423
evaluation-1169-non-000,0,0.21569675207138062
evaluation-11757-tar-000,1,0.07522528618574142
evaluation-11757-non-000,0,0.0026737526059150696
evaluation-11845-tar-000,1,0.06385871767997742
evaluation-11845-non-000,0,0.0741775631904602
evaluation-1198-tar-000,1,0.08101838827133179
evaluation-1198-non-000,0,-0.020893629640340805
evaluation-1203-tar-000,1,0.052425723522901535
evaluation-1203-non-000,0,-0.11099183559417725
evaluation-12106-tar-000,1,-0.14519789814949036
evaluation-12106-non-000,0,0.01375737413764
evaluation-12112-tar-000,1,-0.17637747526168823
evaluation-12112-non-000,0,0.07396546751260757
evaluation-12156-tar-000,1,0.07097119092941284
evaluation-12156-non-000,0,0.0859537348151207
evaluation-12197-tar-000,1,0.22200565040111542
evaluation-12197-non-000,0,-0.008335508406162262
evaluation-12210-tar-000,1,-0.07719911634922028
evaluation-12210-non-000,0,0.027644742280244827
evaluation-12224-tar-000,1,0.2911904454231262
evaluation-12224-non-000,0,-0.10325533896684647
evaluation-12323-tar-000,1,-0.011115707457065582
evaluation-12323-non-000,0,0.11485223472118378
evaluation-1235-tar-000,1,0.040548376739025116
evaluation-1235-non-000,0,0.04608902335166931
evaluation-1238-tar-000,1,-0.016331125050783157
evaluation-1238-non-000,0,0.06872095167636871
evaluation-12395-tar-000,1,0.07766199856996536
evaluation-12395-non-000,0,-0.08118054270744324
evaluation-12408-tar-000,1,-0.036682143807411194
evaluation-12408-non-000,0,-0.0051208846271038055
evaluation-12414-tar-000,1,-0.019877564162015915
evaluation-12414-non-000,0,0.09541760385036469
evaluation-12661-tar-000,1,0.09573091566562653
evaluation-12661-non-000,0,0.0509164035320282
evaluation-12666-tar-000,1,0.08641545474529266
evaluation-12666-non-000,0,-0.02969237044453621
evaluation-12669-tar-000,1,-0.03464791551232338
evaluation-12669-non-000,0,0.06781831383705139
evaluation-1270-tar-000,1,0.04703432321548462
evaluation-1270-non-000,0,0.11001250147819519
evaluation-1274-tar-000,1,0.11837848275899887
evaluation-1274-non-000,0,0.035520125180482864
evaluation-12796-tar-000,1,0.1485920548439026
evaluation-12796-non-000,0,-0.10507342219352722
evaluation-12807-tar-000,1,-0.11316432058811188
evaluation-12807-non-000,0,-0.21265177428722382
evaluation-12828-tar-000,1,0.27127474546432495
evaluation-12828-non-000,0,0.13470065593719482
evaluation-12919-tar-000,1,0.016494112089276314
evaluation-12919-non-000,0,0.0936068743467331
evaluation-1297-tar-000,1,-0.0395391620695591
evaluation-1297-non-000,0,-0.02519121952354908
evaluation-1303-tar-000,1,-0.2529451549053192
evaluation-1303-non-000,0,-0.23682478070259094
evaluation-13194-tar-000,1,0.07827413082122803
evaluation-13194-non-000,0,-0.07817278057336807
evaluation-1320-tar-000,1,-0.06005527079105377
evaluation-1320-non-000,0,0.013106695376336575
evaluation-13298-tar-000,1,0.23759832978248596
evaluation-13298-non-000,0,-0.07695689052343369
evaluation-1334-tar-000,1,-0.0018367096781730652
evaluation-1334-non-000,0,0.016558319330215454
evaluation-13663-tar-000,1,-0.02410658448934555
evaluation-13663-non-000,0,-0.14439183473587036
evaluation-13666-tar-000,1,-0.014565585181117058
evaluation-13666-non-000,0,0.18449634313583374
evaluation-13707-tar-000,1,-0.1118386834859848
evaluation-13707-non-000,0,0.20984262228012085
evaluation-1372-tar-000,1,0.04950408264994621
evaluation-1372-non-000,0,0.07796818017959595
evaluation-13754-tar-000,1,0.0737491250038147
evaluation-13754-non-000,0,-0.17853572964668274
evaluation-13806-tar-000,1,0.16532790660858154
evaluation-13806-non-000,0,0.22338156402111053
evaluation-13839-tar-000,1,-0.02449348382651806
evaluation-13839-non-000,0,0.07848619669675827
evaluation-13985-tar-000,1,0.08991269767284393
evaluation-13985-non-000,0,0.08070004731416702
evaluation-14001-tar-000,1,0.060398489236831665
evaluation-14001-non-000,0,0.033252302557229996
evaluation-1401-tar-000,1,0.04475885257124901
evaluation-1401-non-000,0,0.11736802756786346
evaluation-14075-tar-000,1,0.09276276081800461
evaluation-14075-non-000,0,0.10427217930555344
evaluation-1409-tar-000,1,0.03555472567677498
evaluation-1409-non-000,0,-0.028525281697511673
evaluation-14106-tar-000,1,0.06691569089889526
evaluation-14106-non-000,0,0.10114937275648117
evaluation-1414-tar-000,1,-0.10125106573104858
evaluation-1414-non-000,0,-0.2146724909543991
evaluation-14259-tar-000,1,-0.030317887663841248
evaluation-14259-non-000,0,0.10630318522453308
evaluation-14430-tar-000,1,0.09018491953611374
evaluation-14430-non-000,0,0.1070629432797432
evaluation-14737-tar-000,1,0.032074593007564545
evaluation-14737-non-000,0,-0.07596006989479065
evaluation-1475-tar-000,1,0.07104717195034027
evaluation-1475-non-000,0,0.27736955881118774
evaluation-14790-tar-000,1,-0.026257473975419998
evaluation-14790-non-000,0,0.22384515404701233
evaluation-1480-tar-000,1,-0.0398133248090744
evaluation-1480-non-000,0,0.2826003432273865
evaluation-14869-tar-000,1,0.20655037462711334
evaluation-14869-non-000,0,0.1330137848854065
evaluation-14875-tar-000,1,0.20892122387886047
evaluation-14875-non-000,0,-0.012273656204342842
evaluation-14877-tar-000,1,-0.22351330518722534
evaluation-14877-non-000,0,-0.08344174176454544
evaluation-14888-tar-000,1,0.008949842303991318
evaluation-14888-non-000,0,0.16832652688026428
evaluation-14987-tar-000,1,-0.05129377543926239
evaluation-14987-non-000,0,-0.014018137007951736
evaluation-1507-tar-000,1,0.034662917256355286
evaluation-1507-non-000,0,-0.013176355510950089
evaluation-15073-tar-000,1,-0.005686342716217041
evaluation-15073-non-000,0,0.006816308945417404
evaluation-15133-tar-000,1,-0.05757196992635727
evaluation-15133-non-000,0,-0.019236505031585693
evaluation-15169-tar-000,1,0.014105908572673798
evaluation-15169-non-000,0,0.13401147723197937
evaluation-15180-tar-000,1,0.02026207745075226
evaluation-15180-non-000,0,-0.21006184816360474
evaluation-1522-tar-000,1,0.23777437210083008
evaluation-1522-non-000,0,0.09781286120414734
evaluation-1524-tar-000,1,0.08448760211467743
evaluation-1524-non-000,0,-0.033522509038448334
evaluation-15243-tar-000,1,0.0532623827457428
evaluation-15243-non-000,0,0.10559375584125519
evaluation-15298-tar-000,1,-0.021549686789512634
evaluation-15298-non-000,0,-0.08018876612186432
evaluation-1539-tar-000,1,-0.18665017187595367
evaluation-1539-non-000,0,-0.0908416137099266
evaluation-15462-tar-000,1,0.0835808515548706
evaluation-15462-non-000,0,-0.11914446204900742
evaluation-1548-tar-000,1,0.1895957589149475
evaluation-1548-non-000,0,0.09417407959699631
evaluation-15501-tar-000,1,-0.05146564543247223
evaluation-15501-non-000,0,0.04312463849782944
evaluation-15515-tar-000,1,-0.17792057991027832
evaluation-15515-non-000,0,0.24153360724449158
evaluation-1554-tar-000,1,0.08547349274158478
evaluation-1554-non-000,0,-0.07871653139591217
evaluation-15570-tar-000,1,0.27661916613578796
evaluation-15570-non-000,0,-0.029044905677437782
evaluation-15581-tar-000,1,0.3581797480583191
evaluation-15581-non-000,0,0.09746163338422775
evaluation-15600-tar-000,1,-0.03577045351266861
evaluation-15600-non-000,0,-0.10745196044445038
evaluation-15699-tar-000,1,-0.013087162747979164
evaluation-15699-non-000,0,0.17532943189144135
evaluation-15817-tar-000,1,-0.030381623655557632
evaluation-15817-non-000,0,0.08056110888719559
evaluation-15839-tar-000,1,0.01178688183426857
evaluation-15839-non-000,0,0.08496074378490448
evaluation-15855-tar-000,1,-0.09292387962341309
evaluation-15855-non-000,0,0.21732160449028015
evaluation-15866-tar-000,1,-0.14180389046669006
evaluation-15866-non-000,0,0.1059240996837616
evaluation-15885-tar-000,1,0.043402500450611115
evaluation-15885-non-000,0,-0.019693763926625252
evaluation-15993-tar-000,1,0.12682664394378662
evaluation-15993-non-000,0,0.07414430379867554
evaluation-1603-tar-000,1,0.019544417038559914
evaluation-1603-non-000,0,0.0815080851316452
evaluation-16223-tar-000,1,-0.014419449493288994
evaluation-16223-non-000,0,0.09499812126159668
evaluation-1631-tar-000,1,0.22263401746749878
evaluation-1631-non-000,0,-0.20339998602867126
evaluation-1632-tar-000,1,0.14336884021759033
evaluation-1632-non-000,0,-0.02214365266263485
evaluation-1633-tar-000,1,0.23592093586921692
evaluation-1633-non-000,0,-0.12338370829820633
evaluation-1646-tar-000,1,-0.018994973972439766
evaluation-1646-non-000,0,-0.058312173932790756
evaluation-16473-tar-000,1,0.07657716423273087
evaluation-16473-non-000,0,0.036322109401226044
evaluation-16490-tar-000,1,0.15351487696170807
evaluation-16490-non-000,0,0.15459772944450378
evaluation-1650-tar-000,1,-0.05781080573797226
evaluation-1650-non-000,0,-0.13354605436325073
evaluation-16520-tar-000,1,0.14604496955871582
evaluation-16520-non-000,0,0.03555098548531532
evaluation-16608-tar-000,1,-0.035843539983034134
evaluation-16608-non-000,0,0.05574340000748634
evaluation-16635-tar-000,1,-0.04342164099216461
evaluation-16635-non-000,0,0.008543193340301514
evaluation-16665-tar-000,1,-0.047267332673072815
evaluation-16665-non-000,0,-0.10267352312803268
evaluation-1681-tar-000,1,0.3363302946090698
evaluation-1681-non-000,0,-0.1497718095779419
evaluation-16849-tar-000,1,-0.03597789630293846
evaluation-16849-non-000,0,-0.19349177181720734
evaluation-16855-tar-000,1,0.19395887851715088
evaluation-16855-non-000,0,-0.09510863572359085
evaluation-16976-tar-000,1,0.15516890585422516
evaluation-16976-non-000,0,-0.03091958910226822
evaluation-1707-tar-000,1,-0.18846604228019714
evaluation-1707-non-000,0,0.1435946673154831
evaluation-17121-tar-000,1,-0.053420886397361755
evaluation-17121-non-000,0,0.021648570895195007
evaluation-17163-tar-000,1,0.14766837656497955
evaluation-17163-non-000,0,-0.06986355781555176
evaluation-17165-tar-000,1,-0.11904153972864151
evaluation-17165-non-000,0,0.04264748468995094
evaluation-17182-tar-000,1,-0.03476373106241226
evaluation-17182-non-000,0,0.03323586285114288
evaluation-17717-tar-000,1,0.20797279477119446
evaluation-17717-non-000,0,0.028938204050064087
evaluation-1777-tar-000,1,0.16791656613349915
evaluation-1777-non-000,0,-0.16580703854560852
evaluation-1778-tar-000,1,0.017551830038428307
evaluation-1778-non-000,0,0.028582949191331863
evaluation-1780-tar-000,1,-0.0696738213300705
evaluation-1780-non-000,0,-0.2511596381664276
evaluation-17805-tar-000,1,0.004117012023925781
evaluation-17805-non-000,0,-0.1975807249546051
evaluation-1781-tar-000,1,0.09451622515916824
evaluation-1781-non-000,0,-0.0675065889954567
evaluation-17871-tar-000,1,0.20233219861984253
evaluation-17871-non-000,0,0.017569128423929214
evaluation-1790-tar-000,1,-0.016432754695415497
evaluation-1790-non-000,0,-0.07552213966846466
evaluation-17918-tar-000,1,-0.026140064001083374
evaluation-17918-non-000,0,0.11934980750083923
evaluation-17970-tar-000,1,0.04958219453692436
evaluation-17970-non-000,0,0.013972010463476181
evaluation-1800-tar-000,1,0.06878408789634705
evaluation-1800-non-000,0,-0.040771402418613434
evaluation-18041-tar-000,1,-0.06592206656932831
evaluation-18041-non-000,0,-0.06321447342634201
evaluation-1812-tar-000,1,-0.12001171708106995
evaluation-1812-non-000,0,0.010311019606888294
evaluation-18146-tar-000,1,0.04763345420360565
evaluation-18146-non-000,0,-0.05999910831451416
evaluation-18176-tar-000,1,0.06337501108646393
evaluation-18176-non-000,0,-0.13825595378875732
evaluation-1818-tar-000,1,-0.04324175789952278
evaluation-1818-non-000,0,0.11840031296014786
evaluation-18245-tar-000,1,0.04973841458559036
evaluation-18245-non-000,0,-0.08826388418674469
evaluation-18286-tar-000,1,0.11562278121709824
evaluation-18286-non-000,0,0.4189833402633667
evaluation-18294-tar-000,1,0.11144496500492096
evaluation-18294-non-000,0,0.022852111607789993
evaluation-18390-tar-000,1,-0.05368288978934288
evaluation-18390-non-000,0,0.10056709498167038
evaluation-18407-tar-000,1,0.06750541925430298
evaluation-18407-non-000,0,0.2545734643936157
evaluation-1845-tar-000,1,0.04992154240608215
evaluation-1845-non-000,0,-0.03991146385669708
evaluation-1847-tar-000,1,-0.025687603279948235
evaluation-1847-non-000,0,-0.11206251382827759
evaluation-1859-tar-000,1,-0.05207640305161476
evaluation-1859-non-000,0,-0.00362280011177063
evaluation-1868-tar-000,1,-0.004569433629512787
evaluation-1868-non-000,0,0.19299554824829102
evaluation-18708-tar-000,1,0.024020515382289886
evaluation-18708-non-000,0,-0.04480673745274544
evaluation-18835-tar-000,1,-0.09457232803106308
evaluation-18835-non-000,0,0.02008124813437462
evaluation-1896-tar-000,1,0.1291065216064453
evaluation-1896-non-000,0,-0.1466439664363861
evaluation-1904-tar-000,1,0.20676201581954956
evaluation-1904-non-000,0,-0.03439950942993164
evaluation-19077-tar-000,1,0.16001008450984955
evaluation-19077-non-000,0,0.1189955472946167
evaluation-19288-tar-000,1,-0.025026220828294754
evaluation-19288-non-000,0,0.00681876577436924
evaluation-19371-tar-000,1,-0.008476916700601578
evaluation-19371-non-000,0,-0.06220487505197525
evaluation-19407-tar-000,1,0.13263264298439026
evaluation-19407-non-000,0,0.20300355553627014
evaluation-19549-tar-000,1,0.002117520198225975
evaluation-19549-non-000,0,-0.13459652662277222
evaluation-1958-tar-000,1,-0.041257716715335846
evaluation-1958-non-000,0,0.09576299786567688
evaluation-1960-tar-000,1,-0.04371621087193489
evaluation-1960-non-000,0,0.06434432417154312
evaluation-19659-tar-000,1,0.47929316759109497
evaluation-19659-non-000,0,0.15966781973838806
evaluation-19714-tar-000,1,0.13091427087783813
evaluation-19714-non-000,0,0.031702280044555664
evaluation-19761-tar-000,1,0.21279296278953552
evaluation-19761-non-000,0,-0.041336312890052795
evaluation-19819-tar-000,1,-0.14295080304145813
evaluation-19819-non-000,0,0.08526497334241867
evaluation-19865-tar-000,1,0.21871015429496765
evaluation-19865-non-000,0,0.1181410625576973
evaluation-1994-tar-000,1,-0.11651494354009628
evaluation-1994-non-000,0,0.1632632613182068
evaluation-20000-tar-000,1,0.05838191509246826
evaluation-20000-non-000,0,0.03700822964310646
evaluation-2020-tar-000,1,-0.10869719833135605
evaluation-2020-non-000,0,0.004007106646895409
evaluation-20244-tar-000,1,0.09261573851108551
evaluation-20244-non-000,0,-0.09306971728801727
evaluation-2037-tar-000,1,0.4373505115509033
evaluation-2037-non-000,0,0.33126240968704224
evaluation-20458-tar-000,1,0.17059296369552612
evaluation-20458-non-000,0,-0.008852919563651085
evaluation-20461-tar-000,1,0.2192118763923645
evaluation-20461-non-000,0,-0.16436418890953064
evaluation-2059-tar-000,1,-0.1890839785337448
evaluation-2059-non-000,0,0.006562959402799606
evaluation-20667-tar-000,1,0.06923675537109375
evaluation-20667-non-000,0,-0.00934622809290886
evaluation-20673-tar-000,1,0.009266352280974388
evaluation-20673-non-000,0,0.03645818680524826
evaluation-2077-tar-000,1,0.22710362076759338
evaluation-2077-non-000,0,-0.10978356003761292
evaluation-20870-tar-000,1,0.10141552984714508
evaluation-20870-non-000,0,-0.06088597699999809
evaluation-20881-tar-000,1,0.07293716073036194
evaluation-20881-non-000,0,0.01855892688035965
evaluation-2090-tar-000,1,-0.01742752641439438
evaluation-2090-non-000,0,0.17109084129333496
evaluation-2092-tar-000,1,-0.02844010666012764
evaluation-2092-non-000,0,0.12378863990306854
evaluation-2093-tar-000,1,0.12882006168365479
evaluation-2093-non-000,0,-0.029428137466311455
evaluation-2094-tar-000,1,0.030298380181193352
evaluation-2094-non-000,0,0.3405846655368805
evaluation-20947-tar-000,1,-0.11385640501976013
evaluation-20947-non-000,0,-0.06320592761039734
evaluation-21041-tar-000,1,0.015535805374383926
evaluation-21041-non-000,0,-0.23788931965827942
evaluation-21082-tar-000,1,0.21246136724948883
evaluation-21082-non-000,0,0.31016647815704346
evaluation-21120-tar-000,1,0.1318727433681488
evaluation-21120-non-000,0,0.0024386681616306305
evaluation-21181-tar-000,1,-0.0054152123630046844
evaluation-21181-non-000,0,0.015312131494283676
evaluation-2124-tar-000,1,0.0948384627699852
evaluation-2124-non-000,0,-0.24075636267662048
evaluation-21258-tar-000,1,0.09641865640878677
evaluation-21258-non-000,0,0.0595296286046505
evaluation-21280-tar-000,1,0.07938945293426514
evaluation-21280-non-000,0,-0.04939614236354828
evaluation-2130-tar-000,1,0.029734231531620026
evaluation-2130-non-000,0,0.0692635178565979
evaluation-21403-tar-000,1,-0.04539889842271805
evaluation-21403-non-000,0,0.17319361865520477
evaluation-2159-tar-000,1,-0.05490459129214287
evaluation-2159-non-000,0,-0.1151910200715065
evaluation-21629-tar-000,1,0.021674249321222305
evaluation-21629-non-000,0,0.11929436028003693
evaluation-2168-tar-000,1,0.26410403847694397
evaluation-2168-non-000,0,0.07770082354545593
evaluation-2171-tar-000,1,0.07438132911920547
evaluation-2171-non-000,0,0.26482924818992615
evaluation-2181-tar-000,1,0.18442180752754211
evaluation-2181-non-000,0,-0.049761559814214706
evaluation-2186-tar-000,1,-0.005998402833938599
evaluation-2186-non-000,0,0.1839902102947235
evaluation-21928-tar-000,1,-0.0386730395257473
evaluation-21928-non-000,0,-0.05498407781124115
evaluation-2196-tar-000,1,0.16395749151706696
evaluation-2196-non-000,0,-0.09672978520393372
evaluation-21969-tar-000,1,0.1800297498703003
evaluation-21969-non-000,0,-0.12038453668355942
evaluation-2199-tar-000,1,0.05211648717522621
evaluation-2199-non-000,0,-0.04042189568281174
evaluation-21991-tar-000,1,0.2053014039993286
evaluation-21991-non-000,0,-0.060063671320676804
evaluation-2200-tar-000,1,0.2932775020599365
evaluation-2200-non-000,0,0.10999293625354767
evaluation-22062-tar-000,1,-0.18758715689182281
evaluation-22062-non-000,0,0.0066412389278411865
evaluation-22090-tar-000,1,0.10816086828708649
evaluation-22090-non-000,0,0.1556292474269867
evaluation-22134-tar-000,1,-0.05969051644206047
evaluation-22134-non-000,0,0.002381540834903717
evaluation-22142-tar-000,1,0.1127619668841362
evaluation-22142-non-000,0,-0.006652791053056717
evaluation-22290-tar-000,1,0.0710718184709549
evaluation-22290-non-000,0,0.03528498113155365
evaluation-2233-tar-000,1,-0.12972545623779297
evaluation-2233-non-000,0,0.10304533690214157
evaluation-22345-tar-000,1,0.022016435861587524
evaluation-22345-non-000,0,0.07736840099096298
evaluation-22365-tar-000,1,-0.02005058526992798
evaluation-22365-non-000,0,0.00016710907220840454
evaluation-22483-tar-000,1,0.10676588863134384
evaluation-22483-non-000,0,0.024121269583702087
evaluation-22521-tar-000,1,-0.07567350566387177
evaluation-22521-non-000,0,0.12035919725894928
evaluation-22595-tar-000,1,-0.12961919605731964
evaluation-22595-non-000,0,0.2534392476081848
evaluation-22738-tar-000,1,0.21099865436553955
evaluation-22738-non-000,0,0.25698572397232056
evaluation-22760-tar-000,1,0.11695034801959991
evaluation-22760-non-000,0,0.11430762708187103
evaluation-2290-tar-000,1,0.19260509312152863
evaluation-2290-non-000,0,-0.09224635362625122
evaluation-2291-tar-000,1,0.22813841700553894
evaluation-2291-non-000,0,0.17187997698783875
evaluation-22988-tar-000,1,0.18045082688331604
evaluation-22988-non-000,0,-0.02579653263092041
evaluation-2305-tar-000,1,0.04860327020287514
evaluation-2305-non-000,0,0.06895525753498077
evaluation-23051-tar-000,1,0.21780970692634583
evaluation-23051-non-000,0,-0.042387064546346664
evaluation-23200-tar-000,1,0.18922632932662964
evaluation-23200-non-000,0,0.297492116689682
evaluation-23224-tar-000,1,-0.30628758668899536
evaluation-23224-non-000,0,-0.008080953732132912
evaluation-23246-tar-000,1,0.1359890103340149
evaluation-23246-non-000,0,0.08695259690284729
evaluation-2327-tar-000,1,0.08862042427062988
evaluation-2327-non-000,0,-0.04058122634887695
evaluation-23406-tar-000,1,0.017266444861888885
evaluation-23406-non-000,0,-0.09005877375602722
evaluation-23422-tar-000,1,-0.2759307324886322
evaluation-23422-non-000,0,0.018501272425055504
evaluation-2346-tar-000,1,-0.01002463698387146
evaluation-2346-non-000,0,-0.11143676936626434
evaluation-23482-tar-000,1,0.07740150392055511
evaluation-23482-non-000,0,-0.17201350629329681
evaluation-2349-tar-000,1,-0.10034912079572678
evaluation-2349-non-000,0,-0.06934665143489838
evaluation-23510-tar-000,1,0.023181132972240448
evaluation-23510-non-000,0,0.04344175010919571
evaluation-23623-tar-000,1,-0.14220720529556274
evaluation-23623-non-000,0,-0.0819222554564476
evaluation-2363-tar-000,1,0.06800514459609985
evaluation-2363-non-000,0,0.18421794474124908
evaluation-23721-tar-000,1,0.24040822684764862
evaluation-23721-non-000,0,0.24103516340255737
evaluation-23743-tar-000,1,0.02409602329134941
evaluation-23743-non-000,0,0.0939808115363121
evaluation-23845-tar-000,1,-0.018177960067987442
evaluation-23845-non-000,0,-0.007649194449186325
evaluation-23878-tar-000,1,0.020113348960876465
evaluation-23878-non-000,0,-0.09265080094337463
evaluation-2389-tar-000,1,0.02335704118013382
evaluation-2389-non-000,0,0.025929775089025497
evaluation-23988-tar-000,1,0.1614537537097931
evaluation-23988-non-000,0,0.01954047754406929
evaluation-2400-tar-000,1,0.17129114270210266
evaluation-2400-non-000,0,-0.11874274909496307
evaluation-24035-tar-000,1,0.16613975167274475
evaluation-24035-non-000,0,-0.0008047297596931458
evaluation-24054-tar-000,1,0.17760828137397766
evaluation-24054-non-000,0,0.04357399046421051
evaluation-24117-tar-000,1,0.02061549201607704
evaluation-24117-non-000,0,-0.1416870653629303
evaluation-24158-tar-000,1,0.1925150752067566
evaluation-24158-non-000,0,-0.07934200763702393
evaluation-2421-tar-000,1,0.002851337194442749
evaluation-2421-non-000,0,0.07765443623065948
evaluation-24241-tar-000,1,-0.06929442286491394
evaluation-24241-non-000,0,0.07825466990470886
evaluation-2427-tar-000,1,0.1338590383529663
evaluation-2427-non-000,0,0.1831846833229065
evaluation-2451-tar-000,1,0.051143500953912735
evaluation-2451-non-000,0,-0.007113249972462654
evaluation-24512-tar-000,1,-0.29845067858695984
evaluation-24512-non-000,0,-0.11429652571678162
evaluation-24526-tar-000,1,0.08088341355323792
evaluation-24526-non-000,0,0.12121022492647171
evaluation-24534-tar-000,1,0.02006516605615616
evaluation-24534-non-000,0,0.1558600664138794
evaluation-2454-tar-000,1,-0.04499359428882599
evaluation-2454-non-000,0,0.029862385243177414
evaluation-2455-tar-000,1,-0.15240289270877838
evaluation-2455-non-000,0,-0.037447333335876465
evaluation-24584-tar-000,1,-0.10747060179710388
evaluation-24584-non-000,0,-0.06301070004701614
evaluation-24620-tar-000,1,0.17901022732257843
evaluation-24620-non-000,0,0.13972359895706177
evaluation-2467-tar-000,1,0.11967796087265015
evaluation-2467-non-000,0,0.0717088058590889
evaluation-24688-tar-000,1,0.12833034992218018
evaluation-24688-non-000,0,-0.20118026435375214
evaluation-24699-tar-000,1,0.16650719940662384
evaluation-24699-non-000,0,0.11749725043773651
evaluation-2473-tar-000,1,-0.015145644545555115
evaluation-2473-non-000,0,0.030176959931850433
evaluation-2481-tar-000,1,0.03182825446128845
evaluation-2481-non-000,0,-0.22103531658649445
evaluation-2487-tar-000,1,0.1559910625219345
evaluation-2487-non-000,0,0.07562745362520218
evaluation-24872-tar-000,1,0.04849705472588539
evaluation-24872-non-000,0,0.03752768412232399
evaluation-24875-tar-000,1,-0.05563587322831154
evaluation-24875-non-000,0,-0.12415707111358643
evaluation-24916-tar-000,1,0.05878358334302902
evaluation-24916-non-000,0,-0.01496984250843525
evaluation-25070-tar-000,1,0.20592999458312988
evaluation-25070-non-000,0,0.11072185635566711
evaluation-2509-tar-000,1,0.13900543749332428
evaluation-2509-non-000,0,0.05749941244721413
evaluation-2515-tar-000,1,-0.006239244714379311
evaluation-2515-non-000,0,0.09119822084903717
evaluation-25185-tar-000,1,0.09168994426727295
evaluation-25185-non-000,0,0.16813261806964874
evaluation-25284-tar-000,1,-0.11089732497930527
evaluation-25284-non-000,0,-0.0432741716504097
evaluation-25295-tar-000,1,0.12478995323181152
evaluation-25295-non-000,0,-0.03875213488936424
evaluation-25323-tar-000,1,0.11144772171974182
evaluation-25323-non-000,0,-0.08291511237621307
evaluation-2544-tar-000,1,0.172171488404274
evaluation-2544-non-000,0,0.13328900933265686
evaluation-25485-tar-000,1,-0.03284201771020889
evaluation-25485-non-000,0,0.020034942775964737
evaluation-25586-tar-000,1,-0.057747263461351395
evaluation-25586-non-000,0,-0.18098369240760803
evaluation-25619-tar-000,1,-0.030000977218151093
evaluation-25619-non-000,0,0.21920651197433472
evaluation-2565-tar-000,1,-0.024732152000069618
evaluation-2565-non-000,0,-0.2092401087284088
evaluation-25748-tar-000,1,-0.022986751049757004
evaluation-25748-non-000,0,-0.16076259315013885
evaluation-25960-tar-000,1,0.2439478635787964
evaluation-25960-non-000,0,0.04556330665946007
evaluation-2602-tar-000,1,-0.0535881407558918
evaluation-2602-non-000,0,0.12172340601682663
evaluation-2610-tar-000,1,0.21713784337043762
evaluation-2610-non-000,0,-0.0340643972158432
evaluation-26125-tar-000,1,0.055736243724823
evaluation-26125-non-000,0,-0.035752736032009125
evaluation-26138-tar-000,1,0.1507803350687027
evaluation-26138-non-000,0,0.06676816940307617
evaluation-26158-tar-000,1,0.0424392968416214
evaluation-26158-non-000,0,-0.1280665397644043
evaluation-2618-tar-000,1,0.009980710223317146
evaluation-2618-non-000,0,-0.03699636459350586
evaluation-26221-tar-000,1,0.17646458745002747
evaluation-26221-non-000,0,0.14952529966831207
evaluation-26287-tar-000,1,-0.03129666671156883
evaluation-26287-non-000,0,0.024237841367721558
evaluation-26435-tar-000,1,-0.012207569554448128
evaluation-26435-non-000,0,0.23047995567321777
evaluation-26443-tar-000,1,0.1340949535369873
evaluation-26443-non-000,0,-0.0023627616465091705
evaluation-26454-tar-000,1,0.1303025186061859
evaluation-26454-non-000,0,0.0040733907371759415
evaluation-26473-tar-000,1,0.06858273595571518
evaluation-26473-non-000,0,0.11399899423122406
evaluation-26501-tar-000,1,0.2762755751609802
evaluation-26501-non-000,0,0.4205303192138672
evaluation-26545-tar-000,1,-0.05974710360169411
evaluation-26545-non-000,0,0.031109929084777832
evaluation-26666-tar-000,1,0.3619168996810913
evaluation-26666-non-000,0,0.1090485230088234
evaluation-26679-tar-000,1,0.15893611311912537
evaluation-26679-non-000,0,0.06086491420865059
evaluation-2674-tar-000,1,-0.01489059254527092
evaluation-2674-non-000,0,0.005194993689656258
evaluation-2689-tar-000,1,-0.12097856402397156
evaluation-2689-non-000,0,0.24943944811820984
evaluation-26894-tar-000,1,0.024819720536470413
evaluation-26894-non-000,0,0.030622541904449463
evaluation-2699-tar-000,1,0.18257761001586914
evaluation-2699-non-000,0,-0.11829890310764313
evaluation-2707-tar-000,1,0.031993135809898376
evaluation-2707-non-000,0,0.1078307181596756
evaluation-27124-tar-000,1,-0.0940525233745575
evaluation-27124-non-000,0,-0.08673552423715591
evaluation-27135-tar-000,1,0.07953439652919769
evaluation-27135-non-000,0,0.11995634436607361
evaluation-2714-tar-000,1,-0.01777445338666439
evaluation-2714-non-000,0,0.003922933712601662
evaluation-27199-tar-000,1,-0.2669796645641327
evaluation-27199-non-000,0,-0.07572999596595764
evaluation-2739-tar-000,1,0.011417223140597343
evaluation-2739-non-000,0,0.06504476070404053
evaluation-2752-tar-000,1,-0.09691205620765686
evaluation-2752-non-000,0,-0.06195881962776184
evaluation-2762-tar-000,1,0.049406178295612335
evaluation-2762-non-000,0,0.05964108183979988
evaluation-2775-tar-000,1,0.20285966992378235
evaluation-2775-non-000,0,-0.015659578144550323
evaluation-27811-tar-000,1,0.1435571312904358
evaluation-27811-non-000,0,0.05177886411547661
evaluation-27932-tar-000,1,-0.021925898268818855
evaluation-27932-non-000,0,-0.027453966438770294
evaluation-27943-tar-000,1,-0.13925155997276306
evaluation-27943-non-000,0,0.1168488934636116
evaluation-27979-tar-000,1,-0.031693167984485626
evaluation-27979-non-000,0,-0.06044318526983261
evaluation-28017-tar-000,1,0.06591647863388062
evaluation-28017-non-000,0,-0.10706736147403717
evaluation-28028-tar-000,1,0.23022010922431946
evaluation-28028-non-000,0,0.09343288093805313
evaluation-28053-tar-000,1,0.23222389817237854
evaluation-28053-non-000,0,-0.13955874741077423
evaluation-2806-tar-000,1,0.15813541412353516
evaluation-2806-non-000,0,0.11391045153141022
evaluation-28086-tar-000,1,-0.022767499089241028
evaluation-28086-non-000,0,-0.21016699075698853
evaluation-28105-tar-000,1,-0.09405457973480225
evaluation-28105-non-000,0,-0.06695787608623505
evaluation-28152-tar-000,1,0.09002618491649628
evaluation-28152-non-000,0,-0.22200226783752441
evaluation-28182-tar-000,1,-0.12180137634277344
evaluation-28182-non-000,0,-0.10732296854257584
evaluation-28248-tar-000,1,-0.012467984110116959
evaluation-28248-non-000,0,0.1384972482919693
evaluation-2831-tar-000,1,0.2084241360425949
evaluation-2831-non-000,0,-0.03308222442865372
evaluation-28338-tar-000,1,0.07990268617868423
evaluation-28338-non-000,0,-0.010082336142659187
evaluation-28679-tar-000,1,0.14801260828971863
evaluation-28679-non-000,0,-0.04630248621106148
evaluation-28682-tar-000,1,0.18193522095680237
evaluation-28682-non-000,0,-0.10586687922477722
evaluation-28750-tar-000,1,0.0585949681699276
evaluation-28750-non-000,0,-0.19838766753673553
evaluation-28781-tar-000,1,-0.014190617948770523
evaluation-28781-non-000,0,0.004188768565654755
evaluation-28822-tar-000,1,0.14052635431289673
evaluation-28822-non-000,0,0.2209312617778778
evaluation-2892-tar-000,1,-0.07219856977462769
evaluation-2892-non-000,0,0.05280517786741257
evaluation-2901-tar-000,1,0.20547181367874146
evaluation-2901-non-000,0,0.15071731805801392
evaluation-2908-tar-000,1,0.1103237196803093
evaluation-2908-non-000,0,-0.015066944062709808
evaluation-29102-tar-000,1,0.05117587000131607
evaluation-29102-non-000,0,0.07600441575050354
evaluation-29105-tar-000,1,-0.04131510108709335
evaluation-29105-non-000,0,0.04626725986599922
evaluation-29237-tar-000,1,-0.030692750588059425
evaluation-29237-non-000,0,-0.10993891954421997
evaluation-29278-tar-000,1,0.04814975708723068
evaluation-29278-non-000,0,0.20645830035209656
evaluation-29434-tar-000,1,0.11695188283920288
evaluation-29434-non-000,0,0.08038938045501709
evaluation-2950-tar-000,1,0.39902251958847046
evaluation-2950-non-000,0,-0.06018071249127388
evaluation-29500-tar-000,1,0.19051170349121094
evaluation-29500-non-000,0,0.07017198204994202
evaluation-2957-tar-000,1,-0.056634269654750824
evaluation-2957-non-000,0,-0.1489376723766327
evaluation-29668-tar-000,1,0.11490555107593536
evaluation-29668-non-000,0,0.09264829754829407
evaluation-29778-tar-000,1,0.014079228043556213
evaluation-29778-non-000,0,-0.1303941309452057
evaluation-2984-tar-000,1,0.24352674186229706
evaluation-2984-non-000,0,0.05181129276752472
evaluation-2990-tar-000,1,0.044661056250333786
evaluation-2990-non-000,0,0.03159871697425842
evaluation-29904-tar-000,1,0.053783778101205826
evaluation-29904-non-000,0,0.006000012159347534
evaluation-30085-tar-000,1,0.04478440433740616
evaluation-30085-non-000,0,-0.07477401942014694
evaluation-3015-tar-000,1,-0.09025551378726959
evaluation-3015-non-000,0,-0.1132226213812828
evaluation-3023-tar-000,1,-0.032669760286808014
evaluation-3023-non-000,0,0.0571247935295105
evaluation-30261-tar-000,1,-0.26321494579315186
evaluation-30261-non-000,0,0.03683628886938095
evaluation-30302-tar-000,1,0.29063481092453003
evaluation-30302-non-000,0,-0.1395360380411148
evaluation-30316-tar-000,1,-0.02496056631207466
evaluation-30316-non-000,0,0.08816814422607422
evaluation-30610-tar-000,1,0.3860231041908264
evaluation-30610-non-000,0,0.05488738417625427
evaluation-3062-tar-000,1,0.025260088965296745
evaluation-3062-non-000,0,-0.01988515444099903
evaluation-30621-tar-000,1,0.20570138096809387
evaluation-30621-non-000,0,-0.13826048374176025
evaluation-30659-tar-000,1,0.08521929383277893
evaluation-30659-non-000,0,0.05040565878152847
evaluation-30824-tar-000,1,0.20481714606285095
evaluation-30824-non-000,0,-0.016721878200769424
evaluation-30923-tar-000,1,0.0017169713973999023
evaluation-30923-non-000,0,-0.07866620272397995
evaluation-30967-tar-000,1,-0.024615680798888206
evaluation-30967-non-000,0,0.28263014554977417
evaluation-31008-tar-000,1,0.11022007465362549
evaluation-31008-non-000,0,0.2489962875843048
evaluation-3124-tar-000,1,0.042145758867263794
evaluation-3124-non-000,0,-0.10571519285440445
evaluation-31280-tar-000,1,-0.17605912685394287
evaluation-31280-non-000,0,-0.004430041648447514
evaluation-31294-tar-000,1,0.041377417743206024
evaluation-31294-non-000,0,-0.01966317743062973
evaluation-31307-tar-000,1,0.25791171193122864
evaluation-31307-non-000,0,0.12943360209465027
evaluation-31346-tar-000,1,-0.03298457711935043
evaluation-31346-non-000,0,-0.05843406915664673
evaluation-31360-tar-000,1,-0.14835570752620697
evaluation-31360-non-000,0,0.12973615527153015
evaluation-31384-tar-000,1,0.2227104902267456
evaluation-31384-non-000,0,0.03920237720012665
evaluation-3139-tar-000,1,-0.02656380832195282
evaluation-3139-non-000,0,-0.1342782825231552
evaluation-31390-tar-000,1,0.17958581447601318
evaluation-31390-non-000,0,0.07051771879196167
evaluation-3145-tar-000,1,-0.08273869007825851
evaluation-3145-non-000,0,-0.13084906339645386
evaluation-31464-tar-000,1,0.04737246781587601
evaluation-31464-non-000,0,-0.19759134948253632
evaluation-3161-tar-000,1,0.13600054383277893
evaluation-3161-non-000,0,-0.16099444031715393
evaluation-31665-tar-000,1,0.2281055599451065
evaluation-31665-non-000,0,-0.059866324067115784
evaluation-3167-tar-000,1,0.047098807990550995
evaluation-3167-non-000,0,-0.06133727356791496
evaluation-31838-tar-000,1,-0.10593326389789581
evaluation-31838-non-000,0,-0.20069977641105652
evaluation-31947-tar-000,1,0.12644529342651367
evaluation-31947-non-000,0,0.12320699542760849
evaluation-31950-tar-000,1,0.06043991446495056
evaluation-31950-non-000,0,-0.05266476422548294
evaluation-31964-tar-000,1,0.05525696277618408
evaluation-31964-non-000,0,0.049865901470184326
evaluation-31986-tar-000,1,0.1407216191291809
evaluation-31986-non-000,0,-0.10771220177412033
evaluation-32005-tar-000,1,0.13593211770057678
evaluation-32005-non-000,0,0.0008354596793651581
evaluation-32046-tar-000,1,0.04666292667388916
evaluation-32046-non-000,0,-0.017150960862636566
evaluation-32057-tar-000,1,-0.032365892082452774
evaluation-32057-non-000,0,0.09483971446752548
evaluation-3215-tar-000,1,0.013308487832546234
evaluation-3215-non-000,0,-0.044906217604875565
evaluation-32285-tar-000,1,0.04396430030465126
evaluation-32285-non-000,0,-0.13932622969150543
evaluation-32368-tar-000,1,0.18027666211128235
evaluation-32368-non-000,0,0.02842683717608452
evaluation-32521-tar-000,1,-0.011318959295749664
evaluation-32521-non-000,0,-0.11102837324142456
evaluation-32620-tar-000,1,0.048293840140104294
evaluation-32620-non-000,0,-0.1428062915802002
evaluation-32730-tar-000,1,0.1878933161497116
evaluation-32730-non-000,0,-0.13936123251914978
evaluation-32785-tar-000,1,0.0540919154882431
evaluation-32785-non-000,0,-0.048536255955696106
evaluation-32810-tar-000,1,0.08121755719184875
evaluation-32810-non-000,0,-0.07136175781488419
evaluation-3292-tar-000,1,0.34604334831237793
evaluation-3292-non-000,0,-0.016043923795223236
evaluation-3301-tar-000,1,-0.17867860198020935
evaluation-3301-non-000,0,-0.11109626293182373
evaluation-33060-tar-000,1,0.035481665283441544
evaluation-33060-non-000,0,-0.1551913022994995
evaluation-33096-tar-000,1,0.06264379620552063
evaluation-33096-non-000,0,0.03373292461037636
evaluation-33120-tar-000,1,0.08728223294019699
evaluation-33120-non-000,0,0.07634106278419495
evaluation-3314-tar-000,1,0.10810345411300659
evaluation-3314-non-000,0,-0.02869662269949913
evaluation-33255-tar-000,1,0.12209071218967438
evaluation-33255-non-000,0,0.0858994871377945
evaluation-33258-tar-000,1,0.18939265608787537
evaluation-33258-non-000,0,0.14621037244796753
evaluation-33274-tar-000,1,0.10459274798631668
evaluation-33274-non-000,0,-0.046746786683797836
evaluation-33598-tar-000,1,0.27875643968582153
evaluation-33598-non-000,0,-0.25694507360458374
evaluation-3361-tar-000,1,-0.01082833856344223
evaluation-3361-non-000,0,0.057488806545734406
evaluation-33623-tar-000,1,0.2759290933609009
evaluation-33623-non-000,0,0.25793734192848206
evaluation-3365-tar-000,1,0.05442700535058975
evaluation-3365-non-000,0,0.09797554463148117
evaluation-3369-tar-000,1,-0.21929931640625
evaluation-3369-non-000,0,-0.03592345118522644
evaluation-33711-tar-000,1,0.2135276198387146
evaluation-33711-non-000,0,0.1602969914674759
evaluation-33790-tar-000,1,0.1214359700679779
evaluation-33790-non-000,0,0.056896187365055084
evaluation-3395-tar-000,1,0.004190035164356232
evaluation-3395-non-000,0,-0.07220499962568283
evaluation-3407-tar-000,1,0.07392464578151703
evaluation-3407-non-000,0,-0.13215294480323792
evaluation-3409-tar-000,1,-0.0779675617814064
evaluation-3409-non-000,0,-0.07249593734741211
evaluation-34158-tar-000,1,-0.19083468616008759
evaluation-34158-non-000,0,0.19031646847724915
evaluation-3417-tar-000,1,0.1388014256954193
evaluation-3417-non-000,0,0.07058826088905334
evaluation-3425-tar-000,1,0.019104760140180588
evaluation-3425-non-000,0,0.09919727593660355
evaluation-34257-tar-000,1,-0.03862278163433075
evaluation-34257-non-000,0,-0.02829333208501339
evaluation-3427-tar-000,1,0.0701780840754509
evaluation-3427-non-000,0,0.1811705231666565
evaluation-34458-tar-000,1,-0.07894636690616608
evaluation-34458-non-000,0,0.06693648546934128
evaluation-34485-tar-000,1,-0.0017232783138751984
evaluation-34485-non-000,0,-0.02951880171895027
evaluation-34631-tar-000,1,0.09203359484672546
evaluation-34631-non-000,0,0.014174725860357285
evaluation-34647-tar-000,1,0.12536615133285522
evaluation-34647-non-000,0,0.19135348498821259
evaluation-3471-tar-000,1,-0.051046598702669144
evaluation-3471-non-000,0,0.0021451562643051147
evaluation-34719-tar-000,1,0.02220974490046501
evaluation-34719-non-000,0,0.1451813280582428
evaluation-3473-tar-000,1,0.025604689493775368
evaluation-3473-non-000,0,-0.030935190618038177
evaluation-34738-tar-000,1,-0.03758034110069275
evaluation-34738-non-000,0,-0.021465450525283813
evaluation-34771-tar-000,1,0.024779880419373512
evaluation-34771-non-000,0,-0.20384769141674042
evaluation-3479-tar-000,1,0.13898435235023499
evaluation-3479-non-000,0,0.13701778650283813
evaluation-34807-tar-000,1,-0.17334865033626556
evaluation-34807-non-000,0,0.09455825388431549
evaluation-3482-tar-000,1,0.05386199429631233
evaluation-3482-non-000,0,-0.06439357995986938
evaluation-34859-tar-000,1,-0.0715356320142746
evaluation-34859-non-000,0,0.017551731318235397
evaluation-3497-tar-000,1,0.21463258564472198
evaluation-3497-non-000,0,-0.029926296323537827
evaluation-34996-tar-000,1,0.1509164273738861
evaluation-34996-non-000,0,-0.0011925473809242249
evaluation-35043-tar-000,1,0.32872945070266724
evaluation-35043-non-000,0,0.16516458988189697
evaluation-3507-tar-000,1,0.06244492530822754
evaluation-3507-non-000,0,0.05743827670812607
evaluation-35101-tar-000,1,-0.04518217220902443
evaluation-35101-non-000,0,0.03249841183423996
evaluation-3518-tar-000,1,0.28490474820137024
evaluation-3518-non-000,0,0.0007631555199623108
evaluation-3522-tar-000,1,0.1910182535648346
evaluation-3522-non-000,0,0.027032911777496338
evaluation-35293-tar-000,1,0.1276891827583313
evaluation-35293-non-000,0,-0.053612980991601944
evaluation-35359-tar-000,1,-0.10614925622940063
evaluation-35359-non-000,0,-0.18866363167762756
evaluation-3540-tar-000,1,0.18140019476413727
evaluation-3540-non-000,0,-0.07134737819433212
evaluation-35416-tar-000,1,0.15023517608642578
evaluation-35416-non-000,0,0.03847142308950424
evaluation-35449-tar-000,1,0.2340298891067505
evaluation-35449-non-000,0,0.29743480682373047
evaluation-35510-tar-000,1,0.1491163969039917
evaluation-35510-non-000,0,0.014592248946428299
evaluation-35562-tar-000,1,0.34699177742004395
evaluation-35562-non-000,0,0.0417516715824604
evaluation-35587-tar-000,1,-0.043764784932136536
evaluation-35587-non-000,0,-0.16220608353614807
evaluation-3564-tar-000,1,-0.10189537703990936
evaluation-3564-non-000,0,0.15314283967018127
evaluation-35683-tar-000,1,0.07706913352012634
evaluation-35683-non-000,0,-0.08690187335014343
evaluation-35699-tar-000,1,0.1278795450925827
evaluation-35699-non-000,0,0.31697118282318115
evaluation-3571-tar-000,1,0.17088651657104492
evaluation-3571-non-000,0,0.0023047178983688354
evaluation-3572-tar-000,1,0.014423664659261703
evaluation-3572-non-000,0,-0.05044206231832504
evaluation-35793-tar-000,1,-0.05833800137042999
evaluation-35793-non-000,0,-0.11489594727754593
evaluation-35823-tar-000,1,0.12431633472442627
evaluation-35823-non-000,0,-0.05133946239948273
evaluation-35872-tar-000,1,0.04498885199427605
evaluation-35872-non-000,0,0.08282051235437393
evaluation-3597-tar-000,1,0.052491024136543274
evaluation-3597-non-000,0,0.003088405355811119
evaluation-35996-tar-000,1,-0.03573424369096756
evaluation-35996-non-000,0,-0.13660848140716553
evaluation-36004-tar-000,1,0.2604067623615265
evaluation-36004-non-000,0,0.037045739591121674
evaluation-36051-tar-000,1,0.011961705982685089
evaluation-36051-non-000,0,-0.11117848753929138
evaluation-3619-tar-000,1,-0.14346109330654144
evaluation-3619-non-000,0,-0.29898184537887573
evaluation-36196-tar-000,1,0.11327163130044937
evaluation-36196-non-000,0,-0.009366249665617943
evaluation-36298-tar-000,1,0.11325115710496902
evaluation-36298-non-000,0,-0.11720702052116394
evaluation-36323-tar-000,1,0.18716520071029663
evaluation-36323-non-000,0,-0.12441542744636536
evaluation-36386-tar-000,1,-0.12492427974939346
evaluation-36386-non-000,0,0.176449716091156
evaluation-36395-tar-000,1,-0.15167556703090668
evaluation-36395-non-000,0,-0.08780748397111893
evaluation-36460-tar-000,1,-0.004477158188819885
evaluation-36460-non-000,0,-0.09481274336576462
evaluation-36499-tar-000,1,0.09280741214752197
evaluation-36499-non-000,0,-0.02297208271920681
evaluation-3656-tar-000,1,-0.012640640139579773
evaluation-3656-non-000,0,-0.11441902816295624
evaluation-36611-tar-000,1,0.3621765673160553
evaluation-36611-non-000,0,0.1523713320493698
evaluation-36619-tar-000,1,0.031249795109033585
evaluation-36619-non-000,0,-0.01707637310028076
evaluation-36625-tar-000,1,0.309420645236969
evaluation-36625-non-000,0,-0.029777944087982178
evaluation-36633-tar-000,1,-0.03090578131377697
evaluation-36633-non-000,0,0.15823189914226532
evaluation-36685-tar-000,1,0.14517617225646973
evaluation-36685-non-000,0,0.1289575695991516
evaluation-3669-tar-000,1,-0.07613460719585419
evaluation-3669-non-000,0,-0.21951648592948914
evaluation-36853-tar-000,1,0.34720301628112793
evaluation-36853-non-000,0,0.15514926612377167
evaluation-3693-tar-000,1,-0.042670514434576035
evaluation-3693-non-000,0,-0.12820270657539368
evaluation-3720-tar-000,1,-0.03348758816719055
evaluation-3720-non-000,0,0.04507657140493393
evaluation-37259-tar-000,1,0.12664690613746643
evaluation-37259-non-000,0,-0.0258084237575531
evaluation-37301-tar-000,1,-0.0747605562210083
evaluation-37301-non-000,0,-0.04795262962579727
evaluation-37328-tar-000,1,-0.08058677613735199
evaluation-37328-non-000,0,0.16692912578582764
evaluation-37625-tar-000,1,0.00830024667084217
evaluation-37625-non-000,0,0.1270715743303299
evaluation-37658-tar-000,1,-0.16275012493133545
evaluation-37658-non-000,0,0.040761906653642654
evaluation-3767-tar-000,1,0.2652100920677185
evaluation-3767-non-000,0,0.09128658473491669
evaluation-37696-tar-000,1,0.026167426258325577
evaluation-37696-non-000,0,0.07201001793146133
evaluation-3770-tar-000,1,0.2522639036178589
evaluation-3770-non-000,0,-0.15195786952972412
evaluation-37740-tar-000,1,0.17623800039291382
evaluation-37740-non-000,0,0.12434091418981552
evaluation-3778-tar-000,1,0.11780132353305817
evaluation-3778-non-000,0,-0.009151257574558258
evaluation-37844-tar-000,1,0.19314759969711304
evaluation-37844-non-000,0,-0.03331798315048218
evaluation-37921-tar-000,1,0.08980201184749603
evaluation-37921-non-000,0,0.09742269665002823
evaluation-37932-tar-000,1,0.19514690339565277
evaluation-37932-non-000,0,-0.2940402626991272
evaluation-37946-tar-000,1,0.10409166663885117
evaluation-37946-non-000,0,0.15152522921562195
evaluation-37965-tar-000,1,-0.17590317130088806
evaluation-37965-non-000,0,-0.0984509289264679
evaluation-37971-tar-000,1,0.04811669513583183
evaluation-37971-non-000,0,-0.10353823006153107
evaluation-3805-tar-000,1,0.06798708438873291
evaluation-3805-non-000,0,-0.011489665135741234
evaluation-38056-tar-000,1,-0.07510939240455627
evaluation-38056-non-000,0,-0.05772385001182556
evaluation-38083-tar-000,1,-0.24854081869125366
evaluation-38083-non-000,0,-0.008469223976135254
evaluation-3813-tar-000,1,0.11314815282821655
evaluation-3813-non-000,0,-0.030429117381572723
evaluation-38157-tar-000,1,0.07726071774959564
evaluation-38157-non-000,0,0.027829501777887344
evaluation-38166-tar-000,1,0.248841792345047
evaluation-38166-non-000,0,0.041526131331920624
evaluation-38196-tar-000,1,0.2124062478542328
evaluation-38196-non-000,0,0.06250448524951935
evaluation-3827-tar-000,1,0.038341689854860306
evaluation-3827-non-000,0,-0.19495916366577148
evaluation-38388-tar-000,1,-0.013358645141124725
evaluation-38388-non-000,0,0.047777917236089706
evaluation-3839-tar-000,1,0.22190642356872559
evaluation-3839-non-000,0,-0.06981522589921951
evaluation-3840-tar-000,1,0.20959708094596863
evaluation-3840-non-000,0,-0.08356336504220963
evaluation-38657-tar-000,1,0.13927233219146729
evaluation-38657-non-000,0,-0.07645715773105621
evaluation-38792-tar-000,1,-0.022505100816488266
evaluation-38792-non-000,0,-0.06198461353778839
evaluation-3888-tar-000,1,-0.059456102550029755
evaluation-3888-non-000,0,0.041435740888118744
evaluation-3892-tar-000,1,0.18720033764839172
evaluation-3892-non-000,0,0.0010787397623062134
evaluation-3901-tar-000,1,0.10633054375648499
evaluation-3901-non-000,0,-0.09687420725822449
evaluation-39025-tar-000,1,0.014549056068062782
evaluation-39025-non-000,0,0.12324177473783493
evaluation-39031-tar-000,1,0.05987191200256348
evaluation-39031-non-000,0,-0.12061706930398941
evaluation-3911-tar-000,1,0.14657776057720184
evaluation-3911-non-000,0,0.11069324612617493
evaluation-39163-tar-000,1,0.19796067476272583
evaluation-39163-non-000,0,0.1012003943324089
evaluation-39201-tar-000,1,-0.08838194608688354
evaluation-39201-non-000,0,-0.18727049231529236
evaluation-3921-tar-000,1,0.1804349273443222
evaluation-3921-non-000,0,0.048073988407850266
evaluation-3926-tar-000,1,-0.09660720080137253
evaluation-3926-non-000,0,0.18176425993442535
evaluation-3928-tar-000,1,0.10893208533525467
evaluation-3928-non-000,0,-0.008824273943901062
evaluation-3931-tar-000,1,0.004489537328481674
evaluation-3931-non-000,0,0.16071906685829163
evaluation-3939-tar-000,1,-0.07351234555244446
evaluation-3939-non-000,0,0.02283972129225731
evaluation-39421-tar-000,1,-0.09045939147472382
evaluation-39421-non-000,0,-0.0031322194263339043
evaluation-3954-tar-000,1,0.15827681124210358
evaluation-3954-non-000,0,-0.03564104437828064
evaluation-39720-tar-000,1,-0.07452231645584106
evaluation-39720-non-000,0,-0.11733554303646088
evaluation-39756-tar-000,1,0.04209313169121742
evaluation-39756-non-000,0,0.044682301580905914
evaluation-39877-tar-000,1,0.101494200527668
evaluation-39877-non-000,0,-0.08000966906547546
evaluation-3989-tar-000,1,0.057569414377212524
evaluation-3989-non-000,0,-0.1693524867296219
evaluation-40025-tar-000,1,0.11747405678033829
evaluation-40025-non-000,0,0.20809538662433624
evaluation-4004-tar-000,1,0.03803510591387749
evaluation-4004-non-000,0,-0.16939890384674072
evaluation-40064-tar-000,1,0.31702977418899536
evaluation-40064-non-000,0,0.28811028599739075
evaluation-40075-tar-000,1,-0.18138602375984192
evaluation-40075-non-000,0,0.002226404845714569
evaluation-4013-tar-000,1,-0.10028217732906342
evaluation-4013-non-000,0,0.04683930054306984
evaluation-40173-tar-000,1,0.0015038549900054932
evaluation-40173-non-000,0,-0.1732257604598999
evaluation-40311-tar-000,1,0.21200916171073914
evaluation-40311-non-000,0,-0.04184246063232422
evaluation-4044-tar-000,1,0.23488613963127136
evaluation-4044-non-000,0,0.03159884363412857
evaluation-40525-tar-000,1,0.11853988468647003
evaluation-40525-non-000,0,0.012947127223014832
evaluation-40577-tar-000,1,0.11536186933517456
evaluation-40577-non-000,0,-0.11527193337678909
evaluation-40588-tar-000,1,0.17120124399662018
evaluation-40588-non-000,0,0.11573576927185059
evaluation-40676-tar-000,1,0.03140939027070999
evaluation-40676-non-000,0,-0.08158937841653824
evaluation-4068-tar-000,1,0.12572121620178223
evaluation-4068-non-000,0,0.19418853521347046
evaluation-4077-tar-000,1,0.10495918989181519
evaluation-4077-non-000,0,-0.04073234274983406
evaluation-40772-tar-000,1,0.16486495733261108
evaluation-40772-non-000,0,0.2104112058877945
evaluation-40929-tar-000,1,0.09435288608074188
evaluation-40929-non-000,0,-0.1557120829820633
evaluation-41000-tar-000,1,0.09394232928752899
evaluation-41000-non-000,0,0.26263248920440674
evaluation-41025-tar-000,1,0.009423021227121353
evaluation-41025-non-000,0,0.14404362440109253
evaluation-4123-tar-000,1,0.029082071036100388
evaluation-4123-non-000,0,0.17705228924751282
evaluation-41278-tar-000,1,0.1251956969499588
evaluation-41278-non-000,0,0.05347384512424469
evaluation-4134-tar-000,1,0.0005129091441631317
evaluation-4134-non-000,0,-0.12452321499586105
evaluation-41357-tar-000,1,-0.008618886582553387
evaluation-41357-non-000,0,0.16877809166908264
evaluation-41390-tar-000,1,0.10287735611200333
evaluation-41390-non-000,0,0.235053151845932
evaluation-41404-tar-000,1,0.15557292103767395
evaluation-41404-non-000,0,-0.13138391077518463
evaluation-41492-tar-000,1,-0.017595704644918442
evaluation-41492-non-000,0,-0.15638196468353271
evaluation-41536-tar-000,1,0.2694433927536011
evaluation-41536-non-000,0,0.15347759425640106
evaluation-41706-tar-000,1,0.0596313402056694
evaluation-41706-non-000,0,0.2393709421157837
evaluation-41750-tar-000,1,0.15673159062862396
evaluation-41750-non-000,0,0.18311545252799988
evaluation-41755-tar-000,1,0.04283690080046654
evaluation-41755-non-000,0,0.049671370536088943
evaluation-41854-tar-000,1,0.013854648917913437
evaluation-41854-non-000,0,0.08488152921199799
evaluation-41945-tar-000,1,0.035867840051651
evaluation-41945-non-000,0,-0.14779861271381378
evaluation-41994-tar-000,1,0.025471657514572144
evaluation-41994-non-000,0,0.016128215938806534
evaluation-4202-tar-000,1,-0.00525413453578949
evaluation-4202-non-000,0,0.23994888365268707
evaluation-42025-tar-000,1,0.13684438169002533
evaluation-42025-non-000,0,-0.1681298166513443
evaluation-4204-tar-000,1,-0.08568703383207321
evaluation-4204-non-000,0,0.08601964265108109
evaluation-42173-tar-000,1,0.10230845212936401
evaluation-42173-non-000,0,0.010998159646987915
evaluation-42176-tar-000,1,0.15173161029815674
evaluation-42176-non-000,0,-0.08385121822357178
evaluation-42209-tar-000,1,0.23408254981040955
evaluation-42209-non-000,0,-0.03953500837087631
evaluation-42250-tar-000,1,-0.028896810486912727
evaluation-42250-non-000,0,0.08950169384479523
evaluation-4240-tar-000,1,-0.019725007936358452
evaluation-4240-non-000,0,0.0036820583045482635
evaluation-42401-tar-000,1,0.15679022669792175
evaluation-42401-non-000,0,0.0973505973815918
evaluation-4246-tar-000,1,0.044365692883729935
evaluation-4246-non-000,0,-0.019994771108031273
evaluation-42505-tar-000,1,0.2358902245759964
evaluation-42505-non-000,0,0.048418477177619934
evaluation-4251-tar-000,1,0.07255498319864273
evaluation-4251-non-000,0,0.023623421788215637
evaluation-42546-tar-000,1,-0.0088493712246418
evaluation-42546-non-000,0,0.07197126746177673
evaluation-42648-tar-000,1,-0.04244744032621384
evaluation-42648-non-000,0,-0.21626223623752594
evaluation-42681-tar-000,1,0.03323115408420563
evaluation-42681-non-000,0,-0.019401682540774345
evaluation-42717-tar-000,1,0.33476921916007996
evaluation-42717-non-000,0,0.02550465799868107
evaluation-42728-tar-000,1,0.4104502499103546
evaluation-42728-non-000,0,0.08231917023658752
evaluation-42744-tar-000,1,0.1655377745628357
evaluation-42744-non-000,0,0.06736773252487183
evaluation-42772-tar-000,1,0.12105235457420349
evaluation-42772-non-000,0,0.06275811046361923
evaluation-4288-tar-000,1,0.13712558150291443
evaluation-4288-non-000,0,0.12425532191991806
evaluation-42904-tar-000,1,-0.16434818506240845
evaluation-42904-non-000,0,0.036218591034412384
evaluation-4295-tar-000,1,0.2305757701396942
evaluation-4295-non-000,0,0.130935400724411
evaluation-43042-tar-000,1,0.08678868412971497
evaluation-43042-non-000,0,-0.036001164466142654
evaluation-43063-tar-000,1,0.1427242010831833
evaluation-43063-non-000,0,-0.08345643430948257
evaluation-4308-tar-000,1,0.17626160383224487
evaluation-4308-non-000,0,0.09136787056922913
evaluation-4315-tar-000,1,-0.18855032324790955
evaluation-4315-non-000,0,0.08071964979171753
evaluation-43184-tar-000,1,0.08712754398584366
evaluation-43184-non-000,0,-0.09184078872203827
evaluation-43225-tar-000,1,-0.048364609479904175
evaluation-43225-non-000,0,0.18329405784606934
evaluation-43269-tar-000,1,0.011358622461557388
evaluation-43269-non-000,0,0.10449559986591339
evaluation-43288-tar-000,1,-0.06598389893770218
evaluation-43288-non-000,0,-0.1363198161125183
evaluation-4341-tar-000,1,-0.08943759649991989
evaluation-4341-non-000,0,-0.05632917210459709
evaluation-43483-tar-000,1,0.24426418542861938
evaluation-43483-non-000,0,0.05351473391056061
evaluation-43604-tar-000,1,0.14768439531326294
evaluation-43604-non-000,0,0.31998395919799805
evaluation-43675-tar-000,1,-0.19535210728645325
evaluation-43675-non-000,0,-0.12711423635482788
evaluation-4368-tar-000,1,0.13980373740196228
evaluation-4368-non-000,0,-0.011515088379383087
evaluation-43744-tar-000,1,-0.08470967411994934
evaluation-43744-non-000,0,-0.010237209498882294
evaluation-43818-tar-000,1,0.13985663652420044
evaluation-43818-non-000,0,-0.15371298789978027
evaluation-43865-tar-000,1,0.10462282598018646
evaluation-43865-non-000,0,0.22208601236343384
evaluation-43958-tar-000,1,0.13198889791965485
evaluation-43958-non-000,0,-0.1968284249305725
evaluation-44085-tar-000,1,0.05527810752391815
evaluation-44085-non-000,0,-0.05758678913116455
evaluation-44175-tar-000,1,-0.1339140087366104
evaluation-44175-non-000,0,-0.01030920073390007
evaluation-44285-tar-000,1,0.16349942982196808
evaluation-44285-non-000,0,0.07416576147079468
evaluation-44392-tar-000,1,0.2814735174179077
evaluation-44392-non-000,0,-0.019749104976654053
evaluation-4440-tar-000,1,0.11434565484523773
evaluation-4440-non-000,0,0.14858277142047882
evaluation-44406-tar-000,1,-0.01591011881828308
evaluation-44406-non-000,0,0.13269244134426117
evaluation-4442-tar-000,1,-0.023834828287363052
evaluation-4442-non-000,0,-0.06102072075009346
evaluation-4468-tar-000,1,0.07398976385593414
evaluation-4468-non-000,0,-0.003815744072198868
evaluation-44683-tar-000,1,0.07349519431591034
evaluation-44683-non-000,0,0.0854390412569046
evaluation-44727-tar-000,1,0.2450001835823059
evaluation-44727-non-000,0,-0.18707412481307983
evaluation-4477-tar-000,1,0.29363366961479187
evaluation-4477-non-000,0,0.14116361737251282
evaluation-44829-tar-000,1,0.11005597561597824
evaluation-44829-non-000,0,-0.3222004175186157
evaluation-4506-tar-000,1,0.04213719815015793
evaluation-4506-non-000,0,-0.030646786093711853
evaluation-45084-tar-000,1,0.20982247591018677
evaluation-45084-non-000,0,-0.09560539573431015
evaluation-45213-tar-000,1,-0.005599699914455414
evaluation-45213-non-000,0,0.08501912653446198
evaluation-45252-tar-000,1,-0.03427553176879883
evaluation-45252-non-000,0,0.055238205939531326
evaluation-4529-tar-000,1,0.26663050055503845
evaluation-4529-non-000,0,0.11659670621156693
evaluation-45538-tar-000,1,-0.017878709360957146
evaluation-45538-non-000,0,-0.04926179349422455
evaluation-45617-tar-000,1,-0.003238307312130928
evaluation-45617-non-000,0,-0.1676291525363922
evaluation-45658-tar-000,1,0.023061394691467285
evaluation-45658-non-000,0,0.12027464807033539
evaluation-45744-tar-000,1,0.19269123673439026
evaluation-45744-non-000,0,-0.25422683358192444
evaluation-45749-tar-000,1,-0.08705632388591766
evaluation-45749-non-000,0,-0.06118248030543327
evaluation-45793-tar-000,1,0.1105702817440033
evaluation-45793-non-000,0,-0.11202291399240494
evaluation-4581-tar-000,1,0.016626883298158646
evaluation-4581-non-000,0,0.04613983631134033
evaluation-45834-tar-000,1,0.009316734969615936
evaluation-45834-non-000,0,0.07629133760929108
evaluation-45870-tar-000,1,-0.02652904763817787
evaluation-45870-non-000,0,-0.024941008538007736
evaluation-4591-tar-000,1,0.1839713156223297
evaluation-4591-non-000,0,0.06352537870407104
evaluation-45985-tar-000,1,0.020114686340093613
evaluation-45985-non-000,0,0.020090200006961823
evaluation-46029-tar-000,1,0.13249406218528748
evaluation-46029-non-000,0,0.09941434860229492
evaluation-4603-tar-000,1,0.2763901948928833
evaluation-4603-non-000,0,0.060622744262218475
evaluation-4612-tar-000,1,0.08754004538059235
evaluation-4612-non-000,0,0.15129198133945465
evaluation-4619-tar-000,1,0.20819084346294403
evaluation-4619-non-000,0,-0.017633071169257164
evaluation-46202-tar-000,1,0.04493154212832451
evaluation-46202-non-000,0,-0.00024925172328948975
evaluation-46241-tar-000,1,-0.10385720431804657
evaluation-46241-non-000,0,-0.09443344920873642
evaluation-46298-tar-000,1,0.04897783324122429
evaluation-46298-non-000,0,0.17396199703216553
evaluation-46466-tar-000,1,-0.04587128013372421
evaluation-46466-non-000,0,-0.023298421874642372
evaluation-4649-tar-000,1,0.32024338841438293
evaluation-4649-non-000,0,0.022065356373786926
evaluation-4664-tar-000,1,0.035762086510658264
evaluation-4664-non-000,0,0.34220969676971436
evaluation-46955-tar-000,1,0.008586241863667965
evaluation-46955-non-000,0,-0.34222856163978577
evaluation-4709-tar-000,1,0.011734537780284882
evaluation-4709-non-000,0,0.05855925753712654
evaluation-4710-tar-000,1,0.08396102488040924
evaluation-4710-non-000,0,-0.049375515431165695
evaluation-47139-tar-000,1,-0.15675406157970428
evaluation-47139-non-000,0,0.04586664214730263
evaluation-47142-tar-000,1,0.07197321951389313
evaluation-47142-non-000,0,0.028423931449651718
evaluation-47169-tar-000,1,-0.08919399976730347
evaluation-47169-non-000,0,0.053258076310157776
evaluation-47238-tar-000,1,0.0027711596339941025
evaluation-47238-non-000,0,-0.03928867727518082
evaluation-4728-tar-000,1,0.01425859797745943
evaluation-4728-non-000,0,-0.08081717789173126
evaluation-47342-tar-000,1,-0.020679309964179993
evaluation-47342-non-000,0,-0.044105224311351776
evaluation-47504-tar-000,1,-0.0065628401935100555
evaluation-47504-non-000,0,0.010076966136693954
evaluation-4763-tar-000,1,-0.005775921046733856
evaluation-4763-non-000,0,-0.24694031476974487
evaluation-47650-tar-000,1,-0.14402325451374054
evaluation-47650-non-000,0,-0.22157073020935059
evaluation-47658-tar-000,1,0.17249345779418945
evaluation-47658-non-000,0,0.10904614627361298
evaluation-4773-tar-000,1,0.243271142244339
evaluation-4773-non-000,0,0.29520830512046814
evaluation-4774-tar-000,1,0.059812992811203
evaluation-4774-non-000,0,0.03628600388765335
evaluation-47913-tar-000,1,0.005362342111766338
evaluation-47913-non-000,0,0.1102544441819191
evaluation-47998-tar-000,1,0.1404772400856018
evaluation-47998-non-000,0,0.18641114234924316
evaluation-4800-tar-000,1,0.12829965353012085
evaluation-4800-non-000,0,0.06332236528396606
evaluation-48095-tar-000,1,0.0695081278681755
evaluation-48095-non-000,0,0.08441997319459915
evaluation-48193-tar-000,1,0.13491593301296234
evaluation-48193-non-000,0,0.07673139125108719
evaluation-4821-tar-000,1,0.030982784926891327
evaluation-4821-non-000,0,0.26853781938552856
evaluation-48232-tar-000,1,0.14204725623130798
evaluation-48232-non-000,0,0.357534259557724
evaluation-48262-tar-000,1,-0.09549590945243835
evaluation-48262-non-000,0,-0.09602592885494232
evaluation-48388-tar-000,1,0.38996678590774536
evaluation-48388-non-000,0,0.036157481372356415
evaluation-4841-tar-000,1,0.07675676047801971
evaluation-4841-non-000,0,-0.026797227561473846
evaluation-4842-tar-000,1,0.17396865785121918
evaluation-4842-non-000,0,0.04663064330816269
evaluation-48443-tar-000,1,0.12520426511764526
evaluation-48443-non-000,0,-0.06470635533332825
evaluation-48454-tar-000,1,0.16214123368263245
evaluation-48454-non-000,0,0.0513233058154583
evaluation-48575-tar-000,1,-0.006617633625864983
evaluation-48575-non-000,0,-0.3059616684913635
evaluation-48578-tar-000,1,-0.021494852378964424
evaluation-48578-non-000,0,0.13043299317359924
evaluation-4867-tar-000,1,-0.1438886970281601
evaluation-4867-non-000,0,-0.04356147348880768
evaluation-48726-tar-000,1,0.19049574434757233
evaluation-48726-non-000,0,0.033136479556560516
evaluation-48759-tar-000,1,0.07200559973716736
evaluation-48759-non-000,0,-0.02328474260866642
evaluation-48787-tar-000,1,0.034456659108400345
evaluation-48787-non-000,0,-0.16002705693244934
evaluation-48833-tar-000,1,-0.004574943333864212
evaluation-48833-non-000,0,-0.026784636080265045
evaluation-48905-tar-000,1,-0.06010859087109566
evaluation-48905-non-000,0,-0.09213389456272125
evaluation-4891-tar-000,1,-0.0742337554693222
evaluation-4891-non-000,0,0.09814688563346863
evaluation-4894-tar-000,1,-0.0550510436296463
evaluation-4894-non-000,0,-0.030815061181783676
evaluation-48952-tar-000,1,0.31000661849975586
evaluation-48952-non-000,0,0.107539102435112
evaluation-49004-tar-000,1,0.17985840141773224
evaluation-49004-non-000,0,-0.02480202354490757
evaluation-49037-tar-000,1,0.22274450957775116
evaluation-49037-non-000,0,0.023909464478492737
evaluation-49045-tar-000,1,0.20127169787883759
evaluation-49045-non-000,0,0.17212986946105957
evaluation-49097-tar-000,1,-0.11499619483947754
evaluation-49097-non-000,0,-0.08873575925827026
evaluation-49116-tar-000,1,-0.04133187606930733
evaluation-49116-non-000,0,-0.03600185364484787
evaluation-49196-tar-000,1,0.07743971049785614
evaluation-49196-non-000,0,0.17832598090171814
evaluation-49207-tar-000,1,-0.00014545675367116928
evaluation-49207-non-000,0,0.13890323042869568
evaluation-4921-tar-000,1,0.17920690774917603
evaluation-4921-non-000,0,0.19221629202365875
evaluation-49215-tar-000,1,0.15041843056678772
evaluation-49215-non-000,0,0.1586683988571167
evaluation-4934-tar-000,1,-0.17199164628982544
evaluation-4934-non-000,0,-0.04470718652009964
evaluation-49446-tar-000,1,-0.10177731513977051
evaluation-49446-non-000,0,-0.1807246208190918
evaluation-49476-tar-000,1,-0.10090338438749313
evaluation-49476-non-000,0,0.0033907294273376465
evaluation-49484-tar-000,1,0.012728085741400719
evaluation-49484-non-000,0,-0.009694848209619522
evaluation-49520-tar-000,1,0.23252131044864655
evaluation-49520-non-000,0,-0.009600870311260223
evaluation-49539-tar-000,1,0.1461370885372162
evaluation-49539-non-000,0,0.11063428968191147
evaluation-4958-tar-000,1,-0.0693373903632164
evaluation-4958-non-000,0,0.05567733943462372
evaluation-4961-tar-000,1,0.2445371150970459
evaluation-4961-non-000,0,0.21747863292694092
evaluation-49677-tar-000,1,-0.15462073683738708
evaluation-49677-non-000,0,-0.06706567853689194
evaluation-49792-tar-000,1,0.05809959024190903
evaluation-49792-non-000,0,-0.16825047135353088
evaluation-49808-tar-000,1,0.08347102254629135
evaluation-49808-non-000,0,0.043854858726263046
evaluation-49872-tar-000,1,0.06302390992641449
evaluation-49872-non-000,0,0.16970194876194
evaluation-50056-tar-000,1,-0.06866312026977539
evaluation-50056-non-000,0,-0.0038813017308712006
evaluation-5008-tar-000,1,0.03820149600505829
evaluation-5008-non-000,0,0.16797669231891632
evaluation-5010-tar-000,1,0.20494994521141052
evaluation-5010-non-000,0,0.06513413041830063
evaluation-50138-tar-000,1,0.17725959420204163
evaluation-50138-non-000,0,0.1329846829175949
evaluation-5018-tar-000,1,0.1106412261724472
evaluation-5018-non-000,0,0.08059647679328918
evaluation-5021-tar-000,1,0.15040737390518188
evaluation-5021-non-000,0,0.3363286256790161
evaluation-5024-tar-000,1,0.26748138666152954
evaluation-5024-non-000,0,-0.13208317756652832
evaluation-50374-tar-000,1,0.02761833369731903
evaluation-50374-non-000,0,0.06833753734827042
evaluation-5042-tar-000,1,-0.04032858833670616
evaluation-5042-non-000,0,-0.07584859430789948
evaluation-50440-tar-000,1,0.15113228559494019
evaluation-50440-non-000,0,-0.15298503637313843
evaluation-50490-tar-000,1,-0.09278977662324905
evaluation-50490-non-000,0,-0.01971065253019333
evaluation-50591-tar-000,1,0.033191412687301636
evaluation-50591-non-000,0,0.1562526971101761
evaluation-50608-tar-000,1,0.4401734471321106
evaluation-50608-non-000,0,0.18078091740608215
evaluation-50613-tar-000,1,-0.3077675700187683
evaluation-50613-non-000,0,0.09930303692817688
evaluation-50643-tar-000,1,0.19016727805137634
evaluation-50643-non-000,0,0.04354487359523773
evaluation-50652-tar-000,1,0.116802878677845
evaluation-50652-non-000,0,0.07865817099809647
evaluation-50676-tar-000,1,0.03305356949567795
evaluation-50676-non-000,0,-0.034659601747989655
evaluation-50679-tar-000,1,0.02271481789648533
evaluation-50679-non-000,0,-0.10276535153388977
evaluation-50723-tar-000,1,0.07183033972978592
evaluation-50723-non-000,0,0.1417396068572998
evaluation-50786-tar-000,1,0.07064846158027649
evaluation-50786-non-000,0,0.18448206782341003
evaluation-51050-tar-000,1,-0.0070999301970005035
evaluation-51050-non-000,0,0.02295967936515808
evaluation-51080-tar-000,1,0.12990151345729828
evaluation-51080-non-000,0,0.02818511612713337
evaluation-51099-tar-000,1,-0.010442279279232025
evaluation-51099-non-000,0,0.24199964106082916
evaluation-5135-tar-000,1,-0.13432008028030396
evaluation-5135-non-000,0,-0.15295782685279846
evaluation-51399-tar-000,1,-0.22442856431007385
evaluation-51399-non-000,0,-0.14515233039855957
evaluation-51459-tar-000,1,-0.09365838021039963
evaluation-51459-non-000,0,0.0604114755988121
evaluation-5148-tar-000,1,0.20358842611312866
evaluation-5148-non-000,0,0.221477210521698
evaluation-5149-tar-000,1,0.0018056035041809082
evaluation-5149-non-000,0,-0.05317174270749092
evaluation-51506-tar-000,1,0.014850877225399017
evaluation-51506-non-000,0,0.1129070594906807
evaluation-51525-tar-000,1,0.2855471968650818
evaluation-51525-non-000,0,-0.09590274095535278
evaluation-5153-tar-000,1,0.15416495501995087
evaluation-5153-non-000,0,0.05577266588807106
evaluation-51531-tar-000,1,0.04937632754445076
evaluation-51531-non-000,0,0.004004418849945068
evaluation-51544-tar-000,1,0.01820729672908783
evaluation-51544-non-000,0,-0.07965599000453949
evaluation-51624-tar-000,1,-0.021337993443012238
evaluation-51624-non-000,0,-0.011913040652871132
evaluation-51629-tar-000,1,0.1411283016204834
evaluation-51629-non-000,0,-0.1572078913450241
evaluation-5167-tar-000,1,0.021939929574728012
evaluation-5167-non-000,0,0.22903233766555786
evaluation-5171-tar-000,1,-0.06698150187730789
evaluation-5171-non-000,0,-0.057980068027973175
evaluation-51899-tar-000,1,0.1745261698961258
evaluation-51899-non-000,0,-0.13367879390716553
evaluation-51940-tar-000,1,0.018082544207572937
evaluation-51940-non-000,0,-0.08284390717744827
evaluation-51962-tar-000,1,-0.17892426252365112
evaluation-51962-non-000,0,0.1271125078201294
evaluation-5203-tar-000,1,-0.2957257926464081
evaluation-5203-non-000,0,-0.07016602158546448
evaluation-5215-tar-000,1,-0.10398823022842407
evaluation-5215-non-000,0,0.1818293035030365
evaluation-52213-tar-000,1,0.038071662187576294
evaluation-52213-non-000,0,0.0633823499083519
evaluation-5225-tar-000,1,-0.02129684016108513
evaluation-5225-non-000,0,0.07484069466590881
evaluation-52371-tar-000,1,0.07620370388031006
evaluation-52371-non-000,0,0.03005131334066391
evaluation-52374-tar-000,1,-0.2061759978532791
evaluation-52374-non-000,0,0.06914802640676498
evaluation-5246-tar-000,1,0.08430378139019012
evaluation-5246-non-000,0,0.0897134467959404
evaluation-52486-tar-000,1,-0.10414063930511475
evaluation-52486-non-000,0,-0.04140540957450867
evaluation-5253-tar-000,1,0.2645598351955414
evaluation-5253-non-000,0,0.007190030999481678
evaluation-52530-tar-000,1,0.04759320244193077
evaluation-52530-non-000,0,-0.015000574290752411
evaluation-5256-tar-000,1,0.07851893454790115
evaluation-5256-non-000,0,0.12094591557979584
evaluation-5261-tar-000,1,0.21759772300720215
evaluation-5261-non-000,0,-0.22786420583724976
evaluation-52651-tar-000,1,0.11698329448699951
evaluation-52651-non-000,0,0.0052406154572963715
evaluation-52709-tar-000,1,-0.09466147422790527
evaluation-52709-non-000,0,0.10372135043144226
evaluation-5289-tar-000,1,0.19130957126617432
evaluation-5289-non-000,0,0.1179879680275917
evaluation-52912-tar-000,1,-0.06360194832086563
evaluation-52912-non-000,0,0.13879773020744324
evaluation-52929-tar-000,1,-0.0651354193687439
evaluation-52929-non-000,0,-0.13205932080745697
evaluation-5309-tar-000,1,0.06025264412164688
evaluation-5309-non-000,0,0.21712373197078705
evaluation-53170-tar-000,1,-0.16835778951644897
evaluation-53170-non-000,0,0.1614256203174591
evaluation-5322-tar-000,1,0.11981397122144699
evaluation-5322-non-000,0,-0.1219068095088005
evaluation-5325-tar-000,1,-0.06736064702272415
evaluation-5325-non-000,0,-0.08615824580192566
evaluation-53266-tar-000,1,-0.10773482173681259
evaluation-53266-non-000,0,0.03067493438720703
evaluation-53269-tar-000,1,0.11410781741142273
evaluation-53269-non-000,0,-0.12048722803592682
evaluation-53272-tar-000,1,-0.04545125365257263
evaluation-53272-non-000,0,0.03255818784236908
evaluation-5334-tar-000,1,-0.04308726638555527
evaluation-5334-non-000,0,-0.15847444534301758
evaluation-53354-tar-000,1,-0.053562648594379425
evaluation-53354-non-000,0,-0.10226242989301682
evaluation-5336-tar-000,1,0.1661234349012375
evaluation-5336-non-000,0,-0.06274937093257904
evaluation-5339-tar-000,1,0.13296866416931152
evaluation-5339-non-000,0,0.14198674261569977
evaluation-53390-tar-000,1,0.22140493988990784
evaluation-53390-non-000,0,0.2205474078655243
evaluation-53434-tar-000,1,0.022544899955391884
evaluation-53434-non-000,0,-0.07632037252187729
evaluation-53544-tar-000,1,0.09441041201353073
evaluation-53544-non-000,0,0.29214373230934143
evaluation-53588-tar-000,1,-0.08741850405931473
evaluation-53588-non-000,0,0.011728689074516296
evaluation-53755-tar-000,1,0.13007070124149323
evaluation-53755-non-000,0,0.16287468373775482
evaluation-53972-tar-000,1,0.01778438687324524
evaluation-53972-non-000,0,-0.1358208805322647
evaluation-5399-tar-000,1,0.027928248047828674
evaluation-5399-non-000,0,0.169102743268013
evaluation-54035-tar-000,1,0.3889007866382599
evaluation-54035-non-000,0,0.2529586851596832
evaluation-54085-tar-000,1,0.19172176718711853
evaluation-54085-non-000,0,-0.15413036942481995
evaluation-5413-tar-000,1,-0.0794520229101181
evaluation-5413-non-000,0,0.1456126868724823
evaluation-54197-tar-000,1,-0.15766172111034393
evaluation-54197-non-000,0,-0.04806777834892273
evaluation-54250-tar-000,1,0.28695690631866455
evaluation-54250-non-000,0,0.1337375044822693
evaluation-54261-tar-000,1,-0.026222974061965942
evaluation-54261-non-000,0,-0.06668651103973389
evaluation-5437-tar-000,1,-0.1403847634792328
evaluation-5437-non-000,0,0.013632556423544884
evaluation-54376-tar-000,1,-0.011228070594370365
evaluation-54376-non-000,0,0.022825799882411957
evaluation-5438-tar-000,1,0.057168543338775635
evaluation-5438-non-000,0,-0.12293411791324615
evaluation-54568-tar-000,1,0.09894532710313797
evaluation-54568-non-000,0,-0.1707906872034073
evaluation-54596-tar-000,1,0.11184410750865936
evaluation-54596-non-000,0,-0.2311936318874359
evaluation-54637-tar-000,1,0.07365705817937851
evaluation-54637-non-000,0,0.027334347367286682
evaluation-54725-tar-000,1,-0.16072344779968262
evaluation-54725-non-000,0,-0.02257668413221836
evaluation-5490-tar-000,1,-0.023843396455049515
evaluation-5490-non-000,0,0.10516912490129471
evaluation-55027-tar-000,1,-0.19775690138339996
evaluation-55027-non-000,0,0.06998126953840256
evaluation-55052-tar-000,1,0.048256926238536835
evaluation-55052-non-000,0,-0.09298703074455261
evaluation-55225-tar-000,1,0.17727553844451904
evaluation-55225-non-000,0,0.13759353756904602
evaluation-5532-tar-000,1,-0.16519373655319214
evaluation-5532-non-000,0,-0.03392879664897919
evaluation-55354-tar-000,1,0.12385483086109161
evaluation-55354-non-000,0,0.2221931666135788
evaluation-55362-tar-000,1,0.2911996841430664
evaluation-55362-non-000,0,0.019185299053788185
evaluation-5542-tar-000,1,0.097975954413414
evaluation-5542-non-000,0,-0.0043752677738666534
evaluation-55488-tar-000,1,-0.011932792142033577
evaluation-55488-non-000,0,-0.025398913770914078
evaluation-55656-tar-000,1,0.04508162662386894
evaluation-55656-non-000,0,-0.18980668485164642
evaluation-55681-tar-000,1,-0.027912795543670654
evaluation-55681-non-000,0,-0.0388365238904953
evaluation-55807-tar-000,1,0.11053027212619781
evaluation-55807-non-000,0,0.08365408331155777
evaluation-55810-tar-000,1,0.033170104026794434
evaluation-55810-non-000,0,0.02826770208775997
evaluation-55870-tar-000,1,-0.15385350584983826
evaluation-55870-non-000,0,-0.008265525102615356
evaluation-55928-tar-000,1,-0.07640370726585388
evaluation-55928-non-000,0,0.2640659213066101
evaluation-5594-tar-000,1,0.09026055037975311
evaluation-5594-non-000,0,0.0017533283680677414
evaluation-55953-tar-000,1,-0.08428144454956055
evaluation-55953-non-000,0,-0.10897691547870636
evaluation-55966-tar-000,1,0.025025127455592155
evaluation-55966-non-000,0,0.08784101903438568
evaluation-5599-tar-000,1,0.15991173684597015
evaluation-5599-non-000,0,0.11557933688163757
evaluation-56043-tar-000,1,0.20187979936599731
evaluation-56043-non-000,0,-0.05377030372619629
evaluation-5605-tar-000,1,-0.02832605317234993
evaluation-5605-non-000,0,-0.12777894735336304
evaluation-56073-tar-000,1,0.0046730563044548035
evaluation-56073-non-000,0,0.09876711666584015
evaluation-56098-tar-000,1,-0.06591115891933441
evaluation-56098-non-000,0,-0.012257099151611328
evaluation-56112-tar-000,1,-0.08663477748632431
evaluation-56112-non-000,0,-0.16623061895370483
evaluation-56170-tar-000,1,0.13905663788318634
evaluation-56170-non-000,0,0.1373867690563202
evaluation-56181-tar-000,1,-0.07812514901161194
evaluation-56181-non-000,0,0.09966586530208588
evaluation-56293-tar-000,1,0.16324973106384277
evaluation-56293-non-000,0,-0.06431199610233307
evaluation-5631-tar-000,1,-0.06177531182765961
evaluation-5631-non-000,0,-0.09561210125684738
evaluation-5645-tar-000,1,0.25155600905418396
evaluation-5645-non-000,0,0.11799827963113785
evaluation-5648-tar-000,1,0.16417011618614197
evaluation-5648-non-000,0,0.058136388659477234
evaluation-5653-tar-000,1,0.23486527800559998
evaluation-5653-non-000,0,0.13801541924476624
evaluation-56568-tar-000,1,-0.1226879432797432
evaluation-56568-non-000,0,0.09168589115142822
evaluation-5671-tar-000,1,-0.06551965326070786
evaluation-5671-non-000,0,-0.206764817237854
evaluation-56722-tar-000,1,0.17325754463672638
evaluation-56722-non-000,0,-0.1780749261379242
evaluation-56771-tar-000,1,0.014059372246265411
evaluation-56771-non-000,0,-0.11056915670633316
evaluation-56829-tar-000,1,0.023054908961057663
evaluation-56829-non-000,0,-0.011767137795686722
evaluation-56853-tar-000,1,-0.12360294908285141
evaluation-56853-non-000,0,-0.0234325360506773
evaluation-56939-tar-000,1,0.08140069991350174
evaluation-56939-non-000,0,0.13690489530563354
evaluation-5706-tar-000,1,0.16071586310863495
evaluation-5706-non-000,0,-0.08577349781990051
evaluation-57103-tar-000,1,-0.06619378179311752
evaluation-57103-non-000,0,0.013756439089775085
evaluation-57208-tar-000,1,0.1784786731004715
evaluation-57208-non-000,0,0.0009989440441131592
evaluation-57246-tar-000,1,0.1878814697265625
evaluation-57246-non-000,0,0.0361228808760643
evaluation-57263-tar-000,1,-0.05150604248046875
evaluation-57263-non-000,0,-0.0782306045293808
evaluation-5734-tar-000,1,0.09165002405643463
evaluation-5734-non-000,0,-0.2703866958618164
evaluation-57364-tar-000,1,0.0679691731929779
evaluation-57364-non-000,0,-0.006231052801012993
evaluation-57384-tar-000,1,0.26451313495635986
evaluation-57384-non-000,0,-0.10423807799816132
evaluation-57413-tar-000,1,0.0003650002181529999
evaluation-57413-non-000,0,-0.03479330241680145
evaluation-5745-tar-000,1,0.15667065978050232
evaluation-5745-non-000,0,0.018139619380235672
evaluation-57502-tar-000,1,-0.018337449058890343
evaluation-57502-non-000,0,0.05088803917169571
evaluation-57587-tar-000,1,0.11005108058452606
evaluation-57587-non-000,0,0.32403185963630676
evaluation-5763-tar-000,1,0.19119048118591309
evaluation-5763-non-000,0,-0.05822690948843956
evaluation-57661-tar-000,1,0.0005285590887069702
evaluation-57661-non-000,0,0.05302537977695465
evaluation-57710-tar-000,1,0.07163618505001068
evaluation-57710-non-000,0,0.04134446009993553
evaluation-57719-tar-000,1,0.2317097783088684
evaluation-57719-non-000,0,-0.07672661542892456
evaluation-5773-tar-000,1,0.19944563508033752
evaluation-5773-non-000,0,-0.06087728589773178
evaluation-57944-tar-000,1,0.28815898299217224
evaluation-57944-non-000,0,-0.07076854258775711
evaluation-57980-tar-000,1,0.09155642986297607
evaluation-57980-non-000,0,0.012988574802875519
evaluation-58059-tar-000,1,-0.11703211069107056
evaluation-58059-non-000,0,0.255301296710968
evaluation-58067-tar-000,1,0.11981531977653503
evaluation-58067-non-000,0,0.0391540452837944
evaluation-58081-tar-000,1,0.20337626338005066
evaluation-58081-non-000,0,-0.04552936181426048
evaluation-58087-tar-000,1,-0.058703865855932236
evaluation-58087-non-000,0,-0.04378928989171982
evaluation-58098-tar-000,1,0.24939942359924316
evaluation-58098-non-000,0,0.03992918133735657
evaluation-5814-tar-000,1,-0.12753929197788239
evaluation-5814-non-000,0,0.059256330132484436
evaluation-58144-tar-000,1,0.0007585212588310242
evaluation-58144-non-000,0,0.06175614148378372
evaluation-5832-tar-000,1,-0.03052135556936264
evaluation-5832-non-000,0,-0.1461932361125946
evaluation-5836-tar-000,1,0.12016505002975464
evaluation-5836-non-000,0,0.05256843566894531
evaluation-5841-tar-000,1,-0.08438967913389206
evaluation-5841-non-000,0,-0.04020398110151291
evaluation-58430-tar-000,1,0.1083976998925209
evaluation-58430-non-000,0,0.04462514817714691
evaluation-58587-tar-000,1,0.14264780282974243
evaluation-58587-non-000,0,0.16510897874832153
evaluation-5861-tar-000,1,0.04312315210700035
evaluation-5861-non-000,0,-0.026545729488134384
evaluation-5868-tar-000,1,0.24140110611915588
evaluation-5868-non-000,0,0.028831567615270615
evaluation-58694-tar-000,1,0.021247366443276405
evaluation-58694-non-000,0,-0.05178297683596611
evaluation-58724-tar-000,1,-0.09000764787197113
evaluation-58724-non-000,0,0.0014520585536956787
evaluation-58771-tar-000,1,0.07395004481077194
evaluation-58771-non-000,0,0.03126055374741554
evaluation-5884-tar-000,1,0.16826382279396057
evaluation-5884-non-000,0,0.057052917778491974
evaluation-58968-tar-000,1,0.18574576079845428
evaluation-58968-non-000,0,0.11199815571308136
evaluation-5900-tar-000,1,0.029100365936756134
evaluation-5900-non-000,0,-0.020315583795309067
evaluation-59029-tar-000,1,0.11468170583248138
evaluation-59029-non-000,0,0.0023605115711688995
evaluation-59235-tar-000,1,0.015784787014126778
evaluation-59235-non-000,0,0.06502550095319748
evaluation-59284-tar-000,1,0.05458829551935196
evaluation-59284-non-000,0,-0.17702072858810425
evaluation-59443-tar-000,1,0.16199113428592682
evaluation-59443-non-000,0,0.025808492675423622
evaluation-5946-tar-000,1,0.09868656098842621
evaluation-5946-non-000,0,0.003136083483695984
evaluation-5949-tar-000,1,0.1125858724117279
evaluation-5949-non-000,0,-0.04767734184861183
evaluation-59496-tar-000,1,-0.039110153913497925
evaluation-59496-non-000,0,0.032055746763944626
evaluation-59564-tar-000,1,0.24244588613510132
evaluation-59564-non-000,0,0.04648987203836441
evaluation-59663-tar-000,1,0.1973063051700592
evaluation-59663-non-000,0,0.09231287240982056
evaluation-59779-tar-000,1,-0.21971309185028076
evaluation-59779-non-000,0,0.11019689589738846
evaluation-59820-tar-000,1,0.3176720142364502
evaluation-59820-non-000,0,0.1239982545375824
evaluation-59963-tar-000,1,0.07059090584516525
evaluation-59963-non-000,0,-0.005554482340812683
evaluation-59971-tar-000,1,0.09944815188646317
evaluation-59971-non-000,0,-0.08513403683900833
evaluation-6006-tar-000,1,0.20974448323249817
evaluation-6006-non-000,0,-0.17376890778541565
evaluation-6010-tar-000,1,0.12773272395133972
evaluation-6010-non-000,0,0.14041925966739655
evaluation-60240-tar-000,1,-0.18019899725914001
evaluation-60240-non-000,0,-0.13911563158035278
evaluation-60627-tar-000,1,0.0534437820315361
evaluation-60627-non-000,0,0.11326552927494049
evaluation-60646-tar-000,1,0.07210532575845718
evaluation-60646-non-000,0,0.1495966613292694
evaluation-60699-tar-000,1,0.06593809276819229
evaluation-60699-non-000,0,0.27413517236709595
evaluation-60748-tar-000,1,0.18234720826148987
evaluation-60748-non-000,0,0.29515722393989563
evaluation-60803-tar-000,1,0.1911640614271164
evaluation-60803-non-000,0,-0.13247205317020416
evaluation-6081-tar-000,1,0.023541711270809174
evaluation-6081-non-000,0,0.03386915102601051
evaluation-6086-tar-000,1,-0.10929451882839203
evaluation-6086-non-000,0,-0.02461828663945198
evaluation-6089-tar-000,1,-0.06927753984928131
evaluation-6089-non-000,0,0.1265781819820404
evaluation-6097-tar-000,1,-0.22528782486915588
evaluation-6097-non-000,0,-0.04796159267425537
evaluation-61015-tar-000,1,0.31942659616470337
evaluation-61015-non-000,0,-0.051019441336393356
evaluation-61078-tar-000,1,0.06725121289491653
evaluation-61078-non-000,0,0.12090634554624557
evaluation-6108-tar-000,1,0.08147735148668289
evaluation-6108-non-000,0,0.16313178837299347
evaluation-61119-tar-000,1,0.0003840327262878418
evaluation-61119-non-000,0,0.10498596727848053
evaluation-61122-tar-000,1,0.14960896968841553
evaluation-61122-non-000,0,0.0074473787099123
evaluation-61133-tar-000,1,0.05964014679193497
evaluation-61133-non-000,0,-0.024002667516469955
evaluation-61174-tar-000,1,-0.04576139524579048
evaluation-61174-non-000,0,0.11927846819162369
evaluation-61207-tar-000,1,0.06312099099159241
evaluation-61207-non-000,0,-0.0430324524641037
evaluation-61292-tar-000,1,0.14072862267494202
evaluation-61292-non-000,0,0.09389066696166992
evaluation-61410-tar-000,1,0.1646256148815155
evaluation-61410-non-000,0,0.07882189750671387
evaluation-61421-tar-000,1,0.14614617824554443
evaluation-61421-non-000,0,0.13786451518535614
evaluation-6163-tar-000,1,0.17129230499267578
evaluation-6163-non-000,0,0.213896706700325
evaluation-61663-tar-000,1,0.017099551856517792
evaluation-61663-non-000,0,0.1277661919593811
evaluation-61712-tar-000,1,-0.05938843637704849
evaluation-61712-non-000,0,0.0883362740278244
evaluation-61775-tar-000,1,-0.18583467602729797
evaluation-61775-non-000,0,-0.05380835011601448
evaluation-61800-tar-000,1,-0.10399898141622543
evaluation-61800-non-000,0,0.1278141289949417
evaluation-6186-tar-000,1,0.09563460201025009
evaluation-6186-non-000,0,0.19903644919395447
evaluation-6194-tar-000,1,0.042039431631565094
evaluation-6194-non-000,0,-0.007771935313940048
evaluation-61979-tar-000,1,0.09114071726799011
evaluation-61979-non-000,0,0.1518474519252777
evaluation-62012-tar-000,1,0.030027562752366066
evaluation-62012-non-000,0,0.011226387694478035
evaluation-6202-tar-000,1,0.08214443922042847
evaluation-6202-non-000,0,-0.10648901760578156
evaluation-62066-tar-000,1,0.07526598870754242
evaluation-62066-non-000,0,0.025397509336471558
evaluation-62086-tar-000,1,0.10590922832489014
evaluation-62086-non-000,0,-0.11492914706468582
evaluation-6209-tar-000,1,-0.06278017163276672
evaluation-6209-non-000,0,-0.2088114619255066
evaluation-62138-tar-000,1,-0.05385912209749222
evaluation-62138-non-000,0,0.1625015288591385
evaluation-62179-tar-000,1,-0.012993283569812775
evaluation-62179-non-000,0,0.2121846228837967
evaluation-62223-tar-000,1,-0.042118411511182785
evaluation-62223-non-000,0,-0.19206386804580688
evaluation-62292-tar-000,1,0.11443150043487549
evaluation-62292-non-000,0,0.014339298009872437
evaluation-6231-tar-000,1,-0.0826612263917923
evaluation-6231-non-000,0,0.06302377581596375
evaluation-62325-tar-000,1,-0.12972727417945862
evaluation-62325-non-000,0,0.15531811118125916
evaluation-62404-tar-000,1,0.19617828726768494
evaluation-62404-non-000,0,-0.074721559882164
evaluation-6246-tar-000,1,-0.1603371798992157
evaluation-6246-non-000,0,0.12150803208351135
evaluation-62544-tar-000,1,0.40550944209098816
evaluation-62544-non-000,0,0.031821977347135544
evaluation-6257-tar-000,1,0.09422513842582703
evaluation-6257-non-000,0,0.06472489982843399
evaluation-62572-tar-000,1,-0.08038480579853058
evaluation-62572-non-000,0,-0.040970638394355774
evaluation-62660-tar-000,1,-0.07708977162837982
evaluation-62660-non-000,0,-0.044547874480485916
evaluation-62748-tar-000,1,0.2101643979549408
evaluation-62748-non-000,0,0.027082769200205803
evaluation-6287-tar-000,1,0.2391069531440735
evaluation-6287-non-000,0,0.020271945744752884
evaluation-6292-tar-000,1,0.004297913983464241
evaluation-6292-non-000,0,0.19944678246974945
evaluation-6296-tar-000,1,0.0038594305515289307
evaluation-6296-non-000,0,0.13525104522705078
evaluation-63077-tar-000,1,0.1682996302843094
evaluation-63077-non-000,0,0.0662386491894722
evaluation-6310-tar-000,1,-0.19425295293331146
evaluation-6310-non-000,0,0.03851455822587013
evaluation-63132-tar-000,1,-0.07696636021137238
evaluation-63132-non-000,0,0.05692828819155693
evaluation-63138-tar-000,1,-0.20489732921123505
evaluation-63138-non-000,0,0.003515363670885563
evaluation-63415-tar-000,1,0.14956000447273254
evaluation-63415-non-000,0,-0.06971682608127594
evaluation-63478-tar-000,1,0.17587485909461975
evaluation-63478-non-000,0,-0.05131874233484268
evaluation-63536-tar-000,1,0.1288529336452484
evaluation-63536-non-000,0,-0.037076838314533234
evaluation-6358-tar-000,1,-0.13181093335151672
evaluation-6358-non-000,0,-0.03649238497018814
evaluation-6359-tar-000,1,-0.031132008880376816
evaluation-6359-non-000,0,-0.018628153949975967
evaluation-63627-tar-000,1,0.1355314999818802
evaluation-63627-non-000,0,-0.035431910306215286
evaluation-63629-tar-000,1,0.007601793855428696
evaluation-63629-non-000,0,-0.027061790227890015
evaluation-63714-tar-000,1,-0.0815044641494751
evaluation-63714-non-000,0,0.10295712202787399
evaluation-63739-tar-000,1,0.03594118729233742
evaluation-63739-non-000,0,-0.08464045822620392
evaluation-63805-tar-000,1,0.10290917009115219
evaluation-63805-non-000,0,0.1356695294380188
evaluation-63838-tar-000,1,0.20869849622249603
evaluation-63838-non-000,0,0.13260072469711304
evaluation-63852-tar-000,1,-0.047740042209625244
evaluation-63852-non-000,0,-0.22918134927749634
evaluation-63984-tar-000,1,0.12029934674501419
evaluation-63984-non-000,0,-0.11249077320098877
evaluation-6401-tar-000,1,-0.0024734530597925186
evaluation-6401-non-000,0,0.04227183386683464
evaluation-64082-tar-000,1,0.054339274764060974
evaluation-64082-non-000,0,0.025307312607765198
evaluation-6410-tar-000,1,-0.019566239789128304
evaluation-6410-non-000,0,0.1875949651002884
evaluation-64291-tar-000,1,0.10864012688398361
evaluation-64291-non-000,0,0.10378564149141312
evaluation-64354-tar-000,1,0.16461236774921417
evaluation-64354-non-000,0,0.21922355890274048
evaluation-64431-tar-000,1,-0.05948105454444885
evaluation-64431-non-000,0,0.039101067930459976
evaluation-64456-tar-000,1,0.011976264417171478
evaluation-64456-non-000,0,-0.07288016378879547
evaluation-64489-tar-000,1,0.23852388560771942
evaluation-64489-non-000,0,-0.0829898789525032
evaluation-64494-tar-000,1,0.140372633934021
evaluation-64494-non-000,0,0.2677426040172577
evaluation-64541-tar-000,1,-0.004926469177007675
evaluation-64541-non-000,0,-0.034436069428920746
evaluation-64593-tar-000,1,0.11324407905340195
evaluation-64593-non-000,0,0.13735388219356537
evaluation-64626-tar-000,1,0.034585222601890564
evaluation-64626-non-000,0,-0.020570583641529083
evaluation-64747-tar-000,1,0.059569746255874634
evaluation-64747-non-000,0,-0.10774870216846466
evaluation-6478-tar-000,1,0.04679485782980919
evaluation-6478-non-000,0,0.07164104282855988
evaluation-6494-tar-000,1,0.15741631388664246
evaluation-6494-non-000,0,0.03314518555998802
evaluation-64961-tar-000,1,-0.013855328783392906
evaluation-64961-non-000,0,0.01273832842707634
evaluation-64967-tar-000,1,0.14933209121227264
evaluation-64967-non-000,0,0.07331535965204239
evaluation-65079-tar-000,1,0.1909809708595276
evaluation-65079-non-000,0,-0.23985067009925842
evaluation-65159-tar-000,1,-0.08691095560789108
evaluation-65159-non-000,0,0.10725994408130646
evaluation-6527-tar-000,1,0.014573795720934868
evaluation-6527-non-000,0,-0.0021838154643774033
evaluation-65368-tar-000,1,0.029353702440857887
evaluation-65368-non-000,0,-0.05495285615324974
evaluation-65404-tar-000,1,0.050526537001132965
evaluation-65404-non-000,0,-0.1310616433620453
evaluation-65423-tar-000,1,0.1711137890815735
evaluation-65423-non-000,0,0.07418109476566315
evaluation-65511-tar-000,1,0.030974511057138443
evaluation-65511-non-000,0,-0.10764612257480621
evaluation-65513-tar-000,1,-0.13124433159828186
evaluation-65513-non-000,0,-0.06257721781730652
evaluation-6552-tar-000,1,-0.0445704460144043
evaluation-6552-non-000,0,-0.18950894474983215
evaluation-65538-tar-000,1,0.18754643201828003
evaluation-65538-non-000,0,-0.11297965049743652
evaluation-65541-tar-000,1,-0.012945897877216339
evaluation-65541-non-000,0,0.00919416919350624
evaluation-65761-tar-000,1,0.0704815611243248
evaluation-65761-non-000,0,-0.08923956006765366
evaluation-65807-tar-000,1,0.04185567423701286
evaluation-65807-non-000,0,-0.08993908762931824
evaluation-65868-tar-000,1,-0.08804096281528473
evaluation-65868-non-000,0,-0.19676129519939423
evaluation-65945-tar-000,1,-0.1270197629928589
evaluation-65945-non-000,0,0.1523941159248352
evaluation-6595-tar-000,1,0.1435297131538391
evaluation-6595-non-000,0,0.32899966835975647
evaluation-65986-tar-000,1,0.02354513108730316
evaluation-65986-non-000,0,0.013296680524945259
evaluation-66002-tar-000,1,0.14060275256633759
evaluation-66002-non-000,0,-0.17929820716381073
evaluation-66030-tar-000,1,0.04632333293557167
evaluation-66030-non-000,0,0.11776062101125717
evaluation-66230-tar-000,1,0.30107757449150085
evaluation-66230-non-000,0,0.0655648410320282
evaluation-6625-tar-000,1,0.11434285342693329
evaluation-6625-non-000,0,-0.15090008080005646
evaluation-6634-tar-000,1,-0.016709204763174057
evaluation-6634-non-000,0,0.12926217913627625
evaluation-66436-tar-000,1,0.23834750056266785
evaluation-66436-non-000,0,0.15253984928131104
evaluation-66466-tar-000,1,0.01170283742249012
evaluation-66466-non-000,0,0.08033742010593414
evaluation-66508-tar-000,1,-0.01703716441988945
evaluation-66508-non-000,0,0.09174942970275879
evaluation-6661-tar-000,1,-0.13650688529014587
evaluation-6661-non-000,0,-0.17544302344322205
evaluation-66749-tar-000,1,-0.20428326725959778
evaluation-66749-non-000,0,-0.09086108952760696
evaluation-66782-tar-000,1,-0.00980198010802269
evaluation-66782-non-000,0,0.03850346803665161
evaluation-6682-tar-000,1,0.024405349045991898
evaluation-6682-non-000,0,-0.05046690255403519
evaluation-66944-tar-000,1,-0.03930892422795296
evaluation-66944-non-000,0,0.12857721745967865
evaluation-67057-tar-000,1,-0.001023855060338974
evaluation-67057-non-000,0,0.01318775862455368
evaluation-67087-tar-000,1,0.16773632168769836
evaluation-67087-non-000,0,0.11942459642887115
evaluation-67137-tar-000,1,0.041094470769166946
evaluation-67137-non-000,0,0.16440565884113312
evaluation-67288-tar-000,1,0.2267884612083435
evaluation-67288-non-000,0,0.0042562708258628845
evaluation-6731-tar-000,1,0.19037273526191711
evaluation-6731-non-000,0,0.022892463952302933
evaluation-67370-tar-000,1,0.11648362874984741
evaluation-67370-non-000,0,-0.003159690648317337
evaluation-67488-tar-000,1,0.18407434225082397
evaluation-67488-non-000,0,-0.03230325132608414
evaluation-6749-tar-000,1,0.16040363907814026
evaluation-6749-non-000,0,-0.2506932020187378
evaluation-67521-tar-000,1,-0.006014928221702576
evaluation-67521-non-000,0,-0.03412972390651703
evaluation-67529-tar-000,1,-0.06309576332569122
evaluation-67529-non-000,0,-0.059108488261699677
evaluation-67538-tar-000,1,0.04188729450106621
evaluation-67538-non-000,0,0.20632660388946533
evaluation-67686-tar-000,1,-0.12990424036979675
evaluation-67686-non-000,0,0.07043665647506714
evaluation-67697-tar-000,1,0.06232370063662529
evaluation-67697-non-000,0,-0.0821806937456131
evaluation-67859-tar-000,1,0.07501300424337387
evaluation-67859-non-000,0,0.05206824094057083
evaluation-6789-tar-000,1,0.10681851208209991
evaluation-6789-non-000,0,0.05384904518723488
evaluation-67991-tar-000,1,0.09775262326002121
evaluation-67991-non-000,0,0.0015258286148309708
evaluation-68068-tar-000,1,0.08457116782665253
evaluation-68068-non-000,0,-0.08111689239740372
evaluation-68131-tar-000,1,0.12678253650665283
evaluation-68131-non-000,0,0.023030061274766922
evaluation-6818-tar-000,1,0.06524915248155594
evaluation-6818-non-000,0,0.06055167317390442
evaluation-68227-tar-000,1,-0.021660350263118744
evaluation-68227-non-000,0,0.05533900111913681
evaluation-68268-tar-000,1,0.022696100175380707
evaluation-68268-non-000,0,-0.002732381224632263
evaluation-68334-tar-000,1,-0.0581987127661705
evaluation-68334-non-000,0,-0.15933896601200104
evaluation-68378-tar-000,1,0.26507967710494995
evaluation-68378-non-000,0,0.10237928479909897
evaluation-68430-tar-000,1,0.016014546155929565
evaluation-68430-non-000,0,-0.021754613146185875
evaluation-68785-tar-000,1,0.12939803302288055
evaluation-68785-non-000,0,-0.03941790387034416
evaluation-68886-tar-000,1,0.10034649819135666
evaluation-68886-non-000,0,-0.20407342910766602
evaluation-68908-tar-000,1,-0.00399693101644516
evaluation-68908-non-000,0,-0.12075044214725494
evaluation-6898-tar-000,1,0.1780151128768921
evaluation-6898-non-000,0,-0.12088022381067276
evaluation-69035-tar-000,1,-0.19440922141075134
evaluation-69035-non-000,0,-0.07319465279579163
evaluation-69087-tar-000,1,0.13891349732875824
evaluation-69087-non-000,0,0.06160042807459831
evaluation-69155-tar-000,1,0.0537206195294857
evaluation-69155-non-000,0,-0.2936002016067505
evaluation-69166-tar-000,1,-0.29503148794174194
evaluation-69166-non-000,0,-0.23862311244010925
evaluation-69169-tar-000,1,0.09788896143436432
evaluation-69169-non-000,0,-0.12162797152996063
evaluation-69235-tar-000,1,0.19130642712116241
evaluation-69235-non-000,0,0.19474461674690247
evaluation-69279-tar-000,1,-0.033095601946115494
evaluation-69279-non-000,0,0.08116903901100159
evaluation-69315-tar-000,1,0.01150543987751007
evaluation-69315-non-000,0,-0.05077270418405533
evaluation-6932-tar-000,1,0.00015336647629737854
evaluation-6932-non-000,0,0.11004157364368439
evaluation-69361-tar-000,1,0.054968226701021194
evaluation-69361-non-000,0,-0.018649689853191376
evaluation-69425-tar-000,1,0.0015585161745548248
evaluation-69425-non-000,0,-0.11284653842449188
evaluation-69526-tar-000,1,0.03455360233783722
evaluation-69526-non-000,0,-0.1687721312046051
evaluation-69529-tar-000,1,0.11063484102487564
evaluation-69529-non-000,0,-0.11151188611984253
evaluation-6957-tar-000,1,0.161936417222023
evaluation-6957-non-000,0,-0.007969686761498451
evaluation-69573-tar-000,1,0.26622918248176575
evaluation-69573-non-000,0,0.17115844786167145
evaluation-69617-tar-000,1,-0.06930753588676453
evaluation-69617-non-000,0,-0.05690827965736389
evaluation-69672-tar-000,1,-0.06194794178009033
evaluation-69672-non-000,0,0.15604431927204132
evaluation-69724-tar-000,1,0.21599555015563965
evaluation-69724-non-000,0,-0.10409935563802719
evaluation-69848-tar-000,1,-0.014206329360604286
evaluation-69848-non-000,0,0.03956826031208038
evaluation-69927-tar-000,1,-0.11416801810264587
evaluation-69927-non-000,0,-0.018235310912132263
evaluation-6993-tar-000,1,-0.030706238001585007
evaluation-6993-non-000,0,0.05926664173603058
evaluation-6994-tar-000,1,0.018349196761846542
evaluation-6994-non-000,0,-0.014550305902957916
evaluation-7006-tar-000,1,0.14180439710617065
evaluation-7006-non-000,0,0.2067178189754486
evaluation-70130-tar-000,1,-0.04389484226703644
evaluation-70130-non-000,0,-0.039673030376434326
evaluation-70169-tar-000,1,-0.05344519764184952
evaluation-70169-non-000,0,0.1698019802570343
evaluation-70191-tar-000,1,0.12089483439922333
evaluation-70191-non-000,0,-0.04814159870147705
evaluation-7029-tar-000,1,0.25445643067359924
evaluation-7029-non-000,0,0.03551732748746872
evaluation-70290-tar-000,1,0.06948778033256531
evaluation-70290-non-000,0,-0.04443592205643654
evaluation-70320-tar-000,1,0.030589230358600616
evaluation-70320-non-000,0,0.28797653317451477
evaluation-70347-tar-000,1,0.06940916925668716
evaluation-70347-non-000,0,0.18056458234786987
evaluation-7036-tar-000,1,-0.012257445603609085
evaluation-7036-non-000,0,0.14035731554031372
evaluation-70501-tar-000,1,0.12469512224197388
evaluation-70501-non-000,0,0.21270859241485596
evaluation-7055-tar-000,1,0.04661503806710243
evaluation-7055-non-000,0,0.19395321607589722
evaluation-70592-tar-000,1,0.16475436091423035
evaluation-70592-non-000,0,0.16372066736221313
evaluation-70641-tar-000,1,0.08789695799350739
evaluation-70641-non-000,0,0.15694670379161835
evaluation-70671-tar-000,1,0.01394360139966011
evaluation-70671-non-000,0,0.015512514859437943
evaluation-7077-tar-000,1,0.12439890205860138
evaluation-7077-non-000,0,0.07857506722211838
evaluation-7078-tar-000,1,-0.2402045577764511
evaluation-7078-non-000,0,0.04906512796878815
evaluation-70781-tar-000,1,0.22628387808799744
evaluation-70781-non-000,0,0.03158290684223175
evaluation-70801-tar-000,1,-0.07604077458381653
evaluation-70801-non-000,0,0.2616721987724304
evaluation-7092-tar-000,1,-0.041199252009391785
evaluation-7092-non-000,0,0.14827314019203186
evaluation-70952-tar-000,1,-0.006204037927091122
evaluation-70952-non-000,0,0.01128292828798294
evaluation-71001-tar-000,1,-0.05709700658917427
evaluation-71001-non-000,0,-0.062425293028354645
evaluation-71015-tar-000,1,0.00023043155670166016
evaluation-71015-non-000,0,-0.10308553278446198
evaluation-71042-tar-000,1,0.0621805414557457
evaluation-71042-non-000,0,0.09191645681858063
evaluation-7108-tar-000,1,0.14452265202999115
evaluation-7108-non-000,0,-0.2572857141494751
evaluation-7123-tar-000,1,-0.2548583447933197
evaluation-7123-non-000,0,0.11788442730903625
evaluation-71300-tar-000,1,0.03210369125008583
evaluation-71300-non-000,0,0.04815180227160454
evaluation-7131-tar-000,1,0.06477107852697372
evaluation-7131-non-000,0,-0.15267176926136017
evaluation-7140-tar-000,1,-0.11471490561962128
evaluation-7140-non-000,0,0.04084259271621704
evaluation-71402-tar-000,1,-0.037676550447940826
evaluation-71402-non-000,0,-0.2887560725212097
evaluation-71441-tar-000,1,-0.0570639967918396
evaluation-71441-non-000,0,0.07111690938472748
evaluation-71457-tar-000,1,0.0711788758635521
evaluation-71457-non-000,0,-0.15829066932201385
evaluation-7149-tar-000,1,0.05176914110779762
evaluation-7149-non-000,0,-0.02406097576022148
evaluation-71528-tar-000,1,0.1565929651260376
evaluation-71528-non-000,0,0.19912755489349365
evaluation-71594-tar-000,1,0.07218504697084427
evaluation-71594-non-000,0,-0.16021281480789185
evaluation-7174-tar-000,1,-0.028877170756459236
evaluation-7174-non-000,0,0.18503905832767487
evaluation-7177-tar-000,1,-0.06819614768028259
evaluation-7177-non-000,0,-0.08743837475776672
evaluation-71798-tar-000,1,0.019643634557724
evaluation-71798-non-000,0,0.05335969477891922
evaluation-71839-tar-000,1,0.033608533442020416
evaluation-71839-non-000,0,0.1696770340204239
evaluation-71924-tar-000,1,0.06574523448944092
evaluation-71924-non-000,0,0.050066545605659485
evaluation-72009-tar-000,1,0.16593071818351746
evaluation-72009-non-000,0,-0.0336429625749588
evaluation-72017-tar-000,1,0.03185761719942093
evaluation-72017-non-000,0,0.04298361390829086
evaluation-72078-tar-000,1,0.073955237865448
evaluation-72078-non-000,0,-0.10869210213422775
evaluation-7211-tar-000,1,-0.03157718479633331
evaluation-7211-non-000,0,0.09246470034122467
evaluation-7214-tar-000,1,0.22046686708927155
evaluation-7214-non-000,0,0.10764049738645554
evaluation-72182-tar-000,1,0.2416536957025528
evaluation-72182-non-000,0,-0.2531376779079437
evaluation-72221-tar-000,1,0.042460449039936066
evaluation-72221-non-000,0,0.01602151244878769
evaluation-7225-tar-000,1,0.07736875116825104
evaluation-7225-non-000,0,-0.13239796459674835
evaluation-72267-tar-000,1,0.25017237663269043
evaluation-72267-non-000,0,0.10940545797348022
evaluation-7228-tar-000,1,0.026153653860092163
evaluation-7228-non-000,0,-0.22799447178840637
evaluation-72328-tar-000,1,0.40118318796157837
evaluation-72328-non-000,0,0.09187030047178268
evaluation-72355-tar-000,1,0.07499592006206512
evaluation-72355-non-000,0,0.034731268882751465
evaluation-72531-tar-000,1,-0.0475994311273098
evaluation-72531-non-000,0,0.06197136640548706
evaluation-7259-tar-000,1,0.019519325345754623
evaluation-7259-non-000,0,-0.015564961358904839
evaluation-72646-tar-000,1,-0.00374741293489933
evaluation-72646-non-000,0,0.1309710144996643
evaluation-72685-tar-000,1,-0.10713616013526917
evaluation-72685-non-000,0,-0.025737766176462173
evaluation-72718-tar-000,1,0.03760918602347374
evaluation-72718-non-000,0,0.030584661290049553
evaluation-72731-tar-000,1,0.1791665256023407
evaluation-72731-non-000,0,-0.11716971546411514
evaluation-72800-tar-000,1,0.14457713067531586
evaluation-72800-non-000,0,-0.08860613405704498
evaluation-7285-tar-000,1,0.014486214146018028
evaluation-7285-non-000,0,0.02452157810330391
evaluation-7290-tar-000,1,0.058414869010448456
evaluation-7290-non-000,0,-0.06966234743595123
evaluation-7302-tar-000,1,0.11103086173534393
evaluation-7302-non-000,0,0.165997713804245
evaluation-73086-tar-000,1,0.022004112601280212
evaluation-73086-non-000,0,-0.05973042920231819
evaluation-7314-tar-000,1,0.21238960325717926
evaluation-7314-non-000,0,0.15655642747879028
evaluation-73366-tar-000,1,-0.09837272018194199
evaluation-73366-non-000,0,0.03358926251530647
evaluation-73396-tar-000,1,0.030718088150024414
evaluation-73396-non-000,0,-0.13963761925697327
evaluation-7343-tar-000,1,0.19628170132637024
evaluation-7343-non-000,0,0.011883348226547241
evaluation-73465-tar-000,1,-0.07771775126457214
evaluation-73465-non-000,0,0.032711517065763474
evaluation-7350-tar-000,1,0.07736904919147491
evaluation-7350-non-000,0,-0.1689014434814453
evaluation-7353-tar-000,1,0.03067867085337639
evaluation-7353-non-000,0,-0.1330244392156601
evaluation-7354-tar-000,1,-0.031188754364848137
evaluation-7354-non-000,0,-0.015235137194395065
evaluation-73660-tar-000,1,0.08811677992343903
evaluation-73660-non-000,0,-0.022018594667315483
evaluation-73814-tar-000,1,0.02397807687520981
evaluation-73814-non-000,0,0.024872098118066788
evaluation-73858-tar-000,1,-0.18946202099323273
evaluation-73858-non-000,0,0.37533366680145264
evaluation-73923-tar-000,1,0.24016201496124268
evaluation-73923-non-000,0,-0.1753380298614502
evaluation-73995-tar-000,1,0.12097486853599548
evaluation-73995-non-000,0,0.06768105179071426
evaluation-74014-tar-000,1,0.12400873750448227
evaluation-74014-non-000,0,-0.20115506649017334
evaluation-74028-tar-000,1,0.15103858709335327
evaluation-74028-non-000,0,-0.002503674477338791
evaluation-74033-tar-000,1,0.22231143712997437
evaluation-74033-non-000,0,0.0015998538583517075
evaluation-7406-tar-000,1,-0.01178825180977583
evaluation-7406-non-000,0,-0.04431712627410889
evaluation-7408-tar-000,1,0.12238697707653046
evaluation-7408-non-000,0,0.04181728884577751
evaluation-74110-tar-000,1,-0.10701163113117218
evaluation-74110-non-000,0,0.02446645125746727
evaluation-74179-tar-000,1,0.0446549728512764
evaluation-74179-non-000,0,0.11861160397529602
evaluation-74195-tar-000,1,-0.08855362981557846
evaluation-74195-non-000,0,0.04232154041528702
evaluation-74234-tar-000,1,-0.007947945035994053
evaluation-74234-non-000,0,0.01735844835639
evaluation-74250-tar-000,1,0.1818097084760666
evaluation-74250-non-000,0,0.156744584441185
evaluation-7428-tar-000,1,0.33058708906173706
evaluation-7428-non-000,0,0.14481550455093384
evaluation-74324-tar-000,1,0.08466139435768127
evaluation-74324-non-000,0,0.06777788698673248
evaluation-74335-tar-000,1,0.17806270718574524
evaluation-74335-non-000,0,-0.0035778582096099854
evaluation-74357-tar-000,1,0.06905205547809601
evaluation-74357-non-000,0,0.20353220403194427
evaluation-7438-tar-000,1,-0.14567378163337708
evaluation-7438-non-000,0,-0.16523811221122742
evaluation-74388-tar-000,1,0.04047568887472153
evaluation-74388-non-000,0,0.028384031727910042
evaluation-74481-tar-000,1,0.18201985955238342
evaluation-74481-non-000,0,0.2132587879896164
evaluation-74599-tar-000,1,-0.14665216207504272
evaluation-74599-non-000,0,-0.053227100521326065
evaluation-74720-tar-000,1,0.1411227136850357
evaluation-74720-non-000,0,-0.16278403997421265
evaluation-74745-tar-000,1,0.13260069489479065
evaluation-74745-non-000,0,0.05578590929508209
evaluation-74783-tar-000,1,0.007963508367538452
evaluation-74783-non-000,0,-0.28683534264564514
evaluation-74953-tar-000,1,0.1973761022090912
evaluation-74953-non-000,0,-0.019243691116571426
evaluation-7500-tar-000,1,-0.0825064554810524
evaluation-7500-non-000,0,-0.03414694964885712
evaluation-75011-tar-000,1,-0.004221655428409576
evaluation-75011-non-000,0,0.22196060419082642
evaluation-7511-tar-000,1,0.12069456279277802
evaluation-7511-non-000,0,0.03177935630083084
evaluation-75157-tar-000,1,0.029329262673854828
evaluation-75157-non-000,0,0.30885159969329834
evaluation-7516-tar-000,1,0.22595469653606415
evaluation-7516-non-000,0,0.13786515593528748
evaluation-75176-tar-000,1,0.17099648714065552
evaluation-75176-non-000,0,0.3969174027442932
evaluation-75192-tar-000,1,0.11167442053556442
evaluation-75192-non-000,0,-0.009425989352166653
evaluation-7536-tar-000,1,0.16473832726478577
evaluation-7536-non-000,0,0.09511387348175049
evaluation-7544-tar-000,1,0.042290546000003815
evaluation-7544-non-000,0,-0.16068075597286224
evaluation-75442-tar-000,1,0.10688954591751099
evaluation-75442-non-000,0,-0.05322787165641785
evaluation-75448-tar-000,1,0.09359858185052872
evaluation-75448-non-000,0,-0.002784091979265213
evaluation-75451-tar-000,1,0.177705317735672
evaluation-75451-non-000,0,-0.013767674565315247
evaluation-75555-tar-000,1,0.05622708424925804
evaluation-75555-non-000,0,-0.11757531762123108
evaluation-75690-tar-000,1,-0.16189034283161163
evaluation-75690-non-000,0,-0.03170306980609894
evaluation-75753-tar-000,1,-0.039625734090805054
evaluation-75753-non-000,0,0.00019922945648431778
evaluation-75802-tar-000,1,-0.04517820104956627
evaluation-75802-non-000,0,-0.07579782605171204
evaluation-75849-tar-000,1,0.0012914519757032394
evaluation-75849-non-000,0,0.08961515873670578
evaluation-75860-tar-000,1,-0.0002845125272870064
evaluation-75860-non-000,0,-0.0223589725792408
evaluation-75874-tar-000,1,0.13614583015441895
evaluation-75874-non-000,0,-0.14633119106292725
evaluation-75945-tar-000,1,0.14166158437728882
evaluation-75945-non-000,0,0.28646230697631836
evaluation-7604-tar-000,1,-0.24783343076705933
evaluation-7604-non-000,0,-0.05485442280769348
evaluation-76085-tar-000,1,0.22375333309173584
evaluation-76085-non-000,0,-0.059513553977012634
evaluation-76101-tar-000,1,0.13654521107673645
evaluation-76101-non-000,0,0.14180317521095276
evaluation-7617-tar-000,1,-0.1732749044895172
evaluation-7617-non-000,0,-0.11495750397443771
evaluation-76192-tar-000,1,0.0028245076537132263
evaluation-76192-non-000,0,0.00907500833272934
evaluation-76247-tar-000,1,0.037241555750370026
evaluation-76247-non-000,0,-0.08025524020195007
evaluation-76299-tar-000,1,0.20720644295215607
evaluation-76299-non-000,0,-0.16093555092811584
evaluation-76420-tar-000,1,0.03144245222210884
evaluation-76420-non-000,0,0.10807443410158157
evaluation-7645-tar-000,1,-0.2286415845155716
evaluation-7645-non-000,0,-0.2214682251214981
evaluation-76453-tar-000,1,0.015808451920747757
evaluation-76453-non-000,0,0.05327523872256279
evaluation-7646-tar-000,1,0.04506026953458786
evaluation-7646-non-000,0,-0.10504919290542603
evaluation-7654-tar-000,1,0.02303471788764
evaluation-7654-non-000,0,0.24645529687404633
evaluation-7655-tar-000,1,0.044985078275203705
evaluation-7655-non-000,0,0.1674034595489502
evaluation-76585-tar-000,1,-0.21623530983924866
evaluation-76585-non-000,0,0.14840418100357056
evaluation-76695-tar-000,1,-0.1294933408498764
evaluation-76695-non-000,0,0.031376250088214874
evaluation-76719-tar-000,1,0.03870352730154991
evaluation-76719-non-000,0,0.2968692183494568
evaluation-76725-tar-000,1,-0.01798485778272152
evaluation-76725-non-000,0,0.046742215752601624
evaluation-7679-tar-000,1,-0.05937305837869644
evaluation-7679-non-000,0,-0.17459160089492798
evaluation-76862-tar-000,1,0.02709721215069294
evaluation-76862-non-000,0,0.1023828536272049
evaluation-77101-tar-000,1,0.053950466215610504
evaluation-77101-non-000,0,0.10953253507614136
evaluation-7712-tar-000,1,0.043843768537044525
evaluation-7712-non-000,0,0.17407476902008057
evaluation-77175-tar-000,1,0.16550090909004211
evaluation-77175-non-000,0,0.010891897603869438
evaluation-7721-tar-000,1,0.18965481221675873
evaluation-7721-non-000,0,0.12992222607135773
evaluation-7726-tar-000,1,-0.06250137090682983
evaluation-7726-non-000,0,-0.06301972270011902
evaluation-7728-tar-000,1,-0.07769394665956497
evaluation-7728-non-000,0,-0.12846043705940247
evaluation-7735-tar-000,1,-0.03255914896726608
evaluation-7735-non-000,0,-0.08734195679426193
evaluation-77351-tar-000,1,0.10406623035669327
evaluation-77351-non-000,0,0.0643574595451355
evaluation-77376-tar-000,1,-0.08346936851739883
evaluation-77376-non-000,0,-0.08764110505580902
evaluation-77486-tar-000,1,-0.010818559676408768
evaluation-77486-non-000,0,0.051453061401844025
evaluation-7750-tar-000,1,-0.16304732859134674
evaluation-7750-non-000,0,0.04137951880693436
evaluation-77571-tar-000,1,0.1100175529718399
evaluation-77571-non-000,0,0.024681348353624344
evaluation-77656-tar-000,1,0.015159644186496735
evaluation-77656-non-000,0,0.03566480427980423
evaluation-77851-tar-000,1,0.01536257192492485
evaluation-77851-non-000,0,0.05283263698220253
evaluation-77854-tar-000,1,0.1966407299041748
evaluation-77854-non-000,0,-0.04042409360408783
evaluation-77879-tar-000,1,-0.05669395625591278
evaluation-77879-non-000,0,0.22518949210643768
evaluation-7789-tar-000,1,-0.07762205600738525
evaluation-7789-non-000,0,-0.22054354846477509
evaluation-7790-tar-000,1,-0.14924916625022888
evaluation-7790-non-000,0,-0.021658770740032196
evaluation-7810-tar-000,1,-0.08275513350963593
evaluation-7810-non-000,0,-0.015730764716863632
evaluation-78247-tar-000,1,0.12693822383880615
evaluation-78247-non-000,0,0.13140790164470673
evaluation-78249-tar-000,1,0.044361528009176254
evaluation-78249-non-000,0,0.21300828456878662
evaluation-7827-tar-000,1,-0.03496832400560379
evaluation-7827-non-000,0,0.1482403576374054
evaluation-78370-tar-000,1,0.20777520537376404
evaluation-78370-non-000,0,0.0028572874143719673
evaluation-78400-tar-000,1,0.2545473575592041
evaluation-78400-non-000,0,0.27374938130378723
evaluation-78436-tar-000,1,-0.11694697290658951
evaluation-78436-non-000,0,-0.2027740478515625
evaluation-78444-tar-000,1,0.01866360940039158
evaluation-78444-non-000,0,0.21823245286941528
evaluation-7846-tar-000,1,-0.026476724073290825
evaluation-7846-non-000,0,0.08481267094612122
evaluation-7848-tar-000,1,0.08745630830526352
evaluation-7848-non-000,0,0.2670069932937622
evaluation-7849-tar-000,1,0.07397235929965973
evaluation-7849-non-000,0,-0.0764053463935852
evaluation-78540-tar-000,1,0.029497867450118065
evaluation-78540-non-000,0,-0.023855704814195633
evaluation-78571-tar-000,1,-0.11163140088319778
evaluation-78571-non-000,0,-0.031612977385520935
evaluation-78576-tar-000,1,0.04908611997961998
evaluation-78576-non-000,0,0.09650862216949463
evaluation-78584-tar-000,1,-0.09183357656002045
evaluation-78584-non-000,0,-0.04387050122022629
evaluation-78615-tar-000,1,-0.08714103698730469
evaluation-78615-non-000,0,0.03405781462788582
evaluation-78675-tar-000,1,0.16530132293701172
evaluation-78675-non-000,0,0.07423891127109528
evaluation-78752-tar-000,1,0.05450898036360741
evaluation-78752-non-000,0,-0.10094752162694931
evaluation-7878-tar-000,1,0.007623054087162018
evaluation-7878-non-000,0,-0.1584169715642929
evaluation-78782-tar-000,1,0.15224376320838928
evaluation-78782-non-000,0,-0.22882503271102905
evaluation-78815-tar-000,1,-0.2186218947172165
evaluation-78815-non-000,0,-0.12898173928260803
evaluation-78826-tar-000,1,-0.01946168765425682
evaluation-78826-non-000,0,-0.11908479034900665
evaluation-78887-tar-000,1,0.039701398462057114
evaluation-78887-non-000,0,-0.028410930186510086
evaluation-78963-tar-000,1,-0.2031089961528778
evaluation-78963-non-000,0,-0.13599270582199097
evaluation-78972-tar-000,1,0.03550103306770325
evaluation-78972-non-000,0,-0.3272685408592224
evaluation-79095-tar-000,1,0.15006542205810547
evaluation-79095-non-000,0,0.0700460821390152
evaluation-79255-tar-000,1,0.011203840374946594
evaluation-79255-non-000,0,0.14183352887630463
evaluation-79474-tar-000,1,0.1513460874557495
evaluation-79474-non-000,0,-0.01694926992058754
evaluation-79521-tar-000,1,-0.05418914183974266
evaluation-79521-non-000,0,-0.037110209465026855
evaluation-79581-tar-000,1,0.10317926108837128
evaluation-79581-non-000,0,-0.10606779903173447
evaluation-7964-tar-000,1,0.26189038157463074
evaluation-7964-non-000,0,0.013028986752033234
evaluation-7972-tar-000,1,0.045191310346126556
evaluation-7972-non-000,0,0.10447508096694946
evaluation-79776-tar-000,1,0.10312394797801971
evaluation-79776-non-000,0,0.09423933923244476
evaluation-79798-tar-000,1,0.006308787502348423
evaluation-79798-non-000,0,-0.09939702600240707
evaluation-79807-tar-000,1,0.06544782966375351
evaluation-79807-non-000,0,-0.09117905050516129
evaluation-7983-tar-000,1,-0.13300906121730804
evaluation-7983-non-000,0,0.07270058989524841
evaluation-79843-tar-000,1,0.0844746008515358
evaluation-79843-non-000,0,0.06120435521006584
evaluation-7989-tar-000,1,-0.06767700612545013
evaluation-7989-non-000,0,-0.10250488668680191
evaluation-79980-tar-000,1,0.25552159547805786
evaluation-79980-non-000,0,-0.026125486940145493
evaluation-79991-tar-000,1,0.05944615602493286
evaluation-79991-non-000,0,-0.03780258446931839
evaluation-80153-tar-000,1,-0.07785981148481369
evaluation-80153-non-000,0,-0.04395507276058197
evaluation-80180-tar-000,1,0.1741044521331787
evaluation-80180-non-000,0,-0.09118589758872986
evaluation-8019-tar-000,1,0.1859690546989441
evaluation-8019-non-000,0,0.06769046187400818
evaluation-80210-tar-000,1,-0.010735701769590378
evaluation-80210-non-000,0,-0.05797566846013069
evaluation-80221-tar-000,1,0.13552585244178772
evaluation-80221-non-000,0,0.03163117170333862
evaluation-8023-tar-000,1,0.022854387760162354
evaluation-8023-non-000,0,-0.12347054481506348
evaluation-8027-tar-000,1,0.15062260627746582
evaluation-8027-non-000,0,0.07293854653835297
evaluation-8028-tar-000,1,0.04082276299595833
evaluation-8028-non-000,0,0.133907288312912
evaluation-80353-tar-000,1,-0.05330882593989372
evaluation-80353-non-000,0,0.10617193579673767
evaluation-8041-tar-000,1,0.1803000420331955
evaluation-8041-non-000,0,0.1447220891714096
evaluation-80449-tar-000,1,-0.008735423907637596
evaluation-80449-non-000,0,-0.08149108290672302
evaluation-80504-tar-000,1,-0.0029259342700242996
evaluation-80504-non-000,0,0.07448767125606537
evaluation-8068-tar-000,1,0.32976680994033813
evaluation-8068-non-000,0,0.015340551733970642
evaluation-80710-tar-000,1,0.0368286669254303
evaluation-80710-non-000,0,-0.05112876743078232
evaluation-80773-tar-000,1,-0.030457548797130585
evaluation-80773-non-000,0,0.11040525138378143
evaluation-80793-tar-000,1,0.23360492289066315
evaluation-80793-non-000,0,0.10884992778301239
evaluation-80798-tar-000,1,-0.031781844794750214
evaluation-80798-non-000,0,-0.061778534203767776
evaluation-80806-tar-000,1,-0.007815469056367874
evaluation-80806-non-000,0,0.12904635071754456
evaluation-80900-tar-000,1,0.18202738463878632
evaluation-80900-non-000,0,0.035582076758146286
evaluation-80935-tar-000,1,0.17091459035873413
evaluation-80935-non-000,0,0.0710584968328476
evaluation-80938-tar-000,1,-0.043892160058021545
evaluation-80938-non-000,0,0.055855631828308105
evaluation-8097-tar-000,1,0.020475171506404877
evaluation-8097-non-000,0,-0.04742328077554703
evaluation-81034-tar-000,1,-0.20192453265190125
evaluation-81034-non-000,0,0.011482376605272293
evaluation-81103-tar-000,1,-0.2918889820575714
evaluation-81103-non-000,0,0.021318214014172554
evaluation-81106-tar-000,1,0.06523405015468597
evaluation-81106-non-000,0,-0.05811008810997009
evaluation-81111-tar-000,1,0.047197375446558
evaluation-81111-non-000,0,-0.20252203941345215
evaluation-81119-tar-000,1,-0.05177265405654907
evaluation-81119-non-000,0,-0.04441095143556595
evaluation-81128-tar-000,1,0.10512431710958481
evaluation-81128-non-000,0,-0.08827340602874756
evaluation-81174-tar-000,1,-0.03021596372127533
evaluation-81174-non-000,0,-0.03233010321855545
evaluation-81271-tar-000,1,-0.02765323594212532
evaluation-81271-non-000,0,0.18048161268234253
evaluation-81276-tar-000,1,-0.05355096608400345
evaluation-81276-non-000,0,0.17238931357860565
evaluation-81309-tar-000,1,0.003821052610874176
evaluation-81309-non-000,0,-0.03771840035915375
evaluation-8143-tar-000,1,-0.057950228452682495
evaluation-8143-non-000,0,0.10624229907989502
evaluation-81441-tar-000,1,0.18035870790481567
evaluation-81441-non-000,0,-0.2620351314544678
evaluation-81455-tar-000,1,0.14046600461006165
evaluation-81455-non-000,0,0.02832477167248726
evaluation-81823-tar-000,1,0.0213608555495739
evaluation-81823-non-000,0,0.05035099387168884
evaluation-8185-tar-000,1,0.03431585431098938
evaluation-8185-non-000,0,0.09613311290740967
evaluation-81858-tar-000,1,0.21304446458816528
evaluation-81858-non-000,0,-0.03341561555862427
evaluation-8191-tar-000,1,-0.06483186036348343
evaluation-8191-non-000,0,-0.1989440768957138
evaluation-81913-tar-000,1,0.10658518970012665
evaluation-81913-non-000,0,0.11216404289007187
evaluation-81963-tar-000,1,0.1760314404964447
evaluation-81963-non-000,0,-0.04279864951968193
evaluation-8203-tar-000,1,-0.03407867252826691
evaluation-8203-non-000,0,0.04832582175731659
evaluation-82040-tar-000,1,0.45880788564682007
evaluation-82040-non-000,0,0.029070977121591568
evaluation-8210-tar-000,1,0.15753914415836334
evaluation-8210-non-000,0,0.03981676697731018
evaluation-8215-tar-000,1,0.0033916234970092773
evaluation-8215-non-000,0,-0.13863636553287506
evaluation-8216-tar-000,1,0.05298461765050888
evaluation-8216-non-000,0,0.16284219920635223
evaluation-8219-tar-000,1,0.0019444432109594345
evaluation-8219-non-000,0,-0.08344430476427078
evaluation-82273-tar-000,1,-0.04279381409287453
evaluation-82273-non-000,0,0.014698345214128494
evaluation-82342-tar-000,1,0.0011523598805069923
evaluation-82342-non-000,0,0.1397423893213272
evaluation-8236-tar-000,1,-0.05234680697321892
evaluation-8236-non-000,0,-0.11384041607379913
evaluation-82421-tar-000,1,0.3874923288822174
evaluation-82421-non-000,0,0.04754819720983505
evaluation-82603-tar-000,1,-0.10304562747478485
evaluation-82603-non-000,0,-0.15917377173900604
evaluation-82641-tar-000,1,0.21192482113838196
evaluation-82641-non-000,0,-0.014680080115795135
evaluation-82842-tar-000,1,0.2003060281276703
evaluation-82842-non-000,0,-0.06453977525234222
evaluation-82847-tar-000,1,0.20125100016593933
evaluation-82847-non-000,0,0.15866754949092865
evaluation-8299-tar-000,1,0.015498151071369648
evaluation-8299-non-000,0,-0.035903602838516235
evaluation-83006-tar-000,1,0.015199728310108185
evaluation-83006-non-000,0,-0.055518075823783875
evaluation-83028-tar-000,1,0.029332030564546585
evaluation-83028-non-000,0,-0.06194709241390228
evaluation-83094-tar-000,1,0.13135606050491333
evaluation-83094-non-000,0,-0.049589671194553375
evaluation-83204-tar-000,1,0.05359066277742386
evaluation-83204-non-000,0,-0.08790402859449387
evaluation-8328-tar-000,1,0.08592070639133453
evaluation-8328-non-000,0,0.16323480010032654
evaluation-8335-tar-000,1,0.08529608696699142
evaluation-8335-non-000,0,0.029575165361166
evaluation-83355-tar-000,1,0.1043446809053421
evaluation-83355-non-000,0,0.03382958471775055
evaluation-83674-tar-000,1,0.10195773839950562
evaluation-83674-non-000,0,0.11790911853313446
evaluation-83696-tar-000,1,-0.12598280608654022
evaluation-83696-non-000,0,-0.015636291354894638
evaluation-8383-tar-000,1,0.23613592982292175
evaluation-8383-non-000,0,0.03464467078447342
evaluation-83839-tar-000,1,0.07003755867481232
evaluation-83839-non-000,0,-0.353241503238678
evaluation-83905-tar-000,1,-0.09394628554582596
evaluation-83905-non-000,0,-0.07049404829740524
evaluation-83918-tar-000,1,-0.08099144697189331
evaluation-83918-non-000,0,-0.017969027161598206
evaluation-83927-tar-000,1,0.10607657581567764
evaluation-83927-non-000,0,-0.1159568503499031
evaluation-83995-tar-000,1,-0.03907999023795128
evaluation-83995-non-000,0,-0.13470666110515594
evaluation-8407-tar-000,1,0.03971340134739876
evaluation-8407-non-000,0,-0.2500857710838318
evaluation-84075-tar-000,1,0.2677006125450134
evaluation-84075-non-000,0,-0.0532132089138031
evaluation-84160-tar-000,1,0.09753576666116714
evaluation-84160-non-000,0,0.10505165159702301
evaluation-84187-tar-000,1,0.08783037215471268
evaluation-84187-non-000,0,-0.020694054663181305
evaluation-84300-tar-000,1,-0.11602923274040222
evaluation-84300-non-000,0,-0.011790107935667038
evaluation-84457-tar-000,1,0.1388082504272461
evaluation-84457-non-000,0,0.031505610793828964
evaluation-84512-tar-000,1,-0.06636384129524231
evaluation-84512-non-000,0,0.24976228177547455
evaluation-8452-tar-000,1,-0.057887353003025055
evaluation-8452-non-000,0,-0.1253015100955963
evaluation-8453-tar-000,1,0.17474934458732605
evaluation-8453-non-000,0,0.16653762757778168
evaluation-84544-tar-000,1,0.04633890837430954
evaluation-84544-non-000,0,-0.03807058185338974
evaluation-84547-tar-000,1,0.017012204974889755
evaluation-84547-non-000,0,-0.003506600856781006
evaluation-84649-tar-000,1,0.021318376064300537
evaluation-84649-non-000,0,0.005444662645459175
evaluation-84693-tar-000,1,0.1122303158044815
evaluation-84693-non-000,0,0.03086268901824951
evaluation-84704-tar-000,1,0.2120043933391571
evaluation-84704-non-000,0,-0.36597776412963867
evaluation-84753-tar-000,1,-0.17520704865455627
evaluation-84753-non-000,0,-0.06697535514831543
evaluation-84929-tar-000,1,0.32351869344711304
evaluation-84929-non-000,0,0.13493768870830536
evaluation-8494-tar-000,1,0.0926666259765625
evaluation-8494-non-000,0,-0.04994913935661316
evaluation-8502-tar-000,1,0.0005293078720569611
evaluation-8502-non-000,0,-0.09152152389287949
evaluation-85201-tar-000,1,0.04245217144489288
evaluation-85201-non-000,0,-0.14777188003063202
evaluation-8522-tar-000,1,0.25856471061706543
evaluation-8522-non-000,0,0.27381595969200134
evaluation-8527-tar-000,1,0.06808166205883026
evaluation-8527-non-000,0,-0.12578926980495453
evaluation-85286-tar-000,1,0.012170692905783653
evaluation-85286-non-000,0,-0.05360957607626915
evaluation-85319-tar-000,1,-0.22029909491539001
evaluation-85319-non-000,0,-0.015969283878803253
evaluation-85396-tar-000,1,0.23936820030212402
evaluation-85396-non-000,0,0.032083332538604736
evaluation-85421-tar-000,1,0.13314858078956604
evaluation-85421-non-000,0,-0.12621641159057617
evaluation-8557-tar-000,1,0.19812901318073273
evaluation-8557-non-000,0,-0.04874224588274956
evaluation-85676-tar-000,1,0.03869084641337395
evaluation-85676-non-000,0,0.019037555903196335
evaluation-85750-tar-000,1,0.32138678431510925
evaluation-85750-non-000,0,0.14949996769428253
evaluation-85778-tar-000,1,0.09244828671216965
evaluation-85778-non-000,0,0.12677597999572754
evaluation-85871-tar-000,1,-0.10770283639431
evaluation-85871-non-000,0,-0.1368604451417923
evaluation-8602-tar-000,1,-0.02491411194205284
evaluation-8602-non-000,0,-0.03001057356595993
evaluation-86107-tar-000,1,0.07522252202033997
evaluation-86107-non-000,0,-0.1962076872587204
evaluation-8614-tar-000,1,0.037360843271017075
evaluation-8614-non-000,0,-0.08519507944583893
evaluation-86151-tar-000,1,0.07647323608398438
evaluation-86151-non-000,0,0.023648731410503387
evaluation-86198-tar-000,1,0.055450987070798874
evaluation-86198-non-000,0,0.4145711064338684
evaluation-86245-tar-000,1,-0.040922120213508606
evaluation-86245-non-000,0,0.12123982608318329
evaluation-8628-tar-000,1,0.0385013185441494
evaluation-8628-non-000,0,0.047893669456243515
evaluation-8630-tar-000,1,-0.09175240993499756
evaluation-8630-non-000,0,-0.11183740198612213
evaluation-86376-tar-000,1,-0.024108054116368294
evaluation-86376-non-000,0,0.043624065816402435
evaluation-8639-tar-000,1,-0.054833877831697464
evaluation-8639-non-000,0,0.055670034140348434
evaluation-8640-tar-000,1,0.19265104830265045
evaluation-8640-non-000,0,0.14526666700839996
evaluation-86470-tar-000,1,0.08031023293733597
evaluation-86470-non-000,0,-0.014472875744104385
evaluation-86478-tar-000,1,0.05789785087108612
evaluation-86478-non-000,0,-0.18943873047828674
evaluation-86519-tar-000,1,0.027875445783138275
evaluation-86519-non-000,0,-0.09453209489583969
evaluation-86577-tar-000,1,-0.022274859249591827
evaluation-86577-non-000,0,-0.16787341237068176
evaluation-86591-tar-000,1,0.39507317543029785
evaluation-86591-non-000,0,0.22934991121292114
evaluation-86799-tar-000,1,-0.040796343237161636
evaluation-86799-non-000,0,-0.249770849943161
evaluation-86926-tar-000,1,0.20932872593402863
evaluation-86926-non-000,0,0.08804382383823395
evaluation-86945-tar-000,1,0.012595097534358501
evaluation-86945-non-000,0,0.07330255955457687
evaluation-8697-tar-000,1,0.04641720652580261
evaluation-8697-non-000,0,0.027312010526657104
evaluation-87016-tar-000,1,0.126156747341156
evaluation-87016-non-000,0,-0.1449141502380371
evaluation-87176-tar-000,1,0.018902409821748734
evaluation-87176-non-000,0,-0.04546232894062996
evaluation-8724-tar-000,1,0.13543178141117096
evaluation-8724-non-000,0,0.06805653125047684
evaluation-87313-tar-000,1,-0.11169854551553726
evaluation-87313-non-000,0,-0.012108111754059792
evaluation-87338-tar-000,1,-0.04681285843253136
evaluation-87338-non-000,0,-0.03393896296620369
evaluation-87362-tar-000,1,-0.04268616437911987
evaluation-87362-non-000,0,-0.21731719374656677
evaluation-87450-tar-000,1,0.1090790331363678
evaluation-87450-non-000,0,-0.05052465200424194
evaluation-8746-tar-000,1,0.17377135157585144
evaluation-8746-non-000,0,0.11996811628341675
evaluation-8756-tar-000,1,0.18200987577438354
evaluation-8756-non-000,0,0.080088771879673
evaluation-87577-tar-000,1,-0.1027451679110527
evaluation-87577-non-000,0,-0.16977044939994812
evaluation-87601-tar-000,1,0.13958723843097687
evaluation-87601-non-000,0,-0.08342357724905014
evaluation-8765-tar-000,1,0.118508480489254
evaluation-8765-non-000,0,0.10486733168363571
evaluation-87711-tar-000,1,-0.019239578396081924
evaluation-87711-non-000,0,-0.02174985408782959
evaluation-87720-tar-000,1,0.061199113726615906
evaluation-87720-non-000,0,0.13493208587169647
evaluation-87722-tar-000,1,0.13232722878456116
evaluation-87722-non-000,0,0.04958046227693558
evaluation-87876-tar-000,1,0.01552673801779747
evaluation-87876-non-000,0,0.013435770757496357
evaluation-87923-tar-000,1,0.07302471995353699
evaluation-87923-non-000,0,0.1027195155620575
evaluation-8796-tar-000,1,0.058558449149131775
evaluation-8796-non-000,0,-0.07943256944417953
evaluation-8804-tar-000,1,0.18271273374557495
evaluation-8804-non-000,0,0.2569015920162201
evaluation-88060-tar-000,1,0.08708740770816803
evaluation-88060-non-000,0,0.29603949189186096
evaluation-8814-tar-000,1,0.06570547074079514
evaluation-8814-non-000,0,-0.1000332459807396
evaluation-88156-tar-000,1,-0.0736154317855835
evaluation-88156-non-000,0,-0.023955412209033966
evaluation-88170-tar-000,1,0.14828981459140778
evaluation-88170-non-000,0,-0.13653184473514557
evaluation-88313-tar-000,1,-0.13598138093948364
evaluation-88313-non-000,0,-0.1547521948814392
evaluation-8836-tar-000,1,0.01982579380273819
evaluation-8836-non-000,0,0.06948427855968475
evaluation-88458-tar-000,1,-0.07907740771770477
evaluation-88458-non-000,0,0.045727670192718506
evaluation-88524-tar-000,1,0.15834540128707886
evaluation-88524-non-000,0,0.06912283599376678
evaluation-88576-tar-000,1,0.12901026010513306
evaluation-88576-non-000,0,-0.05335727706551552
evaluation-88582-tar-000,1,0.173959881067276
evaluation-88582-non-000,0,-0.10086937993764877
evaluation-88689-tar-000,1,-0.10118265450000763
evaluation-88689-non-000,0,0.1430170238018036
evaluation-88747-tar-000,1,0.07232366502285004
evaluation-88747-non-000,0,-0.039962444454431534
evaluation-88780-tar-000,1,0.10535505414009094
evaluation-88780-non-000,0,-0.11702883243560791
evaluation-88791-tar-000,1,0.18721239268779755
evaluation-88791-non-000,0,0.04723869264125824
evaluation-8896-tar-000,1,-0.01259121298789978
evaluation-8896-non-000,0,0.04641037806868553
evaluation-89005-tar-000,1,0.023284921422600746
evaluation-89005-non-000,0,0.10758408904075623
evaluation-89027-tar-000,1,-0.057635702192783356
evaluation-89027-non-000,0,0.11555835604667664
evaluation-89054-tar-000,1,0.02519344538450241
evaluation-89054-non-000,0,0.03337609022855759
evaluation-89120-tar-000,1,0.24869823455810547
evaluation-89120-non-000,0,-0.02684006094932556
evaluation-89255-tar-000,1,0.050375644117593765
evaluation-89255-non-000,0,0.011586271226406097
evaluation-89335-tar-000,1,0.09976337850093842
evaluation-89335-non-000,0,0.12398286908864975
evaluation-89340-tar-000,1,-0.06453892588615417
evaluation-89340-non-000,0,-0.008232774212956429
evaluation-89346-tar-000,1,0.0012729205191135406
evaluation-89346-non-000,0,-0.022917278110980988
evaluation-89381-tar-000,1,-0.13025692105293274
evaluation-89381-non-000,0,0.08724179118871689
evaluation-89557-tar-000,1,-0.0003418140113353729
evaluation-89557-non-000,0,-0.012559222057461739
evaluation-89604-tar-000,1,0.22769659757614136
evaluation-89604-non-000,0,0.007421620190143585
evaluation-89615-tar-000,1,-0.1904188096523285
evaluation-89615-non-000,0,0.06084541603922844
evaluation-89631-tar-000,1,-0.0007048007100820541
evaluation-89631-non-000,0,0.09341146051883698
evaluation-89757-tar-000,1,-0.09184561669826508
evaluation-89757-non-000,0,-0.18841207027435303
evaluation-89766-tar-000,1,0.04194996505975723
evaluation-89766-non-000,0,0.14029720425605774
evaluation-89782-tar-000,1,0.22360897064208984
evaluation-89782-non-000,0,-0.11086995154619217
evaluation-89818-tar-000,1,0.11258888989686966
evaluation-89818-non-000,0,0.08344856649637222
evaluation-89822-tar-000,1,0.010128732770681381
evaluation-89822-non-000,0,0.05855787172913551
evaluation-8983-tar-000,1,-0.04044092819094658
evaluation-8983-non-000,0,0.06381839513778687
evaluation-90024-tar-000,1,0.2924985885620117
evaluation-90024-non-000,0,0.1211441159248352
evaluation-90032-tar-000,1,0.16350926458835602
evaluation-90032-non-000,0,0.1501598060131073
evaluation-90038-tar-000,1,0.0538463369011879
evaluation-90038-non-000,0,-0.044491082429885864
evaluation-90117-tar-000,1,0.10594771802425385
evaluation-90117-non-000,0,-0.045282796025276184
evaluation-90145-tar-000,1,0.03719348832964897
evaluation-90145-non-000,0,-0.013832814991474152
evaluation-90148-tar-000,1,-0.20610341429710388
evaluation-90148-non-000,0,0.15878647565841675
evaluation-90169-tar-000,1,0.09324467182159424
evaluation-90169-non-000,0,-0.07279470562934875
evaluation-90257-tar-000,1,0.15468567609786987
evaluation-90257-non-000,0,-0.0970926508307457
evaluation-90301-tar-000,1,0.22265681624412537
evaluation-90301-non-000,0,0.12996906042099
evaluation-90304-tar-000,1,0.035382721573114395
evaluation-90304-non-000,0,-0.06787339597940445
evaluation-90381-tar-000,1,-0.04554235190153122
evaluation-90381-non-000,0,0.1734708994626999
evaluation-90414-tar-000,1,0.09060133993625641
evaluation-90414-non-000,0,0.1595286875963211
evaluation-90469-tar-000,1,0.06495042145252228
evaluation-90469-non-000,0,0.08375731110572815
evaluation-90562-tar-000,1,0.04845491424202919
evaluation-90562-non-000,0,-0.19615964591503143
evaluation-90631-tar-000,1,0.1263578087091446
evaluation-90631-non-000,0,0.15437284111976624
evaluation-90862-tar-000,1,0.006177395582199097
evaluation-90862-non-000,0,-0.15297870337963104
evaluation-90875-tar-000,1,-0.04012633115053177
evaluation-90875-non-000,0,0.1427050232887268
evaluation-90939-tar-000,1,0.006204573437571526
evaluation-90939-non-000,0,-0.1590772420167923
evaluation-9109-tar-000,1,0.006479278206825256
evaluation-9109-non-000,0,0.07091130316257477
evaluation-91106-tar-000,1,0.005706498399376869
evaluation-91106-non-000,0,-0.04226148501038551
evaluation-91166-tar-000,1,0.029343049973249435
evaluation-91166-non-000,0,-0.01155037060379982
evaluation-91205-tar-000,1,0.06677823513746262
evaluation-91205-non-000,0,-0.029919611290097237
evaluation-9125-tar-000,1,0.17617857456207275
evaluation-9125-non-000,0,0.19150979816913605
evaluation-91433-tar-000,1,-0.07392264902591705
evaluation-91433-non-000,0,0.10480835288763046
evaluation-91441-tar-000,1,0.05954521894454956
evaluation-91441-non-000,0,-0.1565009355545044
evaluation-91466-tar-000,1,0.05014101415872574
evaluation-91466-non-000,0,0.005122140049934387
evaluation-9148-tar-000,1,-0.13548526167869568
evaluation-9148-non-000,0,-0.14984025061130524
evaluation-91496-tar-000,1,0.110500767827034
evaluation-91496-non-000,0,-0.16446003317832947
evaluation-91543-tar-000,1,0.27778488397598267
evaluation-91543-non-000,0,0.05523601919412613
evaluation-91642-tar-000,1,0.09815005213022232
evaluation-91642-non-000,0,0.15722927451133728
evaluation-9165-tar-000,1,-0.16297677159309387
evaluation-9165-non-000,0,0.027267124503850937
evaluation-91719-tar-000,1,-0.060644976794719696
evaluation-91719-non-000,0,-0.14205464720726013
evaluation-9179-tar-000,1,0.1394665241241455
evaluation-9179-non-000,0,-0.010399863123893738
evaluation-91798-tar-000,1,-0.11890700459480286
evaluation-91798-non-000,0,-0.1516474038362503
evaluation-91823-tar-000,1,0.09802667051553726
evaluation-91823-non-000,0,0.04305669665336609
evaluation-91886-tar-000,1,0.1260610818862915
evaluation-91886-non-000,0,-0.018662206828594208
evaluation-9195-tar-000,1,0.07070000469684601
evaluation-9195-non-000,0,0.16577710211277008
evaluation-9197-tar-000,1,0.015958821401000023
evaluation-9197-non-000,0,0.019409779459238052
evaluation-91974-tar-000,1,0.03286189213395119
evaluation-91974-non-000,0,0.0002613142132759094
evaluation-92007-tar-000,1,0.18001702427864075
evaluation-92007-non-000,0,-0.09520319104194641
evaluation-9210-tar-000,1,0.10310719907283783
evaluation-9210-non-000,0,0.13009116053581238
evaluation-92133-tar-000,1,0.12486696243286133
evaluation-92133-non-000,0,0.09116777777671814
evaluation-92260-tar-000,1,0.12990251183509827
evaluation-92260-non-000,0,-0.23014873266220093
evaluation-9229-tar-000,1,-0.09227697551250458
evaluation-9229-non-000,0,-0.04921652004122734
evaluation-9240-tar-000,1,0.1736636608839035
evaluation-9240-non-000,0,-0.045893196016550064
evaluation-9241-tar-000,1,0.13276687264442444
evaluation-9241-non-000,0,-0.06950019299983978
evaluation-92438-tar-000,1,-0.2354339361190796
evaluation-92438-non-000,0,-0.0675840973854065
evaluation-92488-tar-000,1,0.09161090105772018
evaluation-92488-non-000,0,0.01944003254175186
evaluation-92630-tar-000,1,-0.24356116354465485
evaluation-92630-non-000,0,0.04360462725162506
evaluation-92652-tar-000,1,0.16274331510066986
evaluation-92652-non-000,0,-0.35259896516799927
evaluation-92787-tar-000,1,0.12752747535705566
evaluation-92787-non-000,0,-0.07858849316835403
evaluation-92825-tar-000,1,-0.06025485694408417
evaluation-92825-non-000,0,-0.04194602370262146
evaluation-92845-tar-000,1,0.00815696269273758
evaluation-92845-non-000,0,-0.03665170446038246
evaluation-92853-tar-000,1,0.1744551956653595
evaluation-92853-non-000,0,0.16282011568546295
evaluation-9286-tar-000,1,0.05714942142367363
evaluation-9286-non-000,0,0.07568152248859406
evaluation-9291-tar-000,1,-0.0481351874768734
evaluation-9291-non-000,0,-0.07734915614128113
evaluation-9303-tar-000,1,0.056695662438869476
evaluation-9303-non-000,0,0.33983659744262695
evaluation-93034-tar-000,1,-0.12250711768865585
evaluation-93034-non-000,0,0.15605254471302032
evaluation-93042-tar-000,1,0.03675522282719612
evaluation-93042-non-000,0,-0.015795785933732986
evaluation-93169-tar-000,1,0.13683781027793884
evaluation-93169-non-000,0,-0.15219399333000183
evaluation-93210-tar-000,1,0.0006087124347686768
evaluation-93210-non-000,0,-0.023636285215616226
evaluation-93279-tar-000,1,0.05302014574408531
evaluation-93279-non-000,0,-0.06348390877246857
evaluation-93375-tar-000,1,0.07869093120098114
evaluation-93375-non-000,0,0.044857993721961975
evaluation-93449-tar-000,1,0.04970500245690346
evaluation-93449-non-000,0,-0.2053677886724472
evaluation-9355-tar-000,1,0.16013002395629883
evaluation-9355-non-000,0,-0.14515283703804016
evaluation-93660-tar-000,1,-0.029608698561787605
evaluation-93660-non-000,0,-0.06399881094694138
evaluation-93718-tar-000,1,0.048769690096378326
evaluation-93718-non-000,0,-0.12482664734125137
evaluation-93735-tar-000,1,-0.09506762027740479
evaluation-93735-non-000,0,-0.15319599211215973
evaluation-93740-tar-000,1,-0.06414425373077393
evaluation-93740-non-000,0,-0.17227914929389954
evaluation-93811-tar-000,1,-0.10077929496765137
evaluation-93811-non-000,0,0.042408064007759094
evaluation-93853-tar-000,1,0.1130906343460083
evaluation-93853-non-000,0,-0.02324715256690979
evaluation-93886-tar-000,1,-0.07827364653348923
evaluation-93886-non-000,0,0.08065792918205261
evaluation-93930-tar-000,1,-0.06599052250385284
evaluation-93930-non-000,0,0.04154498875141144
evaluation-9403-tar-000,1,0.10391401499509811
evaluation-9403-non-000,0,-0.041574299335479736
evaluation-9410-tar-000,1,0.14755557477474213
evaluation-9410-non-000,0,-0.046353794634342194
evaluation-94105-tar-000,1,0.04057267680764198
evaluation-94105-non-000,0,-0.20314809679985046
evaluation-94125-tar-000,1,-0.1479613184928894
evaluation-94125-non-000,0,0.05581675469875336
evaluation-94226-tar-000,1,0.23019611835479736
evaluation-94226-non-000,0,-0.04092204570770264
evaluation-94267-tar-000,1,0.3255051374435425
evaluation-94267-non-000,0,0.22507773339748383
evaluation-94270-tar-000,1,0.12090343981981277
evaluation-94270-non-000,0,0.025320900604128838
evaluation-94314-tar-000,1,0.09961570799350739
evaluation-94314-non-000,0,0.16877254843711853
evaluation-94421-tar-000,1,0.1483387053012848
evaluation-94421-non-000,0,0.06209324300289154
evaluation-94528-tar-000,1,0.06015382707118988
evaluation-94528-non-000,0,0.1416834592819214
evaluation-94550-tar-000,1,0.1646062731742859
evaluation-94550-non-000,0,0.14365160465240479
evaluation-94586-tar-000,1,0.0524001382291317
evaluation-94586-non-000,0,0.08014558255672455
evaluation-94633-tar-000,1,0.05667637661099434
evaluation-94633-non-000,0,0.13860435783863068
evaluation-94663-tar-000,1,0.1352464258670807
evaluation-94663-non-000,0,0.1719163954257965
evaluation-94668-tar-000,1,0.222682386636734
evaluation-94668-non-000,0,0.16248002648353577
evaluation-9469-tar-000,1,-0.03492562472820282
evaluation-9469-non-000,0,0.26656633615493774
evaluation-94740-tar-000,1,0.21261748671531677
evaluation-94740-non-000,0,-0.014966171234846115
evaluation-94828-tar-000,1,0.0871877372264862
evaluation-94828-non-000,0,0.014621037989854813
evaluation-9485-tar-000,1,0.07192724198102951
evaluation-9485-non-000,0,0.13300742208957672
evaluation-94855-tar-000,1,0.03762759640812874
evaluation-94855-non-000,0,-0.11087659001350403
evaluation-94971-tar-000,1,0.10079693794250488
evaluation-94971-non-000,0,0.17889732122421265
evaluation-95006-tar-000,1,0.15090444684028625
evaluation-95006-non-000,0,0.04352208599448204
evaluation-95020-tar-000,1,-0.08187595009803772
evaluation-95020-non-000,0,-0.010198517702519894
evaluation-95031-tar-000,1,0.018743440508842468
evaluation-95031-non-000,0,-0.17368084192276
evaluation-95045-tar-000,1,0.151931032538414
evaluation-95045-non-000,0,0.0044624414294958115
evaluation-95072-tar-000,1,0.23574326932430267
evaluation-95072-non-000,0,-0.06730718910694122
evaluation-9512-tar-000,1,0.028792019933462143
evaluation-9512-non-000,0,0.06215782091021538
evaluation-95166-tar-000,1,0.08891738951206207
evaluation-95166-non-000,0,0.05007370561361313
evaluation-95174-tar-000,1,-0.05509708449244499
evaluation-95174-non-000,0,-0.18025706708431244
evaluation-95198-tar-000,1,-0.09175820648670197
evaluation-95198-non-000,0,0.16740092635154724
evaluation-9522-tar-000,1,0.14073540270328522
evaluation-9522-non-000,0,0.006207641214132309
evaluation-95229-tar-000,1,0.08492664247751236
evaluation-95229-non-000,0,0.013385776430368423
evaluation-95295-tar-000,1,-0.061388514935970306
evaluation-95295-non-000,0,-0.11974886059761047
evaluation-95300-tar-000,1,-0.1645238995552063
evaluation-95300-non-000,0,0.08777108043432236
evaluation-95303-tar-000,1,0.03664587065577507
evaluation-95303-non-000,0,0.003704385831952095
evaluation-95328-tar-000,1,0.0108302291482687
evaluation-95328-non-000,0,-0.07454825937747955
evaluation-95388-tar-000,1,0.06084497272968292
evaluation-95388-non-000,0,-0.28165990114212036
evaluation-9539-tar-000,1,0.15870757400989532
evaluation-9539-non-000,0,0.13385114073753357
evaluation-95424-tar-000,1,-0.007253911346197128
evaluation-95424-non-000,0,-0.1269521266222
evaluation-95459-tar-000,1,0.06983239948749542
evaluation-95459-non-000,0,0.19469889998435974
evaluation-9549-tar-000,1,0.05744714289903641
evaluation-9549-non-000,0,0.10188756138086319
evaluation-95789-tar-000,1,0.04701501503586769
evaluation-95789-non-000,0,-0.009794788435101509
evaluation-95962-tar-000,1,0.13369512557983398
evaluation-95962-non-000,0,0.1831316500902176
evaluation-96017-tar-000,1,0.12118709087371826
evaluation-96017-non-000,0,0.008941039443016052
evaluation-96130-tar-000,1,0.2347164899110794
evaluation-96130-non-000,0,-0.011949769221246243
evaluation-9620-tar-000,1,0.02663295716047287
evaluation-9620-non-000,0,0.0536879263818264
evaluation-96371-tar-000,1,0.09327678382396698
evaluation-96371-non-000,0,-0.078209787607193
evaluation-96418-tar-000,1,0.10754707455635071
evaluation-96418-non-000,0,0.0687008649110794
evaluation-96443-tar-000,1,-0.05362037196755409
evaluation-96443-non-000,0,0.03974713385105133
evaluation-96577-tar-000,1,0.11853629350662231
evaluation-96577-non-000,0,0.013443988747894764
evaluation-96613-tar-000,1,0.08376019448041916
evaluation-96613-non-000,0,0.025759566575288773
evaluation-96643-tar-000,1,-0.1163439154624939
evaluation-96643-non-000,0,0.07563619315624237
evaluation-9666-tar-000,1,0.10926975309848785
evaluation-9666-non-000,0,-0.19662430882453918
evaluation-96665-tar-000,1,0.2556062638759613
evaluation-96665-non-000,0,0.14260825514793396
evaluation-96676-tar-000,1,-0.10550342500209808
evaluation-96676-non-000,0,-0.07298772782087326
evaluation-96701-tar-000,1,0.0912441611289978
evaluation-96701-non-000,0,-0.06837807595729828
evaluation-96706-tar-000,1,-0.006888438016176224
evaluation-96706-non-000,0,-0.021560225635766983
evaluation-96712-tar-000,1,0.10147018730640411
evaluation-96712-non-000,0,0.17355354130268097
evaluation-96767-tar-000,1,0.056351371109485626
evaluation-96767-non-000,0,0.09890170395374298
evaluation-96844-tar-000,1,0.23260454833507538
evaluation-96844-non-000,0,-0.010278154164552689
evaluation-9696-tar-000,1,-0.34112048149108887
evaluation-9696-non-000,0,-0.10755680501461029
evaluation-96984-tar-000,1,0.000987054780125618
evaluation-96984-non-000,0,-0.13061949610710144
evaluation-9705-tar-000,1,0.25496411323547363
evaluation-9705-non-000,0,-0.020975299179553986
evaluation-9706-tar-000,1,0.18099135160446167
evaluation-9706-non-000,0,0.06502628326416016
evaluation-97072-tar-000,1,0.044951971620321274
evaluation-97072-non-000,0,0.07187625020742416
evaluation-9737-tar-000,1,-0.13251839578151703
evaluation-9737-non-000,0,-0.0020013153553009033
evaluation-97434-tar-000,1,0.05670040845870972
evaluation-97434-non-000,0,-0.09820523858070374
evaluation-9752-tar-000,1,0.005557648837566376
evaluation-9752-non-000,0,0.12174160778522491
evaluation-97550-tar-000,1,0.1867228001356125
evaluation-97550-non-000,0,-0.14180710911750793
evaluation-97588-tar-000,1,0.14767047762870789
evaluation-97588-non-000,0,0.05322432890534401
evaluation-97624-tar-000,1,-0.027890507131814957
evaluation-97624-non-000,0,0.14533460140228271
evaluation-9767-tar-000,1,0.10408924520015717
evaluation-9767-non-000,0,0.17796248197555542
evaluation-97695-tar-000,1,0.16898557543754578
evaluation-97695-non-000,0,0.13426697254180908
evaluation-97860-tar-000,1,-0.03014165535569191
evaluation-97860-non-000,0,-0.004287960007786751
evaluation-97937-tar-000,1,-0.08231790363788605
evaluation-97937-non-000,0,0.0018543712794780731
evaluation-97953-tar-000,1,0.15768876671791077
evaluation-97953-non-000,0,0.1468994915485382
evaluation-9817-tar-000,1,0.022784704342484474
evaluation-9817-non-000,0,0.0357942096889019
evaluation-9830-tar-000,1,-0.018252260982990265
evaluation-9830-non-000,0,0.055200763046741486
evaluation-98327-tar-000,1,0.08248233795166016
evaluation-98327-non-000,0,0.11807917058467865
evaluation-9835-tar-000,1,0.12000696361064911
evaluation-9835-non-000,0,0.10273932665586472
evaluation-98459-tar-000,1,-0.12227709591388702
evaluation-98459-non-000,0,0.03125302121043205
evaluation-98514-tar-000,1,0.24614498019218445
evaluation-98514-non-000,0,-0.19115526974201202
evaluation-98588-tar-000,1,-0.020484965294599533
evaluation-98588-non-000,0,-0.018334951251745224
evaluation-9859-tar-000,1,-0.07592640072107315
evaluation-9859-non-000,0,-0.15187281370162964
evaluation-9863-tar-000,1,-0.07453252375125885
evaluation-9863-non-000,0,0.1003347858786583
evaluation-9871-tar-000,1,0.07169650495052338
evaluation-9871-non-000,0,-0.32607603073120117
evaluation-9872-tar-000,1,0.20697306096553802
evaluation-9872-non-000,0,-0.06569866091012955
evaluation-98731-tar-000,1,0.039854563772678375
evaluation-98731-non-000,0,0.16436448693275452
evaluation-98744-tar-000,1,0.07779409736394882
evaluation-98744-non-000,0,0.0016464032232761383
evaluation-98821-tar-000,1,0.10166965425014496
evaluation-98821-non-000,0,-0.12559625506401062
evaluation-99038-tar-000,1,0.03287620469927788
evaluation-99038-non-000,0,0.12699812650680542
evaluation-9904-tar-000,1,0.0542510524392128
evaluation-9904-non-000,0,0.09542427957057953
evaluation-99123-tar-000,1,0.26207679510116577
evaluation-99123-non-000,0,0.12246515601873398
evaluation-99148-tar-000,1,0.24963916838169098
evaluation-99148-non-000,0,0.16311711072921753
evaluation-9915-tar-000,1,0.12952685356140137
evaluation-9915-non-000,0,0.3424265384674072
evaluation-99195-tar-000,1,0.06073495000600815
evaluation-99195-non-000,0,0.0020166398026049137
evaluation-99206-tar-000,1,-0.009486900642514229
evaluation-99206-non-000,0,0.17063592374324799
evaluation-99230-tar-000,1,0.03299488127231598
evaluation-99230-non-000,0,-0.2105056196451187
evaluation-99241-tar-000,1,0.08928845822811127
evaluation-99241-non-000,0,-0.09646263718605042
evaluation-9928-tar-000,1,-0.03657279163599014
evaluation-9928-non-000,0,-0.06839106231927872
evaluation-9932-tar-000,1,0.3355005979537964
evaluation-9932-non-000,0,0.1962503343820572
evaluation-99321-tar-000,1,0.13466127216815948
evaluation-99321-non-000,0,0.06206085532903671
evaluation-99349-tar-000,1,-0.0012041162699460983
evaluation-99349-non-000,0,-0.032378390431404114
evaluation-9946-tar-000,1,0.16710180044174194
evaluation-9946-non-000,0,0.0987931340932846
evaluation-99461-tar-000,1,0.050281647592782974
evaluation-99461-non-000,0,0.19730506837368011
evaluation-9948-tar-000,1,0.08318611234426498
evaluation-9948-non-000,0,0.16895635426044464
evaluation-9949-tar-000,1,0.05431955307722092
evaluation-9949-non-000,0,-0.16699384152889252
evaluation-99497-tar-000,1,-0.09170316159725189
evaluation-99497-non-000,0,0.02135280892252922
evaluation-99640-tar-000,1,0.06831392645835876
evaluation-99640-non-000,0,0.08692017942667007
evaluation-99692-tar-000,1,0.07718126475811005
evaluation-99692-non-000,0,-0.19811618328094482
evaluation-9971-tar-000,1,0.0381375215947628
evaluation-9971-non-000,0,-0.07936160266399384
evaluation-9972-tar-000,1,0.012094801291823387
evaluation-9972-non-000,0,-0.11187656968832016
evaluation-9979-tar-000,1,0.05504278466105461
evaluation-9979-non-000,0,0.050110526382923126
evaluation-9985-tar-000,1,0.05944373086094856
evaluation-9985-non-000,0,0.07113398611545563
evaluation-9993-tar-000,1,0.24505838751792908
evaluation-9993-non-000,0,0.09351624548435211
evaluation-9994-tar-000,1,0.23293614387512207
evaluation-9994-non-000,0,-0.007933121174573898
evaluation-99945-tar-000,1,-0.05956146866083145
evaluation-99945-non-000,0,0.026665931567549706
evaluation-99967-tar-000,1,0.13825723528862
evaluation-99967-non-000,0,-0.22380119562149048
evaluation-9997-tar-000,1,-0.04093636944890022
evaluation-9997-non-000,0,0.08374647796154022
