trial_id,label,score
evaluation-1007-tar-000,1,0.0872594341635704
evaluation-1007-non-000,0,-0.07444830238819122
evaluation-1008-tar-000,1,0.24684514105319977
evaluation-1008-non-000,0,0.1483043134212494
evaluation-1013-tar-000,1,0.20799508690834045
evaluation-1013-non-000,0,0.3294332027435303
evaluation-10178-tar-000,1,0.17954427003860474
evaluation-10178-non-000,0,0.2643820643424988
evaluation-1024-tar-000,1,0.18198296427726746
evaluation-1024-non-000,0,0.08885335177183151
evaluation-10282-tar-000,1,0.022585084661841393
evaluation-10282-non-000,0,-0.014519728720188141
evaluation-10346-tar-000,1,0.004939129576086998
evaluation-10346-non-000,0,-0.009496085345745087
evaluation-10406-tar-000,1,-0.0038699638098478317
evaluation-10406-non-000,0,-0.027016572654247284
evaluation-10428-tar-000,1,0.07947276532649994
evaluation-10428-non-000,0,0.060151342302560806
evaluation-10444-tar-000,1,0.08544372767210007
evaluation-10444-non-000,0,0.061542198061943054
evaluation-10538-tar-000,1,0.034205857664346695
evaluation-10538-non-000,0,0.08136710524559021
evaluation-1055-tar-000,1,0.16018056869506836
evaluation-1055-non-000,0,-0.14050200581550598
evaluation-1056-tar-000,1,-0.14527153968811035
evaluation-1056-non-000,0,-0.20250391960144043
evaluation-10606-tar-000,1,0.20885396003723145
evaluation-10606-non-000,0,0.045528508722782135
evaluation-1063-tar-000,1,0.17213891446590424
evaluation-1063-non-000,0,0.023184020072221756
evaluation-10642-tar-000,1,0.11220798641443253
evaluation-10642-non-000,0,0.07349211722612381
evaluation-10689-tar-000,1,0.13132542371749878
evaluation-10689-non-000,0,-0.07134756445884705
evaluation-10711-tar-000,1,-0.10496692359447479
evaluation-10711-non-000,0,-0.16823509335517883
evaluation-10738-tar-000,1,0.08562613278627396
evaluation-10738-non-000,0,-0.12366001307964325
evaluation-10802-tar-000,1,0.21754813194274902
evaluation-10802-non-000,0,-0.03833603113889694
evaluation-10862-tar-000,1,-0.03028181381523609
evaluation-10862-non-000,0,-0.007431570440530777
evaluation-10966-tar-000,1,-0.0035107648000121117
evaluation-10966-non-000,0,-0.0072733815759420395
evaluation-1100-tar-000,1,0.007794611155986786
evaluation-1100-non-000,0,-0.010599149391055107
evaluation-11060-tar-000,1,-0.08044411987066269
evaluation-11060-non-000,0,-0.06961338222026825
evaluation-11126-tar-000,1,0.13010388612747192
evaluation-11126-non-000,0,0.08326873183250427
evaluation-11189-tar-000,1,-0.05029923468828201
evaluation-11189-non-000,0,-0.055266253650188446
evaluation-1122-tar-000,1,0.22189512848854065
evaluation-1122-non-000,0,0.08278630673885345
evaluation-1130-tar-000,1,0.15730059146881104
evaluation-1130-non-000,0,0.01029343530535698
evaluation-11392-tar-000,1,0.23258331418037415
evaluation-11392-non-000,0,0.2004851996898651
evaluation-11485-tar-000,1,0.16680604219436646
evaluation-11485-non-000,0,0.012815091758966446
evaluation-11513-tar-000,1,0.05525615066289902
evaluation-11513-non-000,0,0.10909934341907501
evaluation-1162-tar-000,1,0.02950483188033104
evaluation-1162-non-000,0,-0.034771136939525604
evaluation-11647-tar-000,1,0.076711006462574
evaluation-11647-non-000,0,0.029515501111745834
evaluation-1165-tar-000,1,0.14270643889904022
evaluation-1165-non-000,0,0.12995462119579315
evaluation-11664-tar-000,1,0.15385620296001434
evaluation-11664-non-000,0,0.13983355462551117
evaluation-1169-tar-000,1,0.3112892210483551
evaluation-1169-non-000,0,0.2836221158504486
evaluation-11757-tar-000,1,0.19578906893730164
evaluation-11757-non-000,0,-0.053689055144786835
evaluation-11845-tar-000,1,0.2578379809856415
evaluation-11845-non-000,0,0.028336480259895325
evaluation-1198-tar-000,1,0.055572252720594406
evaluation-1198-non-000,0,-0.07107800245285034
evaluation-1203-tar-000,1,-0.06180287152528763
evaluation-1203-non-000,0,0.05241584777832031
evaluation-12106-tar-000,1,-0.02957315370440483
evaluation-12106-non-000,0,-0.09299523383378983
evaluation-12112-tar-000,1,0.03762327879667282
evaluation-12112-non-000,0,0.18542104959487915
evaluation-12156-tar-000,1,0.326968789100647
evaluation-12156-non-000,0,0.12440456449985504
evaluation-12197-tar-000,1,0.1375519037246704
evaluation-12197-non-000,0,0.01793319545686245
evaluation-12210-tar-000,1,0.09563429653644562
evaluation-12210-non-000,0,0.032631658017635345
evaluation-12224-tar-000,1,0.1799849569797516
evaluation-12224-non-000,0,-0.1029975414276123
evaluation-12323-tar-000,1,0.06853755563497543
evaluation-12323-non-000,0,0.1492602825164795
evaluation-1235-tar-000,1,0.22772815823554993
evaluation-1235-non-000,0,0.11497103422880173
evaluation-1238-tar-000,1,0.10589979588985443
evaluation-1238-non-000,0,0.06308363378047943
evaluation-12395-tar-000,1,0.14954084157943726
evaluation-12395-non-000,0,-0.02047213912010193
evaluation-12408-tar-000,1,0.14571791887283325
evaluation-12408-non-000,0,-0.043963655829429626
evaluation-12414-tar-000,1,-0.029225654900074005
evaluation-12414-non-000,0,-0.12048643827438354
evaluation-12661-tar-000,1,0.014820380136370659
evaluation-12661-non-000,0,0.06489749252796173
evaluation-12666-tar-000,1,0.13601629436016083
evaluation-12666-non-000,0,-0.06843791902065277
evaluation-12669-tar-000,1,0.06781157106161118
evaluation-12669-non-000,0,0.08338662981987
evaluation-1270-tar-000,1,0.08877928555011749
evaluation-1270-non-000,0,0.18766361474990845
evaluation-1274-tar-000,1,0.26776087284088135
evaluation-1274-non-000,0,0.1364457607269287
evaluation-12796-tar-000,1,0.050535958260297775
evaluation-12796-non-000,0,0.16616034507751465
evaluation-12807-tar-000,1,-0.004797914996743202
evaluation-12807-non-000,0,-0.19037172198295593
evaluation-12828-tar-000,1,0.14407259225845337
evaluation-12828-non-000,0,0.09727850556373596
evaluation-12919-tar-000,1,-0.0579988956451416
evaluation-12919-non-000,0,-0.06804999709129333
evaluation-1297-tar-000,1,-0.03512755408883095
evaluation-1297-non-000,0,-0.017918173223733902
evaluation-1303-tar-000,1,-0.09522676467895508
evaluation-1303-non-000,0,-0.2289162576198578
evaluation-13194-tar-000,1,-0.04828820750117302
evaluation-13194-non-000,0,0.05519809201359749
evaluation-1320-tar-000,1,0.11997313797473907
evaluation-1320-non-000,0,0.1237357035279274
evaluation-13298-tar-000,1,0.3576793670654297
evaluation-13298-non-000,0,0.16319170594215393
evaluation-1334-tar-000,1,0.006497524678707123
evaluation-1334-non-000,0,0.010383766144514084
evaluation-13663-tar-000,1,0.02263810485601425
evaluation-13663-non-000,0,-0.015400707721710205
evaluation-13666-tar-000,1,-0.11164035648107529
evaluation-13666-non-000,0,-0.2001086175441742
evaluation-13707-tar-000,1,0.05583411455154419
evaluation-13707-non-000,0,0.13892994821071625
evaluation-1372-tar-000,1,-0.06331777572631836
evaluation-1372-non-000,0,-0.03379283472895622
evaluation-13754-tar-000,1,0.03324205428361893
evaluation-13754-non-000,0,0.011805358342826366
evaluation-13806-tar-000,1,0.21471348404884338
evaluation-13806-non-000,0,0.2772389352321625
evaluation-13839-tar-000,1,0.034723468124866486
evaluation-13839-non-000,0,-0.040552377700805664
evaluation-13985-tar-000,1,0.0960313081741333
evaluation-13985-non-000,0,0.03007553517818451
evaluation-14001-tar-000,1,0.09149043262004852
evaluation-14001-non-000,0,0.24372060596942902
evaluation-1401-tar-000,1,0.15412884950637817
evaluation-1401-non-000,0,0.18133720755577087
evaluation-14075-tar-000,1,0.09899421036243439
evaluation-14075-non-000,0,0.1367725431919098
evaluation-1409-tar-000,1,0.11756483465433121
evaluation-1409-non-000,0,0.1326119601726532
evaluation-14106-tar-000,1,0.028558867052197456
evaluation-14106-non-000,0,-0.046834513545036316
evaluation-1414-tar-000,1,0.04380723834037781
evaluation-1414-non-000,0,0.12857916951179504
evaluation-14259-tar-000,1,0.08894912898540497
evaluation-14259-non-000,0,0.16734494268894196
evaluation-14430-tar-000,1,0.07497146725654602
evaluation-14430-non-000,0,0.11600043624639511
evaluation-14737-tar-000,1,0.17750346660614014
evaluation-14737-non-000,0,0.10974368453025818
evaluation-1475-tar-000,1,0.15212318301200867
evaluation-1475-non-000,0,0.154668390750885
evaluation-14790-tar-000,1,0.07995404303073883
evaluation-14790-non-000,0,0.29714787006378174
evaluation-1480-tar-000,1,0.1799812912940979
evaluation-1480-non-000,0,0.13330785930156708
evaluation-14869-tar-000,1,0.33545124530792236
evaluation-14869-non-000,0,0.19033215939998627
evaluation-14875-tar-000,1,0.331541508436203
evaluation-14875-non-000,0,0.2316364347934723
evaluation-14877-tar-000,1,0.032630279660224915
evaluation-14877-non-000,0,-0.06874008476734161
evaluation-14888-tar-000,1,0.052796147763729095
evaluation-14888-non-000,0,-0.045832306146621704
evaluation-14987-tar-000,1,0.05423694849014282
evaluation-14987-non-000,0,-0.019062589854002
evaluation-1507-tar-000,1,0.04792546480894089
evaluation-1507-non-000,0,-0.015734195709228516
evaluation-15073-tar-000,1,0.031980644911527634
evaluation-15073-non-000,0,-0.04172426462173462
evaluation-15133-tar-000,1,0.23067772388458252
evaluation-15133-non-000,0,0.014283277094364166
evaluation-15169-tar-000,1,0.16133365035057068
evaluation-15169-non-000,0,0.2603367567062378
evaluation-15180-tar-000,1,0.09496266394853592
evaluation-15180-non-000,0,-0.08188658207654953
evaluation-1522-tar-000,1,0.48852184414863586
evaluation-1522-non-000,0,0.36951249837875366
evaluation-1524-tar-000,1,0.21712496876716614
evaluation-1524-non-000,0,-0.06684841215610504
evaluation-15243-tar-000,1,0.18797703087329865
evaluation-15243-non-000,0,0.07267539203166962
evaluation-15298-tar-000,1,-0.04758820682764053
evaluation-15298-non-000,0,-0.09798920899629593
evaluation-1539-tar-000,1,0.05644576624035835
evaluation-1539-non-000,0,-0.056318871676921844
evaluation-15462-tar-000,1,0.21280355751514435
evaluation-15462-non-000,0,-0.011547185480594635
evaluation-1548-tar-000,1,0.03522687405347824
evaluation-1548-non-000,0,0.1288788765668869
evaluation-15501-tar-000,1,0.1205022782087326
evaluation-15501-non-000,0,0.06432801485061646
evaluation-15515-tar-000,1,-0.17820081114768982
evaluation-15515-non-000,0,-0.17798951268196106
evaluation-1554-tar-000,1,-0.046513114124536514
evaluation-1554-non-000,0,-0.07058197259902954
evaluation-15570-tar-000,1,0.2276000678539276
evaluation-15570-non-000,0,0.0023733414709568024
evaluation-15581-tar-000,1,0.1657244861125946
evaluation-15581-non-000,0,-0.1097945123910904
evaluation-15600-tar-000,1,0.023618992418050766
evaluation-15600-non-000,0,-0.07526922225952148
evaluation-15699-tar-000,1,0.18867485225200653
evaluation-15699-non-000,0,0.02927887998521328
evaluation-15817-tar-000,1,0.17540985345840454
evaluation-15817-non-000,0,0.08416491746902466
evaluation-15839-tar-000,1,0.2462780475616455
evaluation-15839-non-000,0,-0.05247248336672783
evaluation-15855-tar-000,1,0.06618126481771469
evaluation-15855-non-000,0,0.013568390160799026
evaluation-15866-tar-000,1,0.08711031824350357
evaluation-15866-non-000,0,0.026145175099372864
evaluation-15885-tar-000,1,0.18150769174098969
evaluation-15885-non-000,0,-0.12543737888336182
evaluation-15993-tar-000,1,0.033260609954595566
evaluation-15993-non-000,0,-0.009191678836941719
evaluation-1603-tar-000,1,-0.008081460371613503
evaluation-1603-non-000,0,0.013150088489055634
evaluation-16223-tar-000,1,0.03456997498869896
evaluation-16223-non-000,0,0.026872742921113968
evaluation-1631-tar-000,1,0.10787980258464813
evaluation-1631-non-000,0,-0.11524835228919983
evaluation-1632-tar-000,1,0.10906846821308136
evaluation-1632-non-000,0,0.27090418338775635
evaluation-1633-tar-000,1,0.16328921914100647
evaluation-1633-non-000,0,-0.08123210817575455
evaluation-1646-tar-000,1,0.04842347279191017
evaluation-1646-non-000,0,-0.07645078748464584
evaluation-16473-tar-000,1,-0.05412840098142624
evaluation-16473-non-000,0,0.13127931952476501
evaluation-16490-tar-000,1,0.3255833387374878
evaluation-16490-non-000,0,0.17149221897125244
evaluation-1650-tar-000,1,-0.06163651868700981
evaluation-1650-non-000,0,-0.23131969571113586
evaluation-16520-tar-000,1,0.35308700799942017
evaluation-16520-non-000,0,0.28778254985809326
evaluation-16608-tar-000,1,-0.04333018511533737
evaluation-16608-non-000,0,-0.13911989331245422
evaluation-16635-tar-000,1,-0.004894256591796875
evaluation-16635-non-000,0,0.019729338586330414
evaluation-16665-tar-000,1,0.17345163226127625
evaluation-16665-non-000,0,0.039710935205221176
evaluation-1681-tar-000,1,0.13544240593910217
evaluation-1681-non-000,0,-0.04692516475915909
evaluation-16849-tar-000,1,0.09573081135749817
evaluation-16849-non-000,0,-0.016277018934488297
evaluation-16855-tar-000,1,0.2743731737136841
evaluation-16855-non-000,0,0.03592761605978012
evaluation-16976-tar-000,1,-0.04698590561747551
evaluation-16976-non-000,0,-0.20300540328025818
evaluation-1707-tar-000,1,-0.12772217392921448
evaluation-1707-non-000,0,-0.1237550675868988
evaluation-17121-tar-000,1,0.14285564422607422
evaluation-17121-non-000,0,-0.05494937673211098
evaluation-17163-tar-000,1,0.254988431930542
evaluation-17163-non-000,0,0.036216557025909424
evaluation-17165-tar-000,1,-0.05240415781736374
evaluation-17165-non-000,0,0.1209845170378685
evaluation-17182-tar-000,1,0.002699621021747589
evaluation-17182-non-000,0,-0.09806914627552032
evaluation-17717-tar-000,1,0.016269201412796974
evaluation-17717-non-000,0,0.04444334656000137
evaluation-1777-tar-000,1,0.1773136854171753
evaluation-1777-non-000,0,-0.12379833310842514
evaluation-1778-tar-000,1,-0.025652289390563965
evaluation-1778-non-000,0,-0.1390942931175232
evaluation-1780-tar-000,1,-0.08990661054849625
evaluation-1780-non-000,0,-0.027523620054125786
evaluation-17805-tar-000,1,0.11277997493743896
evaluation-17805-non-000,0,0.1486920416355133
evaluation-1781-tar-000,1,0.19299444556236267
evaluation-1781-non-000,0,0.05175894498825073
evaluation-17871-tar-000,1,0.028182104229927063
evaluation-17871-non-000,0,0.09657031297683716
evaluation-1790-tar-000,1,0.24459213018417358
evaluation-1790-non-000,0,0.009062942117452621
evaluation-17918-tar-000,1,0.16967369616031647
evaluation-17918-non-000,0,0.22626885771751404
evaluation-17970-tar-000,1,0.12194923311471939
evaluation-17970-non-000,0,0.07990114390850067
evaluation-1800-tar-000,1,0.25981026887893677
evaluation-1800-non-000,0,0.04662400111556053
evaluation-18041-tar-000,1,0.0020543094724416733
evaluation-18041-non-000,0,-0.0464567206799984
evaluation-1812-tar-000,1,-0.1648380160331726
evaluation-1812-non-000,0,-0.1920693814754486
evaluation-18146-tar-000,1,0.12836401164531708
evaluation-18146-non-000,0,-0.11767560988664627
evaluation-18176-tar-000,1,0.19928954541683197
evaluation-18176-non-000,0,0.061674490571022034
evaluation-1818-tar-000,1,0.06825670599937439
evaluation-1818-non-000,0,0.006473781540989876
evaluation-18245-tar-000,1,0.14489178359508514
evaluation-18245-non-000,0,-0.020246759057044983
evaluation-18286-tar-000,1,0.43782156705856323
evaluation-18286-non-000,0,0.21931695938110352
evaluation-18294-tar-000,1,-0.03587673231959343
evaluation-18294-non-000,0,0.06953997164964676
evaluation-18390-tar-000,1,0.1680280566215515
evaluation-18390-non-000,0,0.10526695102453232
evaluation-18407-tar-000,1,0.09591805189847946
evaluation-18407-non-000,0,0.168433278799057
evaluation-1845-tar-000,1,0.030576884746551514
evaluation-1845-non-000,0,-0.10724898427724838
evaluation-1847-tar-000,1,0.23415535688400269
evaluation-1847-non-000,0,-0.022813018411397934
evaluation-1859-tar-000,1,0.07764174044132233
evaluation-1859-non-000,0,0.06799396872520447
evaluation-1868-tar-000,1,0.09310346841812134
evaluation-1868-non-000,0,-0.1957058608531952
evaluation-18708-tar-000,1,-0.08581392467021942
evaluation-18708-non-000,0,-0.10083244740962982
evaluation-18835-tar-000,1,0.12206881493330002
evaluation-18835-non-000,0,0.01964879408478737
evaluation-1896-tar-000,1,-7.069483399391174e-05
evaluation-1896-non-000,0,-0.16454841196537018
evaluation-1904-tar-000,1,0.08821180462837219
evaluation-1904-non-000,0,-0.09165695309638977
evaluation-19077-tar-000,1,-0.09111034870147705
evaluation-19077-non-000,0,-0.0492863692343235
evaluation-19288-tar-000,1,0.13724589347839355
evaluation-19288-non-000,0,0.12949155271053314
evaluation-19371-tar-000,1,0.039674580097198486
evaluation-19371-non-000,0,0.0647629126906395
evaluation-19407-tar-000,1,0.06723843514919281
evaluation-19407-non-000,0,0.15450075268745422
evaluation-19549-tar-000,1,-0.03278921917080879
evaluation-19549-non-000,0,0.07337544858455658
evaluation-1958-tar-000,1,0.17175215482711792
evaluation-1958-non-000,0,0.08145782351493835
evaluation-1960-tar-000,1,-0.08033783733844757
evaluation-1960-non-000,0,-0.18661892414093018
evaluation-19659-tar-000,1,0.38173210620880127
evaluation-19659-non-000,0,0.3468576669692993
evaluation-19714-tar-000,1,0.12005234509706497
evaluation-19714-non-000,0,-0.07118233293294907
evaluation-19761-tar-000,1,0.09485970437526703
evaluation-19761-non-000,0,-0.09798355400562286
evaluation-19819-tar-000,1,0.12002238631248474
evaluation-19819-non-000,0,0.08597253262996674
evaluation-19865-tar-000,1,0.14236736297607422
evaluation-19865-non-000,0,0.14035192131996155
evaluation-1994-tar-000,1,0.10358349978923798
evaluation-1994-non-000,0,0.07003070414066315
evaluation-20000-tar-000,1,0.20113936066627502
evaluation-20000-non-000,0,-0.048776257783174515
evaluation-2020-tar-000,1,-0.030640151351690292
evaluation-2020-non-000,0,-0.07510699331760406
evaluation-20244-tar-000,1,0.06616579741239548
evaluation-20244-non-000,0,-0.01865493692457676
evaluation-2037-tar-000,1,0.3630622625350952
evaluation-2037-non-000,0,0.16623175144195557
evaluation-20458-tar-000,1,0.19702951610088348
evaluation-20458-non-000,0,0.19811999797821045
evaluation-20461-tar-000,1,0.06820666044950485
evaluation-20461-non-000,0,-0.007696697488427162
evaluation-2059-tar-000,1,-0.013629429042339325
evaluation-2059-non-000,0,0.021264303475618362
evaluation-20667-tar-000,1,0.17715945839881897
evaluation-20667-non-000,0,0.035066574811935425
evaluation-20673-tar-000,1,0.019700251519680023
evaluation-20673-non-000,0,-0.013802923262119293
evaluation-2077-tar-000,1,0.14873987436294556
evaluation-2077-non-000,0,-0.1394798904657364
evaluation-20870-tar-000,1,0.1239708960056305
evaluation-20870-non-000,0,0.06325387209653854
evaluation-20881-tar-000,1,0.14499780535697937
evaluation-20881-non-000,0,0.1476798802614212
evaluation-2090-tar-000,1,0.10376235097646713
evaluation-2090-non-000,0,-0.034402187913656235
evaluation-2092-tar-000,1,-0.15664756298065186
evaluation-2092-non-000,0,-0.10690819472074509
evaluation-2093-tar-000,1,0.31140822172164917
evaluation-2093-non-000,0,0.00521760992705822
evaluation-2094-tar-000,1,0.10306239873170853
evaluation-2094-non-000,0,0.09149211645126343
evaluation-20947-tar-000,1,0.021200288087129593
evaluation-20947-non-000,0,-0.05343591794371605
evaluation-21041-tar-000,1,0.11223206669092178
evaluation-21041-non-000,0,-0.15281468629837036
evaluation-21082-tar-000,1,0.15230637788772583
evaluation-21082-non-000,0,0.07762174308300018
evaluation-21120-tar-000,1,0.236846923828125
evaluation-21120-non-000,0,0.12090030312538147
evaluation-21181-tar-000,1,0.11917499452829361
evaluation-21181-non-000,0,0.029464533552527428
evaluation-2124-tar-000,1,0.05674665421247482
evaluation-2124-non-000,0,-0.06732763350009918
evaluation-21258-tar-000,1,0.12039583921432495
evaluation-21258-non-000,0,0.09335876256227493
evaluation-21280-tar-000,1,0.26799002289772034
evaluation-21280-non-000,0,0.22398345172405243
evaluation-2130-tar-000,1,0.20034651458263397
evaluation-2130-non-000,0,0.08736469596624374
evaluation-21403-tar-000,1,0.04243173450231552
evaluation-21403-non-000,0,0.12107650935649872
evaluation-2159-tar-000,1,0.05306100472807884
evaluation-2159-non-000,0,-0.11402840912342072
evaluation-21629-tar-000,1,0.0874178484082222
evaluation-21629-non-000,0,-0.07247473299503326
evaluation-2168-tar-000,1,0.2251516878604889
evaluation-2168-non-000,0,0.15742860734462738
evaluation-2171-tar-000,1,0.2449481189250946
evaluation-2171-non-000,0,0.014439679682254791
evaluation-2181-tar-000,1,0.06724881380796432
evaluation-2181-non-000,0,0.05416281148791313
evaluation-2186-tar-000,1,0.1857864111661911
evaluation-2186-non-000,0,0.048769015818834305
evaluation-21928-tar-000,1,0.027474019676446915
evaluation-21928-non-000,0,0.14225558936595917
evaluation-2196-tar-000,1,0.12674269080162048
evaluation-2196-non-000,0,-0.0428147166967392
evaluation-21969-tar-000,1,0.20414304733276367
evaluation-21969-non-000,0,-0.07545865327119827
evaluation-2199-tar-000,1,0.15545661747455597
evaluation-2199-non-000,0,-0.1530904769897461
evaluation-21991-tar-000,1,0.12684005498886108
evaluation-21991-non-000,0,-0.035832349210977554
evaluation-2200-tar-000,1,0.3227648437023163
evaluation-2200-non-000,0,0.18673768639564514
evaluation-22062-tar-000,1,-0.006442041136324406
evaluation-22062-non-000,0,0.01495731994509697
evaluation-22090-tar-000,1,0.05398771911859512
evaluation-22090-non-000,0,-0.014622015878558159
evaluation-22134-tar-000,1,0.0606895312666893
evaluation-22134-non-000,0,0.07684766501188278
evaluation-22142-tar-000,1,0.10696622729301453
evaluation-22142-non-000,0,-0.13027936220169067
evaluation-22290-tar-000,1,0.05249103158712387
evaluation-22290-non-000,0,-0.04808986186981201
evaluation-2233-tar-000,1,-0.07763893902301788
evaluation-2233-non-000,0,0.0712195560336113
evaluation-22345-tar-000,1,0.03906261548399925
evaluation-22345-non-000,0,-0.0011049024760723114
evaluation-22365-tar-000,1,0.11766141653060913
evaluation-22365-non-000,0,0.056632138788700104
evaluation-22483-tar-000,1,-0.0024996455758810043
evaluation-22483-non-000,0,-0.049858298152685165
evaluation-22521-tar-000,1,-0.06499975919723511
evaluation-22521-non-000,0,-0.08295398205518723
evaluation-22595-tar-000,1,0.1268150806427002
evaluation-22595-non-000,0,0.2516741156578064
evaluation-22738-tar-000,1,0.1908087581396103
evaluation-22738-non-000,0,-0.023268621414899826
evaluation-22760-tar-000,1,0.22600051760673523
evaluation-22760-non-000,0,0.0778292641043663
evaluation-2290-tar-000,1,0.19691073894500732
evaluation-2290-non-000,0,0.0659513920545578
evaluation-2291-tar-000,1,0.2975306510925293
evaluation-2291-non-000,0,0.29029905796051025
evaluation-22988-tar-000,1,0.14501042664051056
evaluation-22988-non-000,0,0.16325613856315613
evaluation-2305-tar-000,1,0.10083294659852982
evaluation-2305-non-000,0,0.04849620163440704
evaluation-23051-tar-000,1,0.2002137005329132
evaluation-23051-non-000,0,0.05728287249803543
evaluation-23200-tar-000,1,0.35568755865097046
evaluation-23200-non-000,0,0.19542250037193298
evaluation-23224-tar-000,1,-0.12745672464370728
evaluation-23224-non-000,0,-0.19914473593235016
evaluation-23246-tar-000,1,0.29058003425598145
evaluation-23246-non-000,0,-0.02337152324616909
evaluation-2327-tar-000,1,0.1756867617368698
evaluation-2327-non-000,0,0.08467282354831696
evaluation-23406-tar-000,1,0.11522550880908966
evaluation-23406-non-000,0,-0.05923115462064743
evaluation-23422-tar-000,1,-0.18662583827972412
evaluation-23422-non-000,0,-0.0050745029002428055
evaluation-2346-tar-000,1,0.041722871363162994
evaluation-2346-non-000,0,0.0024837329983711243
evaluation-23482-tar-000,1,-0.05346374958753586
evaluation-23482-non-000,0,0.02068755216896534
evaluation-2349-tar-000,1,0.15841399133205414
evaluation-2349-non-000,0,-0.0013468638062477112
evaluation-23510-tar-000,1,0.01264672726392746
evaluation-23510-non-000,0,0.1779499650001526
evaluation-23623-tar-000,1,-0.03693845123052597
evaluation-23623-non-000,0,0.03227124735713005
evaluation-2363-tar-000,1,0.38916921615600586
evaluation-2363-non-000,0,0.14021527767181396
evaluation-23721-tar-000,1,0.18021267652511597
evaluation-23721-non-000,0,0.1633397489786148
evaluation-23743-tar-000,1,0.08810808509588242
evaluation-23743-non-000,0,0.053764138370752335
evaluation-23845-tar-000,1,0.0776989609003067
evaluation-23845-non-000,0,0.07263285666704178
evaluation-23878-tar-000,1,0.2501373589038849
evaluation-23878-non-000,0,-0.11887230724096298
evaluation-2389-tar-000,1,0.1053236797451973
evaluation-2389-non-000,0,-0.01656731590628624
evaluation-23988-tar-000,1,0.04948391020298004
evaluation-23988-non-000,0,0.013351311907172203
evaluation-2400-tar-000,1,0.228519007563591
evaluation-2400-non-000,0,-0.035227708518505096
evaluation-24035-tar-000,1,0.2098124474287033
evaluation-24035-non-000,0,-0.1015884131193161
evaluation-24054-tar-000,1,0.28369539976119995
evaluation-24054-non-000,0,0.19158679246902466
evaluation-24117-tar-000,1,0.027349554002285004
evaluation-24117-non-000,0,0.024993397295475006
evaluation-24158-tar-000,1,0.06475616246461868
evaluation-24158-non-000,0,-0.22615806758403778
evaluation-2421-tar-000,1,-0.14077797532081604
evaluation-2421-non-000,0,-0.18251445889472961
evaluation-24241-tar-000,1,-0.09249596297740936
evaluation-24241-non-000,0,-0.06281934678554535
evaluation-2427-tar-000,1,-0.04818964749574661
evaluation-2427-non-000,0,0.05868281051516533
evaluation-2451-tar-000,1,0.13422636687755585
evaluation-2451-non-000,0,0.04063170403242111
evaluation-24512-tar-000,1,-0.11461324989795685
evaluation-24512-non-000,0,-0.13669951260089874
evaluation-24526-tar-000,1,0.3329915404319763
evaluation-24526-non-000,0,0.07475073635578156
evaluation-24534-tar-000,1,0.11931850016117096
evaluation-24534-non-000,0,0.01578914374113083
evaluation-2454-tar-000,1,0.20436441898345947
evaluation-2454-non-000,0,-0.08142122626304626
evaluation-2455-tar-000,1,0.019871346652507782
evaluation-2455-non-000,0,0.014319747686386108
evaluation-24584-tar-000,1,-0.11011636257171631
evaluation-24584-non-000,0,0.0454893633723259
evaluation-24620-tar-000,1,0.0184861421585083
evaluation-24620-non-000,0,0.09696812182664871
evaluation-2467-tar-000,1,0.19361118972301483
evaluation-2467-non-000,0,0.17074714601039886
evaluation-24688-tar-000,1,0.06949356198310852
evaluation-24688-non-000,0,-0.10127798467874527
evaluation-24699-tar-000,1,0.10762564837932587
evaluation-24699-non-000,0,0.09709478914737701
evaluation-2473-tar-000,1,0.016735676676034927
evaluation-2473-non-000,0,0.03261169046163559
evaluation-2481-tar-000,1,-0.10233010351657867
evaluation-2481-non-000,0,-0.3246529698371887
evaluation-2487-tar-000,1,0.16529978811740875
evaluation-2487-non-000,0,0.17300570011138916
evaluation-24872-tar-000,1,-0.008106074295938015
evaluation-24872-non-000,0,-0.1709166318178177
evaluation-24875-tar-000,1,0.07385789602994919
evaluation-24875-non-000,0,0.056072983890771866
evaluation-24916-tar-000,1,0.023338429629802704
evaluation-24916-non-000,0,0.02230394259095192
evaluation-25070-tar-000,1,0.2837572693824768
evaluation-25070-non-000,0,0.2915254235267639
evaluation-2509-tar-000,1,0.21837224066257477
evaluation-2509-non-000,0,0.14858677983283997
evaluation-2515-tar-000,1,0.11981022357940674
evaluation-2515-non-000,0,0.04149223119020462
evaluation-25185-tar-000,1,0.17781944572925568
evaluation-25185-non-000,0,0.07346683740615845
evaluation-25284-tar-000,1,-0.08316059410572052
evaluation-25284-non-000,0,-0.1189471110701561
evaluation-25295-tar-000,1,0.05614311993122101
evaluation-25295-non-000,0,0.04571351036429405
evaluation-25323-tar-000,1,0.12966705858707428
evaluation-25323-non-000,0,0.049825429916381836
evaluation-2544-tar-000,1,0.3514321446418762
evaluation-2544-non-000,0,0.17880253493785858
evaluation-25485-tar-000,1,0.027135923504829407
evaluation-25485-non-000,0,-0.1485283523797989
evaluation-25586-tar-000,1,0.007729252800345421
evaluation-25586-non-000,0,-0.028570111840963364
evaluation-25619-tar-000,1,0.11458298563957214
evaluation-25619-non-000,0,-0.10081104189157486
evaluation-2565-tar-000,1,-0.09773128479719162
evaluation-2565-non-000,0,-0.23169705271720886
evaluation-25748-tar-000,1,0.14859546720981598
evaluation-25748-non-000,0,-0.08385226875543594
evaluation-25960-tar-000,1,0.12487493455410004
evaluation-25960-non-000,0,0.10493779182434082
evaluation-2602-tar-000,1,0.20185108482837677
evaluation-2602-non-000,0,0.13956394791603088
evaluation-2610-tar-000,1,0.1961858868598938
evaluation-2610-non-000,0,-0.10535713285207748
evaluation-26125-tar-000,1,0.057471826672554016
evaluation-26125-non-000,0,-0.058971237391233444
evaluation-26138-tar-000,1,0.2549588978290558
evaluation-26138-non-000,0,-0.010731711983680725
evaluation-26158-tar-000,1,0.06827311962842941
evaluation-26158-non-000,0,-0.15044400095939636
evaluation-2618-tar-000,1,0.209903746843338
evaluation-2618-non-000,0,-0.11120396852493286
evaluation-26221-tar-000,1,0.21896958351135254
evaluation-26221-non-000,0,0.09465185552835464
evaluation-26287-tar-000,1,-0.04787933826446533
evaluation-26287-non-000,0,-0.08533363789319992
evaluation-26435-tar-000,1,0.21354657411575317
evaluation-26435-non-000,0,0.1089932769536972
evaluation-26443-tar-000,1,-0.001227453351020813
evaluation-26443-non-000,0,-0.06526844203472137
evaluation-26454-tar-000,1,0.14676976203918457
evaluation-26454-non-000,0,0.1575724184513092
evaluation-26473-tar-000,1,0.02206643670797348
evaluation-26473-non-000,0,-0.10576826333999634
evaluation-26501-tar-000,1,0.38873952627182007
evaluation-26501-non-000,0,0.255365788936615
evaluation-26545-tar-000,1,-0.16179293394088745
evaluation-26545-non-000,0,0.03710772842168808
evaluation-26666-tar-000,1,0.24141964316368103
evaluation-26666-non-000,0,-0.03878109157085419
evaluation-26679-tar-000,1,0.23228785395622253
evaluation-26679-non-000,0,0.17334279417991638
evaluation-2674-tar-000,1,-0.05195026099681854
evaluation-2674-non-000,0,0.03601005673408508
evaluation-2689-tar-000,1,0.011518778279423714
evaluation-2689-non-000,0,-0.05711711570620537
evaluation-26894-tar-000,1,-0.019506163895130157
evaluation-26894-non-000,0,0.002982490696012974
evaluation-2699-tar-000,1,0.13973358273506165
evaluation-2699-non-000,0,-0.03542886674404144
evaluation-2707-tar-000,1,0.05272803083062172
evaluation-2707-non-000,0,-0.05852951854467392
evaluation-27124-tar-000,1,0.03243938833475113
evaluation-27124-non-000,0,-0.10448867082595825
evaluation-27135-tar-000,1,0.22287428379058838
evaluation-27135-non-000,0,0.1703864336013794
evaluation-2714-tar-000,1,-0.004059061408042908
evaluation-2714-non-000,0,0.060105711221694946
evaluation-27199-tar-000,1,0.013370639644563198
evaluation-27199-non-000,0,-0.01836700737476349
evaluation-2739-tar-000,1,0.08199673891067505
evaluation-2739-non-000,0,-0.07203145325183868
evaluation-2752-tar-000,1,-0.025146760046482086
evaluation-2752-non-000,0,-0.039946943521499634
evaluation-2762-tar-000,1,0.11316885054111481
evaluation-2762-non-000,0,0.061493344604969025
evaluation-2775-tar-000,1,0.1758042275905609
evaluation-2775-non-000,0,-0.02878381498157978
evaluation-27811-tar-000,1,0.17219585180282593
evaluation-27811-non-000,0,0.23963713645935059
evaluation-27932-tar-000,1,0.055269353091716766
evaluation-27932-non-000,0,0.027442336082458496
evaluation-27943-tar-000,1,-0.28493601083755493
evaluation-27943-non-000,0,-0.2716805934906006
evaluation-27979-tar-000,1,0.027975719422101974
evaluation-27979-non-000,0,-0.01586056873202324
evaluation-28017-tar-000,1,0.25565606355667114
evaluation-28017-non-000,0,0.0969415158033371
evaluation-28028-tar-000,1,0.34301644563674927
evaluation-28028-non-000,0,0.13359147310256958
evaluation-28053-tar-000,1,0.07430186867713928
evaluation-28053-non-000,0,-0.24830728769302368
evaluation-2806-tar-000,1,0.19722920656204224
evaluation-2806-non-000,0,0.1668560802936554
evaluation-28086-tar-000,1,0.15341699123382568
evaluation-28086-non-000,0,0.03845351189374924
evaluation-28105-tar-000,1,-0.03843565657734871
evaluation-28105-non-000,0,-0.09833678603172302
evaluation-28152-tar-000,1,-0.05695744976401329
evaluation-28152-non-000,0,-0.1252351701259613
evaluation-28182-tar-000,1,0.1817397177219391
evaluation-28182-non-000,0,-0.011260777711868286
evaluation-28248-tar-000,1,0.08660399168729782
evaluation-28248-non-000,0,0.06800595670938492
evaluation-2831-tar-000,1,0.07674047350883484
evaluation-2831-non-000,0,-0.12048248946666718
evaluation-28338-tar-000,1,0.21347591280937195
evaluation-28338-non-000,0,0.03635675460100174
evaluation-28679-tar-000,1,0.05421585589647293
evaluation-28679-non-000,0,0.07173742353916168
evaluation-28682-tar-000,1,0.17117686569690704
evaluation-28682-non-000,0,-0.03486833721399307
evaluation-28750-tar-000,1,0.03845367580652237
evaluation-28750-non-000,0,-0.0005418723449110985
evaluation-28781-tar-000,1,0.13308185338974
evaluation-28781-non-000,0,0.13337434828281403
evaluation-28822-tar-000,1,0.23588447272777557
evaluation-28822-non-000,0,-0.13680627942085266
evaluation-2892-tar-000,1,-0.022678881883621216
evaluation-2892-non-000,0,0.1186847984790802
evaluation-2901-tar-000,1,0.37010273337364197
evaluation-2901-non-000,0,0.20246726274490356
evaluation-2908-tar-000,1,0.2439032644033432
evaluation-2908-non-000,0,-0.060782819986343384
evaluation-29102-tar-000,1,-0.04082803055644035
evaluation-29102-non-000,0,-0.11340179294347763
evaluation-29105-tar-000,1,0.06717336177825928
evaluation-29105-non-000,0,-0.19008943438529968
evaluation-29237-tar-000,1,0.14250893890857697
evaluation-29237-non-000,0,0.17404073476791382
evaluation-29278-tar-000,1,-0.06562580913305283
evaluation-29278-non-000,0,-0.14765141904354095
evaluation-29434-tar-000,1,0.025896936655044556
evaluation-29434-non-000,0,0.14805805683135986
evaluation-2950-tar-000,1,0.16907674074172974
evaluation-2950-non-000,0,0.032978255301713943
evaluation-29500-tar-000,1,0.18532460927963257
evaluation-29500-non-000,0,0.2428562343120575
evaluation-2957-tar-000,1,-0.16694818437099457
evaluation-2957-non-000,0,-0.10678812116384506
evaluation-29668-tar-000,1,0.0037925411015748978
evaluation-29668-non-000,0,-0.10381186008453369
evaluation-29778-tar-000,1,0.23850134015083313
evaluation-29778-non-000,0,0.17908219993114471
evaluation-2984-tar-000,1,0.1798628866672516
evaluation-2984-non-000,0,0.12074355036020279
evaluation-2990-tar-000,1,0.049734845757484436
evaluation-2990-non-000,0,0.0706997662782669
evaluation-29904-tar-000,1,0.07061325013637543
evaluation-29904-non-000,0,0.09697090834379196
evaluation-30085-tar-000,1,0.11323385685682297
evaluation-30085-non-000,0,0.15911877155303955
evaluation-3015-tar-000,1,-0.06412813067436218
evaluation-3015-non-000,0,-0.17993396520614624
evaluation-3023-tar-000,1,0.09572314471006393
evaluation-3023-non-000,0,-0.030217522755265236
evaluation-30261-tar-000,1,-0.007296130061149597
evaluation-30261-non-000,0,-0.07355661690235138
evaluation-30302-tar-000,1,0.1798543483018875
evaluation-30302-non-000,0,0.10597334802150726
evaluation-30316-tar-000,1,0.12730807065963745
evaluation-30316-non-000,0,0.18982014060020447
evaluation-30610-tar-000,1,0.1846202164888382
evaluation-30610-non-000,0,0.033315978944301605
evaluation-3062-tar-000,1,-0.1927327811717987
evaluation-3062-non-000,0,-0.054822586476802826
evaluation-30621-tar-000,1,-0.04877039045095444
evaluation-30621-non-000,0,-0.06681899726390839
evaluation-30659-tar-000,1,0.0458466038107872
evaluation-30659-non-000,0,0.014935345388948917
evaluation-30824-tar-000,1,0.25093933939933777
evaluation-30824-non-000,0,-0.055483244359493256
evaluation-30923-tar-000,1,0.2897487282752991
evaluation-30923-non-000,0,0.01052733976393938
evaluation-30967-tar-000,1,0.2565832734107971
evaluation-30967-non-000,0,0.24227654933929443
evaluation-31008-tar-000,1,0.40739017724990845
evaluation-31008-non-000,0,0.34621456265449524
evaluation-3124-tar-000,1,0.002003725618124008
evaluation-3124-non-000,0,-0.06754413992166519
evaluation-31280-tar-000,1,-0.1983100175857544
evaluation-31280-non-000,0,0.12777157127857208
evaluation-31294-tar-000,1,0.27517154812812805
evaluation-31294-non-000,0,0.003813866525888443
evaluation-31307-tar-000,1,0.09904400259256363
evaluation-31307-non-000,0,0.2395380139350891
evaluation-31346-tar-000,1,0.20344649255275726
evaluation-31346-non-000,0,0.06941301375627518
evaluation-31360-tar-000,1,0.0432659350335598
evaluation-31360-non-000,0,0.06390048563480377
evaluation-31384-tar-000,1,0.2676973044872284
evaluation-31384-non-000,0,0.06238088756799698
evaluation-3139-tar-000,1,-0.03330221027135849
evaluation-3139-non-000,0,-0.03756279870867729
evaluation-31390-tar-000,1,0.004712296649813652
evaluation-31390-non-000,0,-0.08257895708084106
evaluation-3145-tar-000,1,0.06402049958705902
evaluation-3145-non-000,0,-0.11856003105640411
evaluation-31464-tar-000,1,0.0638088583946228
evaluation-31464-non-000,0,-0.09349273890256882
evaluation-3161-tar-000,1,0.11349218338727951
evaluation-3161-non-000,0,-0.3848399519920349
evaluation-31665-tar-000,1,0.15145038068294525
evaluation-31665-non-000,0,-0.10046285390853882
evaluation-3167-tar-000,1,0.2443189024925232
evaluation-3167-non-000,0,0.16546759009361267
evaluation-31838-tar-000,1,0.14482668042182922
evaluation-31838-non-000,0,-0.14375758171081543
evaluation-31947-tar-000,1,0.3122807443141937
evaluation-31947-non-000,0,0.16365215182304382
evaluation-31950-tar-000,1,-0.03414137661457062
evaluation-31950-non-000,0,-0.04513254016637802
evaluation-31964-tar-000,1,-0.01489880308508873
evaluation-31964-non-000,0,0.21875350177288055
evaluation-31986-tar-000,1,0.11551663279533386
evaluation-31986-non-000,0,0.0015228278934955597
evaluation-32005-tar-000,1,0.2000836879014969
evaluation-32005-non-000,0,0.05974986404180527
evaluation-32046-tar-000,1,-0.03423032909631729
evaluation-32046-non-000,0,-0.08310279250144958
evaluation-32057-tar-000,1,0.011403016746044159
evaluation-32057-non-000,0,0.16323067247867584
evaluation-3215-tar-000,1,0.08983989804983139
evaluation-3215-non-000,0,-0.10653600096702576
evaluation-32285-tar-000,1,0.1595807671546936
evaluation-32285-non-000,0,0.023364443331956863
evaluation-32368-tar-000,1,0.38642239570617676
evaluation-32368-non-000,0,0.2550038695335388
evaluation-32521-tar-000,1,-0.0315808542072773
evaluation-32521-non-000,0,0.037712253630161285
evaluation-32620-tar-000,1,0.023299116641283035
evaluation-32620-non-000,0,-0.08977159112691879
evaluation-32730-tar-000,1,0.09119749069213867
evaluation-32730-non-000,0,-0.10676810145378113
evaluation-32785-tar-000,1,0.10056117177009583
evaluation-32785-non-000,0,0.12192965298891068
evaluation-32810-tar-000,1,0.14274054765701294
evaluation-32810-non-000,0,0.04319409281015396
evaluation-3292-tar-000,1,0.10660615563392639
evaluation-3292-non-000,0,0.18694603443145752
evaluation-3301-tar-000,1,-0.0029703322798013687
evaluation-3301-non-000,0,0.005909072235226631
evaluation-33060-tar-000,1,-0.1228330209851265
evaluation-33060-non-000,0,-0.049720216542482376
evaluation-33096-tar-000,1,0.07586707174777985
evaluation-33096-non-000,0,0.17531165480613708
evaluation-33120-tar-000,1,0.013796201907098293
evaluation-33120-non-000,0,-0.006158595904707909
evaluation-3314-tar-000,1,-0.11357787251472473
evaluation-3314-non-000,0,-0.03899277746677399
evaluation-33255-tar-000,1,0.07349224388599396
evaluation-33255-non-000,0,0.024763088673353195
evaluation-33258-tar-000,1,0.23721392452716827
evaluation-33258-non-000,0,0.05971068516373634
evaluation-33274-tar-000,1,0.07339689135551453
evaluation-33274-non-000,0,-0.08346790075302124
evaluation-33598-tar-000,1,0.23653742671012878
evaluation-33598-non-000,0,-0.07780726999044418
evaluation-3361-tar-000,1,0.07382388412952423
evaluation-3361-non-000,0,-0.09541641175746918
evaluation-33623-tar-000,1,0.4075276851654053
evaluation-33623-non-000,0,0.30250799655914307
evaluation-3365-tar-000,1,0.2332276552915573
evaluation-3365-non-000,0,0.11806617677211761
evaluation-3369-tar-000,1,0.01923847571015358
evaluation-3369-non-000,0,-0.06298640370368958
evaluation-33711-tar-000,1,0.027694690972566605
evaluation-33711-non-000,0,0.0906086340546608
evaluation-33790-tar-000,1,0.23041941225528717
evaluation-33790-non-000,0,-0.08686628937721252
evaluation-3395-tar-000,1,0.17705780267715454
evaluation-3395-non-000,0,0.22320613265037537
evaluation-3407-tar-000,1,-0.12325788289308548
evaluation-3407-non-000,0,-0.09180624037981033
evaluation-3409-tar-000,1,0.0752934068441391
evaluation-3409-non-000,0,-0.12780451774597168
evaluation-34158-tar-000,1,0.11907584965229034
evaluation-34158-non-000,0,0.1329888105392456
evaluation-3417-tar-000,1,0.14633990824222565
evaluation-3417-non-000,0,0.047912269830703735
evaluation-3425-tar-000,1,0.15929345786571503
evaluation-3425-non-000,0,0.08917765319347382
evaluation-34257-tar-000,1,0.3359612226486206
evaluation-34257-non-000,0,0.17089642584323883
evaluation-3427-tar-000,1,0.1961696743965149
evaluation-3427-non-000,0,0.23586951196193695
evaluation-34458-tar-000,1,0.0620117262005806
evaluation-34458-non-000,0,0.008005029521882534
evaluation-34485-tar-000,1,-0.009978328831493855
evaluation-34485-non-000,0,-0.08182235807180405
evaluation-34631-tar-000,1,0.1788015067577362
evaluation-34631-non-000,0,0.06771485507488251
evaluation-34647-tar-000,1,0.1234762892127037
evaluation-34647-non-000,0,0.07604414224624634
evaluation-3471-tar-000,1,-0.06185757368803024
evaluation-3471-non-000,0,-0.0055494122207164764
evaluation-34719-tar-000,1,0.17629757523536682
evaluation-34719-non-000,0,0.39528805017471313
evaluation-3473-tar-000,1,0.06513671576976776
evaluation-3473-non-000,0,0.046043846756219864
evaluation-34738-tar-000,1,0.06290093809366226
evaluation-34738-non-000,0,0.030853504315018654
evaluation-34771-tar-000,1,0.02901352569460869
evaluation-34771-non-000,0,-0.08127396553754807
evaluation-3479-tar-000,1,0.12443196028470993
evaluation-3479-non-000,0,0.10507122427225113
evaluation-34807-tar-000,1,0.005984552204608917
evaluation-34807-non-000,0,-0.18122877180576324
evaluation-3482-tar-000,1,0.096000075340271
evaluation-3482-non-000,0,0.04794759303331375
evaluation-34859-tar-000,1,0.26371631026268005
evaluation-34859-non-000,0,0.049071092158555984
evaluation-3497-tar-000,1,0.0847795158624649
evaluation-3497-non-000,0,0.12450774013996124
evaluation-34996-tar-000,1,0.01587078906595707
evaluation-34996-non-000,0,-0.004260726273059845
evaluation-35043-tar-000,1,0.3043670654296875
evaluation-35043-non-000,0,0.12524008750915527
evaluation-3507-tar-000,1,0.07941372692584991
evaluation-3507-non-000,0,-0.014539442956447601
evaluation-35101-tar-000,1,0.3415173888206482
evaluation-35101-non-000,0,0.16653847694396973
evaluation-3518-tar-000,1,0.07780018448829651
evaluation-3518-non-000,0,0.002560853958129883
evaluation-3522-tar-000,1,-0.047658514231443405
evaluation-3522-non-000,0,-0.12603390216827393
evaluation-35293-tar-000,1,0.20506805181503296
evaluation-35293-non-000,0,0.014403309673070908
evaluation-35359-tar-000,1,0.07874812930822372
evaluation-35359-non-000,0,-0.08204172551631927
evaluation-3540-tar-000,1,0.1206849217414856
evaluation-3540-non-000,0,0.12280803918838501
evaluation-35416-tar-000,1,0.11719556897878647
evaluation-35416-non-000,0,0.04454916715621948
evaluation-35449-tar-000,1,0.2879965305328369
evaluation-35449-non-000,0,0.07990299165248871
evaluation-35510-tar-000,1,0.05662719905376434
evaluation-35510-non-000,0,-0.030936745926737785
evaluation-35562-tar-000,1,0.3089665472507477
evaluation-35562-non-000,0,0.008315443992614746
evaluation-35587-tar-000,1,0.11097224056720734
evaluation-35587-non-000,0,-0.12343443930149078
evaluation-3564-tar-000,1,-0.050507836043834686
evaluation-3564-non-000,0,0.005413219332695007
evaluation-35683-tar-000,1,0.06453825533390045
evaluation-35683-non-000,0,-0.018771450966596603
evaluation-35699-tar-000,1,0.17580997943878174
evaluation-35699-non-000,0,0.12378126382827759
evaluation-3571-tar-000,1,-0.11744624376296997
evaluation-3571-non-000,0,-0.09168225526809692
evaluation-3572-tar-000,1,-0.09298652410507202
evaluation-3572-non-000,0,0.07472070306539536
evaluation-35793-tar-000,1,0.012277820147573948
evaluation-35793-non-000,0,-0.12866510450839996
evaluation-35823-tar-000,1,0.14905080199241638
evaluation-35823-non-000,0,-0.08688296377658844
evaluation-35872-tar-000,1,0.16721715033054352
evaluation-35872-non-000,0,0.13353240489959717
evaluation-3597-tar-000,1,0.008709397166967392
evaluation-3597-non-000,0,0.033524397760629654
evaluation-35996-tar-000,1,0.022983066737651825
evaluation-35996-non-000,0,-0.05081608146429062
evaluation-36004-tar-000,1,0.4526312053203583
evaluation-36004-non-000,0,0.019168425351381302
evaluation-36051-tar-000,1,-0.19088034331798553
evaluation-36051-non-000,0,-0.12613719701766968
evaluation-3619-tar-000,1,-0.1861259788274765
evaluation-3619-non-000,0,-0.16889019310474396
evaluation-36196-tar-000,1,0.14987720549106598
evaluation-36196-non-000,0,0.06621994078159332
evaluation-36298-tar-000,1,0.09819599986076355
evaluation-36298-non-000,0,0.0330999493598938
evaluation-36323-tar-000,1,0.23516547679901123
evaluation-36323-non-000,0,0.1975102722644806
evaluation-36386-tar-000,1,-0.16484495997428894
evaluation-36386-non-000,0,0.11740259826183319
evaluation-36395-tar-000,1,0.004165932536125183
evaluation-36395-non-000,0,-0.06840375810861588
evaluation-36460-tar-000,1,0.2541787326335907
evaluation-36460-non-000,0,0.1724701225757599
evaluation-36499-tar-000,1,0.26154252886772156
evaluation-36499-non-000,0,0.05735914409160614
evaluation-3656-tar-000,1,0.06956343352794647
evaluation-3656-non-000,0,-0.014470085501670837
evaluation-36611-tar-000,1,0.3578405976295471
evaluation-36611-non-000,0,0.2504127025604248
evaluation-36619-tar-000,1,0.3253828287124634
evaluation-36619-non-000,0,0.28846025466918945
evaluation-36625-tar-000,1,0.08174123615026474
evaluation-36625-non-000,0,0.11136706173419952
evaluation-36633-tar-000,1,0.13466447591781616
evaluation-36633-non-000,0,0.022598743438720703
evaluation-36685-tar-000,1,-0.0470864363014698
evaluation-36685-non-000,0,0.04164714366197586
evaluation-3669-tar-000,1,0.08702906221151352
evaluation-3669-non-000,0,-0.08248427510261536
evaluation-36853-tar-000,1,0.10019654035568237
evaluation-36853-non-000,0,0.01563503034412861
evaluation-3693-tar-000,1,-0.20340611040592194
evaluation-3693-non-000,0,-0.24175262451171875
evaluation-3720-tar-000,1,-0.18132002651691437
evaluation-3720-non-000,0,-0.017085105180740356
evaluation-37259-tar-000,1,0.13464254140853882
evaluation-37259-non-000,0,-0.13966593146324158
evaluation-37301-tar-000,1,-0.15148714184761047
evaluation-37301-non-000,0,-0.09715559333562851
evaluation-37328-tar-000,1,-0.09538394957780838
evaluation-37328-non-000,0,0.036164626479148865
evaluation-37625-tar-000,1,0.032490141689777374
evaluation-37625-non-000,0,0.121645487844944
evaluation-37658-tar-000,1,-0.018315494060516357
evaluation-37658-non-000,0,-0.002362336963415146
evaluation-3767-tar-000,1,0.33541738986968994
evaluation-3767-non-000,0,0.18082056939601898
evaluation-37696-tar-000,1,0.11863497644662857
evaluation-37696-non-000,0,0.09617388993501663
evaluation-3770-tar-000,1,0.3648725152015686
evaluation-3770-non-000,0,0.15895603597164154
evaluation-37740-tar-000,1,0.18343967199325562
evaluation-37740-non-000,0,0.0865984857082367
evaluation-3778-tar-000,1,0.10540814697742462
evaluation-3778-non-000,0,0.10480482876300812
evaluation-37844-tar-000,1,0.11963259428739548
evaluation-37844-non-000,0,-0.13896042108535767
evaluation-37921-tar-000,1,-0.013103744015097618
evaluation-37921-non-000,0,-0.04351053759455681
evaluation-37932-tar-000,1,0.38051366806030273
evaluation-37932-non-000,0,0.04416375607252121
evaluation-37946-tar-000,1,0.1559935212135315
evaluation-37946-non-000,0,0.04296017438173294
evaluation-37965-tar-000,1,0.08950743824243546
evaluation-37965-non-000,0,-0.1212390661239624
evaluation-37971-tar-000,1,-0.2627153992652893
evaluation-37971-non-000,0,-0.004070525988936424
evaluation-3805-tar-000,1,0.03668641671538353
evaluation-3805-non-000,0,-0.3139001727104187
evaluation-38056-tar-000,1,0.012007974088191986
evaluation-38056-non-000,0,-0.012520352378487587
evaluation-38083-tar-000,1,-0.2199649065732956
evaluation-38083-non-000,0,-0.13656777143478394
evaluation-3813-tar-000,1,0.11269797384738922
evaluation-3813-non-000,0,0.21109476685523987
evaluation-38157-tar-000,1,0.01905428245663643
evaluation-38157-non-000,0,0.0999680608510971
evaluation-38166-tar-000,1,0.14604510366916656
evaluation-38166-non-000,0,0.003992944955825806
evaluation-38196-tar-000,1,0.2501930296421051
evaluation-38196-non-000,0,-0.05211974307894707
evaluation-3827-tar-000,1,0.1793476641178131
evaluation-3827-non-000,0,-0.16536074876785278
evaluation-38388-tar-000,1,0.14294040203094482
evaluation-38388-non-000,0,0.07205073535442352
evaluation-3839-tar-000,1,0.30500128865242004
evaluation-3839-non-000,0,0.0947035402059555
evaluation-3840-tar-000,1,0.29434454441070557
evaluation-3840-non-000,0,0.10535898804664612
evaluation-38657-tar-000,1,-0.09564275294542313
evaluation-38657-non-000,0,-0.18082107603549957
evaluation-38792-tar-000,1,0.08866197615861893
evaluation-38792-non-000,0,-0.005416322499513626
evaluation-3888-tar-000,1,0.10339256376028061
evaluation-3888-non-000,0,0.07418572902679443
evaluation-3892-tar-000,1,0.2153351902961731
evaluation-3892-non-000,0,0.1568911075592041
evaluation-3901-tar-000,1,0.10503082722425461
evaluation-3901-non-000,0,-0.09352828562259674
evaluation-39025-tar-000,1,0.06935162097215652
evaluation-39025-non-000,0,-0.05245361477136612
evaluation-39031-tar-000,1,0.1629856675863266
evaluation-39031-non-000,0,-0.00889127142727375
evaluation-3911-tar-000,1,0.22539746761322021
evaluation-3911-non-000,0,0.0552193708717823
evaluation-39163-tar-000,1,0.13220930099487305
evaluation-39163-non-000,0,0.05037221685051918
evaluation-39201-tar-000,1,-0.07763633877038956
evaluation-39201-non-000,0,-0.14214618504047394
evaluation-3921-tar-000,1,0.09631253778934479
evaluation-3921-non-000,0,0.14604662358760834
evaluation-3926-tar-000,1,0.22170037031173706
evaluation-3926-non-000,0,0.1371951401233673
evaluation-3928-tar-000,1,-0.017000295221805573
evaluation-3928-non-000,0,0.05438986420631409
evaluation-3931-tar-000,1,-0.00039923563599586487
evaluation-3931-non-000,0,0.0785595029592514
evaluation-3939-tar-000,1,0.0887346863746643
evaluation-3939-non-000,0,0.00677189975976944
evaluation-39421-tar-000,1,0.048017412424087524
evaluation-39421-non-000,0,0.08381545543670654
evaluation-3954-tar-000,1,0.24241816997528076
evaluation-3954-non-000,0,0.058767981827259064
evaluation-39720-tar-000,1,0.0380370207130909
evaluation-39720-non-000,0,-0.15864820778369904
evaluation-39756-tar-000,1,0.03788764029741287
evaluation-39756-non-000,0,0.14628490805625916
evaluation-39877-tar-000,1,0.05836530029773712
evaluation-39877-non-000,0,0.02191593125462532
evaluation-3989-tar-000,1,-0.053040482103824615
evaluation-3989-non-000,0,-0.10839258879423141
evaluation-40025-tar-000,1,0.29468706250190735
evaluation-40025-non-000,0,0.06513357907533646
evaluation-4004-tar-000,1,0.005516016855835915
evaluation-4004-non-000,0,-0.09974750876426697
evaluation-40064-tar-000,1,0.46429911255836487
evaluation-40064-non-000,0,0.34996458888053894
evaluation-40075-tar-000,1,-0.24622948467731476
evaluation-40075-non-000,0,-0.08025844395160675
evaluation-4013-tar-000,1,0.16546693444252014
evaluation-4013-non-000,0,0.1651117205619812
evaluation-40173-tar-000,1,-0.10990892350673676
evaluation-40173-non-000,0,-0.30373868346214294
evaluation-40311-tar-000,1,0.10677292943000793
evaluation-40311-non-000,0,-0.04431208223104477
evaluation-4044-tar-000,1,0.10471875965595245
evaluation-4044-non-000,0,0.0767570436000824
evaluation-40525-tar-000,1,0.1508883535861969
evaluation-40525-non-000,0,0.006316838786005974
evaluation-40577-tar-000,1,0.176565021276474
evaluation-40577-non-000,0,-0.10753113031387329
evaluation-40588-tar-000,1,-0.00985560193657875
evaluation-40588-non-000,0,0.16425001621246338
evaluation-40676-tar-000,1,0.047127582132816315
evaluation-40676-non-000,0,0.0386616513133049
evaluation-4068-tar-000,1,0.08422111719846725
evaluation-4068-non-000,0,0.10810072720050812
evaluation-4077-tar-000,1,0.13647527992725372
evaluation-4077-non-000,0,0.0068990569561719894
evaluation-40772-tar-000,1,0.14916545152664185
evaluation-40772-non-000,0,0.015122761018574238
evaluation-40929-tar-000,1,-0.006176382303237915
evaluation-40929-non-000,0,-0.08620350062847137
evaluation-41000-tar-000,1,0.19523939490318298
evaluation-41000-non-000,0,0.20581158995628357
evaluation-41025-tar-000,1,-0.13371610641479492
evaluation-41025-non-000,0,-0.20677070319652557
evaluation-4123-tar-000,1,0.40156126022338867
evaluation-4123-non-000,0,0.3856968879699707
evaluation-41278-tar-000,1,0.18215280771255493
evaluation-41278-non-000,0,0.2138044685125351
evaluation-4134-tar-000,1,0.11681138724088669
evaluation-4134-non-000,0,0.08441589027643204
evaluation-41357-tar-000,1,0.12348700314760208
evaluation-41357-non-000,0,0.08755837380886078
evaluation-41390-tar-000,1,0.20897242426872253
evaluation-41390-non-000,0,0.12038084864616394
evaluation-41404-tar-000,1,0.14495424926280975
evaluation-41404-non-000,0,0.08343067765235901
evaluation-41492-tar-000,1,0.2229929119348526
evaluation-41492-non-000,0,0.02272176928818226
evaluation-41536-tar-000,1,0.37685051560401917
evaluation-41536-non-000,0,0.31191039085388184
evaluation-41706-tar-000,1,0.2462436854839325
evaluation-41706-non-000,0,0.16402098536491394
evaluation-41750-tar-000,1,0.13566963374614716
evaluation-41750-non-000,0,0.09170068055391312
evaluation-41755-tar-000,1,0.2315405309200287
evaluation-41755-non-000,0,0.16897857189178467
evaluation-41854-tar-000,1,-0.04238514602184296
evaluation-41854-non-000,0,-0.04293981194496155
evaluation-41945-tar-000,1,-0.02655544877052307
evaluation-41945-non-000,0,-0.08382615447044373
evaluation-41994-tar-000,1,0.12188827246427536
evaluation-41994-non-000,0,0.11761201173067093
evaluation-4202-tar-000,1,0.14028774201869965
evaluation-4202-non-000,0,-0.027180081233382225
evaluation-42025-tar-000,1,0.11101865768432617
evaluation-42025-non-000,0,0.2301020324230194
evaluation-4204-tar-000,1,-0.025311261415481567
evaluation-4204-non-000,0,-0.0734093189239502
evaluation-42173-tar-000,1,0.25181227922439575
evaluation-42173-non-000,0,0.019990399479866028
evaluation-42176-tar-000,1,0.1626996099948883
evaluation-42176-non-000,0,-0.0442366898059845
evaluation-42209-tar-000,1,0.14777928590774536
evaluation-42209-non-000,0,0.09214764088392258
evaluation-42250-tar-000,1,0.004546494223177433
evaluation-42250-non-000,0,-0.09131932258605957
evaluation-4240-tar-000,1,0.12674295902252197
evaluation-4240-non-000,0,0.03431783244013786
evaluation-42401-tar-000,1,0.009790031239390373
evaluation-42401-non-000,0,0.11213700473308563
evaluation-4246-tar-000,1,0.04345225542783737
evaluation-4246-non-000,0,0.084107905626297
evaluation-42505-tar-000,1,0.2061610221862793
evaluation-42505-non-000,0,0.32283705472946167
evaluation-4251-tar-000,1,0.22605201601982117
evaluation-4251-non-000,0,0.05304373428225517
evaluation-42546-tar-000,1,-0.08543744683265686
evaluation-42546-non-000,0,0.11891794204711914
evaluation-42648-tar-000,1,0.04574289172887802
evaluation-42648-non-000,0,-0.12643413245677948
evaluation-42681-tar-000,1,0.024871233850717545
evaluation-42681-non-000,0,0.011821197345852852
evaluation-42717-tar-000,1,0.3185640275478363
evaluation-42717-non-000,0,0.15006104111671448
evaluation-42728-tar-000,1,0.48013836145401
evaluation-42728-non-000,0,0.39446020126342773
evaluation-42744-tar-000,1,0.05978347733616829
evaluation-42744-non-000,0,-0.11620552092790604
evaluation-42772-tar-000,1,0.012594729661941528
evaluation-42772-non-000,0,0.08247113227844238
evaluation-4288-tar-000,1,0.2259693741798401
evaluation-4288-non-000,0,0.22414928674697876
evaluation-42904-tar-000,1,-0.16521461308002472
evaluation-42904-non-000,0,-0.07141604274511337
evaluation-4295-tar-000,1,0.18871068954467773
evaluation-4295-non-000,0,0.007190844044089317
evaluation-43042-tar-000,1,0.1750285029411316
evaluation-43042-non-000,0,0.0035276375710964203
evaluation-43063-tar-000,1,0.16787144541740417
evaluation-43063-non-000,0,0.011762906797230244
evaluation-4308-tar-000,1,0.17008864879608154
evaluation-4308-non-000,0,-0.0029310528188943863
evaluation-4315-tar-000,1,0.052661217749118805
evaluation-4315-non-000,0,0.0946759432554245
evaluation-43184-tar-000,1,0.01542379055172205
evaluation-43184-non-000,0,-0.05430618301033974
evaluation-43225-tar-000,1,0.09324387460947037
evaluation-43225-non-000,0,0.059853337705135345
evaluation-43269-tar-000,1,0.11331908404827118
evaluation-43269-non-000,0,0.17993038892745972
evaluation-43288-tar-000,1,0.17077353596687317
evaluation-43288-non-000,0,-0.006810201331973076
evaluation-4341-tar-000,1,-0.000554816797375679
evaluation-4341-non-000,0,-0.0656556636095047
evaluation-43483-tar-000,1,0.47935032844543457
evaluation-43483-non-000,0,0.18474242091178894
evaluation-43604-tar-000,1,0.44371747970581055
evaluation-43604-non-000,0,0.30337411165237427
evaluation-43675-tar-000,1,-0.14127442240715027
evaluation-43675-non-000,0,-0.22265788912773132
evaluation-4368-tar-000,1,0.0558808334171772
evaluation-4368-non-000,0,-0.0665006935596466
evaluation-43744-tar-000,1,0.1046765074133873
evaluation-43744-non-000,0,0.15041163563728333
evaluation-43818-tar-000,1,-0.04584816098213196
evaluation-43818-non-000,0,-0.09227707982063293
evaluation-43865-tar-000,1,0.16222025454044342
evaluation-43865-non-000,0,0.07279659807682037
evaluation-43958-tar-000,1,-0.02770945057272911
evaluation-43958-non-000,0,-0.17914800345897675
evaluation-44085-tar-000,1,0.17605316638946533
evaluation-44085-non-000,0,-0.15574099123477936
evaluation-44175-tar-000,1,-0.03589349612593651
evaluation-44175-non-000,0,0.06723678112030029
evaluation-44285-tar-000,1,0.04777374863624573
evaluation-44285-non-000,0,0.06572224199771881
evaluation-44392-tar-000,1,0.11302030086517334
evaluation-44392-non-000,0,-0.024728544056415558
evaluation-4440-tar-000,1,0.156035378575325
evaluation-4440-non-000,0,0.041859857738018036
evaluation-44406-tar-000,1,-0.05724398419260979
evaluation-44406-non-000,0,-0.11059840023517609
evaluation-4442-tar-000,1,0.1702289879322052
evaluation-4442-non-000,0,0.035636622458696365
evaluation-4468-tar-000,1,0.1000458151102066
evaluation-4468-non-000,0,0.1672345995903015
evaluation-44683-tar-000,1,0.15336667001247406
evaluation-44683-non-000,0,0.06965501606464386
evaluation-44727-tar-000,1,0.27268707752227783
evaluation-44727-non-000,0,-0.08613419532775879
evaluation-4477-tar-000,1,0.23656928539276123
evaluation-4477-non-000,0,0.1775219887495041
evaluation-44829-tar-000,1,0.10467744618654251
evaluation-44829-non-000,0,-0.09613896161317825
evaluation-4506-tar-000,1,0.13260231912136078
evaluation-4506-non-000,0,0.17114540934562683
evaluation-45084-tar-000,1,0.26997944712638855
evaluation-45084-non-000,0,-0.0005028918385505676
evaluation-45213-tar-000,1,-0.11452533304691315
evaluation-45213-non-000,0,-0.19177702069282532
evaluation-45252-tar-000,1,0.14154085516929626
evaluation-45252-non-000,0,0.036666564643383026
evaluation-4529-tar-000,1,0.31398481130599976
evaluation-4529-non-000,0,0.20070458948612213
evaluation-45538-tar-000,1,-0.0784391239285469
evaluation-45538-non-000,0,-0.07580538094043732
evaluation-45617-tar-000,1,0.19358524680137634
evaluation-45617-non-000,0,0.188871368765831
evaluation-45658-tar-000,1,0.08430058509111404
evaluation-45658-non-000,0,0.11186666786670685
evaluation-45744-tar-000,1,0.12347524613142014
evaluation-45744-non-000,0,0.02854461781680584
evaluation-45749-tar-000,1,0.010995857417583466
evaluation-45749-non-000,0,0.07328171283006668
evaluation-45793-tar-000,1,0.01065010204911232
evaluation-45793-non-000,0,-0.007173944264650345
evaluation-4581-tar-000,1,0.1705963909626007
evaluation-4581-non-000,0,0.05234084278345108
evaluation-45834-tar-000,1,0.11785739660263062
evaluation-45834-non-000,0,-0.04505714401602745
evaluation-45870-tar-000,1,-0.0046513015404343605
evaluation-45870-non-000,0,-0.054184749722480774
evaluation-4591-tar-000,1,0.13668420910835266
evaluation-4591-non-000,0,-0.033934593200683594
evaluation-45985-tar-000,1,0.02846151404082775
evaluation-45985-non-000,0,0.047068409621715546
evaluation-46029-tar-000,1,0.13612595200538635
evaluation-46029-non-000,0,0.17189958691596985
evaluation-4603-tar-000,1,0.15624259412288666
evaluation-4603-non-000,0,0.13651199638843536
evaluation-4612-tar-000,1,0.13016653060913086
evaluation-4612-non-000,0,0.02763228490948677
evaluation-4619-tar-000,1,0.001826271414756775
evaluation-4619-non-000,0,0.05806346610188484
evaluation-46202-tar-000,1,0.13663309812545776
evaluation-46202-non-000,0,0.007623687386512756
evaluation-46241-tar-000,1,0.0445428229868412
evaluation-46241-non-000,0,-0.015496030449867249
evaluation-46298-tar-000,1,0.043771084398031235
evaluation-46298-non-000,0,0.0452842190861702
evaluation-46466-tar-000,1,-0.06635843217372894
evaluation-46466-non-000,0,-0.08552542328834534
evaluation-4649-tar-000,1,0.38830071687698364
evaluation-4649-non-000,0,0.18971624970436096
evaluation-4664-tar-000,1,0.21848465502262115
evaluation-4664-non-000,0,0.2281884104013443
evaluation-46955-tar-000,1,-0.08684772253036499
evaluation-46955-non-000,0,-0.19832420349121094
evaluation-4709-tar-000,1,0.12965241074562073
evaluation-4709-non-000,0,-0.043920911848545074
evaluation-4710-tar-000,1,-0.03001214936375618
evaluation-4710-non-000,0,0.016372427344322205
evaluation-47139-tar-000,1,-0.06313027441501617
evaluation-47139-non-000,0,0.06021495163440704
evaluation-47142-tar-000,1,0.08142668753862381
evaluation-47142-non-000,0,-0.06771079450845718
evaluation-47169-tar-000,1,0.10935580730438232
evaluation-47169-non-000,0,-0.003620665520429611
evaluation-47238-tar-000,1,0.20401149988174438
evaluation-47238-non-000,0,-0.0908801481127739
evaluation-4728-tar-000,1,0.0368165522813797
evaluation-4728-non-000,0,-0.037383660674095154
evaluation-47342-tar-000,1,0.06606414169073105
evaluation-47342-non-000,0,-0.022865965962409973
evaluation-47504-tar-000,1,0.0023912563920021057
evaluation-47504-non-000,0,-0.2054426372051239
evaluation-4763-tar-000,1,0.1291644275188446
evaluation-4763-non-000,0,0.09229885786771774
evaluation-47650-tar-000,1,0.04336709529161453
evaluation-47650-non-000,0,-0.09112739562988281
evaluation-47658-tar-000,1,0.28472670912742615
evaluation-47658-non-000,0,0.13430286943912506
evaluation-4773-tar-000,1,0.5610272884368896
evaluation-4773-non-000,0,0.5092538595199585
evaluation-4774-tar-000,1,0.14680154621601105
evaluation-4774-non-000,0,0.11238440871238708
evaluation-47913-tar-000,1,0.062241584062576294
evaluation-47913-non-000,0,0.12077613919973373
evaluation-47998-tar-000,1,0.2600311040878296
evaluation-47998-non-000,0,0.13877150416374207
evaluation-4800-tar-000,1,0.22203584015369415
evaluation-4800-non-000,0,0.2575604319572449
evaluation-48095-tar-000,1,0.014831794425845146
evaluation-48095-non-000,0,-0.10367387533187866
evaluation-48193-tar-000,1,0.33989548683166504
evaluation-48193-non-000,0,0.030504964292049408
evaluation-4821-tar-000,1,0.11659206449985504
evaluation-4821-non-000,0,0.35761621594429016
evaluation-48232-tar-000,1,0.20783504843711853
evaluation-48232-non-000,0,0.3856199383735657
evaluation-48262-tar-000,1,-0.07377870380878448
evaluation-48262-non-000,0,-0.07055141776800156
evaluation-48388-tar-000,1,0.29621607065200806
evaluation-48388-non-000,0,0.1127099096775055
evaluation-4841-tar-000,1,0.05677762255072594
evaluation-4841-non-000,0,-0.07024118304252625
evaluation-4842-tar-000,1,0.19917908310890198
evaluation-4842-non-000,0,0.3716397285461426
evaluation-48443-tar-000,1,0.3092729449272156
evaluation-48443-non-000,0,0.16934390366077423
evaluation-48454-tar-000,1,0.12004723399877548
evaluation-48454-non-000,0,0.05108146369457245
evaluation-48575-tar-000,1,-0.14561870694160461
evaluation-48575-non-000,0,-0.2191958874464035
evaluation-48578-tar-000,1,0.09372203052043915
evaluation-48578-non-000,0,0.06006687134504318
evaluation-4867-tar-000,1,-0.0026643872261047363
evaluation-4867-non-000,0,0.037024348974227905
evaluation-48726-tar-000,1,0.12003500759601593
evaluation-48726-non-000,0,0.1561533510684967
evaluation-48759-tar-000,1,0.07862330973148346
evaluation-48759-non-000,0,0.05945003777742386
evaluation-48787-tar-000,1,0.09476973116397858
evaluation-48787-non-000,0,-0.11840511113405228
evaluation-48833-tar-000,1,-0.045021720230579376
evaluation-48833-non-000,0,0.020457470789551735
evaluation-48905-tar-000,1,0.07707393169403076
evaluation-48905-non-000,0,0.19192294776439667
evaluation-4891-tar-000,1,0.10152646899223328
evaluation-4891-non-000,0,0.008862081915140152
evaluation-4894-tar-000,1,0.1175219863653183
evaluation-4894-non-000,0,0.145626962184906
evaluation-48952-tar-000,1,0.13245843350887299
evaluation-48952-non-000,0,0.15685208141803741
evaluation-49004-tar-000,1,0.09193949401378632
evaluation-49004-non-000,0,0.008696908131241798
evaluation-49037-tar-000,1,0.029314402490854263
evaluation-49037-non-000,0,-0.07945473492145538
evaluation-49045-tar-000,1,0.2372511625289917
evaluation-49045-non-000,0,0.17562881112098694
evaluation-49097-tar-000,1,-0.01913234032690525
evaluation-49097-non-000,0,-0.12362072616815567
evaluation-49116-tar-000,1,-0.02519279532134533
evaluation-49116-non-000,0,-0.13822944462299347
evaluation-49196-tar-000,1,0.16666969656944275
evaluation-49196-non-000,0,-0.10628144443035126
evaluation-49207-tar-000,1,-0.017288312315940857
evaluation-49207-non-000,0,-0.03664526343345642
evaluation-4921-tar-000,1,0.05604317784309387
evaluation-4921-non-000,0,0.07641499489545822
evaluation-49215-tar-000,1,0.21143528819084167
evaluation-49215-non-000,0,0.11416704207658768
evaluation-4934-tar-000,1,0.007522091269493103
evaluation-4934-non-000,0,0.027561910450458527
evaluation-49446-tar-000,1,-0.14645609259605408
evaluation-49446-non-000,0,-0.12674035131931305
evaluation-49476-tar-000,1,0.21256780624389648
evaluation-49476-non-000,0,0.023719359189271927
evaluation-49484-tar-000,1,0.1605239063501358
evaluation-49484-non-000,0,0.0985925942659378
evaluation-49520-tar-000,1,0.3415743112564087
evaluation-49520-non-000,0,0.10421434789896011
evaluation-49539-tar-000,1,0.2907908856868744
evaluation-49539-non-000,0,0.2635866105556488
evaluation-4958-tar-000,1,0.05255391448736191
evaluation-4958-non-000,0,0.09549608826637268
evaluation-4961-tar-000,1,0.11423412710428238
evaluation-4961-non-000,0,0.10624615848064423
evaluation-49677-tar-000,1,0.08838125318288803
evaluation-49677-non-000,0,-0.039615705609321594
evaluation-49792-tar-000,1,0.059347182512283325
evaluation-49792-non-000,0,0.028865819796919823
evaluation-49808-tar-000,1,0.21562549471855164
evaluation-49808-non-000,0,0.2011025846004486
evaluation-49872-tar-000,1,-0.18661028146743774
evaluation-49872-non-000,0,0.003915607929229736
evaluation-50056-tar-000,1,0.17604893445968628
evaluation-50056-non-000,0,0.049014292657375336
evaluation-5008-tar-000,1,0.1266932189464569
evaluation-5008-non-000,0,0.10220266133546829
evaluation-5010-tar-000,1,0.14419880509376526
evaluation-5010-non-000,0,-0.004200708121061325
evaluation-50138-tar-000,1,0.22222347557544708
evaluation-50138-non-000,0,-0.019794730469584465
evaluation-5018-tar-000,1,0.15121398866176605
evaluation-5018-non-000,0,0.06369979679584503
evaluation-5021-tar-000,1,0.34798434376716614
evaluation-5021-non-000,0,0.23558995127677917
evaluation-5024-tar-000,1,0.15279808640480042
evaluation-5024-non-000,0,-0.14301282167434692
evaluation-50374-tar-000,1,-0.0690399557352066
evaluation-50374-non-000,0,-0.10154557228088379
evaluation-5042-tar-000,1,0.1294487714767456
evaluation-5042-non-000,0,0.012200109660625458
evaluation-50440-tar-000,1,0.06350123882293701
evaluation-50440-non-000,0,-0.003928838297724724
evaluation-50490-tar-000,1,0.06141684949398041
evaluation-50490-non-000,0,-0.048953887075185776
evaluation-50591-tar-000,1,0.11527007073163986
evaluation-50591-non-000,0,0.12690214812755585
evaluation-50608-tar-000,1,0.3291136920452118
evaluation-50608-non-000,0,0.11193311214447021
evaluation-50613-tar-000,1,0.03295736759901047
evaluation-50613-non-000,0,-0.015014192089438438
evaluation-50643-tar-000,1,0.29921862483024597
evaluation-50643-non-000,0,0.07560387253761292
evaluation-50652-tar-000,1,-0.03288723900914192
evaluation-50652-non-000,0,0.15757502615451813
evaluation-50676-tar-000,1,0.1557881385087967
evaluation-50676-non-000,0,0.11026878654956818
evaluation-50679-tar-000,1,0.016398444771766663
evaluation-50679-non-000,0,-0.09993672370910645
evaluation-50723-tar-000,1,0.18087615072727203
evaluation-50723-non-000,0,0.01653968170285225
evaluation-50786-tar-000,1,0.17077025771141052
evaluation-50786-non-000,0,0.1228761076927185
evaluation-51050-tar-000,1,0.23266363143920898
evaluation-51050-non-000,0,0.25843754410743713
evaluation-51080-tar-000,1,0.03821120038628578
evaluation-51080-non-000,0,-0.06528438627719879
evaluation-51099-tar-000,1,-0.004096308723092079
evaluation-51099-non-000,0,0.0499546155333519
evaluation-5135-tar-000,1,-0.11687800288200378
evaluation-5135-non-000,0,-0.13042284548282623
evaluation-51399-tar-000,1,-0.16282713413238525
evaluation-51399-non-000,0,-0.04556211084127426
evaluation-51459-tar-000,1,-0.055250488221645355
evaluation-51459-non-000,0,-0.07732006907463074
evaluation-5148-tar-000,1,0.3536728024482727
evaluation-5148-non-000,0,0.3051000237464905
evaluation-5149-tar-000,1,0.01299227774143219
evaluation-5149-non-000,0,0.05832671746611595
evaluation-51506-tar-000,1,0.12378939986228943
evaluation-51506-non-000,0,0.10488326847553253
evaluation-51525-tar-000,1,0.3168056607246399
evaluation-51525-non-000,0,-0.01853659376502037
evaluation-5153-tar-000,1,0.11906247586011887
evaluation-5153-non-000,0,0.09095742553472519
evaluation-51531-tar-000,1,0.045960500836372375
evaluation-51531-non-000,0,0.07258389890193939
evaluation-51544-tar-000,1,0.15143242478370667
evaluation-51544-non-000,0,0.1135619580745697
evaluation-51624-tar-000,1,0.02999415248632431
evaluation-51624-non-000,0,-0.048477910459041595
evaluation-51629-tar-000,1,0.25189852714538574
evaluation-51629-non-000,0,0.00834403745830059
evaluation-5167-tar-000,1,0.04487176984548569
evaluation-5167-non-000,0,0.07575096189975739
evaluation-5171-tar-000,1,-0.2752850651741028
evaluation-5171-non-000,0,-0.1976119577884674
evaluation-51899-tar-000,1,0.04402510076761246
evaluation-51899-non-000,0,0.0768551230430603
evaluation-51940-tar-000,1,0.08808493614196777
evaluation-51940-non-000,0,0.08175154030323029
evaluation-51962-tar-000,1,-0.24969202280044556
evaluation-51962-non-000,0,-0.20463570952415466
evaluation-5203-tar-000,1,0.15234865248203278
evaluation-5203-non-000,0,0.027954308316111565
evaluation-5215-tar-000,1,0.10027727484703064
evaluation-5215-non-000,0,0.05099690705537796
evaluation-52213-tar-000,1,0.15245552361011505
evaluation-52213-non-000,0,0.09321675449609756
evaluation-5225-tar-000,1,0.05140252783894539
evaluation-5225-non-000,0,-0.011267382651567459
evaluation-52371-tar-000,1,-0.05125579237937927
evaluation-52371-non-000,0,-0.03364840894937515
evaluation-52374-tar-000,1,-0.0798615962266922
evaluation-52374-non-000,0,0.1622159481048584
evaluation-5246-tar-000,1,-0.004851430654525757
evaluation-5246-non-000,0,-0.08571925759315491
evaluation-52486-tar-000,1,0.0060131847858428955
evaluation-52486-non-000,0,-0.0884857326745987
evaluation-5253-tar-000,1,0.4735158681869507
evaluation-5253-non-000,0,0.18356604874134064
evaluation-52530-tar-000,1,0.11676561832427979
evaluation-52530-non-000,0,-0.05414103344082832
evaluation-5256-tar-000,1,0.22083806991577148
evaluation-5256-non-000,0,0.1979125738143921
evaluation-5261-tar-000,1,0.3213003873825073
evaluation-5261-non-000,0,-0.2127208262681961
evaluation-52651-tar-000,1,0.18253283202648163
evaluation-52651-non-000,0,-0.021384142339229584
evaluation-52709-tar-000,1,0.10150478035211563
evaluation-52709-non-000,0,0.14362183213233948
evaluation-5289-tar-000,1,0.31720206141471863
evaluation-5289-non-000,0,0.26031196117401123
evaluation-52912-tar-000,1,0.050057485699653625
evaluation-52912-non-000,0,0.12066633254289627
evaluation-52929-tar-000,1,-0.18611031770706177
evaluation-52929-non-000,0,-0.1213468536734581
evaluation-5309-tar-000,1,0.36861416697502136
evaluation-5309-non-000,0,0.2759941816329956
evaluation-53170-tar-000,1,-0.008846851997077465
evaluation-53170-non-000,0,-0.049614809453487396
evaluation-5322-tar-000,1,0.19027851521968842
evaluation-5322-non-000,0,0.008040489628911018
evaluation-5325-tar-000,1,-0.027787767350673676
evaluation-5325-non-000,0,-0.14403720200061798
evaluation-53266-tar-000,1,0.24632379412651062
evaluation-53266-non-000,0,0.17449036240577698
evaluation-53269-tar-000,1,0.08838838338851929
evaluation-53269-non-000,0,-0.08677124977111816
evaluation-53272-tar-000,1,0.010656781494617462
evaluation-53272-non-000,0,-0.09574086964130402
evaluation-5334-tar-000,1,0.055810607969760895
evaluation-5334-non-000,0,-0.03480064123868942
evaluation-53354-tar-000,1,-0.015914347022771835
evaluation-53354-non-000,0,-0.12650208175182343
evaluation-5336-tar-000,1,0.1548958122730255
evaluation-5336-non-000,0,-0.05135943740606308
evaluation-5339-tar-000,1,0.13859783113002777
evaluation-5339-non-000,0,0.09164617210626602
evaluation-53390-tar-000,1,0.2922360897064209
evaluation-53390-non-000,0,0.461853951215744
evaluation-53434-tar-000,1,0.17830583453178406
evaluation-53434-non-000,0,-0.03439563885331154
evaluation-53544-tar-000,1,0.3179265260696411
evaluation-53544-non-000,0,0.11596150696277618
evaluation-53588-tar-000,1,0.02198272943496704
evaluation-53588-non-000,0,0.19133174419403076
evaluation-53755-tar-000,1,0.1004478931427002
evaluation-53755-non-000,0,0.11569122225046158
evaluation-53972-tar-000,1,0.03950131684541702
evaluation-53972-non-000,0,-0.03333236649632454
evaluation-5399-tar-000,1,0.12482831627130508
evaluation-5399-non-000,0,-0.018869813531637192
evaluation-54035-tar-000,1,0.2791917622089386
evaluation-54035-non-000,0,0.26201102137565613
evaluation-54085-tar-000,1,0.3486039638519287
evaluation-54085-non-000,0,0.06418126821517944
evaluation-5413-tar-000,1,0.09145864844322205
evaluation-5413-non-000,0,0.012568328529596329
evaluation-54197-tar-000,1,-0.08688780665397644
evaluation-54197-non-000,0,-0.16282841563224792
evaluation-54250-tar-000,1,0.3039437234401703
evaluation-54250-non-000,0,0.2170903980731964
evaluation-54261-tar-000,1,0.12459072470664978
evaluation-54261-non-000,0,-0.14234581589698792
evaluation-5437-tar-000,1,-0.19085341691970825
evaluation-5437-non-000,0,0.021853741258382797
evaluation-54376-tar-000,1,0.1383589208126068
evaluation-54376-non-000,0,0.04849729686975479
evaluation-5438-tar-000,1,0.11294130980968475
evaluation-5438-non-000,0,-0.02952609956264496
evaluation-54568-tar-000,1,0.10255153477191925
evaluation-54568-non-000,0,-0.07847081124782562
evaluation-54596-tar-000,1,-0.1402222216129303
evaluation-54596-non-000,0,-0.28951308131217957
evaluation-54637-tar-000,1,0.3112223148345947
evaluation-54637-non-000,0,0.09703873097896576
evaluation-54725-tar-000,1,0.16256701946258545
evaluation-54725-non-000,0,0.22913721203804016
evaluation-5490-tar-000,1,0.255090594291687
evaluation-5490-non-000,0,0.1344938427209854
evaluation-55027-tar-000,1,0.14904452860355377
evaluation-55027-non-000,0,0.09300313889980316
evaluation-55052-tar-000,1,0.17191694676876068
evaluation-55052-non-000,0,0.08078092336654663
evaluation-55225-tar-000,1,0.17438900470733643
evaluation-55225-non-000,0,0.04740407317876816
evaluation-5532-tar-000,1,-0.058449551463127136
evaluation-5532-non-000,0,-0.026228662580251694
evaluation-55354-tar-000,1,0.19271421432495117
evaluation-55354-non-000,0,0.07923364639282227
evaluation-55362-tar-000,1,0.011769264936447144
evaluation-55362-non-000,0,0.030601726844906807
evaluation-5542-tar-000,1,0.12942443788051605
evaluation-5542-non-000,0,-0.084466353058815
evaluation-55488-tar-000,1,0.16488388180732727
evaluation-55488-non-000,0,0.12807697057724
evaluation-55656-tar-000,1,0.17082317173480988
evaluation-55656-non-000,0,-0.05169294774532318
evaluation-55681-tar-000,1,0.1111859530210495
evaluation-55681-non-000,0,-0.09568218141794205
evaluation-55807-tar-000,1,0.19917911291122437
evaluation-55807-non-000,0,0.13088557124137878
evaluation-55810-tar-000,1,0.062461063265800476
evaluation-55810-non-000,0,0.012928653508424759
evaluation-55870-tar-000,1,-0.040263183414936066
evaluation-55870-non-000,0,-0.0363009013235569
evaluation-55928-tar-000,1,-0.16991567611694336
evaluation-55928-non-000,0,0.10485229641199112
evaluation-5594-tar-000,1,0.14308245480060577
evaluation-5594-non-000,0,-0.0910506471991539
evaluation-55953-tar-000,1,0.10513384640216827
evaluation-55953-non-000,0,0.1282070279121399
evaluation-55966-tar-000,1,-0.020593062043190002
evaluation-55966-non-000,0,-0.016929827630519867
evaluation-5599-tar-000,1,-0.22145798802375793
evaluation-5599-non-000,0,-0.04713602364063263
evaluation-56043-tar-000,1,0.1295679658651352
evaluation-56043-non-000,0,0.10009153187274933
evaluation-5605-tar-000,1,0.07407246530056
evaluation-5605-non-000,0,-0.01399829238653183
evaluation-56073-tar-000,1,0.05756605416536331
evaluation-56073-non-000,0,0.06740263849496841
evaluation-56098-tar-000,1,0.13408762216567993
evaluation-56098-non-000,0,0.002546214498579502
evaluation-56112-tar-000,1,0.02707935869693756
evaluation-56112-non-000,0,-0.15021535754203796
evaluation-56170-tar-000,1,0.17928314208984375
evaluation-56170-non-000,0,0.12510725855827332
evaluation-56181-tar-000,1,0.049109168350696564
evaluation-56181-non-000,0,0.10400991886854172
evaluation-56293-tar-000,1,0.04494420066475868
evaluation-56293-non-000,0,-0.12235371768474579
evaluation-5631-tar-000,1,0.10521537810564041
evaluation-5631-non-000,0,-0.20752528309822083
evaluation-5645-tar-000,1,0.17459742724895477
evaluation-5645-non-000,0,0.16130763292312622
evaluation-5648-tar-000,1,0.11606471240520477
evaluation-5648-non-000,0,0.0885021984577179
evaluation-5653-tar-000,1,0.36664193868637085
evaluation-5653-non-000,0,0.1964140236377716
evaluation-56568-tar-000,1,0.30961811542510986
evaluation-56568-non-000,0,0.13982805609703064
evaluation-5671-tar-000,1,0.0028510689735412598
evaluation-5671-non-000,0,-0.10740048438310623
evaluation-56722-tar-000,1,0.07885784655809402
evaluation-56722-non-000,0,-0.03221392631530762
evaluation-56771-tar-000,1,-0.18718980252742767
evaluation-56771-non-000,0,-0.2537981867790222
evaluation-56829-tar-000,1,0.2074367105960846
evaluation-56829-non-000,0,0.07047989219427109
evaluation-56853-tar-000,1,-0.12380580604076385
evaluation-56853-non-000,0,-0.17315378785133362
evaluation-56939-tar-000,1,0.19000785052776337
evaluation-56939-non-000,0,0.15457779169082642
evaluation-5706-tar-000,1,0.08217297494411469
evaluation-5706-non-000,0,-0.12894445657730103
evaluation-57103-tar-000,1,0.015643782913684845
evaluation-57103-non-000,0,0.034245263785123825
evaluation-57208-tar-000,1,0.14877784252166748
evaluation-57208-non-000,0,0.22034558653831482
evaluation-57246-tar-000,1,0.26873040199279785
evaluation-57246-non-000,0,0.20510399341583252
evaluation-57263-tar-000,1,0.10417775809764862
evaluation-57263-non-000,0,-0.024392960593104362
evaluation-5734-tar-000,1,-0.16609568893909454
evaluation-5734-non-000,0,-0.2269936054944992
evaluation-57364-tar-000,1,-0.02712857723236084
evaluation-57364-non-000,0,-0.07270356267690659
evaluation-57384-tar-000,1,0.1502659022808075
evaluation-57384-non-000,0,-0.15770232677459717
evaluation-57413-tar-000,1,0.40621864795684814
evaluation-57413-non-000,0,0.16390672326087952
evaluation-5745-tar-000,1,0.16245199739933014
evaluation-5745-non-000,0,-0.14782610535621643
evaluation-57502-tar-000,1,0.014328237622976303
evaluation-57502-non-000,0,-0.12328285723924637
evaluation-57587-tar-000,1,0.4687888026237488
evaluation-57587-non-000,0,0.4635160267353058
evaluation-5763-tar-000,1,0.22524860501289368
evaluation-5763-non-000,0,-0.024870628491044044
evaluation-57661-tar-000,1,0.057505976408720016
evaluation-57661-non-000,0,-0.05218660086393356
evaluation-57710-tar-000,1,0.32597172260284424
evaluation-57710-non-000,0,0.16737626492977142
evaluation-57719-tar-000,1,0.17898570001125336
evaluation-57719-non-000,0,0.13982905447483063
evaluation-5773-tar-000,1,0.025214260444045067
evaluation-5773-non-000,0,0.05803323909640312
evaluation-57944-tar-000,1,0.12867684662342072
evaluation-57944-non-000,0,-0.0565364696085453
evaluation-57980-tar-000,1,0.07281725853681564
evaluation-57980-non-000,0,-0.09425953775644302
evaluation-58059-tar-000,1,-0.11448925733566284
evaluation-58059-non-000,0,-0.02804797887802124
evaluation-58067-tar-000,1,0.10415069013834
evaluation-58067-non-000,0,-0.021953020244836807
evaluation-58081-tar-000,1,0.5468242168426514
evaluation-58081-non-000,0,0.025067564100027084
evaluation-58087-tar-000,1,-0.10413722693920135
evaluation-58087-non-000,0,-0.030857577919960022
evaluation-58098-tar-000,1,0.27889731526374817
evaluation-58098-non-000,0,0.06840579211711884
evaluation-5814-tar-000,1,-0.007869765162467957
evaluation-5814-non-000,0,-0.07642059028148651
evaluation-58144-tar-000,1,0.020797044038772583
evaluation-58144-non-000,0,-0.16348814964294434
evaluation-5832-tar-000,1,-0.08646106719970703
evaluation-5832-non-000,0,-0.1359335482120514
evaluation-5836-tar-000,1,0.25608301162719727
evaluation-5836-non-000,0,0.0780365839600563
evaluation-5841-tar-000,1,0.18903595209121704
evaluation-5841-non-000,0,-0.027082812041044235
evaluation-58430-tar-000,1,0.13258901238441467
evaluation-58430-non-000,0,0.069864921271801
evaluation-58587-tar-000,1,0.16450010240077972
evaluation-58587-non-000,0,0.17706674337387085
evaluation-5861-tar-000,1,0.08752375841140747
evaluation-5861-non-000,0,0.053364723920822144
evaluation-5868-tar-000,1,0.35325172543525696
evaluation-5868-non-000,0,0.22569406032562256
evaluation-58694-tar-000,1,-0.001794237643480301
evaluation-58694-non-000,0,-0.06827059388160706
evaluation-58724-tar-000,1,0.20266924798488617
evaluation-58724-non-000,0,0.2567274570465088
evaluation-58771-tar-000,1,0.07931787520647049
evaluation-58771-non-000,0,0.06729921698570251
evaluation-5884-tar-000,1,0.10457638651132584
evaluation-5884-non-000,0,0.05610453709959984
evaluation-58968-tar-000,1,0.20520830154418945
evaluation-58968-non-000,0,0.1689978837966919
evaluation-5900-tar-000,1,-0.0576801635324955
evaluation-5900-non-000,0,0.020678050816059113
evaluation-59029-tar-000,1,0.21799367666244507
evaluation-59029-non-000,0,0.09436479210853577
evaluation-59235-tar-000,1,0.06817293167114258
evaluation-59235-non-000,0,0.020191147923469543
evaluation-59284-tar-000,1,0.22572553157806396
evaluation-59284-non-000,0,-0.002604324370622635
evaluation-59443-tar-000,1,0.18804360926151276
evaluation-59443-non-000,0,0.1798247992992401
evaluation-5946-tar-000,1,-0.00896449200809002
evaluation-5946-non-000,0,-0.04666253924369812
evaluation-5949-tar-000,1,0.17062248289585114
evaluation-5949-non-000,0,0.21905666589736938
evaluation-59496-tar-000,1,0.026730472221970558
evaluation-59496-non-000,0,-0.055046446621418
evaluation-59564-tar-000,1,0.3603156507015228
evaluation-59564-non-000,0,0.02290787361562252
evaluation-59663-tar-000,1,0.27904534339904785
evaluation-59663-non-000,0,0.17423632740974426
evaluation-59779-tar-000,1,-0.02060713805258274
evaluation-59779-non-000,0,-0.058723337948322296
evaluation-59820-tar-000,1,-0.028243184089660645
evaluation-59820-non-000,0,0.07103477418422699
evaluation-59963-tar-000,1,0.06526315212249756
evaluation-59963-non-000,0,0.04278457164764404
evaluation-59971-tar-000,1,0.0385604053735733
evaluation-59971-non-000,0,-0.0203146580606699
evaluation-6006-tar-000,1,-0.03768053650856018
evaluation-6006-non-000,0,-0.1031850278377533
evaluation-6010-tar-000,1,0.28752055764198303
evaluation-6010-non-000,0,0.046002164483070374
evaluation-60240-tar-000,1,-0.05618521571159363
evaluation-60240-non-000,0,-0.027509337291121483
evaluation-60627-tar-000,1,0.14163008332252502
evaluation-60627-non-000,0,0.021383851766586304
evaluation-60646-tar-000,1,0.05908479169011116
evaluation-60646-non-000,0,0.17329901456832886
evaluation-60699-tar-000,1,0.2764400243759155
evaluation-60699-non-000,0,0.1280239373445511
evaluation-60748-tar-000,1,0.33911028504371643
evaluation-60748-non-000,0,0.25485268235206604
evaluation-60803-tar-000,1,0.21209606528282166
evaluation-60803-non-000,0,0.0891619473695755
evaluation-6081-tar-000,1,0.10255086421966553
evaluation-6081-non-000,0,0.14098046720027924
evaluation-6086-tar-000,1,-0.07190628349781036
evaluation-6086-non-000,0,-0.11721000075340271
evaluation-6089-tar-000,1,-0.013305104337632656
evaluation-6089-non-000,0,-0.24954120814800262
evaluation-6097-tar-000,1,-0.10336333513259888
evaluation-6097-non-000,0,-0.13068106770515442
evaluation-61015-tar-000,1,0.28617537021636963
evaluation-61015-non-000,0,0.18963980674743652
evaluation-61078-tar-000,1,0.2500946521759033
evaluation-61078-non-000,0,0.1126779168844223
evaluation-6108-tar-000,1,0.27994275093078613
evaluation-6108-non-000,0,0.22105936706066132
evaluation-61119-tar-000,1,0.1689566969871521
evaluation-61119-non-000,0,0.04324282705783844
evaluation-61122-tar-000,1,0.2647450566291809
evaluation-61122-non-000,0,-0.039007097482681274
evaluation-61133-tar-000,1,0.010294146835803986
evaluation-61133-non-000,0,-0.1131085753440857
evaluation-61174-tar-000,1,0.12414625287055969
evaluation-61174-non-000,0,0.12987183034420013
evaluation-61207-tar-000,1,0.15908747911453247
evaluation-61207-non-000,0,0.0067442115396261215
evaluation-61292-tar-000,1,0.24378859996795654
evaluation-61292-non-000,0,0.15998393297195435
evaluation-61410-tar-000,1,0.08953873068094254
evaluation-61410-non-000,0,0.03979548066854477
evaluation-61421-tar-000,1,0.14557600021362305
evaluation-61421-non-000,0,0.09488935768604279
evaluation-6163-tar-000,1,0.30599546432495117
evaluation-6163-non-000,0,0.19200758635997772
evaluation-61663-tar-000,1,0.12134438753128052
evaluation-61663-non-000,0,0.10674144327640533
evaluation-61712-tar-000,1,0.03513548523187637
evaluation-61712-non-000,0,0.0771116316318512
evaluation-61775-tar-000,1,0.13165849447250366
evaluation-61775-non-000,0,-0.01716921478509903
evaluation-61800-tar-000,1,0.013513512909412384
evaluation-61800-non-000,0,0.12835907936096191
evaluation-6186-tar-000,1,0.09490746259689331
evaluation-6186-non-000,0,0.17941923439502716
evaluation-6194-tar-000,1,-0.06786985695362091
evaluation-6194-non-000,0,0.12374283373355865
evaluation-61979-tar-000,1,0.14674735069274902
evaluation-61979-non-000,0,0.12133659422397614
evaluation-62012-tar-000,1,0.21293842792510986
evaluation-62012-non-000,0,0.020576372742652893
evaluation-6202-tar-000,1,0.14998328685760498
evaluation-6202-non-000,0,0.016303813084959984
evaluation-62066-tar-000,1,0.03664439544081688
evaluation-62066-non-000,0,-0.056729353964328766
evaluation-62086-tar-000,1,0.11427897214889526
evaluation-62086-non-000,0,-0.08151833713054657
evaluation-6209-tar-000,1,-0.012436546385288239
evaluation-6209-non-000,0,0.05291067436337471
evaluation-62138-tar-000,1,0.04093151539564133
evaluation-62138-non-000,0,0.006514310836791992
evaluation-62179-tar-000,1,0.08881396800279617
evaluation-62179-non-000,0,0.17176884412765503
evaluation-62223-tar-000,1,-0.001995321363210678
evaluation-62223-non-000,0,0.01067139208316803
evaluation-62292-tar-000,1,0.06908075511455536
evaluation-62292-non-000,0,-0.20238721370697021
evaluation-6231-tar-000,1,0.21367669105529785
evaluation-6231-non-000,0,0.3047589063644409
evaluation-62325-tar-000,1,0.07427775859832764
evaluation-62325-non-000,0,-0.0013599041849374771
evaluation-62404-tar-000,1,0.24585196375846863
evaluation-62404-non-000,0,0.07563996315002441
evaluation-6246-tar-000,1,0.10861325263977051
evaluation-6246-non-000,0,-0.029918275773525238
evaluation-62544-tar-000,1,0.48774075508117676
evaluation-62544-non-000,0,0.20060695707798004
evaluation-6257-tar-000,1,0.0710940957069397
evaluation-6257-non-000,0,0.08198045939207077
evaluation-62572-tar-000,1,-0.042677655816078186
evaluation-62572-non-000,0,-0.14771252870559692
evaluation-62660-tar-000,1,-0.0565107986330986
evaluation-62660-non-000,0,-0.05522406846284866
evaluation-62748-tar-000,1,0.13654614984989166
evaluation-62748-non-000,0,-0.07194951176643372
evaluation-6287-tar-000,1,0.25249183177948
evaluation-6287-non-000,0,0.05100100487470627
evaluation-6292-tar-000,1,0.05693531408905983
evaluation-6292-non-000,0,0.2909938097000122
evaluation-6296-tar-000,1,0.040813855826854706
evaluation-6296-non-000,0,0.05537327006459236
evaluation-63077-tar-000,1,0.18869902193546295
evaluation-63077-non-000,0,0.23672442138195038
evaluation-6310-tar-000,1,-0.06998398900032043
evaluation-6310-non-000,0,0.002416039817035198
evaluation-63132-tar-000,1,-0.19699956476688385
evaluation-63132-non-000,0,0.09297238290309906
evaluation-63138-tar-000,1,0.029627185314893723
evaluation-63138-non-000,0,-0.05992194265127182
evaluation-63415-tar-000,1,-0.1339510977268219
evaluation-63415-non-000,0,-0.14578363299369812
evaluation-63478-tar-000,1,0.19616296887397766
evaluation-63478-non-000,0,-0.15524068474769592
evaluation-63536-tar-000,1,0.2946385443210602
evaluation-63536-non-000,0,0.217038094997406
evaluation-6358-tar-000,1,0.01317489892244339
evaluation-6358-non-000,0,-0.2016431987285614
evaluation-6359-tar-000,1,0.03362457454204559
evaluation-6359-non-000,0,-0.0788009911775589
evaluation-63627-tar-000,1,0.16615481674671173
evaluation-63627-non-000,0,-0.016489429399371147
evaluation-63629-tar-000,1,0.09743745625019073
evaluation-63629-non-000,0,-0.0314253531396389
evaluation-63714-tar-000,1,0.18613654375076294
evaluation-63714-non-000,0,0.1566908061504364
evaluation-63739-tar-000,1,0.059435442090034485
evaluation-63739-non-000,0,-0.09154058992862701
evaluation-63805-tar-000,1,0.18173563480377197
evaluation-63805-non-000,0,0.0710560753941536
evaluation-63838-tar-000,1,0.1591663360595703
evaluation-63838-non-000,0,0.11454175412654877
evaluation-63852-tar-000,1,-0.22980137169361115
evaluation-63852-non-000,0,-0.19734354317188263
evaluation-63984-tar-000,1,-0.1956307291984558
evaluation-63984-non-000,0,-0.19586214423179626
evaluation-6401-tar-000,1,0.053059209138154984
evaluation-6401-non-000,0,0.12954682111740112
evaluation-64082-tar-000,1,0.03490036353468895
evaluation-64082-non-000,0,0.1637285351753235
evaluation-6410-tar-000,1,0.20127911865711212
evaluation-6410-non-000,0,0.40828752517700195
evaluation-64291-tar-000,1,-0.007543069310486317
evaluation-64291-non-000,0,-0.0035714544355869293
evaluation-64354-tar-000,1,0.15745191276073456
evaluation-64354-non-000,0,-0.12023434787988663
evaluation-64431-tar-000,1,-0.05105216056108475
evaluation-64431-non-000,0,0.035389915108680725
evaluation-64456-tar-000,1,0.31219470500946045
evaluation-64456-non-000,0,0.06267547607421875
evaluation-64489-tar-000,1,0.07047664374113083
evaluation-64489-non-000,0,0.023495536297559738
evaluation-64494-tar-000,1,0.26379072666168213
evaluation-64494-non-000,0,-0.0016671307384967804
evaluation-64541-tar-000,1,0.15812328457832336
evaluation-64541-non-000,0,0.06453147530555725
evaluation-64593-tar-000,1,0.2673071622848511
evaluation-64593-non-000,0,0.03531769663095474
evaluation-64626-tar-000,1,-0.05075715482234955
evaluation-64626-non-000,0,-0.12184242159128189
evaluation-64747-tar-000,1,0.25331756472587585
evaluation-64747-non-000,0,0.15003474056720734
evaluation-6478-tar-000,1,-0.11913348734378815
evaluation-6478-non-000,0,0.0004566875286400318
evaluation-6494-tar-000,1,0.20756253600120544
evaluation-6494-non-000,0,0.0845436379313469
evaluation-64961-tar-000,1,0.0369933657348156
evaluation-64961-non-000,0,-0.045672930777072906
evaluation-64967-tar-000,1,0.1828993260860443
evaluation-64967-non-000,0,0.06673002243041992
evaluation-65079-tar-000,1,0.19091984629631042
evaluation-65079-non-000,0,-0.09871877729892731
evaluation-65159-tar-000,1,0.09946269541978836
evaluation-65159-non-000,0,-0.03695950284600258
evaluation-6527-tar-000,1,0.07764463126659393
evaluation-6527-non-000,0,0.11051785945892334
evaluation-65368-tar-000,1,0.012381382286548615
evaluation-65368-non-000,0,-0.17609059810638428
evaluation-65404-tar-000,1,-0.16079068183898926
evaluation-65404-non-000,0,-0.09306958317756653
evaluation-65423-tar-000,1,0.2550371289253235
evaluation-65423-non-000,0,0.29661571979522705
evaluation-65511-tar-000,1,0.19812485575675964
evaluation-65511-non-000,0,-0.18562528491020203
evaluation-65513-tar-000,1,-0.16865290701389313
evaluation-65513-non-000,0,-0.20921504497528076
evaluation-6552-tar-000,1,-0.02115367352962494
evaluation-6552-non-000,0,-0.07544782757759094
evaluation-65538-tar-000,1,0.20520776510238647
evaluation-65538-non-000,0,-0.12809322774410248
evaluation-65541-tar-000,1,0.03846592828631401
evaluation-65541-non-000,0,0.03285301849246025
evaluation-65761-tar-000,1,0.03291422501206398
evaluation-65761-non-000,0,-0.18284010887145996
evaluation-65807-tar-000,1,0.05565175414085388
evaluation-65807-non-000,0,-0.14771127700805664
evaluation-65868-tar-000,1,-0.28042250871658325
evaluation-65868-non-000,0,-0.1802072376012802
evaluation-65945-tar-000,1,0.09471750259399414
evaluation-65945-non-000,0,-0.009033101610839367
evaluation-6595-tar-000,1,0.04847244918346405
evaluation-6595-non-000,0,-0.07325242459774017
evaluation-65986-tar-000,1,-0.0015218649059534073
evaluation-65986-non-000,0,-0.010358046740293503
evaluation-66002-tar-000,1,0.12345308810472488
evaluation-66002-non-000,0,-0.05033247917890549
evaluation-66030-tar-000,1,0.26038745045661926
evaluation-66030-non-000,0,0.06752560287714005
evaluation-66230-tar-000,1,0.3336903154850006
evaluation-66230-non-000,0,0.13338421285152435
evaluation-6625-tar-000,1,0.19560834765434265
evaluation-6625-non-000,0,0.012396611273288727
evaluation-6634-tar-000,1,0.08931438624858856
evaluation-6634-non-000,0,0.023076239973306656
evaluation-66436-tar-000,1,0.28812509775161743
evaluation-66436-non-000,0,0.09629738330841064
evaluation-66466-tar-000,1,0.13043168187141418
evaluation-66466-non-000,0,0.0492032989859581
evaluation-66508-tar-000,1,0.13306283950805664
evaluation-66508-non-000,0,-0.05771959573030472
evaluation-6661-tar-000,1,0.046608056873083115
evaluation-6661-non-000,0,-0.10759493708610535
evaluation-66749-tar-000,1,0.05658040940761566
evaluation-66749-non-000,0,0.008992131799459457
evaluation-66782-tar-000,1,0.03952452540397644
evaluation-66782-non-000,0,0.15989501774311066
evaluation-6682-tar-000,1,-0.05581735074520111
evaluation-6682-non-000,0,-0.12736636400222778
evaluation-66944-tar-000,1,0.04809869825839996
evaluation-66944-non-000,0,0.18899348378181458
evaluation-67057-tar-000,1,0.10767151415348053
evaluation-67057-non-000,0,0.025367269292473793
evaluation-67087-tar-000,1,0.1417592465877533
evaluation-67087-non-000,0,0.048887383192777634
evaluation-67137-tar-000,1,0.06511759012937546
evaluation-67137-non-000,0,0.21325823664665222
evaluation-67288-tar-000,1,0.002204734832048416
evaluation-67288-non-000,0,0.10821255296468735
evaluation-6731-tar-000,1,0.14411836862564087
evaluation-6731-non-000,0,0.10003502666950226
evaluation-67370-tar-000,1,-0.04024422913789749
evaluation-67370-non-000,0,-0.21272537112236023
evaluation-67488-tar-000,1,0.08722090721130371
evaluation-67488-non-000,0,-0.025805607438087463
evaluation-6749-tar-000,1,0.13434915244579315
evaluation-6749-non-000,0,-0.16427519917488098
evaluation-67521-tar-000,1,0.1177554652094841
evaluation-67521-non-000,0,0.012450609356164932
evaluation-67529-tar-000,1,0.16042572259902954
evaluation-67529-non-000,0,0.02443983405828476
evaluation-67538-tar-000,1,0.13178713619709015
evaluation-67538-non-000,0,0.08706335723400116
evaluation-67686-tar-000,1,-0.08674175292253494
evaluation-67686-non-000,0,-0.02193724364042282
evaluation-67697-tar-000,1,0.05474550276994705
evaluation-67697-non-000,0,0.31069591641426086
evaluation-67859-tar-000,1,0.04266027361154556
evaluation-67859-non-000,0,0.012631207704544067
evaluation-6789-tar-000,1,0.23201563954353333
evaluation-6789-non-000,0,0.06799719482660294
evaluation-67991-tar-000,1,0.1787223517894745
evaluation-67991-non-000,0,-0.07030375301837921
evaluation-68068-tar-000,1,-0.05936949700117111
evaluation-68068-non-000,0,-0.006706707179546356
evaluation-68131-tar-000,1,0.18108528852462769
evaluation-68131-non-000,0,0.057722508907318115
evaluation-6818-tar-000,1,0.17809639871120453
evaluation-6818-non-000,0,-0.03226765990257263
evaluation-68227-tar-000,1,0.10197938978672028
evaluation-68227-non-000,0,-0.16098476946353912
evaluation-68268-tar-000,1,0.1273805797100067
evaluation-68268-non-000,0,-0.0807885155081749
evaluation-68334-tar-000,1,0.0692039281129837
evaluation-68334-non-000,0,-0.03638484328985214
evaluation-68378-tar-000,1,0.13377316296100616
evaluation-68378-non-000,0,0.17275995016098022
evaluation-68430-tar-000,1,-0.01937812566757202
evaluation-68430-non-000,0,-0.01369764655828476
evaluation-68785-tar-000,1,0.05109943449497223
evaluation-68785-non-000,0,-0.13074448704719543
evaluation-68886-tar-000,1,0.18138103187084198
evaluation-68886-non-000,0,-0.11874865740537643
evaluation-68908-tar-000,1,0.056047774851322174
evaluation-68908-non-000,0,-0.06378631293773651
evaluation-6898-tar-000,1,0.2467474639415741
evaluation-6898-non-000,0,-0.044924989342689514
evaluation-69035-tar-000,1,0.025703340768814087
evaluation-69035-non-000,0,0.14630794525146484
evaluation-69087-tar-000,1,0.08664895594120026
evaluation-69087-non-000,0,-0.09284766018390656
evaluation-69155-tar-000,1,0.10757124423980713
evaluation-69155-non-000,0,-0.1254785656929016
evaluation-69166-tar-000,1,0.04985151067376137
evaluation-69166-non-000,0,-0.06934744119644165
evaluation-69169-tar-000,1,0.29874715209007263
evaluation-69169-non-000,0,0.15518628060817719
evaluation-69235-tar-000,1,0.14514335989952087
evaluation-69235-non-000,0,0.049780819565057755
evaluation-69279-tar-000,1,-0.01873232051730156
evaluation-69279-non-000,0,-0.09799222648143768
evaluation-69315-tar-000,1,0.08287122845649719
evaluation-69315-non-000,0,-0.014497135765850544
evaluation-6932-tar-000,1,0.22095027565956116
evaluation-6932-non-000,0,0.06535179913043976
evaluation-69361-tar-000,1,0.020653575658798218
evaluation-69361-non-000,0,-0.017820481210947037
evaluation-69425-tar-000,1,0.05271841585636139
evaluation-69425-non-000,0,0.06428668648004532
evaluation-69526-tar-000,1,0.07213614135980606
evaluation-69526-non-000,0,-0.08444345742464066
evaluation-69529-tar-000,1,0.02676057256758213
evaluation-69529-non-000,0,-0.024173356592655182
evaluation-6957-tar-000,1,0.19121909141540527
evaluation-6957-non-000,0,0.12336429953575134
evaluation-69573-tar-000,1,0.34606581926345825
evaluation-69573-non-000,0,0.16959378123283386
evaluation-69617-tar-000,1,-0.0006578285247087479
evaluation-69617-non-000,0,-0.02812246046960354
evaluation-69672-tar-000,1,0.20837977528572083
evaluation-69672-non-000,0,0.06230894848704338
evaluation-69724-tar-000,1,0.20211821794509888
evaluation-69724-non-000,0,-0.08191019296646118
evaluation-69848-tar-000,1,0.07002045214176178
evaluation-69848-non-000,0,0.10482029616832733
evaluation-69927-tar-000,1,-0.014951497316360474
evaluation-69927-non-000,0,0.0570499524474144
evaluation-6993-tar-000,1,0.12804162502288818
evaluation-6993-non-000,0,0.14970189332962036
evaluation-6994-tar-000,1,0.06074715033173561
evaluation-6994-non-000,0,0.05584754794836044
evaluation-7006-tar-000,1,0.43968138098716736
evaluation-7006-non-000,0,0.23020416498184204
evaluation-70130-tar-000,1,-0.028981810435652733
evaluation-70130-non-000,0,-0.06467297673225403
evaluation-70169-tar-000,1,0.14141297340393066
evaluation-70169-non-000,0,0.10738608241081238
evaluation-70191-tar-000,1,0.18538044393062592
evaluation-70191-non-000,0,0.09862842410802841
evaluation-7029-tar-000,1,0.30695077776908875
evaluation-7029-non-000,0,0.03102210909128189
evaluation-70290-tar-000,1,0.09089446812868118
evaluation-70290-non-000,0,-0.06703059375286102
evaluation-70320-tar-000,1,0.10995438694953918
evaluation-70320-non-000,0,-0.026614557951688766
evaluation-70347-tar-000,1,0.10630051791667938
evaluation-70347-non-000,0,0.01950194500386715
evaluation-7036-tar-000,1,0.04296763241291046
evaluation-7036-non-000,0,-0.017992280423641205
evaluation-70501-tar-000,1,0.18461239337921143
evaluation-70501-non-000,0,0.1505468487739563
evaluation-7055-tar-000,1,0.2180219292640686
evaluation-7055-non-000,0,0.20563213527202606
evaluation-70592-tar-000,1,0.20681484043598175
evaluation-70592-non-000,0,0.05347868427634239
evaluation-70641-tar-000,1,0.24490660429000854
evaluation-70641-non-000,0,0.1819985806941986
evaluation-70671-tar-000,1,0.09713289141654968
evaluation-70671-non-000,0,-0.013263281434774399
evaluation-7077-tar-000,1,-0.07342998683452606
evaluation-7077-non-000,0,-0.0053316764533519745
evaluation-7078-tar-000,1,0.007343988865613937
evaluation-7078-non-000,0,0.04628124088048935
evaluation-70781-tar-000,1,0.30292463302612305
evaluation-70781-non-000,0,0.14171424508094788
evaluation-70801-tar-000,1,0.03991862013936043
evaluation-70801-non-000,0,0.04766976088285446
evaluation-7092-tar-000,1,0.08679792284965515
evaluation-7092-non-000,0,0.27798619866371155
evaluation-70952-tar-000,1,0.0732165277004242
evaluation-70952-non-000,0,0.20942671597003937
evaluation-71001-tar-000,1,0.05220438539981842
evaluation-71001-non-000,0,-0.120474673807621
evaluation-71015-tar-000,1,0.17336302995681763
evaluation-71015-non-000,0,-0.04896114766597748
evaluation-71042-tar-000,1,0.0900629386305809
evaluation-71042-non-000,0,0.22198519110679626
evaluation-7108-tar-000,1,0.08816326409578323
evaluation-7108-non-000,0,-0.1658140867948532
evaluation-7123-tar-000,1,-0.10686665773391724
evaluation-7123-non-000,0,-0.16552357375621796
evaluation-71300-tar-000,1,0.16958457231521606
evaluation-71300-non-000,0,0.012883283197879791
evaluation-7131-tar-000,1,0.19903619587421417
evaluation-7131-non-000,0,-0.07576936483383179
evaluation-7140-tar-000,1,0.1393265426158905
evaluation-7140-non-000,0,0.07680792361497879
evaluation-71402-tar-000,1,-0.11966602504253387
evaluation-71402-non-000,0,-0.040138956159353256
evaluation-71441-tar-000,1,0.0826818197965622
evaluation-71441-non-000,0,0.1053277999162674
evaluation-71457-tar-000,1,-0.14646513760089874
evaluation-71457-non-000,0,0.12311974912881851
evaluation-7149-tar-000,1,0.14740541577339172
evaluation-7149-non-000,0,0.15714582800865173
evaluation-71528-tar-000,1,0.40447625517845154
evaluation-71528-non-000,0,0.29423069953918457
evaluation-71594-tar-000,1,0.16831491887569427
evaluation-71594-non-000,0,-0.13255533576011658
evaluation-7174-tar-000,1,0.2624574601650238
evaluation-7174-non-000,0,0.29204583168029785
evaluation-7177-tar-000,1,-0.09450079500675201
evaluation-7177-non-000,0,-0.06883014738559723
evaluation-71798-tar-000,1,0.1867741495370865
evaluation-71798-non-000,0,0.0828237235546112
evaluation-71839-tar-000,1,0.09398767352104187
evaluation-71839-non-000,0,0.14176204800605774
evaluation-71924-tar-000,1,0.06462741643190384
evaluation-71924-non-000,0,-0.15775516629219055
evaluation-72009-tar-000,1,0.013740520924329758
evaluation-72009-non-000,0,-0.02512991987168789
evaluation-72017-tar-000,1,0.07772228121757507
evaluation-72017-non-000,0,-0.19798870384693146
evaluation-72078-tar-000,1,0.1610422432422638
evaluation-72078-non-000,0,-0.10394518077373505
evaluation-7211-tar-000,1,0.05396857112646103
evaluation-7211-non-000,0,-0.054429419338703156
evaluation-7214-tar-000,1,0.15545645356178284
evaluation-7214-non-000,0,0.04984593391418457
evaluation-72182-tar-000,1,0.04210406169295311
evaluation-72182-non-000,0,0.05511195957660675
evaluation-72221-tar-000,1,0.17531433701515198
evaluation-72221-non-000,0,0.16850370168685913
evaluation-7225-tar-000,1,0.04197811335325241
evaluation-7225-non-000,0,-0.16172704100608826
evaluation-72267-tar-000,1,0.28406772017478943
evaluation-72267-non-000,0,-0.0350278876721859
evaluation-7228-tar-000,1,0.08715033531188965
evaluation-7228-non-000,0,-0.07188449800014496
evaluation-72328-tar-000,1,0.3679637908935547
evaluation-72328-non-000,0,0.343805730342865
evaluation-72355-tar-000,1,0.14862793684005737
evaluation-72355-non-000,0,-0.039363835006952286
evaluation-72531-tar-000,1,-0.1249304786324501
evaluation-72531-non-000,0,0.04972916468977928
evaluation-7259-tar-000,1,0.20735816657543182
evaluation-7259-non-000,0,0.07052887231111526
evaluation-72646-tar-000,1,0.3352587819099426
evaluation-72646-non-000,0,0.14222607016563416
evaluation-72685-tar-000,1,-0.09534971415996552
evaluation-72685-non-000,0,-0.08857494592666626
evaluation-72718-tar-000,1,0.23974727094173431
evaluation-72718-non-000,0,0.12577557563781738
evaluation-72731-tar-000,1,0.2166437804698944
evaluation-72731-non-000,0,0.0951773077249527
evaluation-72800-tar-000,1,0.053702544420957565
evaluation-72800-non-000,0,-0.04184005782008171
evaluation-7285-tar-000,1,0.1926276683807373
evaluation-7285-non-000,0,0.020948098972439766
evaluation-7290-tar-000,1,0.07855405658483505
evaluation-7290-non-000,0,0.11978106200695038
evaluation-7302-tar-000,1,0.3325492739677429
evaluation-7302-non-000,0,0.23269060254096985
evaluation-73086-tar-000,1,0.16920217871665955
evaluation-73086-non-000,0,-0.030168047174811363
evaluation-7314-tar-000,1,0.2297786921262741
evaluation-7314-non-000,0,0.03162957727909088
evaluation-73366-tar-000,1,-0.16362446546554565
evaluation-73366-non-000,0,-0.0025115981698036194
evaluation-73396-tar-000,1,-0.031240804120898247
evaluation-73396-non-000,0,-0.27369439601898193
evaluation-7343-tar-000,1,0.1264529824256897
evaluation-7343-non-000,0,0.014651362784206867
evaluation-73465-tar-000,1,0.07800129055976868
evaluation-73465-non-000,0,0.00873543694615364
evaluation-7350-tar-000,1,-0.0985141322016716
evaluation-7350-non-000,0,-0.13811880350112915
evaluation-7353-tar-000,1,0.012846987694501877
evaluation-7353-non-000,0,-0.12003055214881897
evaluation-7354-tar-000,1,-0.036227330565452576
evaluation-7354-non-000,0,-0.0812382698059082
evaluation-73660-tar-000,1,0.29269474744796753
evaluation-73660-non-000,0,0.09637080132961273
evaluation-73814-tar-000,1,0.059068940579891205
evaluation-73814-non-000,0,0.2046942114830017
evaluation-73858-tar-000,1,-0.1042952761054039
evaluation-73858-non-000,0,-0.025332322344183922
evaluation-73923-tar-000,1,0.08110508322715759
evaluation-73923-non-000,0,-0.1096915677189827
evaluation-73995-tar-000,1,0.1829458773136139
evaluation-73995-non-000,0,0.10502183437347412
evaluation-74014-tar-000,1,0.19549307227134705
evaluation-74014-non-000,0,-0.0627991110086441
evaluation-74028-tar-000,1,0.2594543695449829
evaluation-74028-non-000,0,0.3067956268787384
evaluation-74033-tar-000,1,0.26931676268577576
evaluation-74033-non-000,0,0.07206351310014725
evaluation-7406-tar-000,1,0.1516183465719223
evaluation-7406-non-000,0,-0.07154642045497894
evaluation-7408-tar-000,1,0.1415100395679474
evaluation-7408-non-000,0,0.035242997109889984
evaluation-74110-tar-000,1,-0.005916299298405647
evaluation-74110-non-000,0,0.0012235119938850403
evaluation-74179-tar-000,1,0.1954147219657898
evaluation-74179-non-000,0,0.15536022186279297
evaluation-74195-tar-000,1,0.029345199465751648
evaluation-74195-non-000,0,-0.05480678379535675
evaluation-74234-tar-000,1,0.06970110535621643
evaluation-74234-non-000,0,-0.17580071091651917
evaluation-74250-tar-000,1,0.06655381619930267
evaluation-74250-non-000,0,0.11496764421463013
evaluation-7428-tar-000,1,0.26372411847114563
evaluation-7428-non-000,0,0.010166952386498451
evaluation-74324-tar-000,1,0.04151741415262222
evaluation-74324-non-000,0,-0.1555718183517456
evaluation-74335-tar-000,1,0.18260028958320618
evaluation-74335-non-000,0,0.11937699466943741
evaluation-74357-tar-000,1,0.08549832552671432
evaluation-74357-non-000,0,0.11976850032806396
evaluation-7438-tar-000,1,-0.11770539730787277
evaluation-7438-non-000,0,-0.18673941493034363
evaluation-74388-tar-000,1,-0.023453541100025177
evaluation-74388-non-000,0,-0.009539347141981125
evaluation-74481-tar-000,1,0.2991713881492615
evaluation-74481-non-000,0,0.24674105644226074
evaluation-74599-tar-000,1,0.0034875310957431793
evaluation-74599-non-000,0,0.06689108908176422
evaluation-74720-tar-000,1,0.1650862842798233
evaluation-74720-non-000,0,0.01845546066761017
evaluation-74745-tar-000,1,0.022970471531152725
evaluation-74745-non-000,0,0.05374196171760559
evaluation-74783-tar-000,1,0.1876417100429535
evaluation-74783-non-000,0,-0.0353829599916935
evaluation-74953-tar-000,1,0.2885676324367523
evaluation-74953-non-000,0,0.0804346352815628
evaluation-7500-tar-000,1,0.13246366381645203
evaluation-7500-non-000,0,0.0659281313419342
evaluation-75011-tar-000,1,0.062334802001714706
evaluation-75011-non-000,0,0.05476943403482437
evaluation-7511-tar-000,1,0.19433951377868652
evaluation-7511-non-000,0,-0.06114038825035095
evaluation-75157-tar-000,1,0.1776386797428131
evaluation-75157-non-000,0,0.1355505883693695
evaluation-7516-tar-000,1,0.29944300651550293
evaluation-7516-non-000,0,0.041932400315999985
evaluation-75176-tar-000,1,0.4089859127998352
evaluation-75176-non-000,0,0.29069018363952637
evaluation-75192-tar-000,1,0.08155077695846558
evaluation-75192-non-000,0,0.08570833504199982
evaluation-7536-tar-000,1,0.23899444937705994
evaluation-7536-non-000,0,0.08232651650905609
evaluation-7544-tar-000,1,0.22210368514060974
evaluation-7544-non-000,0,0.06720238924026489
evaluation-75442-tar-000,1,0.12051679193973541
evaluation-75442-non-000,0,0.07852298021316528
evaluation-75448-tar-000,1,0.06308158487081528
evaluation-75448-non-000,0,-0.00672716461122036
evaluation-75451-tar-000,1,0.25697189569473267
evaluation-75451-non-000,0,0.04239059239625931
evaluation-75555-tar-000,1,0.2375592440366745
evaluation-75555-non-000,0,0.05024183169007301
evaluation-75690-tar-000,1,-0.05791197344660759
evaluation-75690-non-000,0,0.07242007553577423
evaluation-75753-tar-000,1,0.028181716799736023
evaluation-75753-non-000,0,0.028966065496206284
evaluation-75802-tar-000,1,-0.0721307024359703
evaluation-75802-non-000,0,-0.046027734875679016
evaluation-75849-tar-000,1,0.021915074437856674
evaluation-75849-non-000,0,0.16763578355312347
evaluation-75860-tar-000,1,0.1812225580215454
evaluation-75860-non-000,0,0.008402016013860703
evaluation-75874-tar-000,1,0.051128894090652466
evaluation-75874-non-000,0,0.023457931354641914
evaluation-75945-tar-000,1,0.11536917090415955
evaluation-75945-non-000,0,0.22836512327194214
evaluation-7604-tar-000,1,0.04453311115503311
evaluation-7604-non-000,0,-0.07624374330043793
evaluation-76085-tar-000,1,0.03759033605456352
evaluation-76085-non-000,0,-0.13080266118049622
evaluation-76101-tar-000,1,0.2248775064945221
evaluation-76101-non-000,0,0.23065508902072906
evaluation-7617-tar-000,1,-0.25768810510635376
evaluation-7617-non-000,0,-0.3167029619216919
evaluation-76192-tar-000,1,-0.010962989181280136
evaluation-76192-non-000,0,-0.29058837890625
evaluation-76247-tar-000,1,0.03893212601542473
evaluation-76247-non-000,0,-0.09489300847053528
evaluation-76299-tar-000,1,-0.025278419256210327
evaluation-76299-non-000,0,0.056166745722293854
evaluation-76420-tar-000,1,0.11795143783092499
evaluation-76420-non-000,0,0.20067881047725677
evaluation-7645-tar-000,1,-0.13178423047065735
evaluation-7645-non-000,0,-0.002600405365228653
evaluation-76453-tar-000,1,0.05826190114021301
evaluation-76453-non-000,0,-0.017178108915686607
evaluation-7646-tar-000,1,0.15408313274383545
evaluation-7646-non-000,0,0.0005486924201250076
evaluation-7654-tar-000,1,0.2996596693992615
evaluation-7654-non-000,0,0.17966103553771973
evaluation-7655-tar-000,1,0.15564976632595062
evaluation-7655-non-000,0,0.1754729449748993
evaluation-76585-tar-000,1,0.1354932337999344
evaluation-76585-non-000,0,0.07800453901290894
evaluation-76695-tar-000,1,-0.12671345472335815
evaluation-76695-non-000,0,0.04130937531590462
evaluation-76719-tar-000,1,0.016853906214237213
evaluation-76719-non-000,0,0.03038019873201847
evaluation-76725-tar-000,1,-0.010080620646476746
evaluation-76725-non-000,0,-0.06963172554969788
evaluation-7679-tar-000,1,0.02871847152709961
evaluation-7679-non-000,0,0.317780077457428
evaluation-76862-tar-000,1,0.09992692619562149
evaluation-76862-non-000,0,0.12954609096050262
evaluation-77101-tar-000,1,0.1566300392150879
evaluation-77101-non-000,0,0.04013930261135101
evaluation-7712-tar-000,1,0.010949155315756798
evaluation-7712-non-000,0,0.11075389385223389
evaluation-77175-tar-000,1,0.16833636164665222
evaluation-77175-non-000,0,0.12982062995433807
evaluation-7721-tar-000,1,0.03342372551560402
evaluation-7721-non-000,0,0.19221606850624084
evaluation-7726-tar-000,1,0.11125101149082184
evaluation-7726-non-000,0,0.12005782872438431
evaluation-7728-tar-000,1,0.14060238003730774
evaluation-7728-non-000,0,-0.012443234212696552
evaluation-7735-tar-000,1,0.09362903982400894
evaluation-7735-non-000,0,0.04473806917667389
evaluation-77351-tar-000,1,0.25159770250320435
evaluation-77351-non-000,0,0.17304474115371704
evaluation-77376-tar-000,1,-0.08518921583890915
evaluation-77376-non-000,0,-0.12054508924484253
evaluation-77486-tar-000,1,0.30505919456481934
evaluation-77486-non-000,0,0.16977740824222565
evaluation-7750-tar-000,1,-0.07158663868904114
evaluation-7750-non-000,0,-0.12434615939855576
evaluation-77571-tar-000,1,0.0846833810210228
evaluation-77571-non-000,0,-0.068174347281456
evaluation-77656-tar-000,1,0.0653383880853653
evaluation-77656-non-000,0,-0.08193625509738922
evaluation-77851-tar-000,1,0.02943311631679535
evaluation-77851-non-000,0,-0.1701100766658783
evaluation-77854-tar-000,1,0.21222420036792755
evaluation-77854-non-000,0,-0.018159404397010803
evaluation-77879-tar-000,1,-0.04016464203596115
evaluation-77879-non-000,0,0.12815451622009277
evaluation-7789-tar-000,1,-0.04484061151742935
evaluation-7789-non-000,0,0.0017434358596801758
evaluation-7790-tar-000,1,-0.2297607809305191
evaluation-7790-non-000,0,-0.07281173765659332
evaluation-7810-tar-000,1,0.10443161427974701
evaluation-7810-non-000,0,0.010320186614990234
evaluation-78247-tar-000,1,0.23956036567687988
evaluation-78247-non-000,0,0.1391245722770691
evaluation-78249-tar-000,1,0.34921324253082275
evaluation-78249-non-000,0,0.1197204440832138
evaluation-7827-tar-000,1,0.08674601465463638
evaluation-7827-non-000,0,0.11798155307769775
evaluation-78370-tar-000,1,0.18976536393165588
evaluation-78370-non-000,0,0.10726812481880188
evaluation-78400-tar-000,1,0.19855354726314545
evaluation-78400-non-000,0,0.04573321342468262
evaluation-78436-tar-000,1,0.23744191229343414
evaluation-78436-non-000,0,0.1784418225288391
evaluation-78444-tar-000,1,0.16603660583496094
evaluation-78444-non-000,0,0.10306660830974579
evaluation-7846-tar-000,1,0.13058310747146606
evaluation-7846-non-000,0,-0.10345502942800522
evaluation-7848-tar-000,1,0.13104815781116486
evaluation-7848-non-000,0,0.2669083774089813
evaluation-7849-tar-000,1,0.08560723811388016
evaluation-7849-non-000,0,0.0882641151547432
evaluation-78540-tar-000,1,-0.07289841771125793
evaluation-78540-non-000,0,0.04350589960813522
evaluation-78571-tar-000,1,-0.06108937785029411
evaluation-78571-non-000,0,-0.02757478505373001
evaluation-78576-tar-000,1,-0.07769007980823517
evaluation-78576-non-000,0,0.0013186447322368622
evaluation-78584-tar-000,1,-0.014795728027820587
evaluation-78584-non-000,0,-0.13785752654075623
evaluation-78615-tar-000,1,0.014806278049945831
evaluation-78615-non-000,0,-0.13869507610797882
evaluation-78675-tar-000,1,0.10394109785556793
evaluation-78675-non-000,0,0.010917194187641144
evaluation-78752-tar-000,1,0.19260373711585999
evaluation-78752-non-000,0,0.1968771517276764
evaluation-7878-tar-000,1,0.16446810960769653
evaluation-7878-non-000,0,0.05039336159825325
evaluation-78782-tar-000,1,0.1377359926700592
evaluation-78782-non-000,0,-0.11312231421470642
evaluation-78815-tar-000,1,-0.051217496395111084
evaluation-78815-non-000,0,-0.15731646120548248
evaluation-78826-tar-000,1,-0.09887778759002686
evaluation-78826-non-000,0,-0.019216135144233704
evaluation-78887-tar-000,1,0.2502906918525696
evaluation-78887-non-000,0,-0.06917640566825867
evaluation-78963-tar-000,1,-0.04104924201965332
evaluation-78963-non-000,0,-0.23037855327129364
evaluation-78972-tar-000,1,0.012199877761304379
evaluation-78972-non-000,0,-0.1267106533050537
evaluation-79095-tar-000,1,-0.07486692816019058
evaluation-79095-non-000,0,-0.1038515642285347
evaluation-79255-tar-000,1,0.062283873558044434
evaluation-79255-non-000,0,0.1740051805973053
evaluation-79474-tar-000,1,0.2572464644908905
evaluation-79474-non-000,0,0.022544406354427338
evaluation-79521-tar-000,1,0.03273612633347511
evaluation-79521-non-000,0,-0.04211893677711487
evaluation-79581-tar-000,1,0.03216983377933502
evaluation-79581-non-000,0,-0.08161689341068268
evaluation-7964-tar-000,1,0.08873409777879715
evaluation-7964-non-000,0,0.05343657359480858
evaluation-7972-tar-000,1,0.19146724045276642
evaluation-7972-non-000,0,0.06075175106525421
evaluation-79776-tar-000,1,0.041930507868528366
evaluation-79776-non-000,0,0.10669413954019547
evaluation-79798-tar-000,1,-0.04171086475253105
evaluation-79798-non-000,0,-0.23635432124137878
evaluation-79807-tar-000,1,-0.0976371020078659
evaluation-79807-non-000,0,-0.15695133805274963
evaluation-7983-tar-000,1,-0.140675351023674
evaluation-7983-non-000,0,0.04017888009548187
evaluation-79843-tar-000,1,0.14199233055114746
evaluation-79843-non-000,0,0.1373189389705658
evaluation-7989-tar-000,1,0.050717033445835114
evaluation-7989-non-000,0,0.01204664260149002
evaluation-79980-tar-000,1,0.18479035794734955
evaluation-79980-non-000,0,-0.04578603804111481
evaluation-79991-tar-000,1,0.10171760618686676
evaluation-79991-non-000,0,-0.04532216861844063
evaluation-80153-tar-000,1,-0.04282037913799286
evaluation-80153-non-000,0,-0.054742276668548584
evaluation-80180-tar-000,1,0.1356802135705948
evaluation-80180-non-000,0,-0.009007109329104424
evaluation-8019-tar-000,1,0.26933401823043823
evaluation-8019-non-000,0,0.2317362129688263
evaluation-80210-tar-000,1,0.15475386381149292
evaluation-80210-non-000,0,0.016266068443655968
evaluation-80221-tar-000,1,-0.017778271809220314
evaluation-80221-non-000,0,-0.09182730317115784
evaluation-8023-tar-000,1,0.01368016004562378
evaluation-8023-non-000,0,-0.23125721514225006
evaluation-8027-tar-000,1,0.0056304000318050385
evaluation-8027-non-000,0,-0.011814815923571587
evaluation-8028-tar-000,1,-0.027744730934500694
evaluation-8028-non-000,0,-0.1256386786699295
evaluation-80353-tar-000,1,-0.07494056224822998
evaluation-80353-non-000,0,0.040258362889289856
evaluation-8041-tar-000,1,0.23165029287338257
evaluation-8041-non-000,0,0.2716964781284332
evaluation-80449-tar-000,1,0.0352933444082737
evaluation-80449-non-000,0,-0.10489462316036224
evaluation-80504-tar-000,1,-0.02889697253704071
evaluation-80504-non-000,0,-0.016163894906640053
evaluation-8068-tar-000,1,0.16001291573047638
evaluation-8068-non-000,0,-0.004040221683681011
evaluation-80710-tar-000,1,0.0003573969006538391
evaluation-80710-non-000,0,0.029646307229995728
evaluation-80773-tar-000,1,0.003958160988986492
evaluation-80773-non-000,0,-0.001658078283071518
evaluation-80793-tar-000,1,0.22806310653686523
evaluation-80793-non-000,0,0.19857266545295715
evaluation-80798-tar-000,1,0.08462047576904297
evaluation-80798-non-000,0,0.10862594097852707
evaluation-80806-tar-000,1,-0.012033481150865555
evaluation-80806-non-000,0,0.09333425760269165
evaluation-80900-tar-000,1,0.20587706565856934
evaluation-80900-non-000,0,0.051612816751003265
evaluation-80935-tar-000,1,0.22298742830753326
evaluation-80935-non-000,0,0.07733488082885742
evaluation-80938-tar-000,1,0.004217253997921944
evaluation-80938-non-000,0,-0.13232934474945068
evaluation-8097-tar-000,1,0.029679030179977417
evaluation-8097-non-000,0,-0.07419469952583313
evaluation-81034-tar-000,1,-0.003858570009469986
evaluation-81034-non-000,0,-0.015225889161229134
evaluation-81103-tar-000,1,-0.04875458776950836
evaluation-81103-non-000,0,-0.05828838422894478
evaluation-81106-tar-000,1,0.03190922737121582
evaluation-81106-non-000,0,-0.13598859310150146
evaluation-81111-tar-000,1,0.011073879897594452
evaluation-81111-non-000,0,-0.2589770257472992
evaluation-81119-tar-000,1,0.01132671907544136
evaluation-81119-non-000,0,-0.022992689162492752
evaluation-81128-tar-000,1,-0.00438675144687295
evaluation-81128-non-000,0,0.09239528328180313
evaluation-81174-tar-000,1,-0.1396792232990265
evaluation-81174-non-000,0,-0.23549333214759827
evaluation-81271-tar-000,1,0.13973423838615417
evaluation-81271-non-000,0,0.11485396325588226
evaluation-81276-tar-000,1,0.19692181050777435
evaluation-81276-non-000,0,0.12907806038856506
evaluation-81309-tar-000,1,-0.13755178451538086
evaluation-81309-non-000,0,-0.03583204001188278
evaluation-8143-tar-000,1,0.16342362761497498
evaluation-8143-non-000,0,0.03775520995259285
evaluation-81441-tar-000,1,-0.06232333183288574
evaluation-81441-non-000,0,-0.11268551647663116
evaluation-81455-tar-000,1,0.31488147377967834
evaluation-81455-non-000,0,-0.04321470484137535
evaluation-81823-tar-000,1,0.031505417078733444
evaluation-81823-non-000,0,0.053666453808546066
evaluation-8185-tar-000,1,-0.003986824303865433
evaluation-8185-non-000,0,0.031624577939510345
evaluation-81858-tar-000,1,0.3109342157840729
evaluation-81858-non-000,0,0.17869940400123596
evaluation-8191-tar-000,1,0.061975378543138504
evaluation-8191-non-000,0,-0.04140114784240723
evaluation-81913-tar-000,1,0.1229684054851532
evaluation-81913-non-000,0,0.10922007262706757
evaluation-81963-tar-000,1,0.08908278495073318
evaluation-81963-non-000,0,-0.014459626749157906
evaluation-8203-tar-000,1,-0.09556634724140167
evaluation-8203-non-000,0,-0.010939741507172585
evaluation-82040-tar-000,1,0.3414008915424347
evaluation-82040-non-000,0,0.10449212789535522
evaluation-8210-tar-000,1,0.11172212660312653
evaluation-8210-non-000,0,0.20904621481895447
evaluation-8215-tar-000,1,-0.043617431074380875
evaluation-8215-non-000,0,-0.049458734691143036
evaluation-8216-tar-000,1,-0.019388532266020775
evaluation-8216-non-000,0,-0.11213898658752441
evaluation-8219-tar-000,1,0.13200625777244568
evaluation-8219-non-000,0,-0.10886135697364807
evaluation-82273-tar-000,1,-0.06918665021657944
evaluation-82273-non-000,0,-0.015653908252716064
evaluation-82342-tar-000,1,0.11018793284893036
evaluation-82342-non-000,0,0.08234579861164093
evaluation-8236-tar-000,1,0.04452502727508545
evaluation-8236-non-000,0,0.057733699679374695
evaluation-82421-tar-000,1,0.40478646755218506
evaluation-82421-non-000,0,0.20363831520080566
evaluation-82603-tar-000,1,-0.09592994302511215
evaluation-82603-non-000,0,-0.1592417061328888
evaluation-82641-tar-000,1,0.22458577156066895
evaluation-82641-non-000,0,0.018152810633182526
evaluation-82842-tar-000,1,0.14520412683486938
evaluation-82842-non-000,0,0.1791655421257019
evaluation-82847-tar-000,1,0.0390339121222496
evaluation-82847-non-000,0,0.15650144219398499
evaluation-8299-tar-000,1,0.09865571558475494
evaluation-8299-non-000,0,-0.07347424328327179
evaluation-83006-tar-000,1,0.07320243120193481
evaluation-83006-non-000,0,-0.005387485027313232
evaluation-83028-tar-000,1,0.05577708035707474
evaluation-83028-non-000,0,0.08686769008636475
evaluation-83094-tar-000,1,0.23705007135868073
evaluation-83094-non-000,0,-0.10275847464799881
evaluation-83204-tar-000,1,0.10468235611915588
evaluation-83204-non-000,0,0.06334956735372543
evaluation-8328-tar-000,1,0.04981473460793495
evaluation-8328-non-000,0,0.05891866609454155
evaluation-8335-tar-000,1,0.19762933254241943
evaluation-8335-non-000,0,-0.03930777311325073
evaluation-83355-tar-000,1,0.21801450848579407
evaluation-83355-non-000,0,0.08272716403007507
evaluation-83674-tar-000,1,-0.0003709890879690647
evaluation-83674-non-000,0,-0.006762105040252209
evaluation-83696-tar-000,1,-0.015475578606128693
evaluation-83696-non-000,0,-0.20230939984321594
evaluation-8383-tar-000,1,0.23566551506519318
evaluation-8383-non-000,0,0.01120763085782528
evaluation-83839-tar-000,1,-0.13721053302288055
evaluation-83839-non-000,0,-0.29052048921585083
evaluation-83905-tar-000,1,0.08695486932992935
evaluation-83905-non-000,0,-0.11777592450380325
evaluation-83918-tar-000,1,-0.094691202044487
evaluation-83918-non-000,0,-0.060134731233119965
evaluation-83927-tar-000,1,0.09579263627529144
evaluation-83927-non-000,0,-0.05839264765381813
evaluation-83995-tar-000,1,0.04990378022193909
evaluation-83995-non-000,0,0.006911978125572205
evaluation-8407-tar-000,1,0.23356223106384277
evaluation-8407-non-000,0,0.10924070328474045
evaluation-84075-tar-000,1,0.10934457182884216
evaluation-84075-non-000,0,0.12939350306987762
evaluation-84160-tar-000,1,0.1778457760810852
evaluation-84160-non-000,0,0.018744710832834244
evaluation-84187-tar-000,1,0.0984930768609047
evaluation-84187-non-000,0,-0.16175571084022522
evaluation-84300-tar-000,1,-0.20725613832473755
evaluation-84300-non-000,0,-0.19667145609855652
evaluation-84457-tar-000,1,0.06292132288217545
evaluation-84457-non-000,0,-0.02516971156001091
evaluation-84512-tar-000,1,0.011400509625673294
evaluation-84512-non-000,0,0.12043119966983795
evaluation-8452-tar-000,1,0.056052807718515396
evaluation-8452-non-000,0,0.01845727488398552
evaluation-8453-tar-000,1,0.08722661435604095
evaluation-8453-non-000,0,0.03748343884944916
evaluation-84544-tar-000,1,0.11229605972766876
evaluation-84544-non-000,0,0.004265181720256805
evaluation-84547-tar-000,1,0.16570308804512024
evaluation-84547-non-000,0,-0.1653498411178589
evaluation-84649-tar-000,1,0.04973588138818741
evaluation-84649-non-000,0,-0.09818922728300095
evaluation-84693-tar-000,1,0.282328724861145
evaluation-84693-non-000,0,0.02656414546072483
evaluation-84704-tar-000,1,0.0346081405878067
evaluation-84704-non-000,0,-0.30596500635147095
evaluation-84753-tar-000,1,-0.07289628684520721
evaluation-84753-non-000,0,0.05134255439043045
evaluation-84929-tar-000,1,0.21858564019203186
evaluation-84929-non-000,0,0.12857796251773834
evaluation-8494-tar-000,1,0.1883796602487564
evaluation-8494-non-000,0,-0.07083779573440552
evaluation-8502-tar-000,1,0.06062344089150429
evaluation-8502-non-000,0,-0.15856468677520752
evaluation-85201-tar-000,1,-0.0030017346143722534
evaluation-85201-non-000,0,-0.22041061520576477
evaluation-8522-tar-000,1,0.3706343472003937
evaluation-8522-non-000,0,0.354526162147522
evaluation-8527-tar-000,1,0.07065702974796295
evaluation-8527-non-000,0,-0.08108814805746078
evaluation-85286-tar-000,1,-0.07963351905345917
evaluation-85286-non-000,0,-0.0472828671336174
evaluation-85319-tar-000,1,0.036892831325531006
evaluation-85319-non-000,0,-0.0886153131723404
evaluation-85396-tar-000,1,0.24751047790050507
evaluation-85396-non-000,0,-0.2009967565536499
evaluation-85421-tar-000,1,0.12154625356197357
evaluation-85421-non-000,0,0.06551598012447357
evaluation-8557-tar-000,1,0.24449554085731506
evaluation-8557-non-000,0,0.1822657734155655
evaluation-85676-tar-000,1,0.1566898226737976
evaluation-85676-non-000,0,0.029772192239761353
evaluation-85750-tar-000,1,0.14643551409244537
evaluation-85750-non-000,0,0.3838348984718323
evaluation-85778-tar-000,1,-0.10834600031375885
evaluation-85778-non-000,0,0.02272094041109085
evaluation-85871-tar-000,1,-0.003706030547618866
evaluation-85871-non-000,0,-0.14558039605617523
evaluation-8602-tar-000,1,-0.09860238432884216
evaluation-8602-non-000,0,-0.06664150208234787
evaluation-86107-tar-000,1,0.057890910655260086
evaluation-86107-non-000,0,-0.058403827250003815
evaluation-8614-tar-000,1,0.05164126306772232
evaluation-8614-non-000,0,0.16325879096984863
evaluation-86151-tar-000,1,0.027490785345435143
evaluation-86151-non-000,0,0.04354514181613922
evaluation-86198-tar-000,1,0.34261858463287354
evaluation-86198-non-000,0,0.2398972511291504
evaluation-86245-tar-000,1,0.04705188795924187
evaluation-86245-non-000,0,-0.0442158542573452
evaluation-8628-tar-000,1,0.049421124160289764
evaluation-8628-non-000,0,0.07813464105129242
evaluation-8630-tar-000,1,0.11063036322593689
evaluation-8630-non-000,0,0.08935290575027466
evaluation-86376-tar-000,1,0.004569008946418762
evaluation-86376-non-000,0,0.04829944670200348
evaluation-8639-tar-000,1,0.13155904412269592
evaluation-8639-non-000,0,0.07291056215763092
evaluation-8640-tar-000,1,0.391726553440094
evaluation-8640-non-000,0,0.3180994391441345
evaluation-86470-tar-000,1,0.11209073662757874
evaluation-86470-non-000,0,-0.1205073893070221
evaluation-86478-tar-000,1,0.015525616705417633
evaluation-86478-non-000,0,0.05262152850627899
evaluation-86519-tar-000,1,-0.17349623143672943
evaluation-86519-non-000,0,-0.07595397531986237
evaluation-86577-tar-000,1,0.014027207158505917
evaluation-86577-non-000,0,0.11113321036100388
evaluation-86591-tar-000,1,0.40288832783699036
evaluation-86591-non-000,0,0.20873481035232544
evaluation-86799-tar-000,1,0.058228567242622375
evaluation-86799-non-000,0,-0.11516812443733215
evaluation-86926-tar-000,1,0.06419654935598373
evaluation-86926-non-000,0,0.22512951493263245
evaluation-86945-tar-000,1,0.040761593729257584
evaluation-86945-non-000,0,-0.0728970468044281
evaluation-8697-tar-000,1,-0.02684270590543747
evaluation-8697-non-000,0,0.16836650669574738
evaluation-87016-tar-000,1,0.16273133456707
evaluation-87016-non-000,0,0.003159015439450741
evaluation-87176-tar-000,1,0.1483779102563858
evaluation-87176-non-000,0,-0.038085244596004486
evaluation-8724-tar-000,1,0.10338053107261658
evaluation-8724-non-000,0,0.10992938280105591
evaluation-87313-tar-000,1,0.04716888815164566
evaluation-87313-non-000,0,-0.04050528258085251
evaluation-87338-tar-000,1,-0.0367610901594162
evaluation-87338-non-000,0,-0.02946910634636879
evaluation-87362-tar-000,1,-0.05980227515101433
evaluation-87362-non-000,0,-0.14709380269050598
evaluation-87450-tar-000,1,-0.09340903162956238
evaluation-87450-non-000,0,-0.24696668982505798
evaluation-8746-tar-000,1,0.10648004710674286
evaluation-8746-non-000,0,0.018243910744786263
evaluation-8756-tar-000,1,0.2408120185136795
evaluation-8756-non-000,0,0.33954134583473206
evaluation-87577-tar-000,1,-0.07610397040843964
evaluation-87577-non-000,0,-0.0822470635175705
evaluation-87601-tar-000,1,0.28549131751060486
evaluation-87601-non-000,0,0.10099205374717712
evaluation-8765-tar-000,1,0.2331596463918686
evaluation-8765-non-000,0,0.15939956903457642
evaluation-87711-tar-000,1,0.00980817899107933
evaluation-87711-non-000,0,-0.0684967041015625
evaluation-87720-tar-000,1,-0.06571000069379807
evaluation-87720-non-000,0,-0.1789247691631317
evaluation-87722-tar-000,1,0.22303709387779236
evaluation-87722-non-000,0,0.002317574806511402
evaluation-87876-tar-000,1,-0.008125696331262589
evaluation-87876-non-000,0,0.007705923169851303
evaluation-87923-tar-000,1,0.06517986208200455
evaluation-87923-non-000,0,0.10655920207500458
evaluation-8796-tar-000,1,0.018419351428747177
evaluation-8796-non-000,0,-0.14711442589759827
evaluation-8804-tar-000,1,0.30756059288978577
evaluation-8804-non-000,0,0.22530357539653778
evaluation-88060-tar-000,1,0.29239773750305176
evaluation-88060-non-000,0,0.11195459961891174
evaluation-8814-tar-000,1,0.118761345744133
evaluation-8814-non-000,0,-0.06924250721931458
evaluation-88156-tar-000,1,0.18790647387504578
evaluation-88156-non-000,0,0.10889928042888641
evaluation-88170-tar-000,1,-0.05006472021341324
evaluation-88170-non-000,0,-0.03891441971063614
evaluation-88313-tar-000,1,-0.14346107840538025
evaluation-88313-non-000,0,-0.27787071466445923
evaluation-8836-tar-000,1,0.05358850210905075
evaluation-8836-non-000,0,0.043361179530620575
evaluation-88458-tar-000,1,0.069404236972332
evaluation-88458-non-000,0,-0.0635373443365097
evaluation-88524-tar-000,1,0.16923624277114868
evaluation-88524-non-000,0,0.07044807821512222
evaluation-88576-tar-000,1,0.17618604004383087
evaluation-88576-non-000,0,0.1110139787197113
evaluation-88582-tar-000,1,-0.02132338285446167
evaluation-88582-non-000,0,-0.13650766015052795
evaluation-88689-tar-000,1,-0.07560011744499207
evaluation-88689-non-000,0,0.11305584013462067
evaluation-88747-tar-000,1,0.08107209205627441
evaluation-88747-non-000,0,-0.0145355723798275
evaluation-88780-tar-000,1,0.0038342922925949097
evaluation-88780-non-000,0,-0.15537267923355103
evaluation-88791-tar-000,1,0.11615221202373505
evaluation-88791-non-000,0,0.15258896350860596
evaluation-8896-tar-000,1,0.1957697868347168
evaluation-8896-non-000,0,0.10521486401557922
evaluation-89005-tar-000,1,0.2775944173336029
evaluation-89005-non-000,0,0.17605510354042053
evaluation-89027-tar-000,1,0.09367034584283829
evaluation-89027-non-000,0,0.12393832206726074
evaluation-89054-tar-000,1,0.01926518976688385
evaluation-89054-non-000,0,0.004743076860904694
evaluation-89120-tar-000,1,0.25300490856170654
evaluation-89120-non-000,0,0.1224122941493988
evaluation-89255-tar-000,1,-0.028663694858551025
evaluation-89255-non-000,0,0.022917021065950394
evaluation-89335-tar-000,1,0.06789049506187439
evaluation-89335-non-000,0,-0.0014142543077468872
evaluation-89340-tar-000,1,0.0561840757727623
evaluation-89340-non-000,0,-0.0435355119407177
evaluation-89346-tar-000,1,-0.02913045883178711
evaluation-89346-non-000,0,-0.055492762476205826
evaluation-89381-tar-000,1,-0.05097603797912598
evaluation-89381-non-000,0,-0.11816111207008362
evaluation-89557-tar-000,1,0.07892140746116638
evaluation-89557-non-000,0,0.05071323364973068
evaluation-89604-tar-000,1,0.23550830781459808
evaluation-89604-non-000,0,0.19048252701759338
evaluation-89615-tar-000,1,0.09915005415678024
evaluation-89615-non-000,0,-0.06701172888278961
evaluation-89631-tar-000,1,0.036322224885225296
evaluation-89631-non-000,0,0.10933390259742737
evaluation-89757-tar-000,1,-0.08297029882669449
evaluation-89757-non-000,0,-0.25195324420928955
evaluation-89766-tar-000,1,0.12720277905464172
evaluation-89766-non-000,0,0.1034945696592331
evaluation-89782-tar-000,1,0.03950371965765953
evaluation-89782-non-000,0,-0.06445417553186417
evaluation-89818-tar-000,1,0.0015071183443069458
evaluation-89818-non-000,0,-0.11783137172460556
evaluation-89822-tar-000,1,0.08715444803237915
evaluation-89822-non-000,0,-0.0023742765188217163
evaluation-8983-tar-000,1,-0.045222219079732895
evaluation-8983-non-000,0,0.018651926890015602
evaluation-90024-tar-000,1,0.2124662846326828
evaluation-90024-non-000,0,0.10483026504516602
evaluation-90032-tar-000,1,0.03751996159553528
evaluation-90032-non-000,0,0.02521778829395771
evaluation-90038-tar-000,1,0.14829951524734497
evaluation-90038-non-000,0,0.09549186378717422
evaluation-90117-tar-000,1,0.08313238620758057
evaluation-90117-non-000,0,-0.14888125658035278
evaluation-90145-tar-000,1,0.16346533596515656
evaluation-90145-non-000,0,-0.07051198184490204
evaluation-90148-tar-000,1,0.0828934907913208
evaluation-90148-non-000,0,0.1110408678650856
evaluation-90169-tar-000,1,0.18330833315849304
evaluation-90169-non-000,0,0.08067408949136734
evaluation-90257-tar-000,1,0.054051488637924194
evaluation-90257-non-000,0,-0.08153952658176422
evaluation-90301-tar-000,1,0.15567302703857422
evaluation-90301-non-000,0,-0.013224616646766663
evaluation-90304-tar-000,1,0.019059209153056145
evaluation-90304-non-000,0,-0.07502435892820358
evaluation-90381-tar-000,1,0.10060492902994156
evaluation-90381-non-000,0,0.1706695854663849
evaluation-90414-tar-000,1,0.28632986545562744
evaluation-90414-non-000,0,0.04908815026283264
evaluation-90469-tar-000,1,-0.03966663405299187
evaluation-90469-non-000,0,0.04397623986005783
evaluation-90562-tar-000,1,0.03393601253628731
evaluation-90562-non-000,0,-0.0010188557207584381
evaluation-90631-tar-000,1,0.1322403848171234
evaluation-90631-non-000,0,-0.0025403685867786407
evaluation-90862-tar-000,1,0.03639309108257294
evaluation-90862-non-000,0,-0.10939989984035492
evaluation-90875-tar-000,1,0.18506693840026855
evaluation-90875-non-000,0,0.23336082696914673
evaluation-90939-tar-000,1,0.13508130609989166
evaluation-90939-non-000,0,-0.13398252427577972
evaluation-9109-tar-000,1,0.09676522016525269
evaluation-9109-non-000,0,-0.09383910149335861
evaluation-91106-tar-000,1,0.13233943283557892
evaluation-91106-non-000,0,-0.11136402189731598
evaluation-91166-tar-000,1,0.1384446918964386
evaluation-91166-non-000,0,0.04957021027803421
evaluation-91205-tar-000,1,0.1572984755039215
evaluation-91205-non-000,0,-0.04273132234811783
evaluation-9125-tar-000,1,0.27471262216567993
evaluation-9125-non-000,0,0.06882045418024063
evaluation-91433-tar-000,1,-0.05788019672036171
evaluation-91433-non-000,0,-0.008468886837363243
evaluation-91441-tar-000,1,-0.022939689457416534
evaluation-91441-non-000,0,-0.09605198353528976
evaluation-91466-tar-000,1,0.2502618432044983
evaluation-91466-non-000,0,0.024912802502512932
evaluation-9148-tar-000,1,0.013461578637361526
evaluation-9148-non-000,0,-0.09099484235048294
evaluation-91496-tar-000,1,0.09079891443252563
evaluation-91496-non-000,0,0.11384014785289764
evaluation-91543-tar-000,1,0.3063430190086365
evaluation-91543-non-000,0,-0.0007645217701792717
evaluation-91642-tar-000,1,0.276703417301178
evaluation-91642-non-000,0,0.28020405769348145
evaluation-9165-tar-000,1,-0.23949410021305084
evaluation-9165-non-000,0,-0.16876088082790375
evaluation-91719-tar-000,1,-0.015726322308182716
evaluation-91719-non-000,0,0.011519016698002815
evaluation-9179-tar-000,1,-0.10288859158754349
evaluation-9179-non-000,0,0.029928557574748993
evaluation-91798-tar-000,1,-0.22399717569351196
evaluation-91798-non-000,0,-0.08317065238952637
evaluation-91823-tar-000,1,0.019438518211245537
evaluation-91823-non-000,0,0.10837910324335098
evaluation-91886-tar-000,1,0.08879238367080688
evaluation-91886-non-000,0,0.022556763142347336
evaluation-9195-tar-000,1,0.1092923954129219
evaluation-9195-non-000,0,0.13798503577709198
evaluation-9197-tar-000,1,0.2517170310020447
evaluation-9197-non-000,0,0.0967848002910614
evaluation-91974-tar-000,1,0.2689701318740845
evaluation-91974-non-000,0,0.058513883501291275
evaluation-92007-tar-000,1,0.08531028032302856
evaluation-92007-non-000,0,0.029117880389094353
evaluation-9210-tar-000,1,0.317935049533844
evaluation-9210-non-000,0,0.2856366038322449
evaluation-92133-tar-000,1,0.06859275698661804
evaluation-92133-non-000,0,0.053218185901641846
evaluation-92260-tar-000,1,0.1696929931640625
evaluation-92260-non-000,0,-0.1581781655550003
evaluation-9229-tar-000,1,0.0504426434636116
evaluation-9229-non-000,0,0.026078030467033386
evaluation-9240-tar-000,1,-0.048356276005506516
evaluation-9240-non-000,0,-0.062448836863040924
evaluation-9241-tar-000,1,-0.05971936509013176
evaluation-9241-non-000,0,-0.19477301836013794
evaluation-92438-tar-000,1,-0.11951534450054169
evaluation-92438-non-000,0,-0.08746794611215591
evaluation-92488-tar-000,1,0.1415182501077652
evaluation-92488-non-000,0,0.10051213204860687
evaluation-92630-tar-000,1,-0.038651853799819946
evaluation-92630-non-000,0,0.05224382504820824
evaluation-92652-tar-000,1,0.11135748028755188
evaluation-92652-non-000,0,-0.13443586230278015
evaluation-92787-tar-000,1,0.018679199740290642
evaluation-92787-non-000,0,-0.05812014639377594
evaluation-92825-tar-000,1,-0.048949070274829865
evaluation-92825-non-000,0,0.08205409348011017
evaluation-92845-tar-000,1,0.11062300950288773
evaluation-92845-non-000,0,0.07385504245758057
evaluation-92853-tar-000,1,0.1806313842535019
evaluation-92853-non-000,0,0.13681697845458984
evaluation-9286-tar-000,1,0.13698852062225342
evaluation-9286-non-000,0,0.04710264503955841
evaluation-9291-tar-000,1,-0.04586029425263405
evaluation-9291-non-000,0,-0.11174194514751434
evaluation-9303-tar-000,1,0.16122682392597198
evaluation-9303-non-000,0,0.14603567123413086
evaluation-93034-tar-000,1,0.0734022855758667
evaluation-93034-non-000,0,0.1057031974196434
evaluation-93042-tar-000,1,0.03178774192929268
evaluation-93042-non-000,0,-0.01839679479598999
evaluation-93169-tar-000,1,0.059384554624557495
evaluation-93169-non-000,0,-0.012581989169120789
evaluation-93210-tar-000,1,0.04197102040052414
evaluation-93210-non-000,0,-0.12709397077560425
evaluation-93279-tar-000,1,0.04751569405198097
evaluation-93279-non-000,0,0.12451757490634918
evaluation-93375-tar-000,1,0.04776621609926224
evaluation-93375-non-000,0,-0.14386491477489471
evaluation-93449-tar-000,1,0.19369488954544067
evaluation-93449-non-000,0,0.007072547450661659
evaluation-9355-tar-000,1,0.2120126485824585
evaluation-9355-non-000,0,-0.032097794115543365
evaluation-93660-tar-000,1,0.06983727216720581
evaluation-93660-non-000,0,-0.09062369167804718
evaluation-93718-tar-000,1,-0.018765868619084358
evaluation-93718-non-000,0,-0.05705549567937851
evaluation-93735-tar-000,1,-0.0983576774597168
evaluation-93735-non-000,0,0.17825810611248016
evaluation-93740-tar-000,1,0.05984259024262428
evaluation-93740-non-000,0,-0.07449665665626526
evaluation-93811-tar-000,1,0.11553315073251724
evaluation-93811-non-000,0,0.07177434861660004
evaluation-93853-tar-000,1,0.09961368143558502
evaluation-93853-non-000,0,-0.11551806330680847
evaluation-93886-tar-000,1,0.046887416392564774
evaluation-93886-non-000,0,-0.11487450450658798
evaluation-93930-tar-000,1,-0.10453300178050995
evaluation-93930-non-000,0,0.03406138718128204
evaluation-9403-tar-000,1,-0.05708671361207962
evaluation-9403-non-000,0,-0.041521843522787094
evaluation-9410-tar-000,1,0.16381599009037018
evaluation-9410-non-000,0,0.05552807077765465
evaluation-94105-tar-000,1,0.07694785296916962
evaluation-94105-non-000,0,-0.058034565299749374
evaluation-94125-tar-000,1,0.006787482649087906
evaluation-94125-non-000,0,-0.085167795419693
evaluation-94226-tar-000,1,0.21886609494686127
evaluation-94226-non-000,0,0.09616516530513763
evaluation-94267-tar-000,1,0.10139065980911255
evaluation-94267-non-000,0,0.16058269143104553
evaluation-94270-tar-000,1,0.2200687974691391
evaluation-94270-non-000,0,-0.007345682010054588
evaluation-94314-tar-000,1,0.30293428897857666
evaluation-94314-non-000,0,0.0991639643907547
evaluation-94421-tar-000,1,0.2526503801345825
evaluation-94421-non-000,0,0.1114569902420044
evaluation-94528-tar-000,1,0.11803604662418365
evaluation-94528-non-000,0,0.15879064798355103
evaluation-94550-tar-000,1,0.2080785036087036
evaluation-94550-non-000,0,0.16803765296936035
evaluation-94586-tar-000,1,-0.08138632774353027
evaluation-94586-non-000,0,0.027487091720104218
evaluation-94633-tar-000,1,0.1350536346435547
evaluation-94633-non-000,0,0.23350383341312408
evaluation-94663-tar-000,1,0.3395536243915558
evaluation-94663-non-000,0,0.41415899991989136
evaluation-94668-tar-000,1,0.3875576853752136
evaluation-94668-non-000,0,0.10715986788272858
evaluation-9469-tar-000,1,0.2549853026866913
evaluation-9469-non-000,0,0.2913513779640198
evaluation-94740-tar-000,1,0.10671871900558472
evaluation-94740-non-000,0,-0.04037945345044136
evaluation-94828-tar-000,1,0.11167140305042267
evaluation-94828-non-000,0,0.049483392387628555
evaluation-9485-tar-000,1,0.17366501688957214
evaluation-9485-non-000,0,0.12229794263839722
evaluation-94855-tar-000,1,0.10769470781087875
evaluation-94855-non-000,0,0.12130150198936462
evaluation-94971-tar-000,1,0.312396764755249
evaluation-94971-non-000,0,0.2538713216781616
evaluation-95006-tar-000,1,0.2851296663284302
evaluation-95006-non-000,0,0.20253384113311768
evaluation-95020-tar-000,1,0.10952067375183105
evaluation-95020-non-000,0,-0.027927307412028313
evaluation-95031-tar-000,1,0.04629220813512802
evaluation-95031-non-000,0,-0.05726385861635208
evaluation-95045-tar-000,1,0.1301567554473877
evaluation-95045-non-000,0,0.03895304352045059
evaluation-95072-tar-000,1,0.10534646362066269
evaluation-95072-non-000,0,-0.02063017338514328
evaluation-9512-tar-000,1,0.21178646385669708
evaluation-9512-non-000,0,0.07958243787288666
evaluation-95166-tar-000,1,0.1982840895652771
evaluation-95166-non-000,0,0.2541194260120392
evaluation-95174-tar-000,1,0.08196016401052475
evaluation-95174-non-000,0,-0.2198180854320526
evaluation-95198-tar-000,1,0.08342501521110535
evaluation-95198-non-000,0,0.24465204775333405
evaluation-9522-tar-000,1,0.19255080819129944
evaluation-9522-non-000,0,0.02098529227077961
evaluation-95229-tar-000,1,-0.05879255384206772
evaluation-95229-non-000,0,-0.08455672860145569
evaluation-95295-tar-000,1,0.0969037413597107
evaluation-95295-non-000,0,-0.007203978952020407
evaluation-95300-tar-000,1,-0.05018441751599312
evaluation-95300-non-000,0,-0.056054726243019104
evaluation-95303-tar-000,1,0.07836464792490005
evaluation-95303-non-000,0,0.14776521921157837
evaluation-95328-tar-000,1,-0.04168828949332237
evaluation-95328-non-000,0,-0.08357594162225723
evaluation-95388-tar-000,1,0.0668090283870697
evaluation-95388-non-000,0,-0.11707063019275665
evaluation-9539-tar-000,1,0.11475441604852676
evaluation-9539-non-000,0,0.22897619009017944
evaluation-95424-tar-000,1,0.2798437476158142
evaluation-95424-non-000,0,-0.09074313938617706
evaluation-95459-tar-000,1,0.19532087445259094
evaluation-95459-non-000,0,0.07141406834125519
evaluation-9549-tar-000,1,0.11736751347780228
evaluation-9549-non-000,0,0.07186800241470337
evaluation-95789-tar-000,1,-0.03481770679354668
evaluation-95789-non-000,0,0.08285805583000183
evaluation-95962-tar-000,1,0.27203187346458435
evaluation-95962-non-000,0,0.11024889349937439
evaluation-96017-tar-000,1,0.24726271629333496
evaluation-96017-non-000,0,0.09251618385314941
evaluation-96130-tar-000,1,0.15652863681316376
evaluation-96130-non-000,0,-0.09565924108028412
evaluation-9620-tar-000,1,-0.04729847237467766
evaluation-9620-non-000,0,-0.019393065944314003
evaluation-96371-tar-000,1,0.13867808878421783
evaluation-96371-non-000,0,0.08066698908805847
evaluation-96418-tar-000,1,0.16616836190223694
evaluation-96418-non-000,0,0.023393593728542328
evaluation-96443-tar-000,1,0.16047543287277222
evaluation-96443-non-000,0,0.07835456728935242
evaluation-96577-tar-000,1,0.16255518794059753
evaluation-96577-non-000,0,0.09521745145320892
evaluation-96613-tar-000,1,0.20460383594036102
evaluation-96613-non-000,0,0.0009395591914653778
evaluation-96643-tar-000,1,0.23785880208015442
evaluation-96643-non-000,0,0.19489362835884094
evaluation-9666-tar-000,1,0.24669449031352997
evaluation-9666-non-000,0,-0.008142933249473572
evaluation-96665-tar-000,1,0.17511601746082306
evaluation-96665-non-000,0,0.146601140499115
evaluation-96676-tar-000,1,-0.038117021322250366
evaluation-96676-non-000,0,-0.05889451876282692
evaluation-96701-tar-000,1,0.21327325701713562
evaluation-96701-non-000,0,0.044294849038124084
evaluation-96706-tar-000,1,0.08839982748031616
evaluation-96706-non-000,0,-0.18201571702957153
evaluation-96712-tar-000,1,0.07269053906202316
evaluation-96712-non-000,0,0.1256900280714035
evaluation-96767-tar-000,1,-0.02599726989865303
evaluation-96767-non-000,0,0.009145686402916908
evaluation-96844-tar-000,1,-0.0010161995887756348
evaluation-96844-non-000,0,0.058120205998420715
evaluation-9696-tar-000,1,-0.08201389759778976
evaluation-9696-non-000,0,-0.09445728361606598
evaluation-96984-tar-000,1,0.02848629467189312
evaluation-96984-non-000,0,-0.049941517412662506
evaluation-9705-tar-000,1,0.2818288207054138
evaluation-9705-non-000,0,0.030443191528320312
evaluation-9706-tar-000,1,0.06623081862926483
evaluation-9706-non-000,0,-0.00646485760807991
evaluation-97072-tar-000,1,0.07246046513319016
evaluation-97072-non-000,0,0.0678490698337555
evaluation-9737-tar-000,1,0.07708089798688889
evaluation-9737-non-000,0,0.18293112516403198
evaluation-97434-tar-000,1,0.05170542001724243
evaluation-97434-non-000,0,-0.06732118129730225
evaluation-9752-tar-000,1,-0.0394970178604126
evaluation-9752-non-000,0,-0.029817204922437668
evaluation-97550-tar-000,1,0.21292394399642944
evaluation-97550-non-000,0,-0.0196223221719265
evaluation-97588-tar-000,1,-0.035912416875362396
evaluation-97588-non-000,0,0.16430217027664185
evaluation-97624-tar-000,1,0.17799991369247437
evaluation-97624-non-000,0,0.14336702227592468
evaluation-9767-tar-000,1,0.10897623002529144
evaluation-9767-non-000,0,0.035198234021663666
evaluation-97695-tar-000,1,0.2479304075241089
evaluation-97695-non-000,0,0.17948156595230103
evaluation-97860-tar-000,1,0.19921019673347473
evaluation-97860-non-000,0,-0.06911377608776093
evaluation-97937-tar-000,1,0.006629690527915955
evaluation-97937-non-000,0,0.24524764716625214
evaluation-97953-tar-000,1,0.23242133855819702
evaluation-97953-non-000,0,0.10321025550365448
evaluation-9817-tar-000,1,0.07970006763935089
evaluation-9817-non-000,0,0.051832303404808044
evaluation-9830-tar-000,1,-0.0038191676139831543
evaluation-9830-non-000,0,-0.003251083195209503
evaluation-98327-tar-000,1,0.1631198227405548
evaluation-98327-non-000,0,0.17519165575504303
evaluation-9835-tar-000,1,0.23905575275421143
evaluation-9835-non-000,0,0.016926584765315056
evaluation-98459-tar-000,1,0.05245934799313545
evaluation-98459-non-000,0,-0.0855022594332695
evaluation-98514-tar-000,1,0.12778446078300476
evaluation-98514-non-000,0,-0.21280689537525177
evaluation-98588-tar-000,1,-0.0812310129404068
evaluation-98588-non-000,0,-0.018630167469382286
evaluation-9859-tar-000,1,-0.018722573295235634
evaluation-9859-non-000,0,-0.09970652312040329
evaluation-9863-tar-000,1,0.036928609013557434
evaluation-9863-non-000,0,0.029567953199148178
evaluation-9871-tar-000,1,-0.10427957773208618
evaluation-9871-non-000,0,-0.15054921805858612
evaluation-9872-tar-000,1,0.08716002106666565
evaluation-9872-non-000,0,0.0016674268990755081
evaluation-98731-tar-000,1,0.10077760368585587
evaluation-98731-non-000,0,0.07443755865097046
evaluation-98744-tar-000,1,0.17527087032794952
evaluation-98744-non-000,0,-0.023768728598952293
evaluation-98821-tar-000,1,0.11890067905187607
evaluation-98821-non-000,0,-0.053960829973220825
evaluation-99038-tar-000,1,0.12541821599006653
evaluation-99038-non-000,0,0.24084320664405823
evaluation-9904-tar-000,1,0.09411130845546722
evaluation-9904-non-000,0,0.15357793867588043
evaluation-99123-tar-000,1,0.20558957755565643
evaluation-99123-non-000,0,0.1797456294298172
evaluation-99148-tar-000,1,0.1465849131345749
evaluation-99148-non-000,0,0.18118053674697876
evaluation-9915-tar-000,1,0.08888208121061325
evaluation-9915-non-000,0,0.0858280211687088
evaluation-99195-tar-000,1,-0.042322173714637756
evaluation-99195-non-000,0,0.06330063939094543
evaluation-99206-tar-000,1,0.1337764412164688
evaluation-99206-non-000,0,0.17463670670986176
evaluation-99230-tar-000,1,-0.08992807567119598
evaluation-99230-non-000,0,-0.12419592589139938
evaluation-99241-tar-000,1,0.12724249064922333
evaluation-99241-non-000,0,0.00898053776472807
evaluation-9928-tar-000,1,0.0457601398229599
evaluation-9928-non-000,0,-0.11687342077493668
evaluation-9932-tar-000,1,0.31526002287864685
evaluation-9932-non-000,0,0.09549543261528015
evaluation-99321-tar-000,1,0.19855816662311554
evaluation-99321-non-000,0,-0.03554319590330124
evaluation-99349-tar-000,1,-0.021094463765621185
evaluation-99349-non-000,0,0.05905330553650856
evaluation-9946-tar-000,1,0.2706276774406433
evaluation-9946-non-000,0,0.23696056008338928
evaluation-99461-tar-000,1,0.2371228188276291
evaluation-99461-non-000,0,0.030431412160396576
evaluation-9948-tar-000,1,0.051880188286304474
evaluation-9948-non-000,0,0.040113817900419235
evaluation-9949-tar-000,1,0.04260380566120148
evaluation-9949-non-000,0,-0.11735476553440094
evaluation-99497-tar-000,1,0.2150423228740692
evaluation-99497-non-000,0,0.024751676246523857
evaluation-99640-tar-000,1,0.2250855714082718
evaluation-99640-non-000,0,0.1280367374420166
evaluation-99692-tar-000,1,0.016792435199022293
evaluation-99692-non-000,0,-0.08519630134105682
evaluation-9971-tar-000,1,-0.06412677466869354
evaluation-9971-non-000,0,-0.06119657680392265
evaluation-9972-tar-000,1,0.18951259553432465
evaluation-9972-non-000,0,-0.007873380556702614
evaluation-9979-tar-000,1,-0.05630842596292496
evaluation-9979-non-000,0,0.2437753826379776
evaluation-9985-tar-000,1,0.04702888801693916
evaluation-9985-non-000,0,-0.016010573133826256
evaluation-9993-tar-000,1,0.19972985982894897
evaluation-9993-non-000,0,0.18016654253005981
evaluation-9994-tar-000,1,0.23070655763149261
evaluation-9994-non-000,0,0.22557556629180908
evaluation-99945-tar-000,1,0.12513676285743713
evaluation-99945-non-000,0,-0.12512201070785522
evaluation-99967-tar-000,1,-0.0008945390582084656
evaluation-99967-non-000,0,-0.18967503309249878
evaluation-9997-tar-000,1,-0.015576152130961418
evaluation-9997-non-000,0,-0.16333848237991333
