trial_id,label,score
evaluation-1007-tar-000,1,0.02594112604856491
evaluation-1007-non-000,0,-0.028872234746813774
evaluation-1008-tar-000,1,0.3264416754245758
evaluation-1008-non-000,0,0.19713377952575684
evaluation-1013-tar-000,1,0.32501891255378723
evaluation-1013-non-000,0,0.2771456241607666
evaluation-10178-tar-000,1,0.09508652985095978
evaluation-10178-non-000,0,0.21105358004570007
evaluation-1024-tar-000,1,0.202821284532547
evaluation-1024-non-000,0,0.08643369376659393
evaluation-10282-tar-000,1,0.09416510909795761
evaluation-10282-non-000,0,0.0703495517373085
evaluation-10346-tar-000,1,-0.025289366021752357
evaluation-10346-non-000,0,-0.04111570119857788
evaluation-10406-tar-000,1,0.10650484263896942
evaluation-10406-non-000,0,0.023845922201871872
evaluation-10428-tar-000,1,0.08017589896917343
evaluation-10428-non-000,0,0.11964645236730576
evaluation-10444-tar-000,1,0.15868015587329865
evaluation-10444-non-000,0,0.11019463837146759
evaluation-10538-tar-000,1,0.04652782529592514
evaluation-10538-non-000,0,0.03804197162389755
evaluation-1055-tar-000,1,0.11132641136646271
evaluation-1055-non-000,0,-0.03950674086809158
evaluation-1056-tar-000,1,-0.14208245277404785
evaluation-1056-non-000,0,-0.07222987711429596
evaluation-10606-tar-000,1,0.15181784331798553
evaluation-10606-non-000,0,0.020341383293271065
evaluation-1063-tar-000,1,0.1998077929019928
evaluation-1063-non-000,0,0.14798510074615479
evaluation-10642-tar-000,1,0.09422601759433746
evaluation-10642-non-000,0,0.13410305976867676
evaluation-10689-tar-000,1,-0.018081920221447945
evaluation-10689-non-000,0,-0.006953626871109009
evaluation-10711-tar-000,1,-0.051340095698833466
evaluation-10711-non-000,0,-0.11978024244308472
evaluation-10738-tar-000,1,0.05947897583246231
evaluation-10738-non-000,0,-0.010843772441148758
evaluation-10802-tar-000,1,0.16339395940303802
evaluation-10802-non-000,0,0.10733949393033981
evaluation-10862-tar-000,1,0.04849763959646225
evaluation-10862-non-000,0,0.025949425995349884
evaluation-10966-tar-000,1,-0.0049706269055604935
evaluation-10966-non-000,0,-0.11452838778495789
evaluation-1100-tar-000,1,0.060194697231054306
evaluation-1100-non-000,0,-0.028099050745368004
evaluation-11060-tar-000,1,-0.08691486716270447
evaluation-11060-non-000,0,-0.16113275289535522
evaluation-11126-tar-000,1,0.0838492214679718
evaluation-11126-non-000,0,0.09354149550199509
evaluation-11189-tar-000,1,0.012180522084236145
evaluation-11189-non-000,0,0.010601352900266647
evaluation-1122-tar-000,1,0.16474555432796478
evaluation-1122-non-000,0,0.11532965302467346
evaluation-1130-tar-000,1,0.15050214529037476
evaluation-1130-non-000,0,0.0757981464266777
evaluation-11392-tar-000,1,0.24815791845321655
evaluation-11392-non-000,0,0.21331536769866943
evaluation-11485-tar-000,1,0.1354425996541977
evaluation-11485-non-000,0,-0.03675458952784538
evaluation-11513-tar-000,1,0.24960869550704956
evaluation-11513-non-000,0,0.1557772308588028
evaluation-1162-tar-000,1,0.04233583062887192
evaluation-1162-non-000,0,-0.05307209864258766
evaluation-11647-tar-000,1,0.11007024347782135
evaluation-11647-non-000,0,0.10788316279649734
evaluation-1165-tar-000,1,0.30908825993537903
evaluation-1165-non-000,0,0.15291807055473328
evaluation-11664-tar-000,1,0.10721839964389801
evaluation-11664-non-000,0,0.22019436955451965
evaluation-1169-tar-000,1,0.3239556550979614
evaluation-1169-non-000,0,0.1663023680448532
evaluation-11757-tar-000,1,0.12903645634651184
evaluation-11757-non-000,0,0.006742700934410095
evaluation-11845-tar-000,1,0.2828892171382904
evaluation-11845-non-000,0,0.04155343025922775
evaluation-1198-tar-000,1,0.07467497885227203
evaluation-1198-non-000,0,-0.01827782392501831
evaluation-1203-tar-000,1,-0.041334833949804306
evaluation-1203-non-000,0,-0.09036318212747574
evaluation-12106-tar-000,1,-0.002794172614812851
evaluation-12106-non-000,0,-0.07440915703773499
evaluation-12112-tar-000,1,0.11917103081941605
evaluation-12112-non-000,0,0.09690920263528824
evaluation-12156-tar-000,1,0.34083348512649536
evaluation-12156-non-000,0,0.1406380534172058
evaluation-12197-tar-000,1,0.22353188693523407
evaluation-12197-non-000,0,0.04926803708076477
evaluation-12210-tar-000,1,0.22358107566833496
evaluation-12210-non-000,0,0.11918403208255768
evaluation-12224-tar-000,1,0.12915760278701782
evaluation-12224-non-000,0,0.02658068761229515
evaluation-12323-tar-000,1,0.16242071986198425
evaluation-12323-non-000,0,0.18423379957675934
evaluation-1235-tar-000,1,0.2501310706138611
evaluation-1235-non-000,0,0.11219388246536255
evaluation-1238-tar-000,1,0.001359088346362114
evaluation-1238-non-000,0,-0.059481024742126465
evaluation-12395-tar-000,1,0.12335672974586487
evaluation-12395-non-000,0,-0.13426992297172546
evaluation-12408-tar-000,1,0.0893348753452301
evaluation-12408-non-000,0,0.1313965916633606
evaluation-12414-tar-000,1,-0.029886089265346527
evaluation-12414-non-000,0,-0.02995448186993599
evaluation-12661-tar-000,1,0.0641171857714653
evaluation-12661-non-000,0,-0.08948033303022385
evaluation-12666-tar-000,1,0.09067010879516602
evaluation-12666-non-000,0,-0.13152185082435608
evaluation-12669-tar-000,1,0.1780397742986679
evaluation-12669-non-000,0,0.03609337657690048
evaluation-1270-tar-000,1,0.07586823403835297
evaluation-1270-non-000,0,0.025073349475860596
evaluation-1274-tar-000,1,0.34370213747024536
evaluation-1274-non-000,0,0.1925593614578247
evaluation-12796-tar-000,1,0.19555240869522095
evaluation-12796-non-000,0,-0.002126571722328663
evaluation-12807-tar-000,1,0.0036820098757743835
evaluation-12807-non-000,0,-0.19665482640266418
evaluation-12828-tar-000,1,0.20911282300949097
evaluation-12828-non-000,0,0.09659408032894135
evaluation-12919-tar-000,1,-0.05214283615350723
evaluation-12919-non-000,0,-0.05815122276544571
evaluation-1297-tar-000,1,0.03280426189303398
evaluation-1297-non-000,0,-0.023017005994915962
evaluation-1303-tar-000,1,0.007072277367115021
evaluation-1303-non-000,0,-0.13956445455551147
evaluation-13194-tar-000,1,-0.10878517478704453
evaluation-13194-non-000,0,0.025444358587265015
evaluation-1320-tar-000,1,0.06981875747442245
evaluation-1320-non-000,0,0.033058926463127136
evaluation-13298-tar-000,1,0.3662274479866028
evaluation-13298-non-000,0,0.2936549782752991
evaluation-1334-tar-000,1,0.03325510025024414
evaluation-1334-non-000,0,0.050144970417022705
evaluation-13663-tar-000,1,0.06264250725507736
evaluation-13663-non-000,0,-0.03940755873918533
evaluation-13666-tar-000,1,-0.0676099956035614
evaluation-13666-non-000,0,-0.1338607370853424
evaluation-13707-tar-000,1,0.05746340751647949
evaluation-13707-non-000,0,0.058470845222473145
evaluation-1372-tar-000,1,0.005865959450602531
evaluation-1372-non-000,0,0.004113243892788887
evaluation-13754-tar-000,1,0.07826537638902664
evaluation-13754-non-000,0,0.08116011321544647
evaluation-13806-tar-000,1,0.30878540873527527
evaluation-13806-non-000,0,0.21794305741786957
evaluation-13839-tar-000,1,0.11026160418987274
evaluation-13839-non-000,0,-0.11986175924539566
evaluation-13985-tar-000,1,0.21587473154067993
evaluation-13985-non-000,0,0.20521143078804016
evaluation-14001-tar-000,1,0.13452613353729248
evaluation-14001-non-000,0,0.12751170992851257
evaluation-1401-tar-000,1,0.19624093174934387
evaluation-1401-non-000,0,0.22927476465702057
evaluation-14075-tar-000,1,0.23084457218647003
evaluation-14075-non-000,0,0.07450523227453232
evaluation-1409-tar-000,1,0.20435699820518494
evaluation-1409-non-000,0,0.13699010014533997
evaluation-14106-tar-000,1,-0.056480757892131805
evaluation-14106-non-000,0,-0.1063617616891861
evaluation-1414-tar-000,1,0.13520054519176483
evaluation-1414-non-000,0,0.13280396163463593
evaluation-14259-tar-000,1,0.14603914320468903
evaluation-14259-non-000,0,0.08574111014604568
evaluation-14430-tar-000,1,0.21379351615905762
evaluation-14430-non-000,0,0.11621575802564621
evaluation-14737-tar-000,1,0.2957822382450104
evaluation-14737-non-000,0,0.18703719973564148
evaluation-1475-tar-000,1,0.15110769867897034
evaluation-1475-non-000,0,0.15779411792755127
evaluation-14790-tar-000,1,0.1328841596841812
evaluation-14790-non-000,0,0.12029634416103363
evaluation-1480-tar-000,1,0.11946765333414078
evaluation-1480-non-000,0,0.15505513548851013
evaluation-14869-tar-000,1,0.3497024178504944
evaluation-14869-non-000,0,0.24836894869804382
evaluation-14875-tar-000,1,0.4019539952278137
evaluation-14875-non-000,0,0.17345309257507324
evaluation-14877-tar-000,1,0.06483283638954163
evaluation-14877-non-000,0,-0.03677145764231682
evaluation-14888-tar-000,1,0.036589302122592926
evaluation-14888-non-000,0,0.005713939666748047
evaluation-14987-tar-000,1,0.19046786427497864
evaluation-14987-non-000,0,0.22371068596839905
evaluation-1507-tar-000,1,0.057865776121616364
evaluation-1507-non-000,0,0.04821303114295006
evaluation-15073-tar-000,1,0.058184701949357986
evaluation-15073-non-000,0,-0.12112289667129517
evaluation-15133-tar-000,1,0.253048837184906
evaluation-15133-non-000,0,0.10807967931032181
evaluation-15169-tar-000,1,0.17499639093875885
evaluation-15169-non-000,0,0.23866260051727295
evaluation-15180-tar-000,1,0.09179873764514923
evaluation-15180-non-000,0,-0.044285789132118225
evaluation-1522-tar-000,1,0.44243162870407104
evaluation-1522-non-000,0,0.35566872358322144
evaluation-1524-tar-000,1,0.18182682991027832
evaluation-1524-non-000,0,0.05068103224039078
evaluation-15243-tar-000,1,0.05788879096508026
evaluation-15243-non-000,0,0.08424884080886841
evaluation-15298-tar-000,1,0.026586446911096573
evaluation-15298-non-000,0,-0.11130477488040924
evaluation-1539-tar-000,1,0.031056668609380722
evaluation-1539-non-000,0,-0.17216160893440247
evaluation-15462-tar-000,1,0.14855344593524933
evaluation-15462-non-000,0,-0.15373103320598602
evaluation-1548-tar-000,1,0.08291316777467728
evaluation-1548-non-000,0,0.0571940541267395
evaluation-15501-tar-000,1,0.14170363545417786
evaluation-15501-non-000,0,-0.005546689033508301
evaluation-15515-tar-000,1,-0.23976688086986542
evaluation-15515-non-000,0,-0.2031928300857544
evaluation-1554-tar-000,1,-0.08605921268463135
evaluation-1554-non-000,0,-0.056588396430015564
evaluation-15570-tar-000,1,0.4490008056163788
evaluation-15570-non-000,0,0.187658429145813
evaluation-15581-tar-000,1,0.048571646213531494
evaluation-15581-non-000,0,-0.05670391768217087
evaluation-15600-tar-000,1,0.08208219707012177
evaluation-15600-non-000,0,-0.09710606932640076
evaluation-15699-tar-000,1,0.17189794778823853
evaluation-15699-non-000,0,0.1142614483833313
evaluation-15817-tar-000,1,0.2702063322067261
evaluation-15817-non-000,0,0.17344079911708832
evaluation-15839-tar-000,1,0.2949053645133972
evaluation-15839-non-000,0,-0.038223955780267715
evaluation-15855-tar-000,1,0.16186916828155518
evaluation-15855-non-000,0,0.05368828400969505
evaluation-15866-tar-000,1,0.0782204419374466
evaluation-15866-non-000,0,0.04227258265018463
evaluation-15885-tar-000,1,0.15356498956680298
evaluation-15885-non-000,0,-0.030342096462845802
evaluation-15993-tar-000,1,0.11355360597372055
evaluation-15993-non-000,0,0.03422647714614868
evaluation-1603-tar-000,1,0.05689077079296112
evaluation-1603-non-000,0,0.00942242331802845
evaluation-16223-tar-000,1,0.0487322062253952
evaluation-16223-non-000,0,-0.028254985809326172
evaluation-1631-tar-000,1,0.06618264317512512
evaluation-1631-non-000,0,-0.168540358543396
evaluation-1632-tar-000,1,0.053354255855083466
evaluation-1632-non-000,0,0.18919044733047485
evaluation-1633-tar-000,1,0.1892353594303131
evaluation-1633-non-000,0,0.01705746352672577
evaluation-1646-tar-000,1,-0.019952937960624695
evaluation-1646-non-000,0,0.029462240636348724
evaluation-16473-tar-000,1,0.03967594355344772
evaluation-16473-non-000,0,0.07143978774547577
evaluation-16490-tar-000,1,0.3307735323905945
evaluation-16490-non-000,0,0.2250765562057495
evaluation-1650-tar-000,1,0.04751913994550705
evaluation-1650-non-000,0,-0.09879779815673828
evaluation-16520-tar-000,1,0.32139843702316284
evaluation-16520-non-000,0,0.13663756847381592
evaluation-16608-tar-000,1,0.01592564582824707
evaluation-16608-non-000,0,-0.08661703020334244
evaluation-16635-tar-000,1,0.08267943561077118
evaluation-16635-non-000,0,-0.06798748672008514
evaluation-16665-tar-000,1,0.24322307109832764
evaluation-16665-non-000,0,0.09656240046024323
evaluation-1681-tar-000,1,0.21715793013572693
evaluation-1681-non-000,0,0.01247619092464447
evaluation-16849-tar-000,1,0.047176431864500046
evaluation-16849-non-000,0,-0.05866394564509392
evaluation-16855-tar-000,1,0.2826249599456787
evaluation-16855-non-000,0,0.0008057672530412674
evaluation-16976-tar-000,1,-0.03090248629450798
evaluation-16976-non-000,0,-0.15082868933677673
evaluation-1707-tar-000,1,-0.18776707351207733
evaluation-1707-non-000,0,-0.21934673190116882
evaluation-17121-tar-000,1,0.14688095450401306
evaluation-17121-non-000,0,0.033998146653175354
evaluation-17163-tar-000,1,0.24940627813339233
evaluation-17163-non-000,0,0.1976519674062729
evaluation-17165-tar-000,1,0.13777032494544983
evaluation-17165-non-000,0,0.06679569184780121
evaluation-17182-tar-000,1,-0.0582544170320034
evaluation-17182-non-000,0,-0.1040797010064125
evaluation-17717-tar-000,1,0.024858124554157257
evaluation-17717-non-000,0,-0.028920568525791168
evaluation-1777-tar-000,1,0.16240915656089783
evaluation-1777-non-000,0,-0.08864090591669083
evaluation-1778-tar-000,1,0.0313589833676815
evaluation-1778-non-000,0,-0.05625170096755028
evaluation-1780-tar-000,1,-0.0016334392130374908
evaluation-1780-non-000,0,-0.10202184319496155
evaluation-17805-tar-000,1,0.3060317635536194
evaluation-17805-non-000,0,0.19540736079216003
evaluation-1781-tar-000,1,0.22651104629039764
evaluation-1781-non-000,0,0.10557331889867783
evaluation-17871-tar-000,1,0.1027793139219284
evaluation-17871-non-000,0,0.06072389706969261
evaluation-1790-tar-000,1,0.2909142076969147
evaluation-1790-non-000,0,0.09234057366847992
evaluation-17918-tar-000,1,0.20636677742004395
evaluation-17918-non-000,0,0.2013322114944458
evaluation-17970-tar-000,1,0.15633687376976013
evaluation-17970-non-000,0,0.11021173745393753
evaluation-1800-tar-000,1,0.3239102065563202
evaluation-1800-non-000,0,0.10470613837242126
evaluation-18041-tar-000,1,0.1339443325996399
evaluation-18041-non-000,0,0.028552208095788956
evaluation-1812-tar-000,1,-0.01739245280623436
evaluation-1812-non-000,0,-0.11848833411931992
evaluation-18146-tar-000,1,0.11872616410255432
evaluation-18146-non-000,0,-0.04578512907028198
evaluation-18176-tar-000,1,0.16298067569732666
evaluation-18176-non-000,0,0.15183362364768982
evaluation-1818-tar-000,1,0.05111256241798401
evaluation-1818-non-000,0,-0.1585628241300583
evaluation-18245-tar-000,1,0.1037537157535553
evaluation-18245-non-000,0,-0.0009569376707077026
evaluation-18286-tar-000,1,0.5920250415802002
evaluation-18286-non-000,0,0.27118581533432007
evaluation-18294-tar-000,1,-0.05030602961778641
evaluation-18294-non-000,0,-0.033789657056331635
evaluation-18390-tar-000,1,0.2779201865196228
evaluation-18390-non-000,0,0.15585680305957794
evaluation-18407-tar-000,1,0.13791662454605103
evaluation-18407-non-000,0,0.1203603520989418
evaluation-1845-tar-000,1,0.06694239377975464
evaluation-1845-non-000,0,-0.04912310838699341
evaluation-1847-tar-000,1,0.3344307243824005
evaluation-1847-non-000,0,0.04362824931740761
evaluation-1859-tar-000,1,0.17883816361427307
evaluation-1859-non-000,0,0.08684079349040985
evaluation-1868-tar-000,1,0.12593331933021545
evaluation-1868-non-000,0,-0.16013622283935547
evaluation-18708-tar-000,1,-0.05634802579879761
evaluation-18708-non-000,0,-0.1890837401151657
evaluation-18835-tar-000,1,0.1611720323562622
evaluation-18835-non-000,0,-0.0773373693227768
evaluation-1896-tar-000,1,-0.07566867768764496
evaluation-1896-non-000,0,-0.20252011716365814
evaluation-1904-tar-000,1,0.07692030817270279
evaluation-1904-non-000,0,0.025212209671735764
evaluation-19077-tar-000,1,-0.1358233094215393
evaluation-19077-non-000,0,-0.0857585147023201
evaluation-19288-tar-000,1,0.10046935826539993
evaluation-19288-non-000,0,0.14206120371818542
evaluation-19371-tar-000,1,0.06481112539768219
evaluation-19371-non-000,0,0.0339660719037056
evaluation-19407-tar-000,1,0.14026600122451782
evaluation-19407-non-000,0,0.12004757672548294
evaluation-19549-tar-000,1,-0.04183162376284599
evaluation-19549-non-000,0,-0.0363684743642807
evaluation-1958-tar-000,1,0.20423375070095062
evaluation-1958-non-000,0,0.13206462562084198
evaluation-1960-tar-000,1,0.04300747811794281
evaluation-1960-non-000,0,-0.08009486645460129
evaluation-19659-tar-000,1,0.43674516677856445
evaluation-19659-non-000,0,0.3265092968940735
evaluation-19714-tar-000,1,-0.04208843410015106
evaluation-19714-non-000,0,-0.13652855157852173
evaluation-19761-tar-000,1,0.06998793035745621
evaluation-19761-non-000,0,-0.01903465762734413
evaluation-19819-tar-000,1,0.20642223954200745
evaluation-19819-non-000,0,0.09274013340473175
evaluation-19865-tar-000,1,0.12786418199539185
evaluation-19865-non-000,0,0.12780269980430603
evaluation-1994-tar-000,1,0.19526052474975586
evaluation-1994-non-000,0,0.06809969246387482
evaluation-20000-tar-000,1,0.18660703301429749
evaluation-20000-non-000,0,-0.00015919655561447144
evaluation-2020-tar-000,1,-0.06351787596940994
evaluation-2020-non-000,0,-0.056387752294540405
evaluation-20244-tar-000,1,0.15505903959274292
evaluation-20244-non-000,0,0.0602860152721405
evaluation-2037-tar-000,1,0.320110946893692
evaluation-2037-non-000,0,0.1629561483860016
evaluation-20458-tar-000,1,0.2337767630815506
evaluation-20458-non-000,0,0.1700516790151596
evaluation-20461-tar-000,1,0.13362683355808258
evaluation-20461-non-000,0,0.0711205005645752
evaluation-2059-tar-000,1,0.025962665677070618
evaluation-2059-non-000,0,-0.01595298945903778
evaluation-20667-tar-000,1,0.2190307080745697
evaluation-20667-non-000,0,0.0862601101398468
evaluation-20673-tar-000,1,-0.014934949576854706
evaluation-20673-non-000,0,0.10780945420265198
evaluation-2077-tar-000,1,0.18180686235427856
evaluation-2077-non-000,0,-0.11548281461000443
evaluation-20870-tar-000,1,0.10892382264137268
evaluation-20870-non-000,0,-0.013264125213027
evaluation-20881-tar-000,1,0.17862370610237122
evaluation-20881-non-000,0,0.12492495775222778
evaluation-2090-tar-000,1,0.18287469446659088
evaluation-2090-non-000,0,0.0506553128361702
evaluation-2092-tar-000,1,-0.13631486892700195
evaluation-2092-non-000,0,-0.06575419008731842
evaluation-2093-tar-000,1,0.18569087982177734
evaluation-2093-non-000,0,0.023419193923473358
evaluation-2094-tar-000,1,0.22969654202461243
evaluation-2094-non-000,0,0.04344526678323746
evaluation-20947-tar-000,1,-0.04301172122359276
evaluation-20947-non-000,0,-0.10490493476390839
evaluation-21041-tar-000,1,0.12206315994262695
evaluation-21041-non-000,0,-0.1435180902481079
evaluation-21082-tar-000,1,0.16175684332847595
evaluation-21082-non-000,0,0.11201667785644531
evaluation-21120-tar-000,1,0.3632248044013977
evaluation-21120-non-000,0,0.16407129168510437
evaluation-21181-tar-000,1,0.18616291880607605
evaluation-21181-non-000,0,0.1086813285946846
evaluation-2124-tar-000,1,0.09827877581119537
evaluation-2124-non-000,0,0.07618159800767899
evaluation-21258-tar-000,1,0.08205212652683258
evaluation-21258-non-000,0,0.06376111507415771
evaluation-21280-tar-000,1,0.25535494089126587
evaluation-21280-non-000,0,0.1508888304233551
evaluation-2130-tar-000,1,0.15356610715389252
evaluation-2130-non-000,0,0.04329093545675278
evaluation-21403-tar-000,1,0.10685013979673386
evaluation-21403-non-000,0,0.0765719935297966
evaluation-2159-tar-000,1,-0.021948620676994324
evaluation-2159-non-000,0,-0.07063964009284973
evaluation-21629-tar-000,1,0.23990872502326965
evaluation-21629-non-000,0,0.017274659126996994
evaluation-2168-tar-000,1,0.25034862756729126
evaluation-2168-non-000,0,0.04830302298069
evaluation-2171-tar-000,1,0.24417541921138763
evaluation-2171-non-000,0,0.14569950103759766
evaluation-2181-tar-000,1,0.20864945650100708
evaluation-2181-non-000,0,0.167115718126297
evaluation-2186-tar-000,1,0.0935722067952156
evaluation-2186-non-000,0,0.019284801557660103
evaluation-21928-tar-000,1,0.13953392207622528
evaluation-21928-non-000,0,0.13372927904129028
evaluation-2196-tar-000,1,0.11112070828676224
evaluation-2196-non-000,0,-0.06817261874675751
evaluation-21969-tar-000,1,0.2081507444381714
evaluation-21969-non-000,0,-0.0059344470500946045
evaluation-2199-tar-000,1,0.14937369525432587
evaluation-2199-non-000,0,-0.09565138071775436
evaluation-21991-tar-000,1,0.08736707270145416
evaluation-21991-non-000,0,-0.001888081431388855
evaluation-2200-tar-000,1,0.2702726721763611
evaluation-2200-non-000,0,0.23282039165496826
evaluation-22062-tar-000,1,0.055071573704481125
evaluation-22062-non-000,0,-0.006261701229959726
evaluation-22090-tar-000,1,0.14646080136299133
evaluation-22090-non-000,0,0.022213421761989594
evaluation-22134-tar-000,1,0.0929027646780014
evaluation-22134-non-000,0,-0.06433769315481186
evaluation-22142-tar-000,1,0.05135458707809448
evaluation-22142-non-000,0,-0.07115104794502258
evaluation-22290-tar-000,1,0.08533229678869247
evaluation-22290-non-000,0,-0.07817602157592773
evaluation-2233-tar-000,1,0.10015520453453064
evaluation-2233-non-000,0,0.07009927183389664
evaluation-22345-tar-000,1,-0.04261866211891174
evaluation-22345-non-000,0,-0.026253242045640945
evaluation-22365-tar-000,1,0.0522422231733799
evaluation-22365-non-000,0,0.043004706501960754
evaluation-22483-tar-000,1,0.09821470826864243
evaluation-22483-non-000,0,-0.0026216916739940643
evaluation-22521-tar-000,1,-0.01757103018462658
evaluation-22521-non-000,0,-0.015029041096568108
evaluation-22595-tar-000,1,0.40037596225738525
evaluation-22595-non-000,0,0.19158607721328735
evaluation-22738-tar-000,1,0.2752334475517273
evaluation-22738-non-000,0,0.055579669773578644
evaluation-22760-tar-000,1,0.2628155052661896
evaluation-22760-non-000,0,0.10227997601032257
evaluation-2290-tar-000,1,0.1810196340084076
evaluation-2290-non-000,0,0.06785906106233597
evaluation-2291-tar-000,1,0.40858951210975647
evaluation-2291-non-000,0,0.34421804547309875
evaluation-22988-tar-000,1,0.1997438222169876
evaluation-22988-non-000,0,0.15206578373908997
evaluation-2305-tar-000,1,0.20412945747375488
evaluation-2305-non-000,0,0.1076623871922493
evaluation-23051-tar-000,1,0.17843730747699738
evaluation-23051-non-000,0,0.06282612681388855
evaluation-23200-tar-000,1,0.29911357164382935
evaluation-23200-non-000,0,0.11185190081596375
evaluation-23224-tar-000,1,0.008086464367806911
evaluation-23224-non-000,0,-0.2700050175189972
evaluation-23246-tar-000,1,0.2955297827720642
evaluation-23246-non-000,0,0.0803743302822113
evaluation-2327-tar-000,1,0.1846291720867157
evaluation-2327-non-000,0,0.06111474335193634
evaluation-23406-tar-000,1,0.1292899250984192
evaluation-23406-non-000,0,-0.0822523757815361
evaluation-23422-tar-000,1,-0.12887300550937653
evaluation-23422-non-000,0,-0.06496654450893402
evaluation-2346-tar-000,1,0.16938813030719757
evaluation-2346-non-000,0,0.022029899060726166
evaluation-23482-tar-000,1,0.08654113858938217
evaluation-23482-non-000,0,-0.041638895869255066
evaluation-2349-tar-000,1,0.17826445400714874
evaluation-2349-non-000,0,0.07096162438392639
evaluation-23510-tar-000,1,-0.027124065905809402
evaluation-23510-non-000,0,0.018326107412576675
evaluation-23623-tar-000,1,0.21982038021087646
evaluation-23623-non-000,0,0.13682420551776886
evaluation-2363-tar-000,1,0.3284595012664795
evaluation-2363-non-000,0,0.16298648715019226
evaluation-23721-tar-000,1,0.23617678880691528
evaluation-23721-non-000,0,0.2755621075630188
evaluation-23743-tar-000,1,0.08678984642028809
evaluation-23743-non-000,0,0.11559649556875229
evaluation-23845-tar-000,1,0.10260581970214844
evaluation-23845-non-000,0,0.023137932643294334
evaluation-23878-tar-000,1,0.2894313931465149
evaluation-23878-non-000,0,-0.045917488634586334
evaluation-2389-tar-000,1,0.11454102396965027
evaluation-2389-non-000,0,-0.05688334256410599
evaluation-23988-tar-000,1,0.11140203475952148
evaluation-23988-non-000,0,0.0025923997163772583
evaluation-2400-tar-000,1,0.13165774941444397
evaluation-2400-non-000,0,0.059304893016815186
evaluation-24035-tar-000,1,0.16928336024284363
evaluation-24035-non-000,0,-0.04377393424510956
evaluation-24054-tar-000,1,0.2059866189956665
evaluation-24054-non-000,0,0.2129037082195282
evaluation-24117-tar-000,1,0.14253035187721252
evaluation-24117-non-000,0,-0.013713570311665535
evaluation-24158-tar-000,1,-0.06205129995942116
evaluation-24158-non-000,0,-0.19316771626472473
evaluation-2421-tar-000,1,-0.08724003285169601
evaluation-2421-non-000,0,-0.14984670281410217
evaluation-24241-tar-000,1,-0.057837821543216705
evaluation-24241-non-000,0,-0.12367360293865204
evaluation-2427-tar-000,1,0.08587276190519333
evaluation-2427-non-000,0,-0.004547528922557831
evaluation-2451-tar-000,1,0.15501298010349274
evaluation-2451-non-000,0,0.12335681915283203
evaluation-24512-tar-000,1,0.0645875483751297
evaluation-24512-non-000,0,-0.1779102087020874
evaluation-24526-tar-000,1,0.39847004413604736
evaluation-24526-non-000,0,0.19683676958084106
evaluation-24534-tar-000,1,0.08093781024217606
evaluation-24534-non-000,0,0.09651343524456024
evaluation-2454-tar-000,1,0.062895268201828
evaluation-2454-non-000,0,-0.13692939281463623
evaluation-2455-tar-000,1,0.007216302677989006
evaluation-2455-non-000,0,0.022984085604548454
evaluation-24584-tar-000,1,-0.011075887829065323
evaluation-24584-non-000,0,0.037896398454904556
evaluation-24620-tar-000,1,-0.04619951546192169
evaluation-24620-non-000,0,0.05558927357196808
evaluation-2467-tar-000,1,0.17993509769439697
evaluation-2467-non-000,0,0.17211304605007172
evaluation-24688-tar-000,1,0.23164546489715576
evaluation-24688-non-000,0,0.0017145909368991852
evaluation-24699-tar-000,1,0.1070910170674324
evaluation-24699-non-000,0,0.09229333698749542
evaluation-2473-tar-000,1,0.019174445420503616
evaluation-2473-non-000,0,0.00863393023610115
evaluation-2481-tar-000,1,-0.14618895947933197
evaluation-2481-non-000,0,-0.34703361988067627
evaluation-2487-tar-000,1,0.15276096761226654
evaluation-2487-non-000,0,0.07129661738872528
evaluation-24872-tar-000,1,-0.055783554911613464
evaluation-24872-non-000,0,-0.23825326561927795
evaluation-24875-tar-000,1,0.027998153120279312
evaluation-24875-non-000,0,-0.007249988615512848
evaluation-24916-tar-000,1,-0.008044801652431488
evaluation-24916-non-000,0,-0.04251454025506973
evaluation-25070-tar-000,1,0.29400062561035156
evaluation-25070-non-000,0,0.37302398681640625
evaluation-2509-tar-000,1,0.20806995034217834
evaluation-2509-non-000,0,0.13451188802719116
evaluation-2515-tar-000,1,0.13359114527702332
evaluation-2515-non-000,0,-0.08444090187549591
evaluation-25185-tar-000,1,0.22355595231056213
evaluation-25185-non-000,0,0.11837692558765411
evaluation-25284-tar-000,1,-0.027394920587539673
evaluation-25284-non-000,0,-0.10832522809505463
evaluation-25295-tar-000,1,0.2131047546863556
evaluation-25295-non-000,0,0.041230812668800354
evaluation-25323-tar-000,1,0.1518435776233673
evaluation-25323-non-000,0,0.1267879605293274
evaluation-2544-tar-000,1,0.2922159433364868
evaluation-2544-non-000,0,0.2109648436307907
evaluation-25485-tar-000,1,0.00616883672773838
evaluation-25485-non-000,0,-0.18778374791145325
evaluation-25586-tar-000,1,0.06044450402259827
evaluation-25586-non-000,0,-0.11748684197664261
evaluation-25619-tar-000,1,0.12521207332611084
evaluation-25619-non-000,0,0.0305929072201252
evaluation-2565-tar-000,1,-0.0380241796374321
evaluation-2565-non-000,0,-0.2488650679588318
evaluation-25748-tar-000,1,0.12132439017295837
evaluation-25748-non-000,0,0.003211740404367447
evaluation-25960-tar-000,1,0.14566141366958618
evaluation-25960-non-000,0,-0.012480005621910095
evaluation-2602-tar-000,1,0.1838504821062088
evaluation-2602-non-000,0,0.1154135912656784
evaluation-2610-tar-000,1,0.08562486618757248
evaluation-2610-non-000,0,-0.03779944032430649
evaluation-26125-tar-000,1,0.02766495943069458
evaluation-26125-non-000,0,0.038142893463373184
evaluation-26138-tar-000,1,0.2426874339580536
evaluation-26138-non-000,0,0.06422395259141922
evaluation-26158-tar-000,1,0.0218186192214489
evaluation-26158-non-000,0,-0.16995108127593994
evaluation-2618-tar-000,1,0.07826779782772064
evaluation-2618-non-000,0,-0.14311370253562927
evaluation-26221-tar-000,1,0.31475168466567993
evaluation-26221-non-000,0,0.1586332768201828
evaluation-26287-tar-000,1,-0.035550832748413086
evaluation-26287-non-000,0,-0.09289639443159103
evaluation-26435-tar-000,1,0.25847935676574707
evaluation-26435-non-000,0,0.11308160424232483
evaluation-26443-tar-000,1,-0.03203218802809715
evaluation-26443-non-000,0,0.044924989342689514
evaluation-26454-tar-000,1,0.22668221592903137
evaluation-26454-non-000,0,0.11879932880401611
evaluation-26473-tar-000,1,-0.016344444826245308
evaluation-26473-non-000,0,-0.11544811725616455
evaluation-26501-tar-000,1,0.5149751901626587
evaluation-26501-non-000,0,0.4492660462856293
evaluation-26545-tar-000,1,-0.18633145093917847
evaluation-26545-non-000,0,-0.09120773524045944
evaluation-26666-tar-000,1,0.17789340019226074
evaluation-26666-non-000,0,0.005026467144489288
evaluation-26679-tar-000,1,0.2734280824661255
evaluation-26679-non-000,0,0.08520727604627609
evaluation-2674-tar-000,1,-0.05352163687348366
evaluation-2674-non-000,0,0.09504397213459015
evaluation-2689-tar-000,1,0.08019474148750305
evaluation-2689-non-000,0,-0.01981542259454727
evaluation-26894-tar-000,1,0.039152733981609344
evaluation-26894-non-000,0,-0.058516670018434525
evaluation-2699-tar-000,1,0.08675669878721237
evaluation-2699-non-000,0,-0.03051827847957611
evaluation-2707-tar-000,1,-0.057957977056503296
evaluation-2707-non-000,0,-0.1304921656847
evaluation-27124-tar-000,1,0.10604077577590942
evaluation-27124-non-000,0,-0.06985755264759064
evaluation-27135-tar-000,1,0.2334805428981781
evaluation-27135-non-000,0,0.14381253719329834
evaluation-2714-tar-000,1,0.10689029097557068
evaluation-2714-non-000,0,0.0529034361243248
evaluation-27199-tar-000,1,-0.006514778360724449
evaluation-27199-non-000,0,-0.11880739033222198
evaluation-2739-tar-000,1,0.06489253789186478
evaluation-2739-non-000,0,-0.03152596578001976
evaluation-2752-tar-000,1,-0.013384020887315273
evaluation-2752-non-000,0,-0.08791279047727585
evaluation-2762-tar-000,1,0.2574365735054016
evaluation-2762-non-000,0,0.1491558998823166
evaluation-2775-tar-000,1,0.21977995336055756
evaluation-2775-non-000,0,0.07908955216407776
evaluation-27811-tar-000,1,0.13220246136188507
evaluation-27811-non-000,0,0.18100401759147644
evaluation-27932-tar-000,1,0.09679485112428665
evaluation-27932-non-000,0,-0.027428533881902695
evaluation-27943-tar-000,1,-0.21080760657787323
evaluation-27943-non-000,0,-0.21853944659233093
evaluation-27979-tar-000,1,-0.005980522371828556
evaluation-27979-non-000,0,-0.11234904825687408
evaluation-28017-tar-000,1,0.25817692279815674
evaluation-28017-non-000,0,0.08572274446487427
evaluation-28028-tar-000,1,0.3514155149459839
evaluation-28028-non-000,0,0.2138722985982895
evaluation-28053-tar-000,1,-0.15388095378875732
evaluation-28053-non-000,0,-0.1523820012807846
evaluation-2806-tar-000,1,0.1432444304227829
evaluation-2806-non-000,0,0.14795474708080292
evaluation-28086-tar-000,1,0.23336493968963623
evaluation-28086-non-000,0,0.17657069861888885
evaluation-28105-tar-000,1,-0.0665464848279953
evaluation-28105-non-000,0,-0.22447684407234192
evaluation-28152-tar-000,1,-0.11054195463657379
evaluation-28152-non-000,0,-0.17545409500598907
evaluation-28182-tar-000,1,0.05262377858161926
evaluation-28182-non-000,0,-0.06990470737218857
evaluation-28248-tar-000,1,0.09631790965795517
evaluation-28248-non-000,0,0.11190120875835419
evaluation-2831-tar-000,1,0.0985075980424881
evaluation-2831-non-000,0,-0.04328685253858566
evaluation-28338-tar-000,1,0.30030062794685364
evaluation-28338-non-000,0,0.15998752415180206
evaluation-28679-tar-000,1,0.032338760793209076
evaluation-28679-non-000,0,0.03145842254161835
evaluation-28682-tar-000,1,0.06224244087934494
evaluation-28682-non-000,0,-0.017431139945983887
evaluation-28750-tar-000,1,0.07725580781698227
evaluation-28750-non-000,0,0.010382445529103279
evaluation-28781-tar-000,1,0.1852487325668335
evaluation-28781-non-000,0,0.09279750287532806
evaluation-28822-tar-000,1,0.11570156365633011
evaluation-28822-non-000,0,-0.12153639644384384
evaluation-2892-tar-000,1,0.10576902329921722
evaluation-2892-non-000,0,0.033205144107341766
evaluation-2901-tar-000,1,0.3944719433784485
evaluation-2901-non-000,0,0.3614614009857178
evaluation-2908-tar-000,1,0.24827662110328674
evaluation-2908-non-000,0,0.06316717714071274
evaluation-29102-tar-000,1,-0.011232869699597359
evaluation-29102-non-000,0,-0.04911365360021591
evaluation-29105-tar-000,1,0.026835264638066292
evaluation-29105-non-000,0,-0.1920045167207718
evaluation-29237-tar-000,1,0.20275352895259857
evaluation-29237-non-000,0,0.1290590465068817
evaluation-29278-tar-000,1,0.08165127038955688
evaluation-29278-non-000,0,-0.0658484399318695
evaluation-29434-tar-000,1,0.028830207884311676
evaluation-29434-non-000,0,0.08611319959163666
evaluation-2950-tar-000,1,0.26612621545791626
evaluation-2950-non-000,0,0.0015391111373901367
evaluation-29500-tar-000,1,0.2509775757789612
evaluation-29500-non-000,0,0.1760687232017517
evaluation-2957-tar-000,1,-0.032355714589357376
evaluation-2957-non-000,0,-0.04192362353205681
evaluation-29668-tar-000,1,0.014665011316537857
evaluation-29668-non-000,0,-0.060755111277103424
evaluation-29778-tar-000,1,0.33020079135894775
evaluation-29778-non-000,0,0.21075458824634552
evaluation-2984-tar-000,1,0.20352911949157715
evaluation-2984-non-000,0,0.07308562844991684
evaluation-2990-tar-000,1,-0.10213825106620789
evaluation-2990-non-000,0,-0.00717817060649395
evaluation-29904-tar-000,1,0.0005274713039398193
evaluation-29904-non-000,0,0.03534238785505295
evaluation-30085-tar-000,1,0.24751022458076477
evaluation-30085-non-000,0,0.28124159574508667
evaluation-3015-tar-000,1,-0.007290635257959366
evaluation-3015-non-000,0,-0.04788779094815254
evaluation-3023-tar-000,1,0.053503844887018204
evaluation-3023-non-000,0,0.025814682245254517
evaluation-30261-tar-000,1,0.13260234892368317
evaluation-30261-non-000,0,-0.007157535292208195
evaluation-30302-tar-000,1,0.2713155150413513
evaluation-30302-non-000,0,0.13077078759670258
evaluation-30316-tar-000,1,0.1485166847705841
evaluation-30316-non-000,0,0.12184695899486542
evaluation-30610-tar-000,1,0.19780203700065613
evaluation-30610-non-000,0,0.07134565711021423
evaluation-3062-tar-000,1,-0.16864022612571716
evaluation-3062-non-000,0,-0.07273952662944794
evaluation-30621-tar-000,1,-0.06632497161626816
evaluation-30621-non-000,0,-0.09495578706264496
evaluation-30659-tar-000,1,0.13557952642440796
evaluation-30659-non-000,0,0.03824333846569061
evaluation-30824-tar-000,1,0.228821262717247
evaluation-30824-non-000,0,0.09618254750967026
evaluation-30923-tar-000,1,0.27580299973487854
evaluation-30923-non-000,0,0.05503816902637482
evaluation-30967-tar-000,1,0.2543483376502991
evaluation-30967-non-000,0,0.2321116328239441
evaluation-31008-tar-000,1,0.4439561367034912
evaluation-31008-non-000,0,0.2996253967285156
evaluation-3124-tar-000,1,0.1383865773677826
evaluation-3124-non-000,0,0.0012525096535682678
evaluation-31280-tar-000,1,-0.02788405306637287
evaluation-31280-non-000,0,0.0629568099975586
evaluation-31294-tar-000,1,0.14757031202316284
evaluation-31294-non-000,0,0.016866937279701233
evaluation-31307-tar-000,1,0.22510159015655518
evaluation-31307-non-000,0,0.15189367532730103
evaluation-31346-tar-000,1,0.18985295295715332
evaluation-31346-non-000,0,0.11078675091266632
evaluation-31360-tar-000,1,0.12429024279117584
evaluation-31360-non-000,0,0.008508801460266113
evaluation-31384-tar-000,1,0.21295030415058136
evaluation-31384-non-000,0,0.10882998257875443
evaluation-3139-tar-000,1,-0.011264187283813953
evaluation-3139-non-000,0,-0.029007520526647568
evaluation-31390-tar-000,1,0.040473513305187225
evaluation-31390-non-000,0,-0.014196764677762985
evaluation-3145-tar-000,1,0.015593484044075012
evaluation-3145-non-000,0,-0.09031052887439728
evaluation-31464-tar-000,1,0.07599550485610962
evaluation-31464-non-000,0,-0.12308190762996674
evaluation-3161-tar-000,1,-0.034203819930553436
evaluation-3161-non-000,0,-0.3073803186416626
evaluation-31665-tar-000,1,0.08169123530387878
evaluation-31665-non-000,0,-0.043440189212560654
evaluation-3167-tar-000,1,0.1172560453414917
evaluation-3167-non-000,0,0.11155799776315689
evaluation-31838-tar-000,1,0.16736143827438354
evaluation-31838-non-000,0,-0.15274712443351746
evaluation-31947-tar-000,1,0.330182284116745
evaluation-31947-non-000,0,0.23712322115898132
evaluation-31950-tar-000,1,-0.07279009371995926
evaluation-31950-non-000,0,-0.04816566780209541
evaluation-31964-tar-000,1,0.0738472193479538
evaluation-31964-non-000,0,0.17484056949615479
evaluation-31986-tar-000,1,0.004731521010398865
evaluation-31986-non-000,0,-0.01577753946185112
evaluation-32005-tar-000,1,0.20636093616485596
evaluation-32005-non-000,0,0.0977044403553009
evaluation-32046-tar-000,1,-0.023324226960539818
evaluation-32046-non-000,0,-0.10004819184541702
evaluation-32057-tar-000,1,0.13125376403331757
evaluation-32057-non-000,0,0.16979357600212097
evaluation-3215-tar-000,1,0.1036578118801117
evaluation-3215-non-000,0,-0.012820789590477943
evaluation-32285-tar-000,1,0.222479447722435
evaluation-32285-non-000,0,0.08883491158485413
evaluation-32368-tar-000,1,0.34865230321884155
evaluation-32368-non-000,0,0.29681408405303955
evaluation-32521-tar-000,1,0.02242930606007576
evaluation-32521-non-000,0,-0.10445511341094971
evaluation-32620-tar-000,1,-0.04398174211382866
evaluation-32620-non-000,0,-0.15001004934310913
evaluation-32730-tar-000,1,0.14504525065422058
evaluation-32730-non-000,0,-0.058321382850408554
evaluation-32785-tar-000,1,0.1458662897348404
evaluation-32785-non-000,0,0.21330896019935608
evaluation-32810-tar-000,1,0.11135849356651306
evaluation-32810-non-000,0,-0.04264608770608902
evaluation-3292-tar-000,1,0.11017870903015137
evaluation-3292-non-000,0,0.13274773955345154
evaluation-3301-tar-000,1,0.04325763136148453
evaluation-3301-non-000,0,0.12087699770927429
evaluation-33060-tar-000,1,-0.14814534783363342
evaluation-33060-non-000,0,-0.02107967622578144
evaluation-33096-tar-000,1,0.10210514813661575
evaluation-33096-non-000,0,0.21542266011238098
evaluation-33120-tar-000,1,0.08213640749454498
evaluation-33120-non-000,0,0.03341935947537422
evaluation-3314-tar-000,1,-0.036555759608745575
evaluation-3314-non-000,0,-0.06594467163085938
evaluation-33255-tar-000,1,0.11597271263599396
evaluation-33255-non-000,0,0.04831301420927048
evaluation-33258-tar-000,1,0.14772069454193115
evaluation-33258-non-000,0,-0.006903298199176788
evaluation-33274-tar-000,1,0.051097363233566284
evaluation-33274-non-000,0,0.06286633014678955
evaluation-33598-tar-000,1,0.1488148272037506
evaluation-33598-non-000,0,0.05555417016148567
evaluation-3361-tar-000,1,0.03401488438248634
evaluation-3361-non-000,0,-0.06602396070957184
evaluation-33623-tar-000,1,0.544553816318512
evaluation-33623-non-000,0,0.4751444458961487
evaluation-3365-tar-000,1,0.2542577385902405
evaluation-3365-non-000,0,0.1271018385887146
evaluation-3369-tar-000,1,0.0278635136783123
evaluation-3369-non-000,0,-0.06756001710891724
evaluation-33711-tar-000,1,0.08789389580488205
evaluation-33711-non-000,0,-0.013503853231668472
evaluation-33790-tar-000,1,0.2541770935058594
evaluation-33790-non-000,0,0.05805040895938873
evaluation-3395-tar-000,1,0.1672724187374115
evaluation-3395-non-000,0,0.094061478972435
evaluation-3407-tar-000,1,-0.16652652621269226
evaluation-3407-non-000,0,-0.20649345219135284
evaluation-3409-tar-000,1,0.15067702531814575
evaluation-3409-non-000,0,-0.02979350835084915
evaluation-34158-tar-000,1,0.17946040630340576
evaluation-34158-non-000,0,0.12611520290374756
evaluation-3417-tar-000,1,0.1154889464378357
evaluation-3417-non-000,0,0.06743292510509491
evaluation-3425-tar-000,1,0.30596673488616943
evaluation-3425-non-000,0,0.14646734297275543
evaluation-34257-tar-000,1,0.3252614736557007
evaluation-34257-non-000,0,0.20604223012924194
evaluation-3427-tar-000,1,0.28321802616119385
evaluation-3427-non-000,0,0.22830161452293396
evaluation-34458-tar-000,1,0.02934933826327324
evaluation-34458-non-000,0,0.03687361627817154
evaluation-34485-tar-000,1,-0.005080178380012512
evaluation-34485-non-000,0,-0.07620380818843842
evaluation-34631-tar-000,1,0.22811660170555115
evaluation-34631-non-000,0,0.09670806676149368
evaluation-34647-tar-000,1,0.19025589525699615
evaluation-34647-non-000,0,0.09922768175601959
evaluation-3471-tar-000,1,0.028516579419374466
evaluation-3471-non-000,0,-0.0926457941532135
evaluation-34719-tar-000,1,0.3036593496799469
evaluation-34719-non-000,0,0.30338242650032043
evaluation-3473-tar-000,1,0.14854887127876282
evaluation-3473-non-000,0,0.04445619136095047
evaluation-34738-tar-000,1,0.0336693711578846
evaluation-34738-non-000,0,0.14680226147174835
evaluation-34771-tar-000,1,0.02705484628677368
evaluation-34771-non-000,0,-0.12841445207595825
evaluation-3479-tar-000,1,0.22404499351978302
evaluation-3479-non-000,0,0.1474204957485199
evaluation-34807-tar-000,1,-0.07725044339895248
evaluation-34807-non-000,0,-0.1603691130876541
evaluation-3482-tar-000,1,0.10898425430059433
evaluation-3482-non-000,0,0.07416936755180359
evaluation-34859-tar-000,1,0.27946996688842773
evaluation-34859-non-000,0,0.04294124245643616
evaluation-3497-tar-000,1,0.19463898241519928
evaluation-3497-non-000,0,0.12677012383937836
evaluation-34996-tar-000,1,0.0715370923280716
evaluation-34996-non-000,0,-0.003073502331972122
evaluation-35043-tar-000,1,0.328100323677063
evaluation-35043-non-000,0,0.18763545155525208
evaluation-3507-tar-000,1,0.1526627093553543
evaluation-3507-non-000,0,0.02619774639606476
evaluation-35101-tar-000,1,0.272733598947525
evaluation-35101-non-000,0,0.09861671924591064
evaluation-3518-tar-000,1,0.08085055649280548
evaluation-3518-non-000,0,0.01713123545050621
evaluation-3522-tar-000,1,-0.022767186164855957
evaluation-3522-non-000,0,-0.17790798842906952
evaluation-35293-tar-000,1,0.11973317712545395
evaluation-35293-non-000,0,-0.06361177563667297
evaluation-35359-tar-000,1,-0.03422854095697403
evaluation-35359-non-000,0,-0.18605294823646545
evaluation-3540-tar-000,1,0.1670188307762146
evaluation-3540-non-000,0,0.1793181300163269
evaluation-35416-tar-000,1,0.1467972695827484
evaluation-35416-non-000,0,0.15421001613140106
evaluation-35449-tar-000,1,0.14687898755073547
evaluation-35449-non-000,0,-0.019686203449964523
evaluation-35510-tar-000,1,0.01057402789592743
evaluation-35510-non-000,0,-0.006370929069817066
evaluation-35562-tar-000,1,0.29083168506622314
evaluation-35562-non-000,0,0.043843917548656464
evaluation-35587-tar-000,1,0.019504891708493233
evaluation-35587-non-000,0,-0.16589777171611786
evaluation-3564-tar-000,1,0.014849245548248291
evaluation-3564-non-000,0,-0.07805028557777405
evaluation-35683-tar-000,1,0.05709036439657211
evaluation-35683-non-000,0,-0.05591421574354172
evaluation-35699-tar-000,1,0.25505688786506653
evaluation-35699-non-000,0,0.14672499895095825
evaluation-3571-tar-000,1,-0.10137850046157837
evaluation-3571-non-000,0,-0.0852130651473999
evaluation-3572-tar-000,1,-0.06392458081245422
evaluation-3572-non-000,0,0.08973889797925949
evaluation-35793-tar-000,1,0.05118899419903755
evaluation-35793-non-000,0,-0.11834748834371567
evaluation-35823-tar-000,1,0.21272560954093933
evaluation-35823-non-000,0,0.050343871116638184
evaluation-35872-tar-000,1,0.17434388399124146
evaluation-35872-non-000,0,0.06971916556358337
evaluation-3597-tar-000,1,0.01952262595295906
evaluation-3597-non-000,0,-0.0884999930858612
evaluation-35996-tar-000,1,0.14058446884155273
evaluation-35996-non-000,0,-0.09331940114498138
evaluation-36004-tar-000,1,0.4246593713760376
evaluation-36004-non-000,0,0.09816740453243256
evaluation-36051-tar-000,1,-0.20993128418922424
evaluation-36051-non-000,0,-0.1697273850440979
evaluation-3619-tar-000,1,-0.1537962555885315
evaluation-3619-non-000,0,-0.16626890003681183
evaluation-36196-tar-000,1,0.2007453590631485
evaluation-36196-non-000,0,0.15678319334983826
evaluation-36298-tar-000,1,0.1771184355020523
evaluation-36298-non-000,0,0.01438230276107788
evaluation-36323-tar-000,1,0.3225392699241638
evaluation-36323-non-000,0,0.30084308981895447
evaluation-36386-tar-000,1,-0.002569420263171196
evaluation-36386-non-000,0,0.05380837619304657
evaluation-36395-tar-000,1,-0.031868141144514084
evaluation-36395-non-000,0,-0.12659919261932373
evaluation-36460-tar-000,1,0.31384891271591187
evaluation-36460-non-000,0,0.2347898781299591
evaluation-36499-tar-000,1,0.30983516573905945
evaluation-36499-non-000,0,0.2076423615217209
evaluation-3656-tar-000,1,0.17274793982505798
evaluation-3656-non-000,0,0.05945666506886482
evaluation-36611-tar-000,1,0.42398256063461304
evaluation-36611-non-000,0,0.3216433525085449
evaluation-36619-tar-000,1,0.3775688409805298
evaluation-36619-non-000,0,0.3148655891418457
evaluation-36625-tar-000,1,0.1588367223739624
evaluation-36625-non-000,0,0.08184356242418289
evaluation-36633-tar-000,1,0.13147950172424316
evaluation-36633-non-000,0,0.028734255582094193
evaluation-36685-tar-000,1,-0.007045025005936623
evaluation-36685-non-000,0,-0.08929981291294098
evaluation-3669-tar-000,1,0.07624433934688568
evaluation-3669-non-000,0,-0.13277652859687805
evaluation-36853-tar-000,1,0.0584140419960022
evaluation-36853-non-000,0,0.06730394065380096
evaluation-3693-tar-000,1,-0.07642856240272522
evaluation-3693-non-000,0,-0.10388756543397903
evaluation-3720-tar-000,1,-0.14842206239700317
evaluation-3720-non-000,0,-0.035883404314517975
evaluation-37259-tar-000,1,0.16946235299110413
evaluation-37259-non-000,0,-0.05267118662595749
evaluation-37301-tar-000,1,-0.0735449343919754
evaluation-37301-non-000,0,-0.13838744163513184
evaluation-37328-tar-000,1,0.02818010002374649
evaluation-37328-non-000,0,0.09588753432035446
evaluation-37625-tar-000,1,0.1885841190814972
evaluation-37625-non-000,0,0.011752065271139145
evaluation-37658-tar-000,1,-0.026575615629553795
evaluation-37658-non-000,0,0.005337510257959366
evaluation-3767-tar-000,1,0.3632813096046448
evaluation-3767-non-000,0,0.16838178038597107
evaluation-37696-tar-000,1,0.16365133225917816
evaluation-37696-non-000,0,0.06690912693738937
evaluation-3770-tar-000,1,0.31437769532203674
evaluation-3770-non-000,0,0.3140386939048767
evaluation-37740-tar-000,1,0.1950187385082245
evaluation-37740-non-000,0,0.20864298939704895
evaluation-3778-tar-000,1,0.09716983139514923
evaluation-3778-non-000,0,-0.01573409140110016
evaluation-37844-tar-000,1,0.12936446070671082
evaluation-37844-non-000,0,-0.07631739228963852
evaluation-37921-tar-000,1,-0.012259598821401596
evaluation-37921-non-000,0,-0.10560552775859833
evaluation-37932-tar-000,1,0.30914196372032166
evaluation-37932-non-000,0,0.2755059599876404
evaluation-37946-tar-000,1,0.14421743154525757
evaluation-37946-non-000,0,-0.02680639922618866
evaluation-37965-tar-000,1,0.21419689059257507
evaluation-37965-non-000,0,-0.07806909084320068
evaluation-37971-tar-000,1,-0.11757652461528778
evaluation-37971-non-000,0,-0.005514513701200485
evaluation-3805-tar-000,1,-0.0033053625375032425
evaluation-3805-non-000,0,-0.25156891345977783
evaluation-38056-tar-000,1,0.03228912502527237
evaluation-38056-non-000,0,0.023293353617191315
evaluation-38083-tar-000,1,-0.23923932015895844
evaluation-38083-non-000,0,-0.07316705584526062
evaluation-3813-tar-000,1,0.15701137483119965
evaluation-3813-non-000,0,0.07107275724411011
evaluation-38157-tar-000,1,0.049241069704294205
evaluation-38157-non-000,0,0.06674427539110184
evaluation-38166-tar-000,1,0.026823684573173523
evaluation-38166-non-000,0,-0.09174636006355286
evaluation-38196-tar-000,1,0.17747244238853455
evaluation-38196-non-000,0,-0.03482332080602646
evaluation-3827-tar-000,1,0.18565160036087036
evaluation-3827-non-000,0,-0.08579486608505249
evaluation-38388-tar-000,1,0.17406058311462402
evaluation-38388-non-000,0,0.08588406443595886
evaluation-3839-tar-000,1,0.34114938974380493
evaluation-3839-non-000,0,0.1636655628681183
evaluation-3840-tar-000,1,0.2130318135023117
evaluation-3840-non-000,0,0.22711743414402008
evaluation-38657-tar-000,1,-0.08984660357236862
evaluation-38657-non-000,0,-0.16679522395133972
evaluation-38792-tar-000,1,0.09794937074184418
evaluation-38792-non-000,0,0.04518977925181389
evaluation-3888-tar-000,1,0.19511601328849792
evaluation-3888-non-000,0,0.1355699896812439
evaluation-3892-tar-000,1,0.2530711889266968
evaluation-3892-non-000,0,0.19829952716827393
evaluation-3901-tar-000,1,0.09588371217250824
evaluation-3901-non-000,0,-0.09612628817558289
evaluation-39025-tar-000,1,0.009509267285466194
evaluation-39025-non-000,0,-0.07606964558362961
evaluation-39031-tar-000,1,0.17201250791549683
evaluation-39031-non-000,0,0.05923782289028168
evaluation-3911-tar-000,1,0.2909284830093384
evaluation-3911-non-000,0,0.11983171850442886
evaluation-39163-tar-000,1,0.1500183492898941
evaluation-39163-non-000,0,0.0517951101064682
evaluation-39201-tar-000,1,-0.06352351605892181
evaluation-39201-non-000,0,-0.08559484779834747
evaluation-3921-tar-000,1,0.17434394359588623
evaluation-3921-non-000,0,0.017097488045692444
evaluation-3926-tar-000,1,0.209242045879364
evaluation-3926-non-000,0,0.14491596817970276
evaluation-3928-tar-000,1,0.012438349425792694
evaluation-3928-non-000,0,0.013867095112800598
evaluation-3931-tar-000,1,0.05376563221216202
evaluation-3931-non-000,0,0.043853096663951874
evaluation-3939-tar-000,1,0.12239982187747955
evaluation-3939-non-000,0,0.0014746468514204025
evaluation-39421-tar-000,1,0.1861097663640976
evaluation-39421-non-000,0,0.0702304020524025
evaluation-3954-tar-000,1,0.14815621078014374
evaluation-3954-non-000,0,0.09003423154354095
evaluation-39720-tar-000,1,-0.014202682301402092
evaluation-39720-non-000,0,-0.06362705677747726
evaluation-39756-tar-000,1,0.10060294717550278
evaluation-39756-non-000,0,0.07928211987018585
evaluation-39877-tar-000,1,0.08375893533229828
evaluation-39877-non-000,0,-0.05198228359222412
evaluation-3989-tar-000,1,-0.10751417279243469
evaluation-3989-non-000,0,-0.12723515927791595
evaluation-40025-tar-000,1,0.21518178284168243
evaluation-40025-non-000,0,0.004282752051949501
evaluation-4004-tar-000,1,0.03852101415395737
evaluation-4004-non-000,0,-0.1385432779788971
evaluation-40064-tar-000,1,0.38672733306884766
evaluation-40064-non-000,0,0.31946244835853577
evaluation-40075-tar-000,1,-0.2591214179992676
evaluation-40075-non-000,0,-0.19274166226387024
evaluation-4013-tar-000,1,0.22969989478588104
evaluation-4013-non-000,0,0.22955891489982605
evaluation-40173-tar-000,1,-0.0897364467382431
evaluation-40173-non-000,0,-0.23718497157096863
evaluation-40311-tar-000,1,0.15467652678489685
evaluation-40311-non-000,0,-0.0463373102247715
evaluation-4044-tar-000,1,0.14404568076133728
evaluation-4044-non-000,0,-0.01588321477174759
evaluation-40525-tar-000,1,0.22205442190170288
evaluation-40525-non-000,0,-0.07918620109558105
evaluation-40577-tar-000,1,0.11578051745891571
evaluation-40577-non-000,0,0.030584951862692833
evaluation-40588-tar-000,1,0.13343924283981323
evaluation-40588-non-000,0,0.060480259358882904
evaluation-40676-tar-000,1,0.08299250900745392
evaluation-40676-non-000,0,0.068239726126194
evaluation-4068-tar-000,1,0.18309202790260315
evaluation-4068-non-000,0,0.15815533697605133
evaluation-4077-tar-000,1,0.2076110988855362
evaluation-4077-non-000,0,0.02212638407945633
evaluation-40772-tar-000,1,0.10280794650316238
evaluation-40772-non-000,0,0.04683361575007439
evaluation-40929-tar-000,1,-0.04535282030701637
evaluation-40929-non-000,0,-0.09939506649971008
evaluation-41000-tar-000,1,0.21073997020721436
evaluation-41000-non-000,0,0.2977408170700073
evaluation-41025-tar-000,1,-0.11611209809780121
evaluation-41025-non-000,0,-0.2855512797832489
evaluation-4123-tar-000,1,0.4332943558692932
evaluation-4123-non-000,0,0.31530076265335083
evaluation-41278-tar-000,1,0.2094288021326065
evaluation-41278-non-000,0,0.21829283237457275
evaluation-4134-tar-000,1,0.11335950344800949
evaluation-4134-non-000,0,0.13195452094078064
evaluation-41357-tar-000,1,0.06933356821537018
evaluation-41357-non-000,0,-0.00043512973934412
evaluation-41390-tar-000,1,0.1791662871837616
evaluation-41390-non-000,0,0.12422274053096771
evaluation-41404-tar-000,1,0.1639992892742157
evaluation-41404-non-000,0,0.14277410507202148
evaluation-41492-tar-000,1,0.26292699575424194
evaluation-41492-non-000,0,0.12231017649173737
evaluation-41536-tar-000,1,0.41068482398986816
evaluation-41536-non-000,0,0.32300540804862976
evaluation-41706-tar-000,1,0.2449280172586441
evaluation-41706-non-000,0,0.18189701437950134
evaluation-41750-tar-000,1,0.2595142424106598
evaluation-41750-non-000,0,0.14627060294151306
evaluation-41755-tar-000,1,0.14773410558700562
evaluation-41755-non-000,0,0.11614242196083069
evaluation-41854-tar-000,1,-0.06577731668949127
evaluation-41854-non-000,0,-0.0768611952662468
evaluation-41945-tar-000,1,0.004362905398011208
evaluation-41945-non-000,0,-0.10234487801790237
evaluation-41994-tar-000,1,0.14544348418712616
evaluation-41994-non-000,0,0.16122379899024963
evaluation-4202-tar-000,1,0.14222285151481628
evaluation-4202-non-000,0,-0.08794444799423218
evaluation-42025-tar-000,1,0.2374948263168335
evaluation-42025-non-000,0,0.19214767217636108
evaluation-4204-tar-000,1,-0.024880141019821167
evaluation-4204-non-000,0,-0.07495947182178497
evaluation-42173-tar-000,1,0.17176832258701324
evaluation-42173-non-000,0,0.018275994807481766
evaluation-42176-tar-000,1,0.019112929701805115
evaluation-42176-non-000,0,-0.06297622621059418
evaluation-42209-tar-000,1,0.1315651834011078
evaluation-42209-non-000,0,0.05321497842669487
evaluation-42250-tar-000,1,0.03850368782877922
evaluation-42250-non-000,0,-0.022860676050186157
evaluation-4240-tar-000,1,0.008360542356967926
evaluation-4240-non-000,0,-0.06783375144004822
evaluation-42401-tar-000,1,0.12211203575134277
evaluation-42401-non-000,0,0.1604204624891281
evaluation-4246-tar-000,1,0.17405211925506592
evaluation-4246-non-000,0,0.058980245143175125
evaluation-42505-tar-000,1,0.3177851438522339
evaluation-42505-non-000,0,0.37173569202423096
evaluation-4251-tar-000,1,0.16634833812713623
evaluation-4251-non-000,0,0.08746146410703659
evaluation-42546-tar-000,1,0.06563632190227509
evaluation-42546-non-000,0,0.03461870178580284
evaluation-42648-tar-000,1,0.1474323868751526
evaluation-42648-non-000,0,-0.045516952872276306
evaluation-42681-tar-000,1,0.18378253281116486
evaluation-42681-non-000,0,0.03007848933339119
evaluation-42717-tar-000,1,0.34376102685928345
evaluation-42717-non-000,0,0.24846050143241882
evaluation-42728-tar-000,1,0.5364770293235779
evaluation-42728-non-000,0,0.348314106464386
evaluation-42744-tar-000,1,-0.016969874501228333
evaluation-42744-non-000,0,-0.1036071851849556
evaluation-42772-tar-000,1,0.01609542965888977
evaluation-42772-non-000,0,-0.03288194537162781
evaluation-4288-tar-000,1,0.2822931110858917
evaluation-4288-non-000,0,0.13511228561401367
evaluation-42904-tar-000,1,-0.06912274658679962
evaluation-42904-non-000,0,-0.14132440090179443
evaluation-4295-tar-000,1,0.17795652151107788
evaluation-4295-non-000,0,0.024880975484848022
evaluation-43042-tar-000,1,0.1542654186487198
evaluation-43042-non-000,0,0.08713854849338531
evaluation-43063-tar-000,1,0.18367870151996613
evaluation-43063-non-000,0,0.08239757269620895
evaluation-4308-tar-000,1,0.17756515741348267
evaluation-4308-non-000,0,0.018615970388054848
evaluation-4315-tar-000,1,0.1259787678718567
evaluation-4315-non-000,0,0.1256021410226822
evaluation-43184-tar-000,1,0.02632533572614193
evaluation-43184-non-000,0,0.020962722599506378
evaluation-43225-tar-000,1,0.13225996494293213
evaluation-43225-non-000,0,0.07451309263706207
evaluation-43269-tar-000,1,0.0814426988363266
evaluation-43269-non-000,0,0.08664131164550781
evaluation-43288-tar-000,1,0.22331196069717407
evaluation-43288-non-000,0,0.05264784395694733
evaluation-4341-tar-000,1,0.0193873792886734
evaluation-4341-non-000,0,-0.12660053372383118
evaluation-43483-tar-000,1,0.38241586089134216
evaluation-43483-non-000,0,0.27287328243255615
evaluation-43604-tar-000,1,0.44087469577789307
evaluation-43604-non-000,0,0.21662232279777527
evaluation-43675-tar-000,1,-0.1205550953745842
evaluation-43675-non-000,0,-0.30904680490493774
evaluation-4368-tar-000,1,0.1165333092212677
evaluation-4368-non-000,0,0.05157654732465744
evaluation-43744-tar-000,1,0.2317114621400833
evaluation-43744-non-000,0,0.15197518467903137
evaluation-43818-tar-000,1,-0.050136320292949677
evaluation-43818-non-000,0,-0.018000584095716476
evaluation-43865-tar-000,1,0.018331002444028854
evaluation-43865-non-000,0,-0.010544219985604286
evaluation-43958-tar-000,1,-0.11755858361721039
evaluation-43958-non-000,0,-0.2752571702003479
evaluation-44085-tar-000,1,0.134729266166687
evaluation-44085-non-000,0,-0.10195732116699219
evaluation-44175-tar-000,1,0.08470383286476135
evaluation-44175-non-000,0,0.02515699341893196
evaluation-44285-tar-000,1,0.15076059103012085
evaluation-44285-non-000,0,0.0064486004412174225
evaluation-44392-tar-000,1,0.1766844242811203
evaluation-44392-non-000,0,-0.01363871619105339
evaluation-4440-tar-000,1,0.2245297133922577
evaluation-4440-non-000,0,0.007937519811093807
evaluation-44406-tar-000,1,0.01981760561466217
evaluation-44406-non-000,0,-0.044674161821603775
evaluation-4442-tar-000,1,0.0729493796825409
evaluation-4442-non-000,0,0.01993107795715332
evaluation-4468-tar-000,1,0.20645584166049957
evaluation-4468-non-000,0,0.1185784786939621
evaluation-44683-tar-000,1,0.12124170362949371
evaluation-44683-non-000,0,0.05847955122590065
evaluation-44727-tar-000,1,0.2820560932159424
evaluation-44727-non-000,0,-0.11894802749156952
evaluation-4477-tar-000,1,0.3501076102256775
evaluation-4477-non-000,0,0.1495741605758667
evaluation-44829-tar-000,1,0.016075998544692993
evaluation-44829-non-000,0,-0.05984628573060036
evaluation-4506-tar-000,1,0.06064649298787117
evaluation-4506-non-000,0,0.03843685984611511
evaluation-45084-tar-000,1,0.1907227784395218
evaluation-45084-non-000,0,0.04679150879383087
evaluation-45213-tar-000,1,-0.13785655796527863
evaluation-45213-non-000,0,-0.23285630345344543
evaluation-45252-tar-000,1,0.0028626620769500732
evaluation-45252-non-000,0,-0.03943730145692825
evaluation-4529-tar-000,1,0.32389718294143677
evaluation-4529-non-000,0,0.11695120483636856
evaluation-45538-tar-000,1,-0.08206051588058472
evaluation-45538-non-000,0,-0.12569649517536163
evaluation-45617-tar-000,1,0.28654545545578003
evaluation-45617-non-000,0,0.26322734355926514
evaluation-45658-tar-000,1,0.1378576010465622
evaluation-45658-non-000,0,0.03764212131500244
evaluation-45744-tar-000,1,0.14703895151615143
evaluation-45744-non-000,0,0.08453866839408875
evaluation-45749-tar-000,1,-0.043897777795791626
evaluation-45749-non-000,0,-0.04473305121064186
evaluation-45793-tar-000,1,-0.03661509230732918
evaluation-45793-non-000,0,0.008054398000240326
evaluation-4581-tar-000,1,0.22297358512878418
evaluation-4581-non-000,0,0.07432237267494202
evaluation-45834-tar-000,1,0.18196895718574524
evaluation-45834-non-000,0,0.03280733525753021
evaluation-45870-tar-000,1,0.01085052639245987
evaluation-45870-non-000,0,0.006301421672105789
evaluation-4591-tar-000,1,0.043467942625284195
evaluation-4591-non-000,0,-0.08428482711315155
evaluation-45985-tar-000,1,0.051452621817588806
evaluation-45985-non-000,0,0.16094255447387695
evaluation-46029-tar-000,1,0.15796002745628357
evaluation-46029-non-000,0,0.2422829270362854
evaluation-4603-tar-000,1,0.24556991457939148
evaluation-4603-non-000,0,0.1481424868106842
evaluation-4612-tar-000,1,0.08214631676673889
evaluation-4612-non-000,0,0.05600246042013168
evaluation-4619-tar-000,1,0.10049527883529663
evaluation-4619-non-000,0,0.13312482833862305
evaluation-46202-tar-000,1,0.11407576501369476
evaluation-46202-non-000,0,-0.010630695149302483
evaluation-46241-tar-000,1,0.054412439465522766
evaluation-46241-non-000,0,0.04848789423704147
evaluation-46298-tar-000,1,0.043252285569906235
evaluation-46298-non-000,0,0.0728357806801796
evaluation-46466-tar-000,1,-0.046184733510017395
evaluation-46466-non-000,0,-0.13261272013187408
evaluation-4649-tar-000,1,0.49094900488853455
evaluation-4649-non-000,0,0.42007315158843994
evaluation-4664-tar-000,1,0.37114086747169495
evaluation-4664-non-000,0,0.24411903321743011
evaluation-46955-tar-000,1,-0.16672196984291077
evaluation-46955-non-000,0,-0.26387929916381836
evaluation-4709-tar-000,1,0.0681598037481308
evaluation-4709-non-000,0,0.010646753944456577
evaluation-4710-tar-000,1,0.05463067442178726
evaluation-4710-non-000,0,-0.0488886833190918
evaluation-47139-tar-000,1,-0.02217898517847061
evaluation-47139-non-000,0,0.03492124378681183
evaluation-47142-tar-000,1,0.0798741802573204
evaluation-47142-non-000,0,-0.02690022811293602
evaluation-47169-tar-000,1,-0.01446465589106083
evaluation-47169-non-000,0,0.04086282476782799
evaluation-47238-tar-000,1,0.13772542774677277
evaluation-47238-non-000,0,-0.12904459238052368
evaluation-4728-tar-000,1,-0.0197304617613554
evaluation-4728-non-000,0,-0.04855910688638687
evaluation-47342-tar-000,1,0.013723195530474186
evaluation-47342-non-000,0,-0.05444655939936638
evaluation-47504-tar-000,1,0.0465257503092289
evaluation-47504-non-000,0,-0.05396777391433716
evaluation-4763-tar-000,1,0.16890814900398254
evaluation-4763-non-000,0,0.15257075428962708
evaluation-47650-tar-000,1,0.11506582051515579
evaluation-47650-non-000,0,-0.043159518390893936
evaluation-47658-tar-000,1,0.17354509234428406
evaluation-47658-non-000,0,0.1668979972600937
evaluation-4773-tar-000,1,0.7342343330383301
evaluation-4773-non-000,0,0.5811965465545654
evaluation-4774-tar-000,1,0.12069249898195267
evaluation-4774-non-000,0,0.09072379022836685
evaluation-47913-tar-000,1,0.04906834289431572
evaluation-47913-non-000,0,-0.0604606494307518
evaluation-47998-tar-000,1,0.34615856409072876
evaluation-47998-non-000,0,0.17214277386665344
evaluation-4800-tar-000,1,0.19205434620380402
evaluation-4800-non-000,0,0.12852732837200165
evaluation-48095-tar-000,1,-0.10381974279880524
evaluation-48095-non-000,0,-0.13258761167526245
evaluation-48193-tar-000,1,0.2779380679130554
evaluation-48193-non-000,0,0.023993415758013725
evaluation-4821-tar-000,1,0.20573948323726654
evaluation-4821-non-000,0,0.3584864139556885
evaluation-48232-tar-000,1,0.37241625785827637
evaluation-48232-non-000,0,0.2527613043785095
evaluation-48262-tar-000,1,-0.01011599786579609
evaluation-48262-non-000,0,-0.04348408058285713
evaluation-48388-tar-000,1,0.35768526792526245
evaluation-48388-non-000,0,0.15064412355422974
evaluation-4841-tar-000,1,0.0015855170786380768
evaluation-4841-non-000,0,-0.12654583156108856
evaluation-4842-tar-000,1,0.3223842978477478
evaluation-4842-non-000,0,0.43902716040611267
evaluation-48443-tar-000,1,0.2869074046611786
evaluation-48443-non-000,0,0.16780661046504974
evaluation-48454-tar-000,1,0.09521623700857162
evaluation-48454-non-000,0,0.07491006702184677
evaluation-48575-tar-000,1,-0.15569870173931122
evaluation-48575-non-000,0,-0.3371557593345642
evaluation-48578-tar-000,1,0.15103521943092346
evaluation-48578-non-000,0,0.061847180128097534
evaluation-4867-tar-000,1,-0.0055378638207912445
evaluation-4867-non-000,0,-0.10182531177997589
evaluation-48726-tar-000,1,0.19974368810653687
evaluation-48726-non-000,0,0.1360236406326294
evaluation-48759-tar-000,1,0.15302221477031708
evaluation-48759-non-000,0,-0.01586417853832245
evaluation-48787-tar-000,1,0.17061007022857666
evaluation-48787-non-000,0,-0.03069930337369442
evaluation-48833-tar-000,1,0.04389476031064987
evaluation-48833-non-000,0,-0.04471259191632271
evaluation-48905-tar-000,1,0.09301774948835373
evaluation-48905-non-000,0,0.07677564024925232
evaluation-4891-tar-000,1,0.06584598124027252
evaluation-4891-non-000,0,0.006343454122543335
evaluation-4894-tar-000,1,0.07952290028333664
evaluation-4894-non-000,0,0.07690583914518356
evaluation-48952-tar-000,1,0.2798422574996948
evaluation-48952-non-000,0,0.19755245745182037
evaluation-49004-tar-000,1,0.05186839774250984
evaluation-49004-non-000,0,-0.030196817591786385
evaluation-49037-tar-000,1,0.006126813590526581
evaluation-49037-non-000,0,-0.1638040840625763
evaluation-49045-tar-000,1,0.2005787342786789
evaluation-49045-non-000,0,0.14038610458374023
evaluation-49097-tar-000,1,0.03178178519010544
evaluation-49097-non-000,0,-0.08082211017608643
evaluation-49116-tar-000,1,-0.0993153303861618
evaluation-49116-non-000,0,-0.23458129167556763
evaluation-49196-tar-000,1,0.02529650740325451
evaluation-49196-non-000,0,-0.057160474359989166
evaluation-49207-tar-000,1,0.01900477707386017
evaluation-49207-non-000,0,0.004915963858366013
evaluation-4921-tar-000,1,0.04502668231725693
evaluation-4921-non-000,0,0.09728766232728958
evaluation-49215-tar-000,1,0.16428986191749573
evaluation-49215-non-000,0,0.16517199575901031
evaluation-4934-tar-000,1,0.05412367358803749
evaluation-4934-non-000,0,0.06196635589003563
evaluation-49446-tar-000,1,-0.07917284965515137
evaluation-49446-non-000,0,-0.1715415120124817
evaluation-49476-tar-000,1,0.08112325519323349
evaluation-49476-non-000,0,0.09623947739601135
evaluation-49484-tar-000,1,0.15132175385951996
evaluation-49484-non-000,0,0.10881831496953964
evaluation-49520-tar-000,1,0.3735923171043396
evaluation-49520-non-000,0,0.14192341268062592
evaluation-49539-tar-000,1,0.384836345911026
evaluation-49539-non-000,0,0.2572537362575531
evaluation-4958-tar-000,1,0.08965885639190674
evaluation-4958-non-000,0,0.00023677945137023926
evaluation-4961-tar-000,1,0.22575749456882477
evaluation-4961-non-000,0,0.1764877736568451
evaluation-49677-tar-000,1,0.06564030051231384
evaluation-49677-non-000,0,-0.06452387571334839
evaluation-49792-tar-000,1,0.13845932483673096
evaluation-49792-non-000,0,0.025993794202804565
evaluation-49808-tar-000,1,0.28690606355667114
evaluation-49808-non-000,0,0.10730423033237457
evaluation-49872-tar-000,1,-0.23564264178276062
evaluation-49872-non-000,0,-0.1764393001794815
evaluation-50056-tar-000,1,0.2178691029548645
evaluation-50056-non-000,0,-0.00781295821070671
evaluation-5008-tar-000,1,0.13247650861740112
evaluation-5008-non-000,0,0.01238410733640194
evaluation-5010-tar-000,1,0.08626964688301086
evaluation-5010-non-000,0,0.008042309433221817
evaluation-50138-tar-000,1,0.3292948007583618
evaluation-50138-non-000,0,0.02097078412771225
evaluation-5018-tar-000,1,0.09007188677787781
evaluation-5018-non-000,0,0.06823652237653732
evaluation-5021-tar-000,1,0.350374311208725
evaluation-5021-non-000,0,0.25308898091316223
evaluation-5024-tar-000,1,0.12883567810058594
evaluation-5024-non-000,0,-0.11034601926803589
evaluation-50374-tar-000,1,-0.0414637066423893
evaluation-50374-non-000,0,-0.040102891623973846
evaluation-5042-tar-000,1,0.07177802920341492
evaluation-5042-non-000,0,0.02466481365263462
evaluation-50440-tar-000,1,0.056035127490758896
evaluation-50440-non-000,0,0.007683741860091686
evaluation-50490-tar-000,1,-0.021825745701789856
evaluation-50490-non-000,0,-0.03728378564119339
evaluation-50591-tar-000,1,0.057358283549547195
evaluation-50591-non-000,0,-0.004333339631557465
evaluation-50608-tar-000,1,0.36293739080429077
evaluation-50608-non-000,0,0.15588270127773285
evaluation-50613-tar-000,1,-0.017524145543575287
evaluation-50613-non-000,0,-0.025609860196709633
evaluation-50643-tar-000,1,0.2800430357456207
evaluation-50643-non-000,0,0.18048755824565887
evaluation-50652-tar-000,1,0.11223100870847702
evaluation-50652-non-000,0,0.04643172025680542
evaluation-50676-tar-000,1,0.15457841753959656
evaluation-50676-non-000,0,0.1278866082429886
evaluation-50679-tar-000,1,0.0007894933223724365
evaluation-50679-non-000,0,-0.006959155201911926
evaluation-50723-tar-000,1,0.20832869410514832
evaluation-50723-non-000,0,0.01587439514696598
evaluation-50786-tar-000,1,0.0777137279510498
evaluation-50786-non-000,0,0.11174708604812622
evaluation-51050-tar-000,1,0.3835200369358063
evaluation-51050-non-000,0,0.3098626732826233
evaluation-51080-tar-000,1,0.08462710678577423
evaluation-51080-non-000,0,-0.06467758119106293
evaluation-51099-tar-000,1,-0.050435423851013184
evaluation-51099-non-000,0,-0.05165757238864899
evaluation-5135-tar-000,1,-0.06614825129508972
evaluation-5135-non-000,0,-0.14070995151996613
evaluation-51399-tar-000,1,-0.09044747799634933
evaluation-51399-non-000,0,-0.14613807201385498
evaluation-51459-tar-000,1,-0.1757313311100006
evaluation-51459-non-000,0,-0.12011168897151947
evaluation-5148-tar-000,1,0.3515099585056305
evaluation-5148-non-000,0,0.2668207287788391
evaluation-5149-tar-000,1,0.11214807629585266
evaluation-5149-non-000,0,-0.007673595100641251
evaluation-51506-tar-000,1,0.16107618808746338
evaluation-51506-non-000,0,0.10113619267940521
evaluation-51525-tar-000,1,0.3132607936859131
evaluation-51525-non-000,0,0.0548875629901886
evaluation-5153-tar-000,1,0.1571773886680603
evaluation-5153-non-000,0,0.02232123538851738
evaluation-51531-tar-000,1,0.09457585960626602
evaluation-51531-non-000,0,0.10540926456451416
evaluation-51544-tar-000,1,0.2410067617893219
evaluation-51544-non-000,0,0.060159094631671906
evaluation-51624-tar-000,1,0.10192790627479553
evaluation-51624-non-000,0,0.04308314621448517
evaluation-51629-tar-000,1,0.1174483448266983
evaluation-51629-non-000,0,0.10936184227466583
evaluation-5167-tar-000,1,0.02638297528028488
evaluation-5167-non-000,0,0.0200419370085001
evaluation-5171-tar-000,1,-0.19238147139549255
evaluation-5171-non-000,0,-0.31558746099472046
evaluation-51899-tar-000,1,0.13038302958011627
evaluation-51899-non-000,0,0.05086537078022957
evaluation-51940-tar-000,1,0.1707165390253067
evaluation-51940-non-000,0,0.13370704650878906
evaluation-51962-tar-000,1,-0.22118785977363586
evaluation-51962-non-000,0,-0.3654835522174835
evaluation-5203-tar-000,1,0.13439325988292694
evaluation-5203-non-000,0,0.05960647016763687
evaluation-5215-tar-000,1,0.07020636647939682
evaluation-5215-non-000,0,0.004300765693187714
evaluation-52213-tar-000,1,0.06676781177520752
evaluation-52213-non-000,0,0.17663876712322235
evaluation-5225-tar-000,1,0.1400185078382492
evaluation-5225-non-000,0,0.017880428582429886
evaluation-52371-tar-000,1,-0.008953951299190521
evaluation-52371-non-000,0,-0.054854072630405426
evaluation-52374-tar-000,1,0.0893135592341423
evaluation-52374-non-000,0,0.05497851222753525
evaluation-5246-tar-000,1,0.03874819353222847
evaluation-5246-non-000,0,0.015890605747699738
evaluation-52486-tar-000,1,-0.06593964993953705
evaluation-52486-non-000,0,-0.12297464162111282
evaluation-5253-tar-000,1,0.4545916020870209
evaluation-5253-non-000,0,0.18709105253219604
evaluation-52530-tar-000,1,0.04539399594068527
evaluation-52530-non-000,0,-0.00016931630671024323
evaluation-5256-tar-000,1,0.3062822222709656
evaluation-5256-non-000,0,0.14086651802062988
evaluation-5261-tar-000,1,0.2125615030527115
evaluation-5261-non-000,0,-0.03463425114750862
evaluation-52651-tar-000,1,0.2799171507358551
evaluation-52651-non-000,0,0.11394216120243073
evaluation-52709-tar-000,1,0.1351560354232788
evaluation-52709-non-000,0,0.06982381641864777
evaluation-5289-tar-000,1,0.2773909568786621
evaluation-5289-non-000,0,0.29030585289001465
evaluation-52912-tar-000,1,0.14310775697231293
evaluation-52912-non-000,0,0.15382900834083557
evaluation-52929-tar-000,1,-0.13926221430301666
evaluation-52929-non-000,0,-0.1395263969898224
evaluation-5309-tar-000,1,0.4816615879535675
evaluation-5309-non-000,0,0.485411137342453
evaluation-53170-tar-000,1,0.06514232605695724
evaluation-53170-non-000,0,-0.09384807199239731
evaluation-5322-tar-000,1,0.10587912797927856
evaluation-5322-non-000,0,-0.07215525209903717
evaluation-5325-tar-000,1,-0.0097354119643569
evaluation-5325-non-000,0,-0.20929133892059326
evaluation-53266-tar-000,1,0.20492009818553925
evaluation-53266-non-000,0,0.2086900770664215
evaluation-53269-tar-000,1,0.12255266308784485
evaluation-53269-non-000,0,0.010668710805475712
evaluation-53272-tar-000,1,0.015607938170433044
evaluation-53272-non-000,0,-0.055307939648628235
evaluation-5334-tar-000,1,0.046007104218006134
evaluation-5334-non-000,0,0.011821649968624115
evaluation-53354-tar-000,1,-0.02917567640542984
evaluation-53354-non-000,0,-0.04749457538127899
evaluation-5336-tar-000,1,0.1638476848602295
evaluation-5336-non-000,0,-0.03625858575105667
evaluation-5339-tar-000,1,0.22575415670871735
evaluation-5339-non-000,0,0.16044624149799347
evaluation-53390-tar-000,1,0.3259093761444092
evaluation-53390-non-000,0,0.3113406002521515
evaluation-53434-tar-000,1,0.13012263178825378
evaluation-53434-non-000,0,-0.027468141168355942
evaluation-53544-tar-000,1,0.25819021463394165
evaluation-53544-non-000,0,0.1810031235218048
evaluation-53588-tar-000,1,0.024410249665379524
evaluation-53588-non-000,0,0.11611969769001007
evaluation-53755-tar-000,1,0.11280732601881027
evaluation-53755-non-000,0,0.03525140509009361
evaluation-53972-tar-000,1,0.044003769755363464
evaluation-53972-non-000,0,-0.041082438081502914
evaluation-5399-tar-000,1,0.18925902247428894
evaluation-5399-non-000,0,0.007919546216726303
evaluation-54035-tar-000,1,0.3797076940536499
evaluation-54035-non-000,0,0.2892773151397705
evaluation-54085-tar-000,1,0.31146642565727234
evaluation-54085-non-000,0,0.22352132201194763
evaluation-5413-tar-000,1,0.052818574011325836
evaluation-5413-non-000,0,0.0163191519677639
evaluation-54197-tar-000,1,-0.02106122300028801
evaluation-54197-non-000,0,-0.17196190357208252
evaluation-54250-tar-000,1,0.26850688457489014
evaluation-54250-non-000,0,0.2470288872718811
evaluation-54261-tar-000,1,0.16292284429073334
evaluation-54261-non-000,0,-0.08187006413936615
evaluation-5437-tar-000,1,-0.08220850676298141
evaluation-5437-non-000,0,0.020592935383319855
evaluation-54376-tar-000,1,0.15839117765426636
evaluation-54376-non-000,0,0.115018829703331
evaluation-5438-tar-000,1,0.1297505646944046
evaluation-5438-non-000,0,-0.15936064720153809
evaluation-54568-tar-000,1,0.06110613793134689
evaluation-54568-non-000,0,-0.1239059716463089
evaluation-54596-tar-000,1,-0.19127613306045532
evaluation-54596-non-000,0,-0.19532494246959686
evaluation-54637-tar-000,1,0.31035199761390686
evaluation-54637-non-000,0,0.1726102977991104
evaluation-54725-tar-000,1,0.16885262727737427
evaluation-54725-non-000,0,0.20634418725967407
evaluation-5490-tar-000,1,0.2549300789833069
evaluation-5490-non-000,0,0.14014670252799988
evaluation-55027-tar-000,1,0.22571313381195068
evaluation-55027-non-000,0,0.04988560080528259
evaluation-55052-tar-000,1,0.07334873080253601
evaluation-55052-non-000,0,0.02717682160437107
evaluation-55225-tar-000,1,0.2164936363697052
evaluation-55225-non-000,0,0.005056329071521759
evaluation-5532-tar-000,1,0.035476356744766235
evaluation-5532-non-000,0,0.018077917397022247
evaluation-55354-tar-000,1,0.22059404850006104
evaluation-55354-non-000,0,-0.08302270621061325
evaluation-55362-tar-000,1,0.06650890409946442
evaluation-55362-non-000,0,-0.09169569611549377
evaluation-5542-tar-000,1,0.04756733402609825
evaluation-5542-non-000,0,-0.14141124486923218
evaluation-55488-tar-000,1,0.0988696813583374
evaluation-55488-non-000,0,0.0957379937171936
evaluation-55656-tar-000,1,0.14609074592590332
evaluation-55656-non-000,0,0.12339315563440323
evaluation-55681-tar-000,1,0.16972196102142334
evaluation-55681-non-000,0,-0.03584920987486839
evaluation-55807-tar-000,1,0.14528080821037292
evaluation-55807-non-000,0,0.2009364515542984
evaluation-55810-tar-000,1,0.16413293778896332
evaluation-55810-non-000,0,0.04889467731118202
evaluation-55870-tar-000,1,-0.06219761073589325
evaluation-55870-non-000,0,-0.06368360668420792
evaluation-55928-tar-000,1,-0.11263617128133774
evaluation-55928-non-000,0,-0.12680956721305847
evaluation-5594-tar-000,1,0.04611533507704735
evaluation-5594-non-000,0,0.005390005186200142
evaluation-55953-tar-000,1,0.13820382952690125
evaluation-55953-non-000,0,0.08982422947883606
evaluation-55966-tar-000,1,0.04248645901679993
evaluation-55966-non-000,0,0.022368762642145157
evaluation-5599-tar-000,1,-0.05771130695939064
evaluation-5599-non-000,0,-0.05662258714437485
evaluation-56043-tar-000,1,0.08335081487894058
evaluation-56043-non-000,0,0.07619187980890274
evaluation-5605-tar-000,1,0.10643576830625534
evaluation-5605-non-000,0,0.0070018768310546875
evaluation-56073-tar-000,1,-0.03402207791805267
evaluation-56073-non-000,0,0.04267952963709831
evaluation-56098-tar-000,1,0.05797416344285011
evaluation-56098-non-000,0,0.0013541048392653465
evaluation-56112-tar-000,1,-0.05204618722200394
evaluation-56112-non-000,0,-0.14173322916030884
evaluation-56170-tar-000,1,0.24614189565181732
evaluation-56170-non-000,0,0.21052691340446472
evaluation-56181-tar-000,1,0.004982141777873039
evaluation-56181-non-000,0,0.05847480148077011
evaluation-56293-tar-000,1,0.0370558463037014
evaluation-56293-non-000,0,-0.027377869933843613
evaluation-5631-tar-000,1,-0.010386623442173004
evaluation-5631-non-000,0,-0.13288846611976624
evaluation-5645-tar-000,1,0.15358369052410126
evaluation-5645-non-000,0,0.2520672082901001
evaluation-5648-tar-000,1,0.2277074158191681
evaluation-5648-non-000,0,0.13758277893066406
evaluation-5653-tar-000,1,0.3590938448905945
evaluation-5653-non-000,0,0.18722890317440033
evaluation-56568-tar-000,1,0.2298557311296463
evaluation-56568-non-000,0,0.11394615471363068
evaluation-5671-tar-000,1,-0.10532526671886444
evaluation-5671-non-000,0,-0.11910215020179749
evaluation-56722-tar-000,1,-0.010602371767163277
evaluation-56722-non-000,0,-0.02057700604200363
evaluation-56771-tar-000,1,-0.12836980819702148
evaluation-56771-non-000,0,-0.12693725526332855
evaluation-56829-tar-000,1,0.15237802267074585
evaluation-56829-non-000,0,-0.09134849160909653
evaluation-56853-tar-000,1,-0.13361486792564392
evaluation-56853-non-000,0,-0.2613769769668579
evaluation-56939-tar-000,1,0.23262527585029602
evaluation-56939-non-000,0,0.22125819325447083
evaluation-5706-tar-000,1,0.06996164470911026
evaluation-5706-non-000,0,-0.09702587127685547
evaluation-57103-tar-000,1,0.16449029743671417
evaluation-57103-non-000,0,0.054137229919433594
evaluation-57208-tar-000,1,0.26106446981430054
evaluation-57208-non-000,0,0.1306673139333725
evaluation-57246-tar-000,1,0.2945413589477539
evaluation-57246-non-000,0,0.21503520011901855
evaluation-57263-tar-000,1,0.1429453045129776
evaluation-57263-non-000,0,0.04761002957820892
evaluation-5734-tar-000,1,-0.24546542763710022
evaluation-5734-non-000,0,-0.28329578042030334
evaluation-57364-tar-000,1,0.008960302919149399
evaluation-57364-non-000,0,-0.1398291289806366
evaluation-57384-tar-000,1,0.21524253487586975
evaluation-57384-non-000,0,-0.09675182402133942
evaluation-57413-tar-000,1,0.49957048892974854
evaluation-57413-non-000,0,0.3437294065952301
evaluation-5745-tar-000,1,0.14521774649620056
evaluation-5745-non-000,0,-0.03083057701587677
evaluation-57502-tar-000,1,-0.0011717602610588074
evaluation-57502-non-000,0,-0.2126510739326477
evaluation-57587-tar-000,1,0.5270431041717529
evaluation-57587-non-000,0,0.44855767488479614
evaluation-5763-tar-000,1,0.2426697462797165
evaluation-5763-non-000,0,-0.015614867210388184
evaluation-57661-tar-000,1,0.045926280319690704
evaluation-57661-non-000,0,-0.03305044025182724
evaluation-57710-tar-000,1,0.403302937746048
evaluation-57710-non-000,0,0.3193092346191406
evaluation-57719-tar-000,1,0.0819149762392044
evaluation-57719-non-000,0,-0.007452690973877907
evaluation-5773-tar-000,1,0.09626749157905579
evaluation-5773-non-000,0,0.0050828903913497925
evaluation-57944-tar-000,1,0.11164838075637817
evaluation-57944-non-000,0,0.025301065295934677
evaluation-57980-tar-000,1,-0.0075003281235694885
evaluation-57980-non-000,0,-0.09957322478294373
evaluation-58059-tar-000,1,-0.1205594390630722
evaluation-58059-non-000,0,-0.009639397263526917
evaluation-58067-tar-000,1,0.05141490325331688
evaluation-58067-non-000,0,-0.02239370532333851
evaluation-58081-tar-000,1,0.40303945541381836
evaluation-58081-non-000,0,0.17155954241752625
evaluation-58087-tar-000,1,-0.07923227548599243
evaluation-58087-non-000,0,-0.1315881460905075
evaluation-58098-tar-000,1,0.16143278777599335
evaluation-58098-non-000,0,0.08644653856754303
evaluation-5814-tar-000,1,-0.03640643507242203
evaluation-5814-non-000,0,-0.07798823714256287
evaluation-58144-tar-000,1,-0.1780320405960083
evaluation-58144-non-000,0,-0.20591774582862854
evaluation-5832-tar-000,1,-0.02782425284385681
evaluation-5832-non-000,0,-0.13731619715690613
evaluation-5836-tar-000,1,0.24522122740745544
evaluation-5836-non-000,0,0.09207063913345337
evaluation-5841-tar-000,1,0.008119776844978333
evaluation-5841-non-000,0,-0.018048210069537163
evaluation-58430-tar-000,1,0.09975168853998184
evaluation-58430-non-000,0,-0.031363345682621
evaluation-58587-tar-000,1,0.1578683704137802
evaluation-58587-non-000,0,0.07959364354610443
evaluation-5861-tar-000,1,0.15587714314460754
evaluation-5861-non-000,0,0.09598097950220108
evaluation-5868-tar-000,1,0.359768271446228
evaluation-5868-non-000,0,0.12563484907150269
evaluation-58694-tar-000,1,0.008099764585494995
evaluation-58694-non-000,0,-0.09110516309738159
evaluation-58724-tar-000,1,0.2651985287666321
evaluation-58724-non-000,0,0.18556827306747437
evaluation-58771-tar-000,1,-0.004895500838756561
evaluation-58771-non-000,0,0.03836413845419884
evaluation-5884-tar-000,1,0.1533334106206894
evaluation-5884-non-000,0,0.07422862946987152
evaluation-58968-tar-000,1,0.21572767198085785
evaluation-58968-non-000,0,0.18491147458553314
evaluation-5900-tar-000,1,0.11087726056575775
evaluation-5900-non-000,0,0.063885398209095
evaluation-59029-tar-000,1,0.26623982191085815
evaluation-59029-non-000,0,0.14147266745567322
evaluation-59235-tar-000,1,0.19268500804901123
evaluation-59235-non-000,0,0.07748200744390488
evaluation-59284-tar-000,1,0.1851654201745987
evaluation-59284-non-000,0,-0.030159277841448784
evaluation-59443-tar-000,1,0.1889595091342926
evaluation-59443-non-000,0,0.2016610950231552
evaluation-5946-tar-000,1,0.028862979263067245
evaluation-5946-non-000,0,-0.05609589442610741
evaluation-5949-tar-000,1,0.20623822510242462
evaluation-5949-non-000,0,0.07294640690088272
evaluation-59496-tar-000,1,0.008482139557600021
evaluation-59496-non-000,0,-0.15200479328632355
evaluation-59564-tar-000,1,0.3744093179702759
evaluation-59564-non-000,0,0.20812562108039856
evaluation-59663-tar-000,1,0.28363698720932007
evaluation-59663-non-000,0,0.2098512053489685
evaluation-59779-tar-000,1,0.17305853962898254
evaluation-59779-non-000,0,-0.010499808937311172
evaluation-59820-tar-000,1,-0.04572547972202301
evaluation-59820-non-000,0,-0.06066783890128136
evaluation-59963-tar-000,1,0.15553614497184753
evaluation-59963-non-000,0,0.08437295258045197
evaluation-59971-tar-000,1,-0.007250726222991943
evaluation-59971-non-000,0,-0.05898579955101013
evaluation-6006-tar-000,1,-0.049684055149555206
evaluation-6006-non-000,0,-0.12255511432886124
evaluation-6010-tar-000,1,0.23128248751163483
evaluation-6010-non-000,0,0.08299577981233597
evaluation-60240-tar-000,1,-0.08885500580072403
evaluation-60240-non-000,0,-0.1233304888010025
evaluation-60627-tar-000,1,0.1748211532831192
evaluation-60627-non-000,0,-0.013286277651786804
evaluation-60646-tar-000,1,0.055122122168540955
evaluation-60646-non-000,0,0.011404842138290405
evaluation-60699-tar-000,1,0.3301146626472473
evaluation-60699-non-000,0,0.08764927089214325
evaluation-60748-tar-000,1,0.34219658374786377
evaluation-60748-non-000,0,0.29009324312210083
evaluation-60803-tar-000,1,0.18477436900138855
evaluation-60803-non-000,0,0.06940058618783951
evaluation-6081-tar-000,1,0.17157140374183655
evaluation-6081-non-000,0,0.11544618010520935
evaluation-6086-tar-000,1,-0.07371817529201508
evaluation-6086-non-000,0,-0.12978123128414154
evaluation-6089-tar-000,1,-0.1076885312795639
evaluation-6089-non-000,0,-0.2551182508468628
evaluation-6097-tar-000,1,-0.1692713499069214
evaluation-6097-non-000,0,-0.13505789637565613
evaluation-61015-tar-000,1,0.3401089310646057
evaluation-61015-non-000,0,0.26893219351768494
evaluation-61078-tar-000,1,0.1817300170660019
evaluation-61078-non-000,0,0.16176104545593262
evaluation-6108-tar-000,1,0.28935861587524414
evaluation-6108-non-000,0,0.16177092492580414
evaluation-61119-tar-000,1,0.09658340364694595
evaluation-61119-non-000,0,0.027139408513903618
evaluation-61122-tar-000,1,0.07051906734704971
evaluation-61122-non-000,0,0.00302102230489254
evaluation-61133-tar-000,1,0.021445579826831818
evaluation-61133-non-000,0,-0.10297080129384995
evaluation-61174-tar-000,1,0.20493215322494507
evaluation-61174-non-000,0,0.05343128740787506
evaluation-61207-tar-000,1,0.060155969113111496
evaluation-61207-non-000,0,0.023367807269096375
evaluation-61292-tar-000,1,0.257276326417923
evaluation-61292-non-000,0,0.15956613421440125
evaluation-61410-tar-000,1,0.17947369813919067
evaluation-61410-non-000,0,0.10922782868146896
evaluation-61421-tar-000,1,0.14560924470424652
evaluation-61421-non-000,0,0.07222530245780945
evaluation-6163-tar-000,1,0.3427709639072418
evaluation-6163-non-000,0,0.2841840982437134
evaluation-61663-tar-000,1,0.11538681387901306
evaluation-61663-non-000,0,0.052560411393642426
evaluation-61712-tar-000,1,0.15492351353168488
evaluation-61712-non-000,0,0.09302282333374023
evaluation-61775-tar-000,1,0.22439837455749512
evaluation-61775-non-000,0,-0.1499527096748352
evaluation-61800-tar-000,1,0.08906975388526917
evaluation-61800-non-000,0,0.010192513465881348
evaluation-6186-tar-000,1,0.19131708145141602
evaluation-6186-non-000,0,0.23068886995315552
evaluation-6194-tar-000,1,-0.01380827184766531
evaluation-6194-non-000,0,-0.06894060969352722
evaluation-61979-tar-000,1,0.23862046003341675
evaluation-61979-non-000,0,0.07700322568416595
evaluation-62012-tar-000,1,0.221248060464859
evaluation-62012-non-000,0,0.11055038124322891
evaluation-6202-tar-000,1,0.163735494017601
evaluation-6202-non-000,0,0.08065666258335114
evaluation-62066-tar-000,1,0.016543559730052948
evaluation-62066-non-000,0,-0.054026778787374496
evaluation-62086-tar-000,1,0.012752829119563103
evaluation-62086-non-000,0,-0.020445026457309723
evaluation-6209-tar-000,1,0.042628828436136246
evaluation-6209-non-000,0,0.0690474808216095
evaluation-62138-tar-000,1,0.2946079969406128
evaluation-62138-non-000,0,0.17932938039302826
evaluation-62179-tar-000,1,0.21741339564323425
evaluation-62179-non-000,0,0.13624921441078186
evaluation-62223-tar-000,1,-0.01203450933098793
evaluation-62223-non-000,0,0.0033973045647144318
evaluation-62292-tar-000,1,-0.023514894768595695
evaluation-62292-non-000,0,-0.19676326215267181
evaluation-6231-tar-000,1,0.20731723308563232
evaluation-6231-non-000,0,0.29979151487350464
evaluation-62325-tar-000,1,0.044852063059806824
evaluation-62325-non-000,0,-0.05777902528643608
evaluation-62404-tar-000,1,0.15689826011657715
evaluation-62404-non-000,0,0.02145475149154663
evaluation-6246-tar-000,1,0.06374597549438477
evaluation-6246-non-000,0,0.003835677169263363
evaluation-62544-tar-000,1,0.42611750960350037
evaluation-62544-non-000,0,0.2071177363395691
evaluation-6257-tar-000,1,0.06451653689146042
evaluation-6257-non-000,0,0.0898866355419159
evaluation-62572-tar-000,1,-0.032723575830459595
evaluation-62572-non-000,0,-0.09867702424526215
evaluation-62660-tar-000,1,-0.08157320320606232
evaluation-62660-non-000,0,-0.057096127420663834
evaluation-62748-tar-000,1,0.18780383467674255
evaluation-62748-non-000,0,0.0065613314509391785
evaluation-6287-tar-000,1,0.4009128510951996
evaluation-6287-non-000,0,0.11177824437618256
evaluation-6292-tar-000,1,0.17262351512908936
evaluation-6292-non-000,0,0.15431782603263855
evaluation-6296-tar-000,1,0.07443386316299438
evaluation-6296-non-000,0,0.0514669343829155
evaluation-63077-tar-000,1,0.17894698679447174
evaluation-63077-non-000,0,0.12929895520210266
evaluation-6310-tar-000,1,-0.017455250024795532
evaluation-6310-non-000,0,0.08688627183437347
evaluation-63132-tar-000,1,-0.09466198831796646
evaluation-63132-non-000,0,-0.006222523283213377
evaluation-63138-tar-000,1,-0.04335876181721687
evaluation-63138-non-000,0,-0.09928430616855621
evaluation-63415-tar-000,1,-0.04718347638845444
evaluation-63415-non-000,0,-0.11698076128959656
evaluation-63478-tar-000,1,0.20465701818466187
evaluation-63478-non-000,0,-0.019065136089920998
evaluation-63536-tar-000,1,0.23110389709472656
evaluation-63536-non-000,0,0.2705497741699219
evaluation-6358-tar-000,1,0.01885106973350048
evaluation-6358-non-000,0,-0.12655143439769745
evaluation-6359-tar-000,1,0.08334324508905411
evaluation-6359-non-000,0,-0.019826680421829224
evaluation-63627-tar-000,1,0.17599713802337646
evaluation-63627-non-000,0,-0.027507558465003967
evaluation-63629-tar-000,1,0.15256965160369873
evaluation-63629-non-000,0,-0.011027896776795387
evaluation-63714-tar-000,1,0.29752588272094727
evaluation-63714-non-000,0,0.06608669459819794
evaluation-63739-tar-000,1,0.16909150779247284
evaluation-63739-non-000,0,-0.04414325952529907
evaluation-63805-tar-000,1,0.23017184436321259
evaluation-63805-non-000,0,0.06088259443640709
evaluation-63838-tar-000,1,0.17035596072673798
evaluation-63838-non-000,0,0.03722517192363739
evaluation-63852-tar-000,1,-0.21844513714313507
evaluation-63852-non-000,0,-0.08700785040855408
evaluation-63984-tar-000,1,-0.10807417333126068
evaluation-63984-non-000,0,-0.23420031368732452
evaluation-6401-tar-000,1,0.2143804430961609
evaluation-6401-non-000,0,0.13806182146072388
evaluation-64082-tar-000,1,0.10797566175460815
evaluation-64082-non-000,0,0.11999314278364182
evaluation-6410-tar-000,1,0.3665900230407715
evaluation-6410-non-000,0,0.442646324634552
evaluation-64291-tar-000,1,-0.022443408146500587
evaluation-64291-non-000,0,-0.030550915747880936
evaluation-64354-tar-000,1,0.047985583543777466
evaluation-64354-non-000,0,0.03245196491479874
evaluation-64431-tar-000,1,-0.07323197275400162
evaluation-64431-non-000,0,-0.05925871059298515
evaluation-64456-tar-000,1,0.26654052734375
evaluation-64456-non-000,0,0.12487465143203735
evaluation-64489-tar-000,1,0.08542638272047043
evaluation-64489-non-000,0,0.07724855095148087
evaluation-64494-tar-000,1,0.22553187608718872
evaluation-64494-non-000,0,-0.016563644632697105
evaluation-64541-tar-000,1,0.21998581290245056
evaluation-64541-non-000,0,0.08457472920417786
evaluation-64593-tar-000,1,0.2394271194934845
evaluation-64593-non-000,0,0.021889537572860718
evaluation-64626-tar-000,1,0.007598202675580978
evaluation-64626-non-000,0,-0.02078893780708313
evaluation-64747-tar-000,1,0.19769904017448425
evaluation-64747-non-000,0,0.11291162669658661
evaluation-6478-tar-000,1,-0.04812411218881607
evaluation-6478-non-000,0,0.0748758316040039
evaluation-6494-tar-000,1,0.20753970742225647
evaluation-6494-non-000,0,0.055323224514722824
evaluation-64961-tar-000,1,0.09507396072149277
evaluation-64961-non-000,0,0.019919272512197495
evaluation-64967-tar-000,1,0.16099148988723755
evaluation-64967-non-000,0,0.016564037650823593
evaluation-65079-tar-000,1,0.05796348303556442
evaluation-65079-non-000,0,-0.05293472483754158
evaluation-65159-tar-000,1,0.10865741968154907
evaluation-65159-non-000,0,-0.08574147522449493
evaluation-6527-tar-000,1,0.03811662644147873
evaluation-6527-non-000,0,0.009903110563755035
evaluation-65368-tar-000,1,-0.05824974179267883
evaluation-65368-non-000,0,-0.11659340560436249
evaluation-65404-tar-000,1,-0.1406029313802719
evaluation-65404-non-000,0,-0.13198992609977722
evaluation-65423-tar-000,1,0.2992725968360901
evaluation-65423-non-000,0,0.31120193004608154
evaluation-65511-tar-000,1,0.2578466534614563
evaluation-65511-non-000,0,-0.09100498259067535
evaluation-65513-tar-000,1,-0.15708673000335693
evaluation-65513-non-000,0,-0.22369250655174255
evaluation-6552-tar-000,1,-0.059181105345487595
evaluation-6552-non-000,0,-0.15582582354545593
evaluation-65538-tar-000,1,0.143943652510643
evaluation-65538-non-000,0,0.039071787148714066
evaluation-65541-tar-000,1,0.05813593044877052
evaluation-65541-non-000,0,-0.06380265951156616
evaluation-65761-tar-000,1,0.08899786323308945
evaluation-65761-non-000,0,-0.10374775528907776
evaluation-65807-tar-000,1,0.06672408431768417
evaluation-65807-non-000,0,-0.020536115393042564
evaluation-65868-tar-000,1,-0.17496392130851746
evaluation-65868-non-000,0,-0.14620308578014374
evaluation-65945-tar-000,1,-0.00010401848703622818
evaluation-65945-non-000,0,0.06326253712177277
evaluation-6595-tar-000,1,0.11153478175401688
evaluation-6595-non-000,0,-0.009025920182466507
evaluation-65986-tar-000,1,-0.009135355241596699
evaluation-65986-non-000,0,-0.09663766622543335
evaluation-66002-tar-000,1,0.15931153297424316
evaluation-66002-non-000,0,-0.004189059138298035
evaluation-66030-tar-000,1,0.14972223341464996
evaluation-66030-non-000,0,0.042086612433195114
evaluation-66230-tar-000,1,0.2549099326133728
evaluation-66230-non-000,0,0.1543746143579483
evaluation-6625-tar-000,1,0.1804490089416504
evaluation-6625-non-000,0,-0.03277120739221573
evaluation-6634-tar-000,1,0.018551960587501526
evaluation-6634-non-000,0,-0.04991861432790756
evaluation-66436-tar-000,1,0.31336599588394165
evaluation-66436-non-000,0,0.012635648250579834
evaluation-66466-tar-000,1,0.11983278393745422
evaluation-66466-non-000,0,0.038944996893405914
evaluation-66508-tar-000,1,0.15702494978904724
evaluation-66508-non-000,0,0.018204523250460625
evaluation-6661-tar-000,1,0.04892449453473091
evaluation-6661-non-000,0,-0.07420063763856888
evaluation-66749-tar-000,1,0.08825034648180008
evaluation-66749-non-000,0,-0.029631957411766052
evaluation-66782-tar-000,1,0.03413912281394005
evaluation-66782-non-000,0,0.17987579107284546
evaluation-6682-tar-000,1,-0.09162259101867676
evaluation-6682-non-000,0,-0.07031525671482086
evaluation-66944-tar-000,1,0.060297220945358276
evaluation-66944-non-000,0,0.08658406883478165
evaluation-67057-tar-000,1,0.07445015758275986
evaluation-67057-non-000,0,-0.07169308513402939
evaluation-67087-tar-000,1,0.15931342542171478
evaluation-67087-non-000,0,0.09950248152017593
evaluation-67137-tar-000,1,0.0848938375711441
evaluation-67137-non-000,0,0.21146641671657562
evaluation-67288-tar-000,1,0.030845802277326584
evaluation-67288-non-000,0,0.09588846564292908
evaluation-6731-tar-000,1,0.19171270728111267
evaluation-6731-non-000,0,0.03624292463064194
evaluation-67370-tar-000,1,0.09529951959848404
evaluation-67370-non-000,0,-0.123565174639225
evaluation-67488-tar-000,1,0.07358269393444061
evaluation-67488-non-000,0,0.06389456987380981
evaluation-6749-tar-000,1,0.10894431173801422
evaluation-6749-non-000,0,0.013864520937204361
evaluation-67521-tar-000,1,0.11169477552175522
evaluation-67521-non-000,0,0.03367899730801582
evaluation-67529-tar-000,1,0.1681038737297058
evaluation-67529-non-000,0,0.06795158982276917
evaluation-67538-tar-000,1,0.09898466616868973
evaluation-67538-non-000,0,0.07595663517713547
evaluation-67686-tar-000,1,-0.18838702142238617
evaluation-67686-non-000,0,-0.18463635444641113
evaluation-67697-tar-000,1,-0.009187091141939163
evaluation-67697-non-000,0,0.12548500299453735
evaluation-67859-tar-000,1,0.03241227567195892
evaluation-67859-non-000,0,0.023121818900108337
evaluation-6789-tar-000,1,0.15723919868469238
evaluation-6789-non-000,0,0.04472137242555618
evaluation-67991-tar-000,1,0.17990951240062714
evaluation-67991-non-000,0,0.08018017560243607
evaluation-68068-tar-000,1,0.002400137484073639
evaluation-68068-non-000,0,-0.04384544491767883
evaluation-68131-tar-000,1,0.18306994438171387
evaluation-68131-non-000,0,0.053603414446115494
evaluation-6818-tar-000,1,0.09196951985359192
evaluation-6818-non-000,0,-0.019938472658395767
evaluation-68227-tar-000,1,0.0528809018433094
evaluation-68227-non-000,0,-0.20158828794956207
evaluation-68268-tar-000,1,0.0861579179763794
evaluation-68268-non-000,0,-0.04672323539853096
evaluation-68334-tar-000,1,0.05219601094722748
evaluation-68334-non-000,0,0.049789972603321075
evaluation-68378-tar-000,1,-0.03026125766336918
evaluation-68378-non-000,0,0.09913451969623566
evaluation-68430-tar-000,1,-0.013312145136296749
evaluation-68430-non-000,0,-0.02595629170536995
evaluation-68785-tar-000,1,-0.020838793367147446
evaluation-68785-non-000,0,-0.1890556514263153
evaluation-68886-tar-000,1,0.1750764548778534
evaluation-68886-non-000,0,-0.010479506105184555
evaluation-68908-tar-000,1,0.045179322361946106
evaluation-68908-non-000,0,0.053927794098854065
evaluation-6898-tar-000,1,0.17259392142295837
evaluation-6898-non-000,0,0.07144470512866974
evaluation-69035-tar-000,1,0.20980027318000793
evaluation-69035-non-000,0,0.11870072782039642
evaluation-69087-tar-000,1,0.017995160073041916
evaluation-69087-non-000,0,-0.08875855803489685
evaluation-69155-tar-000,1,0.07448659092187881
evaluation-69155-non-000,0,-0.12255275994539261
evaluation-69166-tar-000,1,0.028737735003232956
evaluation-69166-non-000,0,-0.11759059876203537
evaluation-69169-tar-000,1,0.47200825810432434
evaluation-69169-non-000,0,0.20745539665222168
evaluation-69235-tar-000,1,0.24597950279712677
evaluation-69235-non-000,0,0.012349633499979973
evaluation-69279-tar-000,1,0.07467250525951385
evaluation-69279-non-000,0,-0.03603474050760269
evaluation-69315-tar-000,1,0.07711594551801682
evaluation-69315-non-000,0,-0.10438042879104614
evaluation-6932-tar-000,1,0.1642616242170334
evaluation-6932-non-000,0,0.07524049282073975
evaluation-69361-tar-000,1,0.08397436887025833
evaluation-69361-non-000,0,0.0882602110505104
evaluation-69425-tar-000,1,0.09161829948425293
evaluation-69425-non-000,0,-0.0023432038724422455
evaluation-69526-tar-000,1,-0.06235141679644585
evaluation-69526-non-000,0,-0.14618241786956787
evaluation-69529-tar-000,1,0.012613574974238873
evaluation-69529-non-000,0,-0.08661918342113495
evaluation-6957-tar-000,1,0.37793225049972534
evaluation-6957-non-000,0,0.23863306641578674
evaluation-69573-tar-000,1,0.3077886402606964
evaluation-69573-non-000,0,0.23209716379642487
evaluation-69617-tar-000,1,-0.05592960864305496
evaluation-69617-non-000,0,-0.10363198816776276
evaluation-69672-tar-000,1,0.13352757692337036
evaluation-69672-non-000,0,0.11303966492414474
evaluation-69724-tar-000,1,0.1703486293554306
evaluation-69724-non-000,0,-0.020320400595664978
evaluation-69848-tar-000,1,0.20134317874908447
evaluation-69848-non-000,0,0.19657641649246216
evaluation-69927-tar-000,1,0.07553978264331818
evaluation-69927-non-000,0,0.013672364875674248
evaluation-6993-tar-000,1,0.12832503020763397
evaluation-6993-non-000,0,0.09139218926429749
evaluation-6994-tar-000,1,0.037827715277671814
evaluation-6994-non-000,0,0.0465267188847065
evaluation-7006-tar-000,1,0.3849850594997406
evaluation-7006-non-000,0,0.22469496726989746
evaluation-70130-tar-000,1,0.011369828134775162
evaluation-70130-non-000,0,-0.01237158477306366
evaluation-70169-tar-000,1,0.1326041966676712
evaluation-70169-non-000,0,0.13040375709533691
evaluation-70191-tar-000,1,0.18907193839550018
evaluation-70191-non-000,0,0.13692408800125122
evaluation-7029-tar-000,1,0.3080298900604248
evaluation-7029-non-000,0,0.09064944088459015
evaluation-70290-tar-000,1,0.06781257688999176
evaluation-70290-non-000,0,-0.06563761085271835
evaluation-70320-tar-000,1,0.09670350700616837
evaluation-70320-non-000,0,-0.039269328117370605
evaluation-70347-tar-000,1,0.19438277184963226
evaluation-70347-non-000,0,0.16233643889427185
evaluation-7036-tar-000,1,0.12067285180091858
evaluation-7036-non-000,0,-0.03146661818027496
evaluation-70501-tar-000,1,0.2963772416114807
evaluation-70501-non-000,0,0.15296629071235657
evaluation-7055-tar-000,1,0.254757285118103
evaluation-7055-non-000,0,0.19343209266662598
evaluation-70592-tar-000,1,0.18943896889686584
evaluation-70592-non-000,0,0.1916961967945099
evaluation-70641-tar-000,1,0.2654743790626526
evaluation-70641-non-000,0,0.1683681607246399
evaluation-70671-tar-000,1,0.08185117691755295
evaluation-70671-non-000,0,-0.038066715002059937
evaluation-7077-tar-000,1,-0.01767609640955925
evaluation-7077-non-000,0,-0.09368197619915009
evaluation-7078-tar-000,1,0.06585605442523956
evaluation-7078-non-000,0,-0.003208629786968231
evaluation-70781-tar-000,1,0.2787981629371643
evaluation-70781-non-000,0,0.09357201308012009
evaluation-70801-tar-000,1,-0.004746057093143463
evaluation-70801-non-000,0,0.05866406857967377
evaluation-7092-tar-000,1,0.21897336840629578
evaluation-7092-non-000,0,0.18856015801429749
evaluation-70952-tar-000,1,0.11398741602897644
evaluation-70952-non-000,0,0.11297237128019333
evaluation-71001-tar-000,1,0.02819056250154972
evaluation-71001-non-000,0,-0.14999276399612427
evaluation-71015-tar-000,1,0.16086812317371368
evaluation-71015-non-000,0,-0.08517740666866302
evaluation-71042-tar-000,1,0.16540247201919556
evaluation-71042-non-000,0,0.17909984290599823
evaluation-7108-tar-000,1,0.06527242064476013
evaluation-7108-non-000,0,-0.11324556916952133
evaluation-7123-tar-000,1,-0.007373711094260216
evaluation-7123-non-000,0,-0.08649396151304245
evaluation-71300-tar-000,1,0.17904824018478394
evaluation-71300-non-000,0,0.004090392962098122
evaluation-7131-tar-000,1,0.2116677463054657
evaluation-7131-non-000,0,-0.13640326261520386
evaluation-7140-tar-000,1,0.12298399955034256
evaluation-7140-non-000,0,0.03139884024858475
evaluation-71402-tar-000,1,0.04551718384027481
evaluation-71402-non-000,0,-0.10086759179830551
evaluation-71441-tar-000,1,0.06992969661951065
evaluation-71441-non-000,0,0.070714071393013
evaluation-71457-tar-000,1,-0.05612405389547348
evaluation-71457-non-000,0,0.08608086407184601
evaluation-7149-tar-000,1,0.23556938767433167
evaluation-7149-non-000,0,0.06643149256706238
evaluation-71528-tar-000,1,0.43240034580230713
evaluation-71528-non-000,0,0.3646085858345032
evaluation-71594-tar-000,1,0.08977225422859192
evaluation-71594-non-000,0,-0.18253442645072937
evaluation-7174-tar-000,1,0.2319616973400116
evaluation-7174-non-000,0,0.18546375632286072
evaluation-7177-tar-000,1,-0.11191627383232117
evaluation-7177-non-000,0,-0.10477247089147568
evaluation-71798-tar-000,1,0.16111522912979126
evaluation-71798-non-000,0,0.07261083275079727
evaluation-71839-tar-000,1,0.1477716863155365
evaluation-71839-non-000,0,0.18369680643081665
evaluation-71924-tar-000,1,0.07890680432319641
evaluation-71924-non-000,0,-0.13697025179862976
evaluation-72009-tar-000,1,0.09656353294849396
evaluation-72009-non-000,0,-0.00781026016920805
evaluation-72017-tar-000,1,0.06652326136827469
evaluation-72017-non-000,0,-0.03744369372725487
evaluation-72078-tar-000,1,0.1889428049325943
evaluation-72078-non-000,0,0.021331042051315308
evaluation-7211-tar-000,1,0.15278664231300354
evaluation-7211-non-000,0,0.017834141850471497
evaluation-7214-tar-000,1,0.25412505865097046
evaluation-7214-non-000,0,0.059998493641614914
evaluation-72182-tar-000,1,0.10097315162420273
evaluation-72182-non-000,0,0.01583358272910118
evaluation-72221-tar-000,1,0.2393159419298172
evaluation-72221-non-000,0,0.1956499218940735
evaluation-7225-tar-000,1,0.03735939413309097
evaluation-7225-non-000,0,-0.10639581084251404
evaluation-72267-tar-000,1,0.2583548426628113
evaluation-72267-non-000,0,0.07171489298343658
evaluation-7228-tar-000,1,0.08040568232536316
evaluation-7228-non-000,0,-0.1630561351776123
evaluation-72328-tar-000,1,0.5052889585494995
evaluation-72328-non-000,0,0.3495827913284302
evaluation-72355-tar-000,1,0.06590991467237473
evaluation-72355-non-000,0,-0.021447405219078064
evaluation-72531-tar-000,1,-0.01596955582499504
evaluation-72531-non-000,0,0.01530429720878601
evaluation-7259-tar-000,1,0.1318739652633667
evaluation-7259-non-000,0,0.041813984513282776
evaluation-72646-tar-000,1,0.3742818832397461
evaluation-72646-non-000,0,0.16758382320404053
evaluation-72685-tar-000,1,0.07475884258747101
evaluation-72685-non-000,0,-0.018062874674797058
evaluation-72718-tar-000,1,0.24214938282966614
evaluation-72718-non-000,0,0.18078285455703735
evaluation-72731-tar-000,1,0.2004229724407196
evaluation-72731-non-000,0,0.144650399684906
evaluation-72800-tar-000,1,0.022605959326028824
evaluation-72800-non-000,0,-0.09686317294836044
evaluation-7285-tar-000,1,0.2625653147697449
evaluation-7285-non-000,0,0.2022663950920105
evaluation-7290-tar-000,1,0.1500929892063141
evaluation-7290-non-000,0,0.019317686557769775
evaluation-7302-tar-000,1,0.36337143182754517
evaluation-7302-non-000,0,0.2506864666938782
evaluation-73086-tar-000,1,0.2776000499725342
evaluation-73086-non-000,0,0.0373070128262043
evaluation-7314-tar-000,1,0.18219532072544098
evaluation-7314-non-000,0,0.0625922679901123
evaluation-73366-tar-000,1,-0.1485416740179062
evaluation-73366-non-000,0,-0.13408705592155457
evaluation-73396-tar-000,1,-0.13155415654182434
evaluation-73396-non-000,0,-0.16226240992546082
evaluation-7343-tar-000,1,0.09709961712360382
evaluation-7343-non-000,0,0.08221709728240967
evaluation-73465-tar-000,1,0.10226722806692123
evaluation-73465-non-000,0,0.029052970930933952
evaluation-7350-tar-000,1,-0.1660076379776001
evaluation-7350-non-000,0,-0.2190397083759308
evaluation-7353-tar-000,1,0.04599013924598694
evaluation-7353-non-000,0,-0.08715128153562546
evaluation-7354-tar-000,1,-0.0597604364156723
evaluation-7354-non-000,0,-0.1110181212425232
evaluation-73660-tar-000,1,0.33748239278793335
evaluation-73660-non-000,0,0.13702136278152466
evaluation-73814-tar-000,1,0.24455112218856812
evaluation-73814-non-000,0,0.1940077692270279
evaluation-73858-tar-000,1,-0.0523466020822525
evaluation-73858-non-000,0,-0.04340879246592522
evaluation-73923-tar-000,1,0.07802166044712067
evaluation-73923-non-000,0,0.10440094769001007
evaluation-73995-tar-000,1,0.15566374361515045
evaluation-73995-non-000,0,0.060830745846033096
evaluation-74014-tar-000,1,0.17366638779640198
evaluation-74014-non-000,0,-0.035947464406490326
evaluation-74028-tar-000,1,0.2591157853603363
evaluation-74028-non-000,0,0.19649909436702728
evaluation-74033-tar-000,1,0.2765413224697113
evaluation-74033-non-000,0,0.10215237736701965
evaluation-7406-tar-000,1,0.08841652423143387
evaluation-7406-non-000,0,-0.02992495521903038
evaluation-7408-tar-000,1,0.20204195380210876
evaluation-7408-non-000,0,0.06352915614843369
evaluation-74110-tar-000,1,-0.012159828096628189
evaluation-74110-non-000,0,-0.007069199811667204
evaluation-74179-tar-000,1,0.20438523590564728
evaluation-74179-non-000,0,0.1282108575105667
evaluation-74195-tar-000,1,0.03352907672524452
evaluation-74195-non-000,0,-0.04045002907514572
evaluation-74234-tar-000,1,0.035703398287296295
evaluation-74234-non-000,0,-0.12741295993328094
evaluation-74250-tar-000,1,0.1325170397758484
evaluation-74250-non-000,0,0.18074914813041687
evaluation-7428-tar-000,1,0.2562493681907654
evaluation-7428-non-000,0,0.07259335368871689
evaluation-74324-tar-000,1,0.05349511653184891
evaluation-74324-non-000,0,-0.097116619348526
evaluation-74335-tar-000,1,0.230790376663208
evaluation-74335-non-000,0,0.13267658650875092
evaluation-74357-tar-000,1,0.16805507242679596
evaluation-74357-non-000,0,0.12644562125205994
evaluation-7438-tar-000,1,-0.17838063836097717
evaluation-7438-non-000,0,-0.19756710529327393
evaluation-74388-tar-000,1,0.0701390877366066
evaluation-74388-non-000,0,-0.003704981878399849
evaluation-74481-tar-000,1,0.2800091803073883
evaluation-74481-non-000,0,0.2376542091369629
evaluation-74599-tar-000,1,0.06872064620256424
evaluation-74599-non-000,0,0.10286910086870193
evaluation-74720-tar-000,1,0.0646030455827713
evaluation-74720-non-000,0,0.08182578533887863
evaluation-74745-tar-000,1,0.06556784361600876
evaluation-74745-non-000,0,0.12503141164779663
evaluation-74783-tar-000,1,0.1813395917415619
evaluation-74783-non-000,0,-0.090053491294384
evaluation-74953-tar-000,1,0.1428186148405075
evaluation-74953-non-000,0,-0.008358724415302277
evaluation-7500-tar-000,1,0.17110326886177063
evaluation-7500-non-000,0,0.11254251003265381
evaluation-75011-tar-000,1,0.09578554332256317
evaluation-75011-non-000,0,-0.0019462984055280685
evaluation-7511-tar-000,1,0.10095249861478806
evaluation-7511-non-000,0,0.06539333611726761
evaluation-75157-tar-000,1,0.21695075929164886
evaluation-75157-non-000,0,0.13152964413166046
evaluation-7516-tar-000,1,0.34006476402282715
evaluation-7516-non-000,0,0.21674707531929016
evaluation-75176-tar-000,1,0.40684637427330017
evaluation-75176-non-000,0,0.3182697296142578
evaluation-75192-tar-000,1,0.12511861324310303
evaluation-75192-non-000,0,0.14932455122470856
evaluation-7536-tar-000,1,0.21736307442188263
evaluation-7536-non-000,0,0.09691254049539566
evaluation-7544-tar-000,1,0.20907962322235107
evaluation-7544-non-000,0,0.09153401106595993
evaluation-75442-tar-000,1,0.13649070262908936
evaluation-75442-non-000,0,-0.019415855407714844
evaluation-75448-tar-000,1,0.10846628993749619
evaluation-75448-non-000,0,-0.013378070667386055
evaluation-75451-tar-000,1,0.1993027925491333
evaluation-75451-non-000,0,0.15190282464027405
evaluation-75555-tar-000,1,0.24878084659576416
evaluation-75555-non-000,0,0.06796582788228989
evaluation-75690-tar-000,1,0.01981699839234352
evaluation-75690-non-000,0,-0.006561027839779854
evaluation-75753-tar-000,1,0.08193878829479218
evaluation-75753-non-000,0,0.061681218445301056
evaluation-75802-tar-000,1,-0.0094608748331666
evaluation-75802-non-000,0,0.031144753098487854
evaluation-75849-tar-000,1,0.13870416581630707
evaluation-75849-non-000,0,0.1372789442539215
evaluation-75860-tar-000,1,0.1038370281457901
evaluation-75860-non-000,0,-0.04890291020274162
evaluation-75874-tar-000,1,0.05460694804787636
evaluation-75874-non-000,0,-0.05732538551092148
evaluation-75945-tar-000,1,0.0411689467728138
evaluation-75945-non-000,0,-0.0008152872323989868
evaluation-7604-tar-000,1,0.049405910074710846
evaluation-7604-non-000,0,-0.11677870154380798
evaluation-76085-tar-000,1,0.01795220747590065
evaluation-76085-non-000,0,0.06957119703292847
evaluation-76101-tar-000,1,0.19563378393650055
evaluation-76101-non-000,0,0.26406800746917725
evaluation-7617-tar-000,1,-0.261862576007843
evaluation-7617-non-000,0,-0.3094976544380188
evaluation-76192-tar-000,1,-0.09369552135467529
evaluation-76192-non-000,0,-0.1817418932914734
evaluation-76247-tar-000,1,-0.01223982498049736
evaluation-76247-non-000,0,-0.04036358743906021
evaluation-76299-tar-000,1,0.08521680533885956
evaluation-76299-non-000,0,0.06149362772703171
evaluation-76420-tar-000,1,0.17863620817661285
evaluation-76420-non-000,0,0.1744997203350067
evaluation-7645-tar-000,1,-0.015340282581746578
evaluation-7645-non-000,0,-0.10671405494213104
evaluation-76453-tar-000,1,0.09099943190813065
evaluation-76453-non-000,0,-0.05863748490810394
evaluation-7646-tar-000,1,0.21167339384555817
evaluation-7646-non-000,0,0.060103319585323334
evaluation-7654-tar-000,1,0.3661057949066162
evaluation-7654-non-000,0,0.2848193049430847
evaluation-7655-tar-000,1,0.2208392322063446
evaluation-7655-non-000,0,0.09079468995332718
evaluation-76585-tar-000,1,0.1852828413248062
evaluation-76585-non-000,0,0.15189923346042633
evaluation-76695-tar-000,1,-0.0034896135330200195
evaluation-76695-non-000,0,0.04247232526540756
evaluation-76719-tar-000,1,0.013395853340625763
evaluation-76719-non-000,0,-0.061395883560180664
evaluation-76725-tar-000,1,-0.017581332474946976
evaluation-76725-non-000,0,-0.1084141880273819
evaluation-7679-tar-000,1,0.06337429583072662
evaluation-7679-non-000,0,0.2116512656211853
evaluation-76862-tar-000,1,0.06507585942745209
evaluation-76862-non-000,0,-0.006757538765668869
evaluation-77101-tar-000,1,0.21699045598506927
evaluation-77101-non-000,0,0.06572043895721436
evaluation-7712-tar-000,1,0.06925059854984283
evaluation-7712-non-000,0,0.0729721337556839
evaluation-77175-tar-000,1,0.16809232532978058
evaluation-77175-non-000,0,0.2025386393070221
evaluation-7721-tar-000,1,0.06238290295004845
evaluation-7721-non-000,0,0.12308911979198456
evaluation-7726-tar-000,1,0.20653744041919708
evaluation-7726-non-000,0,0.24101723730564117
evaluation-7728-tar-000,1,0.035033807158470154
evaluation-7728-non-000,0,-0.038514263927936554
evaluation-7735-tar-000,1,0.05044930428266525
evaluation-7735-non-000,0,-0.014191566035151482
evaluation-77351-tar-000,1,0.288333535194397
evaluation-77351-non-000,0,0.17862699925899506
evaluation-77376-tar-000,1,-0.12949605286121368
evaluation-77376-non-000,0,-0.16145020723342896
evaluation-77486-tar-000,1,0.3722881078720093
evaluation-77486-non-000,0,0.3047243356704712
evaluation-7750-tar-000,1,-0.07383858412504196
evaluation-7750-non-000,0,-0.12621217966079712
evaluation-77571-tar-000,1,0.0703011304140091
evaluation-77571-non-000,0,-0.051678791642189026
evaluation-77656-tar-000,1,0.04278728738427162
evaluation-77656-non-000,0,-0.07511133700609207
evaluation-77851-tar-000,1,-0.0665331557393074
evaluation-77851-non-000,0,-0.145803302526474
evaluation-77854-tar-000,1,0.1502414345741272
evaluation-77854-non-000,0,0.04924703389406204
evaluation-77879-tar-000,1,0.13742394745349884
evaluation-77879-non-000,0,0.0629432424902916
evaluation-7789-tar-000,1,-0.13564050197601318
evaluation-7789-non-000,0,-0.033309079706668854
evaluation-7790-tar-000,1,-0.09656957536935806
evaluation-7790-non-000,0,-0.061237797141075134
evaluation-7810-tar-000,1,0.050292812287807465
evaluation-7810-non-000,0,-0.11319750547409058
evaluation-78247-tar-000,1,0.29083091020584106
evaluation-78247-non-000,0,0.13358372449874878
evaluation-78249-tar-000,1,0.32902878522872925
evaluation-78249-non-000,0,0.22269712388515472
evaluation-7827-tar-000,1,0.1535761058330536
evaluation-7827-non-000,0,0.047347232699394226
evaluation-78370-tar-000,1,0.19649307429790497
evaluation-78370-non-000,0,0.20731447637081146
evaluation-78400-tar-000,1,0.16519707441329956
evaluation-78400-non-000,0,0.06340260803699493
evaluation-78436-tar-000,1,0.2128606140613556
evaluation-78436-non-000,0,0.09330084919929504
evaluation-78444-tar-000,1,0.16553601622581482
evaluation-78444-non-000,0,0.12307396531105042
evaluation-7846-tar-000,1,0.06472210586071014
evaluation-7846-non-000,0,-0.09970667958259583
evaluation-7848-tar-000,1,0.13834655284881592
evaluation-7848-non-000,0,0.1333184391260147
evaluation-7849-tar-000,1,0.0766223669052124
evaluation-7849-non-000,0,0.041465550661087036
evaluation-78540-tar-000,1,0.12888965010643005
evaluation-78540-non-000,0,0.057709887623786926
evaluation-78571-tar-000,1,0.010680267587304115
evaluation-78571-non-000,0,-0.01522030495107174
evaluation-78576-tar-000,1,0.06944573670625687
evaluation-78576-non-000,0,0.0022728554904460907
evaluation-78584-tar-000,1,0.01837906800210476
evaluation-78584-non-000,0,-0.04219653457403183
evaluation-78615-tar-000,1,-0.08806820213794708
evaluation-78615-non-000,0,-0.07019595056772232
evaluation-78675-tar-000,1,0.2680516839027405
evaluation-78675-non-000,0,0.02517583593726158
evaluation-78752-tar-000,1,0.29106655716896057
evaluation-78752-non-000,0,0.22290799021720886
evaluation-7878-tar-000,1,0.27649053931236267
evaluation-7878-non-000,0,0.18199683725833893
evaluation-78782-tar-000,1,0.12315753102302551
evaluation-78782-non-000,0,-0.05997562035918236
evaluation-78815-tar-000,1,-0.008583329617977142
evaluation-78815-non-000,0,-0.09209387004375458
evaluation-78826-tar-000,1,-0.06914739310741425
evaluation-78826-non-000,0,-0.06434780359268188
evaluation-78887-tar-000,1,0.1388724446296692
evaluation-78887-non-000,0,0.10979758948087692
evaluation-78963-tar-000,1,-0.04223769158124924
evaluation-78963-non-000,0,-0.19968830049037933
evaluation-78972-tar-000,1,0.001727122813463211
evaluation-78972-non-000,0,-0.10852627456188202
evaluation-79095-tar-000,1,-0.18949660658836365
evaluation-79095-non-000,0,-0.18385550379753113
evaluation-79255-tar-000,1,0.1164308711886406
evaluation-79255-non-000,0,0.10185311734676361
evaluation-79474-tar-000,1,0.26836398243904114
evaluation-79474-non-000,0,0.15239083766937256
evaluation-79521-tar-000,1,0.08484987169504166
evaluation-79521-non-000,0,-0.23532143235206604
evaluation-79581-tar-000,1,-0.04768599569797516
evaluation-79581-non-000,0,-0.19362179934978485
evaluation-7964-tar-000,1,0.15618827939033508
evaluation-7964-non-000,0,0.06726869940757751
evaluation-7972-tar-000,1,0.10802827775478363
evaluation-7972-non-000,0,-0.07407921552658081
evaluation-79776-tar-000,1,0.048594146966934204
evaluation-79776-non-000,0,0.051905736327171326
evaluation-79798-tar-000,1,-0.11794596910476685
evaluation-79798-non-000,0,-0.12734879553318024
evaluation-79807-tar-000,1,-0.027061957865953445
evaluation-79807-non-000,0,-0.2016790211200714
evaluation-7983-tar-000,1,-0.06383770704269409
evaluation-7983-non-000,0,-0.15703701972961426
evaluation-79843-tar-000,1,0.07035257667303085
evaluation-79843-non-000,0,0.14444227516651154
evaluation-7989-tar-000,1,-0.08853449672460556
evaluation-7989-non-000,0,-0.010462440550327301
evaluation-79980-tar-000,1,0.11930958926677704
evaluation-79980-non-000,0,0.10369009524583817
evaluation-79991-tar-000,1,0.134316086769104
evaluation-79991-non-000,0,-0.054207693785429
evaluation-80153-tar-000,1,0.04391011223196983
evaluation-80153-non-000,0,-0.03567546233534813
evaluation-80180-tar-000,1,0.14418941736221313
evaluation-80180-non-000,0,-0.06084684282541275
evaluation-8019-tar-000,1,0.1829894781112671
evaluation-8019-non-000,0,0.14242957532405853
evaluation-80210-tar-000,1,0.19181793928146362
evaluation-80210-non-000,0,0.02873903512954712
evaluation-80221-tar-000,1,-0.04904618486762047
evaluation-80221-non-000,0,-0.058353256434202194
evaluation-8023-tar-000,1,-0.05618230253458023
evaluation-8023-non-000,0,-0.21584415435791016
evaluation-8027-tar-000,1,0.018536658957600594
evaluation-8027-non-000,0,0.030900266021490097
evaluation-8028-tar-000,1,0.022514209151268005
evaluation-8028-non-000,0,-0.16638457775115967
evaluation-80353-tar-000,1,0.00027904659509658813
evaluation-80353-non-000,0,0.019519392400979996
evaluation-8041-tar-000,1,0.23549875617027283
evaluation-8041-non-000,0,0.2972840666770935
evaluation-80449-tar-000,1,0.003855038434267044
evaluation-80449-non-000,0,-0.10585304349660873
evaluation-80504-tar-000,1,0.025675354525446892
evaluation-80504-non-000,0,0.007521824911236763
evaluation-8068-tar-000,1,0.23899643123149872
evaluation-8068-non-000,0,0.15821024775505066
evaluation-80710-tar-000,1,0.02540476620197296
evaluation-80710-non-000,0,-0.03692687675356865
evaluation-80773-tar-000,1,-0.023228580132126808
evaluation-80773-non-000,0,-0.03919018432497978
evaluation-80793-tar-000,1,0.2082921862602234
evaluation-80793-non-000,0,0.1723867803812027
evaluation-80798-tar-000,1,0.18882104754447937
evaluation-80798-non-000,0,0.1432766616344452
evaluation-80806-tar-000,1,0.09575393795967102
evaluation-80806-non-000,0,0.07250449806451797
evaluation-80900-tar-000,1,0.18555901944637299
evaluation-80900-non-000,0,0.06619783490896225
evaluation-80935-tar-000,1,0.19135715067386627
evaluation-80935-non-000,0,-0.012147078290581703
evaluation-80938-tar-000,1,-0.0024508684873580933
evaluation-80938-non-000,0,0.014081895351409912
evaluation-8097-tar-000,1,0.09252943843603134
evaluation-8097-non-000,0,0.01865563541650772
evaluation-81034-tar-000,1,0.09841687977313995
evaluation-81034-non-000,0,0.10114726424217224
evaluation-81103-tar-000,1,0.025492917746305466
evaluation-81103-non-000,0,-0.06830844283103943
evaluation-81106-tar-000,1,0.19843685626983643
evaluation-81106-non-000,0,-0.001420672982931137
evaluation-81111-tar-000,1,-0.08960482478141785
evaluation-81111-non-000,0,-0.12757755815982819
evaluation-81119-tar-000,1,0.026111338287591934
evaluation-81119-non-000,0,-0.053517185151576996
evaluation-81128-tar-000,1,0.07205754518508911
evaluation-81128-non-000,0,0.040479306131601334
evaluation-81174-tar-000,1,-0.16039516031742096
evaluation-81174-non-000,0,-0.23433750867843628
evaluation-81271-tar-000,1,0.04213754087686539
evaluation-81271-non-000,0,0.01298241876065731
evaluation-81276-tar-000,1,0.19811539351940155
evaluation-81276-non-000,0,0.15145760774612427
evaluation-81309-tar-000,1,-0.04148687794804573
evaluation-81309-non-000,0,-0.11474540084600449
evaluation-8143-tar-000,1,0.17158980667591095
evaluation-8143-non-000,0,0.09757993370294571
evaluation-81441-tar-000,1,-0.013426955789327621
evaluation-81441-non-000,0,-0.1383870393037796
evaluation-81455-tar-000,1,0.34191185235977173
evaluation-81455-non-000,0,-0.058708205819129944
evaluation-81823-tar-000,1,0.09762764722108841
evaluation-81823-non-000,0,0.009362861514091492
evaluation-8185-tar-000,1,-0.07660093903541565
evaluation-8185-non-000,0,0.02382795512676239
evaluation-81858-tar-000,1,0.3412186801433563
evaluation-81858-non-000,0,0.3053162693977356
evaluation-8191-tar-000,1,0.08258397877216339
evaluation-8191-non-000,0,-0.001780979335308075
evaluation-81913-tar-000,1,0.2370779812335968
evaluation-81913-non-000,0,0.14543086290359497
evaluation-81963-tar-000,1,0.12099024653434753
evaluation-81963-non-000,0,0.07707444578409195
evaluation-8203-tar-000,1,-0.010982338339090347
evaluation-8203-non-000,0,0.027772020548582077
evaluation-82040-tar-000,1,0.2676317095756531
evaluation-82040-non-000,0,0.03874705359339714
evaluation-8210-tar-000,1,0.3520972728729248
evaluation-8210-non-000,0,0.3036348521709442
evaluation-8215-tar-000,1,0.08004070818424225
evaluation-8215-non-000,0,-0.011766152456402779
evaluation-8216-tar-000,1,0.0023525822907686234
evaluation-8216-non-000,0,-0.1983163058757782
evaluation-8219-tar-000,1,0.13386259973049164
evaluation-8219-non-000,0,-0.04086218774318695
evaluation-82273-tar-000,1,0.028625110164284706
evaluation-82273-non-000,0,-0.14838315546512604
evaluation-82342-tar-000,1,0.18732032179832458
evaluation-82342-non-000,0,0.055379681289196014
evaluation-8236-tar-000,1,0.1765730082988739
evaluation-8236-non-000,0,0.05266471579670906
evaluation-82421-tar-000,1,0.30967825651168823
evaluation-82421-non-000,0,0.2946864366531372
evaluation-82603-tar-000,1,0.0067773498594760895
evaluation-82603-non-000,0,-0.1020161360502243
evaluation-82641-tar-000,1,0.22744494676589966
evaluation-82641-non-000,0,0.06782351434230804
evaluation-82842-tar-000,1,0.23582281172275543
evaluation-82842-non-000,0,0.23564645648002625
evaluation-82847-tar-000,1,0.0248583871871233
evaluation-82847-non-000,0,0.07927073538303375
evaluation-8299-tar-000,1,0.11123645305633545
evaluation-8299-non-000,0,-0.0508410669863224
evaluation-83006-tar-000,1,0.03742620348930359
evaluation-83006-non-000,0,0.031188350170850754
evaluation-83028-tar-000,1,0.12852883338928223
evaluation-83028-non-000,0,0.04867987334728241
evaluation-83094-tar-000,1,0.07968461513519287
evaluation-83094-non-000,0,-0.041000861674547195
evaluation-83204-tar-000,1,0.16900217533111572
evaluation-83204-non-000,0,0.005166944116353989
evaluation-8328-tar-000,1,0.08416865766048431
evaluation-8328-non-000,0,0.08184552192687988
evaluation-8335-tar-000,1,0.1126318871974945
evaluation-8335-non-000,0,-0.02021927386522293
evaluation-83355-tar-000,1,0.10892251133918762
evaluation-83355-non-000,0,-0.002373717725276947
evaluation-83674-tar-000,1,-0.08076359331607819
evaluation-83674-non-000,0,-0.006746530532836914
evaluation-83696-tar-000,1,-0.06913589686155319
evaluation-83696-non-000,0,-0.12239556014537811
evaluation-8383-tar-000,1,0.2765459716320038
evaluation-8383-non-000,0,0.14425113797187805
evaluation-83839-tar-000,1,-0.15738889575004578
evaluation-83839-non-000,0,-0.22525417804718018
evaluation-83905-tar-000,1,0.051242999732494354
evaluation-83905-non-000,0,-0.048663392663002014
evaluation-83918-tar-000,1,-0.08354910463094711
evaluation-83918-non-000,0,-0.07525710016489029
evaluation-83927-tar-000,1,0.05327743664383888
evaluation-83927-non-000,0,-0.11594942212104797
evaluation-83995-tar-000,1,0.11483123898506165
evaluation-83995-non-000,0,0.1241200864315033
evaluation-8407-tar-000,1,0.19609810411930084
evaluation-8407-non-000,0,0.08313225954771042
evaluation-84075-tar-000,1,0.14448562264442444
evaluation-84075-non-000,0,0.16426686942577362
evaluation-84160-tar-000,1,0.14599843323230743
evaluation-84160-non-000,0,-0.007153816521167755
evaluation-84187-tar-000,1,0.13895639777183533
evaluation-84187-non-000,0,-0.0900014191865921
evaluation-84300-tar-000,1,-0.16465961933135986
evaluation-84300-non-000,0,-0.07853657007217407
evaluation-84457-tar-000,1,0.15688356757164001
evaluation-84457-non-000,0,0.10818888247013092
evaluation-84512-tar-000,1,-0.029164429754018784
evaluation-84512-non-000,0,-0.076880544424057
evaluation-8452-tar-000,1,0.10379334539175034
evaluation-8452-non-000,0,0.03890145570039749
evaluation-8453-tar-000,1,0.11655890941619873
evaluation-8453-non-000,0,-0.001859121024608612
evaluation-84544-tar-000,1,0.05753641203045845
evaluation-84544-non-000,0,0.029458001255989075
evaluation-84547-tar-000,1,0.14791877567768097
evaluation-84547-non-000,0,-0.05200798436999321
evaluation-84649-tar-000,1,0.10502034425735474
evaluation-84649-non-000,0,-0.030154459178447723
evaluation-84693-tar-000,1,0.2356334924697876
evaluation-84693-non-000,0,0.05414672568440437
evaluation-84704-tar-000,1,-0.035711027681827545
evaluation-84704-non-000,0,-0.21708044409751892
evaluation-84753-tar-000,1,-0.011747446842491627
evaluation-84753-non-000,0,-0.019908778369426727
evaluation-84929-tar-000,1,0.060944732278585434
evaluation-84929-non-000,0,0.15954360365867615
evaluation-8494-tar-000,1,0.09100212156772614
evaluation-8494-non-000,0,0.014144917950034142
evaluation-8502-tar-000,1,0.06170961633324623
evaluation-8502-non-000,0,-0.04742956534028053
evaluation-85201-tar-000,1,-0.13057655096054077
evaluation-85201-non-000,0,-0.1875520795583725
evaluation-8522-tar-000,1,0.2620052099227905
evaluation-8522-non-000,0,0.2007891833782196
evaluation-8527-tar-000,1,0.027139432728290558
evaluation-8527-non-000,0,-0.09254923462867737
evaluation-85286-tar-000,1,-0.026684077456593513
evaluation-85286-non-000,0,-0.0945272445678711
evaluation-85319-tar-000,1,0.0822950154542923
evaluation-85319-non-000,0,-0.0730740949511528
evaluation-85396-tar-000,1,0.08865480870008469
evaluation-85396-non-000,0,-0.16099709272384644
evaluation-85421-tar-000,1,0.17525556683540344
evaluation-85421-non-000,0,0.13393771648406982
evaluation-8557-tar-000,1,0.2405414879322052
evaluation-8557-non-000,0,0.1723891794681549
evaluation-85676-tar-000,1,0.16149172186851501
evaluation-85676-non-000,0,0.08943770825862885
evaluation-85750-tar-000,1,0.20709654688835144
evaluation-85750-non-000,0,0.15233726799488068
evaluation-85778-tar-000,1,-0.01371949166059494
evaluation-85778-non-000,0,0.04724324867129326
evaluation-85871-tar-000,1,-0.055317118763923645
evaluation-85871-non-000,0,-0.09981830418109894
evaluation-8602-tar-000,1,-0.08868204057216644
evaluation-8602-non-000,0,-0.01577570289373398
evaluation-86107-tar-000,1,0.04700963944196701
evaluation-86107-non-000,0,0.010296029970049858
evaluation-8614-tar-000,1,0.08727534860372543
evaluation-8614-non-000,0,0.015933897346258163
evaluation-86151-tar-000,1,0.09458386898040771
evaluation-86151-non-000,0,-0.005079376511275768
evaluation-86198-tar-000,1,0.32049041986465454
evaluation-86198-non-000,0,0.27425000071525574
evaluation-86245-tar-000,1,0.07355019450187683
evaluation-86245-non-000,0,0.06348095834255219
evaluation-8628-tar-000,1,0.06504666805267334
evaluation-8628-non-000,0,-0.02631431072950363
evaluation-8630-tar-000,1,0.07800401747226715
evaluation-8630-non-000,0,0.06248258054256439
evaluation-86376-tar-000,1,0.07153636962175369
evaluation-86376-non-000,0,0.08811726421117783
evaluation-8639-tar-000,1,0.13351970911026
evaluation-8639-non-000,0,0.02411840111017227
evaluation-8640-tar-000,1,0.4535314440727234
evaluation-8640-non-000,0,0.39031124114990234
evaluation-86470-tar-000,1,0.1634599268436432
evaluation-86470-non-000,0,-0.04686666280031204
evaluation-86478-tar-000,1,0.12807507812976837
evaluation-86478-non-000,0,0.03799400106072426
evaluation-86519-tar-000,1,-0.13179099559783936
evaluation-86519-non-000,0,-0.05473726615309715
evaluation-86577-tar-000,1,0.031481772661209106
evaluation-86577-non-000,0,0.028889376670122147
evaluation-86591-tar-000,1,0.3462725877761841
evaluation-86591-non-000,0,0.20548862218856812
evaluation-86799-tar-000,1,-0.0013360194861888885
evaluation-86799-non-000,0,-0.04660084471106529
evaluation-86926-tar-000,1,0.04245765134692192
evaluation-86926-non-000,0,0.15413716435432434
evaluation-86945-tar-000,1,0.12493989616632462
evaluation-86945-non-000,0,0.015680016949772835
evaluation-8697-tar-000,1,0.07573124766349792
evaluation-8697-non-000,0,0.05165935680270195
evaluation-87016-tar-000,1,0.1760338842868805
evaluation-87016-non-000,0,0.05489524453878403
evaluation-87176-tar-000,1,0.04491034895181656
evaluation-87176-non-000,0,-0.09666833281517029
evaluation-8724-tar-000,1,0.22870710492134094
evaluation-8724-non-000,0,0.17436093091964722
evaluation-87313-tar-000,1,-0.07105615735054016
evaluation-87313-non-000,0,-0.0751105472445488
evaluation-87338-tar-000,1,-0.08453971147537231
evaluation-87338-non-000,0,0.025590352714061737
evaluation-87362-tar-000,1,-0.0475827157497406
evaluation-87362-non-000,0,-0.15028926730155945
evaluation-87450-tar-000,1,-0.1377640962600708
evaluation-87450-non-000,0,-0.1820562481880188
evaluation-8746-tar-000,1,0.1856667399406433
evaluation-8746-non-000,0,0.08734734356403351
evaluation-8756-tar-000,1,0.28129249811172485
evaluation-8756-non-000,0,0.2632015347480774
evaluation-87577-tar-000,1,-0.06448326259851456
evaluation-87577-non-000,0,-0.0998445674777031
evaluation-87601-tar-000,1,0.24535027146339417
evaluation-87601-non-000,0,0.07487855851650238
evaluation-8765-tar-000,1,0.10477862507104874
evaluation-8765-non-000,0,-0.01164095476269722
evaluation-87711-tar-000,1,0.11104408651590347
evaluation-87711-non-000,0,-0.06953738629817963
evaluation-87720-tar-000,1,-0.051632557064294815
evaluation-87720-non-000,0,-0.18416796624660492
evaluation-87722-tar-000,1,0.14188280701637268
evaluation-87722-non-000,0,0.02051229402422905
evaluation-87876-tar-000,1,0.17373168468475342
evaluation-87876-non-000,0,0.14262446761131287
evaluation-87923-tar-000,1,-0.01323675736784935
evaluation-87923-non-000,0,0.0769047886133194
evaluation-8796-tar-000,1,-0.05244043841958046
evaluation-8796-non-000,0,-0.15087983012199402
evaluation-8804-tar-000,1,0.18824033439159393
evaluation-8804-non-000,0,0.1987597644329071
evaluation-88060-tar-000,1,0.04953349381685257
evaluation-88060-non-000,0,-0.017210671678185463
evaluation-8814-tar-000,1,0.07541823387145996
evaluation-8814-non-000,0,-0.08914899826049805
evaluation-88156-tar-000,1,0.20565888285636902
evaluation-88156-non-000,0,0.10962365567684174
evaluation-88170-tar-000,1,0.10407913476228714
evaluation-88170-non-000,0,0.050123099237680435
evaluation-88313-tar-000,1,-0.10092514008283615
evaluation-88313-non-000,0,-0.1589052677154541
evaluation-8836-tar-000,1,0.11887188255786896
evaluation-8836-non-000,0,-0.012036073952913284
evaluation-88458-tar-000,1,0.08581472933292389
evaluation-88458-non-000,0,-0.005984952673316002
evaluation-88524-tar-000,1,0.12896814942359924
evaluation-88524-non-000,0,0.03165154159069061
evaluation-88576-tar-000,1,0.1563856601715088
evaluation-88576-non-000,0,0.11278963088989258
evaluation-88582-tar-000,1,-0.0408896878361702
evaluation-88582-non-000,0,-0.13038933277130127
evaluation-88689-tar-000,1,0.007262390106916428
evaluation-88689-non-000,0,0.14231005311012268
evaluation-88747-tar-000,1,0.10361029207706451
evaluation-88747-non-000,0,0.09249277412891388
evaluation-88780-tar-000,1,0.07740769535303116
evaluation-88780-non-000,0,-0.008916709572076797
evaluation-88791-tar-000,1,0.1657724380493164
evaluation-88791-non-000,0,0.08367300778627396
evaluation-8896-tar-000,1,0.09208115190267563
evaluation-8896-non-000,0,0.07627454400062561
evaluation-89005-tar-000,1,0.36887431144714355
evaluation-89005-non-000,0,0.10118291527032852
evaluation-89027-tar-000,1,0.19446581602096558
evaluation-89027-non-000,0,0.10533423721790314
evaluation-89054-tar-000,1,0.0835273265838623
evaluation-89054-non-000,0,0.006389737129211426
evaluation-89120-tar-000,1,0.322338342666626
evaluation-89120-non-000,0,0.13337215781211853
evaluation-89255-tar-000,1,-0.08488572388887405
evaluation-89255-non-000,0,-0.06617791950702667
evaluation-89335-tar-000,1,0.04657701030373573
evaluation-89335-non-000,0,0.05363928899168968
evaluation-89340-tar-000,1,0.08356165885925293
evaluation-89340-non-000,0,-0.012708637863397598
evaluation-89346-tar-000,1,-0.042228344827890396
evaluation-89346-non-000,0,-0.10933703184127808
evaluation-89381-tar-000,1,-0.017145054414868355
evaluation-89381-non-000,0,-0.1157074123620987
evaluation-89557-tar-000,1,0.1419690102338791
evaluation-89557-non-000,0,0.1156793087720871
evaluation-89604-tar-000,1,0.329671710729599
evaluation-89604-non-000,0,0.21589313447475433
evaluation-89615-tar-000,1,0.09499019384384155
evaluation-89615-non-000,0,-0.03020055592060089
evaluation-89631-tar-000,1,0.14247360825538635
evaluation-89631-non-000,0,0.05268167704343796
evaluation-89757-tar-000,1,-0.1406957507133484
evaluation-89757-non-000,0,-0.2092529535293579
evaluation-89766-tar-000,1,0.12185515463352203
evaluation-89766-non-000,0,0.08912176638841629
evaluation-89782-tar-000,1,0.027837280184030533
evaluation-89782-non-000,0,-0.03456919640302658
evaluation-89818-tar-000,1,0.015758946537971497
evaluation-89818-non-000,0,-0.15913784503936768
evaluation-89822-tar-000,1,0.21349841356277466
evaluation-89822-non-000,0,0.061859361827373505
evaluation-8983-tar-000,1,0.1356789916753769
evaluation-8983-non-000,0,-0.08849041908979416
evaluation-90024-tar-000,1,0.23135611414909363
evaluation-90024-non-000,0,0.18385808169841766
evaluation-90032-tar-000,1,0.03969476372003555
evaluation-90032-non-000,0,0.04181710258126259
evaluation-90038-tar-000,1,0.1791740357875824
evaluation-90038-non-000,0,0.127498596906662
evaluation-90117-tar-000,1,0.11015350371599197
evaluation-90117-non-000,0,-0.023883158341050148
evaluation-90145-tar-000,1,0.13841354846954346
evaluation-90145-non-000,0,0.012387922033667564
evaluation-90148-tar-000,1,0.11724254488945007
evaluation-90148-non-000,0,0.061024121940135956
evaluation-90169-tar-000,1,0.10922005772590637
evaluation-90169-non-000,0,0.09271399676799774
evaluation-90257-tar-000,1,0.06742766499519348
evaluation-90257-non-000,0,-0.038313642144203186
evaluation-90301-tar-000,1,0.18829844892024994
evaluation-90301-non-000,0,0.028668131679296494
evaluation-90304-tar-000,1,0.09583781659603119
evaluation-90304-non-000,0,-0.04221569001674652
evaluation-90381-tar-000,1,0.23752379417419434
evaluation-90381-non-000,0,0.16310735046863556
evaluation-90414-tar-000,1,0.3051700294017792
evaluation-90414-non-000,0,0.15599021315574646
evaluation-90469-tar-000,1,0.04264770448207855
evaluation-90469-non-000,0,-0.027742497622966766
evaluation-90562-tar-000,1,-0.001468423753976822
evaluation-90562-non-000,0,-0.019073963165283203
evaluation-90631-tar-000,1,0.1339755356311798
evaluation-90631-non-000,0,-0.06735613942146301
evaluation-90862-tar-000,1,0.14257249236106873
evaluation-90862-non-000,0,-0.086203433573246
evaluation-90875-tar-000,1,0.23365701735019684
evaluation-90875-non-000,0,0.21551954746246338
evaluation-90939-tar-000,1,0.08503678441047668
evaluation-90939-non-000,0,-0.06027315557003021
evaluation-9109-tar-000,1,0.1358526647090912
evaluation-9109-non-000,0,-0.06455407291650772
evaluation-91106-tar-000,1,0.1083199605345726
evaluation-91106-non-000,0,-0.07468275725841522
evaluation-91166-tar-000,1,0.07380906492471695
evaluation-91166-non-000,0,0.15322552621364594
evaluation-91205-tar-000,1,0.17022442817687988
evaluation-91205-non-000,0,-0.04700234532356262
evaluation-9125-tar-000,1,0.24686221778392792
evaluation-9125-non-000,0,0.060122810304164886
evaluation-91433-tar-000,1,-0.0723486840724945
evaluation-91433-non-000,0,-0.029027387499809265
evaluation-91441-tar-000,1,0.06972537934780121
evaluation-91441-non-000,0,-0.13238109648227692
evaluation-91466-tar-000,1,0.2622239589691162
evaluation-91466-non-000,0,0.022599054500460625
evaluation-9148-tar-000,1,0.04935179650783539
evaluation-9148-non-000,0,-0.08022970706224442
evaluation-91496-tar-000,1,0.15087321400642395
evaluation-91496-non-000,0,0.1793004274368286
evaluation-91543-tar-000,1,0.28140008449554443
evaluation-91543-non-000,0,0.10566559433937073
evaluation-91642-tar-000,1,0.2452055960893631
evaluation-91642-non-000,0,0.24974645674228668
evaluation-9165-tar-000,1,-0.21040958166122437
evaluation-9165-non-000,0,-0.17590540647506714
evaluation-91719-tar-000,1,0.05217570438981056
evaluation-91719-non-000,0,0.01299675926566124
evaluation-9179-tar-000,1,0.014697160571813583
evaluation-9179-non-000,0,0.11820554733276367
evaluation-91798-tar-000,1,-0.20161402225494385
evaluation-91798-non-000,0,-0.13315187394618988
evaluation-91823-tar-000,1,0.044421203434467316
evaluation-91823-non-000,0,0.013933639973402023
evaluation-91886-tar-000,1,0.215351402759552
evaluation-91886-non-000,0,0.039872534573078156
evaluation-9195-tar-000,1,0.146685391664505
evaluation-9195-non-000,0,0.13092239201068878
evaluation-9197-tar-000,1,0.33927780389785767
evaluation-9197-non-000,0,0.09096646308898926
evaluation-91974-tar-000,1,0.2900889813899994
evaluation-91974-non-000,0,0.05652538686990738
evaluation-92007-tar-000,1,0.08532693982124329
evaluation-92007-non-000,0,0.10568921267986298
evaluation-9210-tar-000,1,0.32612574100494385
evaluation-9210-non-000,0,0.31887534260749817
evaluation-92133-tar-000,1,0.0868714302778244
evaluation-92133-non-000,0,0.08262640982866287
evaluation-92260-tar-000,1,0.09972867369651794
evaluation-92260-non-000,0,-0.11839035153388977
evaluation-9229-tar-000,1,0.033159587532281876
evaluation-9229-non-000,0,0.03844159096479416
evaluation-9240-tar-000,1,0.017941322177648544
evaluation-9240-non-000,0,-0.2026238888502121
evaluation-9241-tar-000,1,-0.07910928875207901
evaluation-9241-non-000,0,-0.18542927503585815
evaluation-92438-tar-000,1,-0.042728785425424576
evaluation-92438-non-000,0,-0.18157491087913513
evaluation-92488-tar-000,1,0.155551016330719
evaluation-92488-non-000,0,0.08635727316141129
evaluation-92630-tar-000,1,0.02221885323524475
evaluation-92630-non-000,0,0.024829532951116562
evaluation-92652-tar-000,1,0.14200568199157715
evaluation-92652-non-000,0,-0.10419169068336487
evaluation-92787-tar-000,1,0.0073082949966192245
evaluation-92787-non-000,0,-0.10389130562543869
evaluation-92825-tar-000,1,0.02738906629383564
evaluation-92825-non-000,0,-0.08507043868303299
evaluation-92845-tar-000,1,0.027661088854074478
evaluation-92845-non-000,0,0.05936262384057045
evaluation-92853-tar-000,1,0.23011532425880432
evaluation-92853-non-000,0,0.19795280694961548
evaluation-9286-tar-000,1,0.275962769985199
evaluation-9286-non-000,0,0.0748673528432846
evaluation-9291-tar-000,1,-0.0016276054084300995
evaluation-9291-non-000,0,-0.13329313695430756
evaluation-9303-tar-000,1,0.08732286095619202
evaluation-9303-non-000,0,0.13519436120986938
evaluation-93034-tar-000,1,0.07373588532209396
evaluation-93034-non-000,0,0.02953007072210312
evaluation-93042-tar-000,1,0.03490658849477768
evaluation-93042-non-000,0,-0.029547693207859993
evaluation-93169-tar-000,1,0.17846816778182983
evaluation-93169-non-000,0,0.00466030091047287
evaluation-93210-tar-000,1,0.05707115679979324
evaluation-93210-non-000,0,-0.18794910609722137
evaluation-93279-tar-000,1,0.10159841924905777
evaluation-93279-non-000,0,0.07389237731695175
evaluation-93375-tar-000,1,0.07974863052368164
evaluation-93375-non-000,0,-0.04320596531033516
evaluation-93449-tar-000,1,0.1132320910692215
evaluation-93449-non-000,0,0.011546362191438675
evaluation-9355-tar-000,1,0.17077171802520752
evaluation-9355-non-000,0,-0.021831363439559937
evaluation-93660-tar-000,1,0.10586698353290558
evaluation-93660-non-000,0,-0.07882221788167953
evaluation-93718-tar-000,1,-0.007868865504860878
evaluation-93718-non-000,0,-0.05790015310049057
evaluation-93735-tar-000,1,-0.028415534645318985
evaluation-93735-non-000,0,-0.027617821469902992
evaluation-93740-tar-000,1,0.024549387395381927
evaluation-93740-non-000,0,-0.039387136697769165
evaluation-93811-tar-000,1,0.11004819720983505
evaluation-93811-non-000,0,0.0881659984588623
evaluation-93853-tar-000,1,0.20111846923828125
evaluation-93853-non-000,0,-0.09082353860139847
evaluation-93886-tar-000,1,0.16997839510440826
evaluation-93886-non-000,0,0.019260171800851822
evaluation-93930-tar-000,1,0.11326394975185394
evaluation-93930-non-000,0,-0.04369492828845978
evaluation-9403-tar-000,1,-0.047258973121643066
evaluation-9403-non-000,0,-0.12831638753414154
evaluation-9410-tar-000,1,0.18628284335136414
evaluation-9410-non-000,0,0.1331014782190323
evaluation-94105-tar-000,1,0.10400719195604324
evaluation-94105-non-000,0,-0.09861564636230469
evaluation-94125-tar-000,1,0.1589517891407013
evaluation-94125-non-000,0,-0.06262590736150742
evaluation-94226-tar-000,1,0.2821042835712433
evaluation-94226-non-000,0,0.12010642141103745
evaluation-94267-tar-000,1,0.10888577997684479
evaluation-94267-non-000,0,0.07710295170545578
evaluation-94270-tar-000,1,0.15163667500019073
evaluation-94270-non-000,0,0.11729209870100021
evaluation-94314-tar-000,1,0.3062535524368286
evaluation-94314-non-000,0,0.19352667033672333
evaluation-94421-tar-000,1,0.27926045656204224
evaluation-94421-non-000,0,0.15725421905517578
evaluation-94528-tar-000,1,0.28600913286209106
evaluation-94528-non-000,0,0.22016394138336182
evaluation-94550-tar-000,1,0.22494541108608246
evaluation-94550-non-000,0,0.14571334421634674
evaluation-94586-tar-000,1,0.08251871913671494
evaluation-94586-non-000,0,0.03247494250535965
evaluation-94633-tar-000,1,0.13749423623085022
evaluation-94633-non-000,0,0.16275054216384888
evaluation-94663-tar-000,1,0.2796788811683655
evaluation-94663-non-000,0,0.32189100980758667
evaluation-94668-tar-000,1,0.4128568768501282
evaluation-94668-non-000,0,0.21058054268360138
evaluation-9469-tar-000,1,0.3116079866886139
evaluation-9469-non-000,0,0.28263479471206665
evaluation-94740-tar-000,1,0.1215784102678299
evaluation-94740-non-000,0,0.06145424395799637
evaluation-94828-tar-000,1,0.10950181633234024
evaluation-94828-non-000,0,0.12437363713979721
evaluation-9485-tar-000,1,0.15490201115608215
evaluation-9485-non-000,0,0.14640334248542786
evaluation-94855-tar-000,1,0.19209174811840057
evaluation-94855-non-000,0,0.10361510515213013
evaluation-94971-tar-000,1,0.3347213566303253
evaluation-94971-non-000,0,0.2909591794013977
evaluation-95006-tar-000,1,0.33376145362854004
evaluation-95006-non-000,0,0.19770464301109314
evaluation-95020-tar-000,1,0.05429082736372948
evaluation-95020-non-000,0,-0.08157216757535934
evaluation-95031-tar-000,1,0.042820051312446594
evaluation-95031-non-000,0,-0.06895430386066437
evaluation-95045-tar-000,1,0.22129115462303162
evaluation-95045-non-000,0,0.2197171151638031
evaluation-95072-tar-000,1,0.17907404899597168
evaluation-95072-non-000,0,-0.05511384457349777
evaluation-9512-tar-000,1,0.25249406695365906
evaluation-9512-non-000,0,0.015126418322324753
evaluation-95166-tar-000,1,0.3478337526321411
evaluation-95166-non-000,0,0.28467756509780884
evaluation-95174-tar-000,1,0.034424182027578354
evaluation-95174-non-000,0,-0.21852298080921173
evaluation-95198-tar-000,1,0.04411342740058899
evaluation-95198-non-000,0,0.06767768412828445
evaluation-9522-tar-000,1,0.11061427742242813
evaluation-9522-non-000,0,0.005400490015745163
evaluation-95229-tar-000,1,-0.0536462776362896
evaluation-95229-non-000,0,-0.19648154079914093
evaluation-95295-tar-000,1,0.15931573510169983
evaluation-95295-non-000,0,-0.05206730216741562
evaluation-95300-tar-000,1,0.14115798473358154
evaluation-95300-non-000,0,0.051955413073301315
evaluation-95303-tar-000,1,0.053154900670051575
evaluation-95303-non-000,0,0.028379298746585846
evaluation-95328-tar-000,1,0.06322811543941498
evaluation-95328-non-000,0,-0.03206096589565277
evaluation-95388-tar-000,1,0.053728796541690826
evaluation-95388-non-000,0,-0.19387909770011902
evaluation-9539-tar-000,1,0.10019311308860779
evaluation-9539-non-000,0,0.18347865343093872
evaluation-95424-tar-000,1,0.35219699144363403
evaluation-95424-non-000,0,0.08753788471221924
evaluation-95459-tar-000,1,0.1799987256526947
evaluation-95459-non-000,0,0.1292700469493866
evaluation-9549-tar-000,1,0.09981340169906616
evaluation-9549-non-000,0,0.05574893206357956
evaluation-95789-tar-000,1,-0.07432415336370468
evaluation-95789-non-000,0,-0.05030292272567749
evaluation-95962-tar-000,1,0.242112934589386
evaluation-95962-non-000,0,0.14158028364181519
evaluation-96017-tar-000,1,0.2761775851249695
evaluation-96017-non-000,0,0.19218367338180542
evaluation-96130-tar-000,1,0.03952644020318985
evaluation-96130-non-000,0,-0.16183441877365112
evaluation-9620-tar-000,1,-0.06331916153430939
evaluation-9620-non-000,0,-0.11545521020889282
evaluation-96371-tar-000,1,0.040421947836875916
evaluation-96371-non-000,0,-0.049425967037677765
evaluation-96418-tar-000,1,0.2151399850845337
evaluation-96418-non-000,0,0.0567023903131485
evaluation-96443-tar-000,1,0.1028716191649437
evaluation-96443-non-000,0,0.044665414839982986
evaluation-96577-tar-000,1,0.14277440309524536
evaluation-96577-non-000,0,0.13102278113365173
evaluation-96613-tar-000,1,0.1878577023744583
evaluation-96613-non-000,0,0.003866703249514103
evaluation-96643-tar-000,1,0.3047199845314026
evaluation-96643-non-000,0,0.1548076868057251
evaluation-9666-tar-000,1,0.34712886810302734
evaluation-9666-non-000,0,-0.003849795088171959
evaluation-96665-tar-000,1,0.1541413962841034
evaluation-96665-non-000,0,0.11129720509052277
evaluation-96676-tar-000,1,-0.06881874799728394
evaluation-96676-non-000,0,-0.13503043353557587
evaluation-96701-tar-000,1,0.1750057488679886
evaluation-96701-non-000,0,0.03360075503587723
evaluation-96706-tar-000,1,0.015352660790085793
evaluation-96706-non-000,0,-0.13787013292312622
evaluation-96712-tar-000,1,-0.027020029723644257
evaluation-96712-non-000,0,0.053096067160367966
evaluation-96767-tar-000,1,0.0241684690117836
evaluation-96767-non-000,0,-0.07029691338539124
evaluation-96844-tar-000,1,0.022753451019525528
evaluation-96844-non-000,0,0.000508580356836319
evaluation-9696-tar-000,1,-0.05681220442056656
evaluation-9696-non-000,0,-0.16293638944625854
evaluation-96984-tar-000,1,0.060811687260866165
evaluation-96984-non-000,0,-0.12941372394561768
evaluation-9705-tar-000,1,0.2687419354915619
evaluation-9705-non-000,0,0.05126102268695831
evaluation-9706-tar-000,1,-0.03516419976949692
evaluation-9706-non-000,0,-0.06432738900184631
evaluation-97072-tar-000,1,0.09749463200569153
evaluation-97072-non-000,0,0.1640625
evaluation-9737-tar-000,1,0.12699782848358154
evaluation-9737-non-000,0,0.13795986771583557
evaluation-97434-tar-000,1,0.10765452682971954
evaluation-97434-non-000,0,-0.007845748215913773
evaluation-9752-tar-000,1,0.007581818848848343
evaluation-9752-non-000,0,0.03429914265871048
evaluation-97550-tar-000,1,0.22595255076885223
evaluation-97550-non-000,0,0.03128346800804138
evaluation-97588-tar-000,1,0.056706301867961884
evaluation-97588-non-000,0,0.09673914313316345
evaluation-97624-tar-000,1,0.1679053008556366
evaluation-97624-non-000,0,0.14794011414051056
evaluation-9767-tar-000,1,0.1535974144935608
evaluation-9767-non-000,0,0.06475431472063065
evaluation-97695-tar-000,1,0.24947670102119446
evaluation-97695-non-000,0,0.1401006430387497
evaluation-97860-tar-000,1,0.17396126687526703
evaluation-97860-non-000,0,0.03282400965690613
evaluation-97937-tar-000,1,0.12734287977218628
evaluation-97937-non-000,0,0.05215751379728317
evaluation-97953-tar-000,1,0.256828248500824
evaluation-97953-non-000,0,0.20626449584960938
evaluation-9817-tar-000,1,0.18855194747447968
evaluation-9817-non-000,0,-0.013577545061707497
evaluation-9830-tar-000,1,0.05214284360408783
evaluation-9830-non-000,0,0.06595023721456528
evaluation-98327-tar-000,1,0.2059621512889862
evaluation-98327-non-000,0,0.19679665565490723
evaluation-9835-tar-000,1,0.24613046646118164
evaluation-9835-non-000,0,0.1506817489862442
evaluation-98459-tar-000,1,-0.0055663734674453735
evaluation-98459-non-000,0,-0.16152210533618927
evaluation-98514-tar-000,1,0.11644134670495987
evaluation-98514-non-000,0,-0.10780608654022217
evaluation-98588-tar-000,1,-0.05471630394458771
evaluation-98588-non-000,0,-0.09548091888427734
evaluation-9859-tar-000,1,0.035737816244363785
evaluation-9859-non-000,0,-0.09423953294754028
evaluation-9863-tar-000,1,0.15758205950260162
evaluation-9863-non-000,0,-0.051848508417606354
evaluation-9871-tar-000,1,-0.06454615294933319
evaluation-9871-non-000,0,-0.2128956913948059
evaluation-9872-tar-000,1,0.07653887569904327
evaluation-9872-non-000,0,0.06832538545131683
evaluation-98731-tar-000,1,0.1252443492412567
evaluation-98731-non-000,0,0.08843444287776947
evaluation-98744-tar-000,1,0.31623953580856323
evaluation-98744-non-000,0,0.027901500463485718
evaluation-98821-tar-000,1,0.04198150336742401
evaluation-98821-non-000,0,0.04024704918265343
evaluation-99038-tar-000,1,0.06797701120376587
evaluation-99038-non-000,0,0.14066240191459656
evaluation-9904-tar-000,1,0.1910608559846878
evaluation-9904-non-000,0,0.18972615897655487
evaluation-99123-tar-000,1,0.19686943292617798
evaluation-99123-non-000,0,0.1018688827753067
evaluation-99148-tar-000,1,0.2751081585884094
evaluation-99148-non-000,0,0.17523616552352905
evaluation-9915-tar-000,1,0.11733407527208328
evaluation-9915-non-000,0,0.11610386520624161
evaluation-99195-tar-000,1,-0.05517455190420151
evaluation-99195-non-000,0,0.060786981135606766
evaluation-99206-tar-000,1,0.24826842546463013
evaluation-99206-non-000,0,0.16842783987522125
evaluation-99230-tar-000,1,-0.12083451449871063
evaluation-99230-non-000,0,-0.10682623088359833
evaluation-99241-tar-000,1,0.005021100863814354
evaluation-99241-non-000,0,0.050076909363269806
evaluation-9928-tar-000,1,0.0248185396194458
evaluation-9928-non-000,0,-0.10486747324466705
evaluation-9932-tar-000,1,0.2562892436981201
evaluation-9932-non-000,0,0.09466306865215302
evaluation-99321-tar-000,1,0.16500045359134674
evaluation-99321-non-000,0,-0.040676310658454895
evaluation-99349-tar-000,1,0.02719910815358162
evaluation-99349-non-000,0,-0.019063148647546768
evaluation-9946-tar-000,1,0.2565099895000458
evaluation-9946-non-000,0,0.23860503733158112
evaluation-99461-tar-000,1,0.0905948206782341
evaluation-99461-non-000,0,0.10300862789154053
evaluation-9948-tar-000,1,0.1351774036884308
evaluation-9948-non-000,0,-0.05649302527308464
evaluation-9949-tar-000,1,0.033518239855766296
evaluation-9949-non-000,0,-0.08202383667230606
evaluation-99497-tar-000,1,0.1943492293357849
evaluation-99497-non-000,0,0.017330411821603775
evaluation-99640-tar-000,1,0.2125718593597412
evaluation-99640-non-000,0,0.21053433418273926
evaluation-99692-tar-000,1,0.021668873727321625
evaluation-99692-non-000,0,-0.028139179572463036
evaluation-9971-tar-000,1,0.007196467369794846
evaluation-9971-non-000,0,-0.007767886854708195
evaluation-9972-tar-000,1,0.21880629658699036
evaluation-9972-non-000,0,0.012249547988176346
evaluation-9979-tar-000,1,0.07436073571443558
evaluation-9979-non-000,0,0.10491812229156494
evaluation-9985-tar-000,1,0.1254166215658188
evaluation-9985-non-000,0,0.04585985839366913
evaluation-9993-tar-000,1,0.13601279258728027
evaluation-9993-non-000,0,0.11667286604642868
evaluation-9994-tar-000,1,0.3032764196395874
evaluation-9994-non-000,0,0.19905425608158112
evaluation-99945-tar-000,1,0.1027309000492096
evaluation-99945-non-000,0,-0.09351436793804169
evaluation-99967-tar-000,1,-0.01456182450056076
evaluation-99967-non-000,0,-0.10670360922813416
evaluation-9997-tar-000,1,0.0761147141456604
evaluation-9997-non-000,0,-0.1714276522397995
