trial_id,label,score
evaluation-1007-tar-000,1,0.6832229495048523
evaluation-1007-non-000,0,0.19137120246887207
evaluation-1008-tar-000,1,0.733642578125
evaluation-1008-non-000,0,-0.07438217103481293
evaluation-1013-tar-000,1,0.8566598296165466
evaluation-1013-non-000,0,-0.03989504650235176
evaluation-10178-tar-000,1,0.9155988097190857
evaluation-10178-non-000,0,0.01647842675447464
evaluation-1024-tar-000,1,0.761008620262146
evaluation-1024-non-000,0,0.16793031990528107
evaluation-10282-tar-000,1,0.8485868573188782
evaluation-10282-non-000,0,-0.05788448452949524
evaluation-10346-tar-000,1,0.8066139817237854
evaluation-10346-non-000,0,0.018500685691833496
evaluation-10406-tar-000,1,0.6764806509017944
evaluation-10406-non-000,0,-0.07788044214248657
evaluation-10428-tar-000,1,0.8687260150909424
evaluation-10428-non-000,0,0.16881537437438965
evaluation-10444-tar-000,1,0.861939013004303
evaluation-10444-non-000,0,0.041278332471847534
evaluation-10538-tar-000,1,0.8186739087104797
evaluation-10538-non-000,0,0.18603405356407166
evaluation-1055-tar-000,1,0.37593603134155273
evaluation-1055-non-000,0,-0.16299211978912354
evaluation-1056-tar-000,1,0.2032405436038971
evaluation-1056-non-000,0,0.15517395734786987
evaluation-10606-tar-000,1,0.7409114837646484
evaluation-10606-non-000,0,0.2596602141857147
evaluation-1063-tar-000,1,0.8170862793922424
evaluation-1063-non-000,0,-0.025125272572040558
evaluation-10642-tar-000,1,0.7557920217514038
evaluation-10642-non-000,0,0.04773721098899841
evaluation-10689-tar-000,1,0.5933303833007812
evaluation-10689-non-000,0,-0.18881304562091827
evaluation-10711-tar-000,1,0.050988949835300446
evaluation-10711-non-000,0,-0.04060671105980873
evaluation-10738-tar-000,1,0.5979015827178955
evaluation-10738-non-000,0,-0.13062942028045654
evaluation-10802-tar-000,1,0.7288118004798889
evaluation-10802-non-000,0,0.15962518751621246
evaluation-10862-tar-000,1,0.7903003692626953
evaluation-10862-non-000,0,-0.2291819155216217
evaluation-10966-tar-000,1,0.7655056715011597
evaluation-10966-non-000,0,0.2144002914428711
evaluation-1100-tar-000,1,0.46721720695495605
evaluation-1100-non-000,0,-0.013150028884410858
evaluation-11060-tar-000,1,0.7189145088195801
evaluation-11060-non-000,0,0.0063212551176548
evaluation-11126-tar-000,1,0.8348246216773987
evaluation-11126-non-000,0,0.09708212316036224
evaluation-11189-tar-000,1,0.8784357309341431
evaluation-11189-non-000,0,0.015544112771749496
evaluation-1122-tar-000,1,0.695249080657959
evaluation-1122-non-000,0,-0.02776160091161728
evaluation-1130-tar-000,1,0.8777446746826172
evaluation-1130-non-000,0,-0.08823241293430328
evaluation-11392-tar-000,1,0.6281742453575134
evaluation-11392-non-000,0,0.14761385321617126
evaluation-11485-tar-000,1,0.835525631904602
evaluation-11485-non-000,0,-0.03591940551996231
evaluation-11513-tar-000,1,0.8486299514770508
evaluation-11513-non-000,0,0.0423014834523201
evaluation-1162-tar-000,1,0.7845474481582642
evaluation-1162-non-000,0,0.13410599529743195
evaluation-11647-tar-000,1,0.7221969366073608
evaluation-11647-non-000,0,0.061573904007673264
evaluation-1165-tar-000,1,0.858292818069458
evaluation-1165-non-000,0,-0.10122077912092209
evaluation-11664-tar-000,1,0.712898313999176
evaluation-11664-non-000,0,0.34932971000671387
evaluation-1169-tar-000,1,0.7942232489585876
evaluation-1169-non-000,0,0.12086065858602524
evaluation-11757-tar-000,1,0.902197003364563
evaluation-11757-non-000,0,0.1884092390537262
evaluation-11845-tar-000,1,0.7939174175262451
evaluation-11845-non-000,0,-0.06786244362592697
evaluation-1198-tar-000,1,0.8722349405288696
evaluation-1198-non-000,0,0.06835130602121353
evaluation-1203-tar-000,1,0.5230328440666199
evaluation-1203-non-000,0,-0.00809483416378498
evaluation-12106-tar-000,1,0.6825528740882874
evaluation-12106-non-000,0,-0.10124625265598297
evaluation-12112-tar-000,1,0.7357556223869324
evaluation-12112-non-000,0,0.32821428775787354
evaluation-12156-tar-000,1,0.900397777557373
evaluation-12156-non-000,0,0.29551222920417786
evaluation-12197-tar-000,1,0.5871919393539429
evaluation-12197-non-000,0,0.05209067463874817
evaluation-12210-tar-000,1,0.7139369249343872
evaluation-12210-non-000,0,-0.005983717739582062
evaluation-12224-tar-000,1,0.40478602051734924
evaluation-12224-non-000,0,0.22747641801834106
evaluation-12323-tar-000,1,0.9323471784591675
evaluation-12323-non-000,0,-0.15001489222049713
evaluation-1235-tar-000,1,0.615897536277771
evaluation-1235-non-000,0,-0.16054949164390564
evaluation-1238-tar-000,1,0.7845373153686523
evaluation-1238-non-000,0,-0.13237184286117554
evaluation-12395-tar-000,1,0.8029158711433411
evaluation-12395-non-000,0,-0.10667558014392853
evaluation-12408-tar-000,1,0.7796484231948853
evaluation-12408-non-000,0,0.1264335960149765
evaluation-12414-tar-000,1,0.912260890007019
evaluation-12414-non-000,0,0.032672762870788574
evaluation-12661-tar-000,1,0.8503065705299377
evaluation-12661-non-000,0,-0.12871624529361725
evaluation-12666-tar-000,1,0.46468931436538696
evaluation-12666-non-000,0,-0.0618211068212986
evaluation-12669-tar-000,1,0.8361228108406067
evaluation-12669-non-000,0,-0.14231990277767181
evaluation-1270-tar-000,1,0.6478833556175232
evaluation-1270-non-000,0,-0.18602395057678223
evaluation-1274-tar-000,1,0.7445700168609619
evaluation-1274-non-000,0,-0.31448936462402344
evaluation-12796-tar-000,1,0.7483109831809998
evaluation-12796-non-000,0,-0.025409914553165436
evaluation-12807-tar-000,1,0.7535179853439331
evaluation-12807-non-000,0,-0.009275827556848526
evaluation-12828-tar-000,1,0.8269572257995605
evaluation-12828-non-000,0,0.1424037218093872
evaluation-12919-tar-000,1,0.5275235176086426
evaluation-12919-non-000,0,0.15438887476921082
evaluation-1297-tar-000,1,0.8560785055160522
evaluation-1297-non-000,0,0.12802299857139587
evaluation-1303-tar-000,1,0.6715932488441467
evaluation-1303-non-000,0,-0.10370776802301407
evaluation-13194-tar-000,1,0.5352519154548645
evaluation-13194-non-000,0,0.10823965072631836
evaluation-1320-tar-000,1,0.650261640548706
evaluation-1320-non-000,0,-0.07364961504936218
evaluation-13298-tar-000,1,0.6510847210884094
evaluation-13298-non-000,0,0.016286134719848633
evaluation-1334-tar-000,1,0.46238675713539124
evaluation-1334-non-000,0,0.032506898045539856
evaluation-13663-tar-000,1,0.8075857162475586
evaluation-13663-non-000,0,-0.029846973717212677
evaluation-13666-tar-000,1,0.9020369052886963
evaluation-13666-non-000,0,-0.10430940985679626
evaluation-13707-tar-000,1,0.7206439971923828
evaluation-13707-non-000,0,0.24360746145248413
evaluation-1372-tar-000,1,0.6007837057113647
evaluation-1372-non-000,0,-0.1948547214269638
evaluation-13754-tar-000,1,0.6906664371490479
evaluation-13754-non-000,0,0.030186358839273453
evaluation-13806-tar-000,1,0.8896993398666382
evaluation-13806-non-000,0,0.01764283888041973
evaluation-13839-tar-000,1,0.7250543832778931
evaluation-13839-non-000,0,-0.12235365808010101
evaluation-13985-tar-000,1,0.43949660658836365
evaluation-13985-non-000,0,-0.1163659393787384
evaluation-14001-tar-000,1,0.7468951940536499
evaluation-14001-non-000,0,0.07225337624549866
evaluation-1401-tar-000,1,0.5255402326583862
evaluation-1401-non-000,0,0.05507966876029968
evaluation-14075-tar-000,1,0.8430198431015015
evaluation-14075-non-000,0,-0.017382733523845673
evaluation-1409-tar-000,1,0.8901793956756592
evaluation-1409-non-000,0,0.10318552702665329
evaluation-14106-tar-000,1,0.6960210800170898
evaluation-14106-non-000,0,-0.06535934656858444
evaluation-1414-tar-000,1,0.8369849920272827
evaluation-1414-non-000,0,-0.07178729772567749
evaluation-14259-tar-000,1,0.6681451797485352
evaluation-14259-non-000,0,0.05450015887618065
evaluation-14430-tar-000,1,0.8590775728225708
evaluation-14430-non-000,0,0.0807386040687561
evaluation-14737-tar-000,1,0.8842294216156006
evaluation-14737-non-000,0,-0.07308986037969589
evaluation-1475-tar-000,1,0.651028037071228
evaluation-1475-non-000,0,0.6200830340385437
evaluation-14790-tar-000,1,0.6277958154678345
evaluation-14790-non-000,0,0.21780602633953094
evaluation-1480-tar-000,1,0.6279873847961426
evaluation-1480-non-000,0,0.1307964324951172
evaluation-14869-tar-000,1,0.32848066091537476
evaluation-14869-non-000,0,0.0924859344959259
evaluation-14875-tar-000,1,0.4591567814350128
evaluation-14875-non-000,0,0.04728587716817856
evaluation-14877-tar-000,1,0.6581642627716064
evaluation-14877-non-000,0,0.043352119624614716
evaluation-14888-tar-000,1,0.8608999252319336
evaluation-14888-non-000,0,0.11158787459135056
evaluation-14987-tar-000,1,0.7756370306015015
evaluation-14987-non-000,0,0.08658762276172638
evaluation-1507-tar-000,1,0.542517900466919
evaluation-1507-non-000,0,0.01983845978975296
evaluation-15073-tar-000,1,0.8597232103347778
evaluation-15073-non-000,0,-0.1272517442703247
evaluation-15133-tar-000,1,0.6072771549224854
evaluation-15133-non-000,0,-0.10349175333976746
evaluation-15169-tar-000,1,0.7819308638572693
evaluation-15169-non-000,0,-0.19543921947479248
evaluation-15180-tar-000,1,0.5885409116744995
evaluation-15180-non-000,0,-0.2059551477432251
evaluation-1522-tar-000,1,0.8828003406524658
evaluation-1522-non-000,0,-0.04909127950668335
evaluation-1524-tar-000,1,0.7636911869049072
evaluation-1524-non-000,0,-0.009154953062534332
evaluation-15243-tar-000,1,0.7811904549598694
evaluation-15243-non-000,0,-0.01984359137713909
evaluation-15298-tar-000,1,0.8165574073791504
evaluation-15298-non-000,0,0.0027126260101795197
evaluation-1539-tar-000,1,0.5115480422973633
evaluation-1539-non-000,0,0.11202555894851685
evaluation-15462-tar-000,1,0.4409778118133545
evaluation-15462-non-000,0,0.057188622653484344
evaluation-1548-tar-000,1,0.8294346928596497
evaluation-1548-non-000,0,-0.11478857696056366
evaluation-15501-tar-000,1,0.8395949602127075
evaluation-15501-non-000,0,-0.028617598116397858
evaluation-15515-tar-000,1,0.38540005683898926
evaluation-15515-non-000,0,-0.20187535881996155
evaluation-1554-tar-000,1,0.8116718530654907
evaluation-1554-non-000,0,-0.056828852742910385
evaluation-15570-tar-000,1,0.881867527961731
evaluation-15570-non-000,0,0.11481261253356934
evaluation-15581-tar-000,1,0.3732544183731079
evaluation-15581-non-000,0,-0.009909681975841522
evaluation-15600-tar-000,1,0.5653137564659119
evaluation-15600-non-000,0,-0.1638258844614029
evaluation-15699-tar-000,1,0.8067865967750549
evaluation-15699-non-000,0,0.1404934525489807
evaluation-15817-tar-000,1,0.8340438604354858
evaluation-15817-non-000,0,0.15325042605400085
evaluation-15839-tar-000,1,0.8054391145706177
evaluation-15839-non-000,0,-0.060370512306690216
evaluation-15855-tar-000,1,0.8400514721870422
evaluation-15855-non-000,0,-0.12040281295776367
evaluation-15866-tar-000,1,0.9142804145812988
evaluation-15866-non-000,0,0.11530141532421112
evaluation-15885-tar-000,1,0.6835687160491943
evaluation-15885-non-000,0,0.08126629143953323
evaluation-15993-tar-000,1,0.8909646272659302
evaluation-15993-non-000,0,0.012190286070108414
evaluation-1603-tar-000,1,0.7494073510169983
evaluation-1603-non-000,0,-0.18857087194919586
evaluation-16223-tar-000,1,0.6744880676269531
evaluation-16223-non-000,0,0.20327997207641602
evaluation-1631-tar-000,1,0.8579333424568176
evaluation-1631-non-000,0,-0.25543132424354553
evaluation-1632-tar-000,1,0.7100784778594971
evaluation-1632-non-000,0,0.20362746715545654
evaluation-1633-tar-000,1,0.8620019555091858
evaluation-1633-non-000,0,-0.016976621001958847
evaluation-1646-tar-000,1,0.9026128053665161
evaluation-1646-non-000,0,-0.013183489441871643
evaluation-16473-tar-000,1,0.7972009778022766
evaluation-16473-non-000,0,0.24719016253948212
evaluation-16490-tar-000,1,0.8567392826080322
evaluation-16490-non-000,0,0.050955630838871
evaluation-1650-tar-000,1,0.7984426617622375
evaluation-1650-non-000,0,0.14149898290634155
evaluation-16520-tar-000,1,0.8669478297233582
evaluation-16520-non-000,0,0.2104407548904419
evaluation-16608-tar-000,1,0.7226734757423401
evaluation-16608-non-000,0,0.07086654752492905
evaluation-16635-tar-000,1,0.8511698842048645
evaluation-16635-non-000,0,-0.1391271948814392
evaluation-16665-tar-000,1,0.8090704083442688
evaluation-16665-non-000,0,0.010092686861753464
evaluation-1681-tar-000,1,0.8766711950302124
evaluation-1681-non-000,0,-0.15609988570213318
evaluation-16849-tar-000,1,0.7509992718696594
evaluation-16849-non-000,0,-0.06225176155567169
evaluation-16855-tar-000,1,0.8905441761016846
evaluation-16855-non-000,0,-0.021990863606333733
evaluation-16976-tar-000,1,0.8405537605285645
evaluation-16976-non-000,0,-0.018063347786664963
evaluation-1707-tar-000,1,0.8650648593902588
evaluation-1707-non-000,0,0.25633659958839417
evaluation-17121-tar-000,1,0.8098748922348022
evaluation-17121-non-000,0,0.3701380491256714
evaluation-17163-tar-000,1,0.8252852559089661
evaluation-17163-non-000,0,0.39773625135421753
evaluation-17165-tar-000,1,0.5783926844596863
evaluation-17165-non-000,0,0.07947349548339844
evaluation-17182-tar-000,1,0.594235360622406
evaluation-17182-non-000,0,0.10014927387237549
evaluation-17717-tar-000,1,0.8860006332397461
evaluation-17717-non-000,0,0.07631226629018784
evaluation-1777-tar-000,1,0.8576637506484985
evaluation-1777-non-000,0,-0.09776181727647781
evaluation-1778-tar-000,1,0.7632715702056885
evaluation-1778-non-000,0,-0.07598026841878891
evaluation-1780-tar-000,1,0.8540053367614746
evaluation-1780-non-000,0,0.07296383380889893
evaluation-17805-tar-000,1,0.4877609610557556
evaluation-17805-non-000,0,0.10448192059993744
evaluation-1781-tar-000,1,0.7422788739204407
evaluation-1781-non-000,0,-0.010621190071105957
evaluation-17871-tar-000,1,0.826793909072876
evaluation-17871-non-000,0,-0.012583407573401928
evaluation-1790-tar-000,1,0.8847718238830566
evaluation-1790-non-000,0,0.21024078130722046
evaluation-17918-tar-000,1,0.7954206466674805
evaluation-17918-non-000,0,0.17805738747119904
evaluation-17970-tar-000,1,0.4600670337677002
evaluation-17970-non-000,0,0.17503400146961212
evaluation-1800-tar-000,1,0.8702778220176697
evaluation-1800-non-000,0,0.0434044674038887
evaluation-18041-tar-000,1,0.4308449923992157
evaluation-18041-non-000,0,-0.18240229785442352
evaluation-1812-tar-000,1,0.583702802658081
evaluation-1812-non-000,0,0.07267389446496964
evaluation-18146-tar-000,1,0.8596277236938477
evaluation-18146-non-000,0,-0.0784817636013031
evaluation-18176-tar-000,1,0.8044201731681824
evaluation-18176-non-000,0,0.3006753921508789
evaluation-1818-tar-000,1,0.701989471912384
evaluation-1818-non-000,0,-0.18698640167713165
evaluation-18245-tar-000,1,0.8791745901107788
evaluation-18245-non-000,0,0.020059281960129738
evaluation-18286-tar-000,1,0.7729462385177612
evaluation-18286-non-000,0,-0.16507340967655182
evaluation-18294-tar-000,1,0.8196907043457031
evaluation-18294-non-000,0,-0.15807345509529114
evaluation-18390-tar-000,1,0.8346685171127319
evaluation-18390-non-000,0,0.1582256555557251
evaluation-18407-tar-000,1,0.8338392972946167
evaluation-18407-non-000,0,0.13007253408432007
evaluation-1845-tar-000,1,0.4422444999217987
evaluation-1845-non-000,0,-0.24225720763206482
evaluation-1847-tar-000,1,0.28121456503868103
evaluation-1847-non-000,0,-0.12500609457492828
evaluation-1859-tar-000,1,0.5045303106307983
evaluation-1859-non-000,0,0.24731755256652832
evaluation-1868-tar-000,1,0.8161836862564087
evaluation-1868-non-000,0,0.138180673122406
evaluation-18708-tar-000,1,0.22401130199432373
evaluation-18708-non-000,0,-0.06092514097690582
evaluation-18835-tar-000,1,0.7798992395401001
evaluation-18835-non-000,0,0.10163362324237823
evaluation-1896-tar-000,1,0.8836668133735657
evaluation-1896-non-000,0,0.1354028582572937
evaluation-1904-tar-000,1,0.795607328414917
evaluation-1904-non-000,0,0.11532698571681976
evaluation-19077-tar-000,1,0.3984217643737793
evaluation-19077-non-000,0,-0.0687040314078331
evaluation-19288-tar-000,1,0.7065976858139038
evaluation-19288-non-000,0,-0.08938325941562653
evaluation-19371-tar-000,1,0.892270565032959
evaluation-19371-non-000,0,0.12803268432617188
evaluation-19407-tar-000,1,0.7531828880310059
evaluation-19407-non-000,0,-0.014629863202571869
evaluation-19549-tar-000,1,0.8987128734588623
evaluation-19549-non-000,0,4.822760820388794e-05
evaluation-1958-tar-000,1,0.7981176376342773
evaluation-1958-non-000,0,-0.04123137891292572
evaluation-1960-tar-000,1,0.6185444593429565
evaluation-1960-non-000,0,0.05598524212837219
evaluation-19659-tar-000,1,0.8485437631607056
evaluation-19659-non-000,0,-0.0984039455652237
evaluation-19714-tar-000,1,0.853296160697937
evaluation-19714-non-000,0,0.0443500354886055
evaluation-19761-tar-000,1,0.8057873845100403
evaluation-19761-non-000,0,-0.05057648569345474
evaluation-19819-tar-000,1,0.7357270121574402
evaluation-19819-non-000,0,-0.00016449950635433197
evaluation-19865-tar-000,1,0.6121646165847778
evaluation-19865-non-000,0,-0.015099473297595978
evaluation-1994-tar-000,1,0.4996471405029297
evaluation-1994-non-000,0,-0.02211037650704384
evaluation-20000-tar-000,1,0.8477011322975159
evaluation-20000-non-000,0,-0.005729615688323975
evaluation-2020-tar-000,1,0.8360317349433899
evaluation-2020-non-000,0,-0.0564170703291893
evaluation-20244-tar-000,1,0.7896230816841125
evaluation-20244-non-000,0,0.239352285861969
evaluation-2037-tar-000,1,0.8057615756988525
evaluation-2037-non-000,0,0.048089005053043365
evaluation-20458-tar-000,1,0.7173427939414978
evaluation-20458-non-000,0,0.1747564971446991
evaluation-20461-tar-000,1,0.7875839471817017
evaluation-20461-non-000,0,-0.01847992092370987
evaluation-2059-tar-000,1,0.2172430008649826
evaluation-2059-non-000,0,0.03664456680417061
evaluation-20667-tar-000,1,0.7455623149871826
evaluation-20667-non-000,0,0.13649365305900574
evaluation-20673-tar-000,1,0.03355078399181366
evaluation-20673-non-000,0,-0.03725618124008179
evaluation-2077-tar-000,1,0.8601374626159668
evaluation-2077-non-000,0,-0.05529172718524933
evaluation-20870-tar-000,1,0.8713025450706482
evaluation-20870-non-000,0,-0.14708955585956573
evaluation-20881-tar-000,1,0.8827837705612183
evaluation-20881-non-000,0,0.23909100890159607
evaluation-2090-tar-000,1,0.5256830453872681
evaluation-2090-non-000,0,0.09678147733211517
evaluation-2092-tar-000,1,0.6794350147247314
evaluation-2092-non-000,0,0.055217187851667404
evaluation-2093-tar-000,1,0.7451250553131104
evaluation-2093-non-000,0,-0.10481792688369751
evaluation-2094-tar-000,1,0.7874834537506104
evaluation-2094-non-000,0,-0.06503293663263321
evaluation-20947-tar-000,1,0.7172219157218933
evaluation-20947-non-000,0,-0.08840824663639069
evaluation-21041-tar-000,1,0.8551973104476929
evaluation-21041-non-000,0,-0.22708724439144135
evaluation-21082-tar-000,1,0.8899440765380859
evaluation-21082-non-000,0,0.07904209196567535
evaluation-21120-tar-000,1,0.8162920475006104
evaluation-21120-non-000,0,-0.2540052533149719
evaluation-21181-tar-000,1,0.7975243926048279
evaluation-21181-non-000,0,0.1690920889377594
evaluation-2124-tar-000,1,0.8679189682006836
evaluation-2124-non-000,0,0.0525389090180397
evaluation-21258-tar-000,1,0.5790851712226868
evaluation-21258-non-000,0,-0.07614593207836151
evaluation-21280-tar-000,1,0.12151382863521576
evaluation-21280-non-000,0,0.21264950931072235
evaluation-2130-tar-000,1,0.7912306785583496
evaluation-2130-non-000,0,0.27364620566368103
evaluation-21403-tar-000,1,0.24687844514846802
evaluation-21403-non-000,0,0.11121182888746262
evaluation-2159-tar-000,1,0.8217260241508484
evaluation-2159-non-000,0,0.17653396725654602
evaluation-21629-tar-000,1,0.4279208183288574
evaluation-21629-non-000,0,-0.27079033851623535
evaluation-2168-tar-000,1,0.7820047736167908
evaluation-2168-non-000,0,0.016730058938264847
evaluation-2171-tar-000,1,0.5623999834060669
evaluation-2171-non-000,0,-0.1401565968990326
evaluation-2181-tar-000,1,0.7588313221931458
evaluation-2181-non-000,0,0.20645305514335632
evaluation-2186-tar-000,1,0.5217874050140381
evaluation-2186-non-000,0,-0.029489800333976746
evaluation-21928-tar-000,1,0.8566038608551025
evaluation-21928-non-000,0,0.01072959415614605
evaluation-2196-tar-000,1,0.8685966730117798
evaluation-2196-non-000,0,-0.08810093998908997
evaluation-21969-tar-000,1,0.8398029804229736
evaluation-21969-non-000,0,0.2724202573299408
evaluation-2199-tar-000,1,0.617321252822876
evaluation-2199-non-000,0,-0.053202271461486816
evaluation-21991-tar-000,1,0.7422448992729187
evaluation-21991-non-000,0,0.1840585619211197
evaluation-2200-tar-000,1,0.4151369631290436
evaluation-2200-non-000,0,-0.01193627342581749
evaluation-22062-tar-000,1,0.5064234137535095
evaluation-22062-non-000,0,0.02969944104552269
evaluation-22090-tar-000,1,0.8775962591171265
evaluation-22090-non-000,0,-0.15004070103168488
evaluation-22134-tar-000,1,0.895939290523529
evaluation-22134-non-000,0,0.10295351594686508
evaluation-22142-tar-000,1,0.8423230648040771
evaluation-22142-non-000,0,-0.007708847522735596
evaluation-22290-tar-000,1,0.7565314769744873
evaluation-22290-non-000,0,-0.1368420273065567
evaluation-2233-tar-000,1,0.830571174621582
evaluation-2233-non-000,0,-0.14329595863819122
evaluation-22345-tar-000,1,0.3193452060222626
evaluation-22345-non-000,0,0.06798703968524933
evaluation-22365-tar-000,1,0.8021702766418457
evaluation-22365-non-000,0,0.004366310313344002
evaluation-22483-tar-000,1,0.7599582672119141
evaluation-22483-non-000,0,-0.06405550241470337
evaluation-22521-tar-000,1,0.6790208220481873
evaluation-22521-non-000,0,-0.05050242319703102
evaluation-22595-tar-000,1,0.8989536762237549
evaluation-22595-non-000,0,0.15805432200431824
evaluation-22738-tar-000,1,0.7415410280227661
evaluation-22738-non-000,0,-0.2006015032529831
evaluation-22760-tar-000,1,0.8172407150268555
evaluation-22760-non-000,0,-0.15473227202892303
evaluation-2290-tar-000,1,0.7680274248123169
evaluation-2290-non-000,0,-0.1098162978887558
evaluation-2291-tar-000,1,0.8552647829055786
evaluation-2291-non-000,0,0.13601422309875488
evaluation-22988-tar-000,1,0.8377050161361694
evaluation-22988-non-000,0,-0.21609480679035187
evaluation-2305-tar-000,1,0.8466576337814331
evaluation-2305-non-000,0,0.22820517420768738
evaluation-23051-tar-000,1,0.4803236126899719
evaluation-23051-non-000,0,0.016351472586393356
evaluation-23200-tar-000,1,0.7849435210227966
evaluation-23200-non-000,0,-0.1171664446592331
evaluation-23224-tar-000,1,0.7674835920333862
evaluation-23224-non-000,0,-0.22219699621200562
evaluation-23246-tar-000,1,0.8237042427062988
evaluation-23246-non-000,0,-0.0753338485956192
evaluation-2327-tar-000,1,0.8244438171386719
evaluation-2327-non-000,0,0.009302433580160141
evaluation-23406-tar-000,1,0.638523519039154
evaluation-23406-non-000,0,0.026110375300049782
evaluation-23422-tar-000,1,0.7464253306388855
evaluation-23422-non-000,0,-0.16702666878700256
evaluation-2346-tar-000,1,0.33350682258605957
evaluation-2346-non-000,0,-0.33267444372177124
evaluation-23482-tar-000,1,0.6391406059265137
evaluation-23482-non-000,0,-0.037052251398563385
evaluation-2349-tar-000,1,0.4777459502220154
evaluation-2349-non-000,0,0.05639895424246788
evaluation-23510-tar-000,1,0.6364848613739014
evaluation-23510-non-000,0,0.22803130745887756
evaluation-23623-tar-000,1,0.842341423034668
evaluation-23623-non-000,0,-0.01584499143064022
evaluation-2363-tar-000,1,0.7072046995162964
evaluation-2363-non-000,0,0.23488940298557281
evaluation-23721-tar-000,1,0.7747550010681152
evaluation-23721-non-000,0,0.10252804309129715
evaluation-23743-tar-000,1,0.35346025228500366
evaluation-23743-non-000,0,0.12788750231266022
evaluation-23845-tar-000,1,0.5833340883255005
evaluation-23845-non-000,0,-0.10901960730552673
evaluation-23878-tar-000,1,0.6545493006706238
evaluation-23878-non-000,0,0.037824440747499466
evaluation-2389-tar-000,1,0.873580813407898
evaluation-2389-non-000,0,0.23408174514770508
evaluation-23988-tar-000,1,0.8713478446006775
evaluation-23988-non-000,0,-0.08372354507446289
evaluation-2400-tar-000,1,0.8332021832466125
evaluation-2400-non-000,0,0.23601529002189636
evaluation-24035-tar-000,1,0.7344030737876892
evaluation-24035-non-000,0,-0.19392511248588562
evaluation-24054-tar-000,1,0.8628770709037781
evaluation-24054-non-000,0,0.20783868432044983
evaluation-24117-tar-000,1,0.7970805168151855
evaluation-24117-non-000,0,0.009201031178236008
evaluation-24158-tar-000,1,0.8173266649246216
evaluation-24158-non-000,0,-0.10553242266178131
evaluation-2421-tar-000,1,0.7060496807098389
evaluation-2421-non-000,0,-0.22261790931224823
evaluation-24241-tar-000,1,0.7543803453445435
evaluation-24241-non-000,0,-0.030523372814059258
evaluation-2427-tar-000,1,0.7732248306274414
evaluation-2427-non-000,0,-0.22282369434833527
evaluation-2451-tar-000,1,0.673294186592102
evaluation-2451-non-000,0,-0.08979474008083344
evaluation-24512-tar-000,1,0.8730990290641785
evaluation-24512-non-000,0,0.16152313351631165
evaluation-24526-tar-000,1,0.8365281224250793
evaluation-24526-non-000,0,-0.1002713218331337
evaluation-24534-tar-000,1,0.829592227935791
evaluation-24534-non-000,0,0.22281403839588165
evaluation-2454-tar-000,1,0.6939181089401245
evaluation-2454-non-000,0,0.020123638212680817
evaluation-2455-tar-000,1,0.7851320505142212
evaluation-2455-non-000,0,0.14875179529190063
evaluation-24584-tar-000,1,0.5268046855926514
evaluation-24584-non-000,0,0.04153420776128769
evaluation-24620-tar-000,1,0.2713901400566101
evaluation-24620-non-000,0,0.16409625113010406
evaluation-2467-tar-000,1,0.286628395318985
evaluation-2467-non-000,0,0.08382190763950348
evaluation-24688-tar-000,1,0.2517458200454712
evaluation-24688-non-000,0,0.05121273174881935
evaluation-24699-tar-000,1,0.8483583927154541
evaluation-24699-non-000,0,0.21541526913642883
evaluation-2473-tar-000,1,0.5244418382644653
evaluation-2473-non-000,0,0.0402769073843956
evaluation-2481-tar-000,1,0.48943576216697693
evaluation-2481-non-000,0,-0.008914041332900524
evaluation-2487-tar-000,1,0.7325069904327393
evaluation-2487-non-000,0,0.12268245965242386
evaluation-24872-tar-000,1,0.6576296091079712
evaluation-24872-non-000,0,-0.25073376297950745
evaluation-24875-tar-000,1,0.703315019607544
evaluation-24875-non-000,0,0.17332595586776733
evaluation-24916-tar-000,1,0.6813872456550598
evaluation-24916-non-000,0,0.09015573561191559
evaluation-25070-tar-000,1,0.5932639241218567
evaluation-25070-non-000,0,0.04342619329690933
evaluation-2509-tar-000,1,0.3894769549369812
evaluation-2509-non-000,0,0.1691294014453888
evaluation-2515-tar-000,1,0.44336265325546265
evaluation-2515-non-000,0,-0.03295020014047623
evaluation-25185-tar-000,1,0.8446775674819946
evaluation-25185-non-000,0,0.0012113861739635468
evaluation-25284-tar-000,1,0.4764791429042816
evaluation-25284-non-000,0,-0.0024690404534339905
evaluation-25295-tar-000,1,0.73958420753479
evaluation-25295-non-000,0,0.09504450112581253
evaluation-25323-tar-000,1,0.8761650323867798
evaluation-25323-non-000,0,-0.09183721244335175
evaluation-2544-tar-000,1,0.8106825351715088
evaluation-2544-non-000,0,-0.047724489122629166
evaluation-25485-tar-000,1,0.7695164680480957
evaluation-25485-non-000,0,0.32804805040359497
evaluation-25586-tar-000,1,0.6919541358947754
evaluation-25586-non-000,0,0.06439650058746338
evaluation-25619-tar-000,1,0.4953790307044983
evaluation-25619-non-000,0,0.20099976658821106
evaluation-2565-tar-000,1,0.5280395746231079
evaluation-2565-non-000,0,-0.026385456323623657
evaluation-25748-tar-000,1,0.7397247552871704
evaluation-25748-non-000,0,-0.008657978847622871
evaluation-25960-tar-000,1,0.8473607897758484
evaluation-25960-non-000,0,0.1224464476108551
evaluation-2602-tar-000,1,0.8768064975738525
evaluation-2602-non-000,0,0.2448190301656723
evaluation-2610-tar-000,1,0.7329467535018921
evaluation-2610-non-000,0,0.08136871457099915
evaluation-26125-tar-000,1,0.5114660263061523
evaluation-26125-non-000,0,0.05082983151078224
evaluation-26138-tar-000,1,0.5480106472969055
evaluation-26138-non-000,0,0.0071214474737644196
evaluation-26158-tar-000,1,0.8650597333908081
evaluation-26158-non-000,0,-0.1652182638645172
evaluation-2618-tar-000,1,0.8013867735862732
evaluation-2618-non-000,0,-0.06931386142969131
evaluation-26221-tar-000,1,0.4922928214073181
evaluation-26221-non-000,0,0.10455211997032166
evaluation-26287-tar-000,1,0.7898736000061035
evaluation-26287-non-000,0,-0.015288829803466797
evaluation-26435-tar-000,1,0.7652914524078369
evaluation-26435-non-000,0,-0.08534020185470581
evaluation-26443-tar-000,1,0.440204381942749
evaluation-26443-non-000,0,0.1381518542766571
evaluation-26454-tar-000,1,0.5057533979415894
evaluation-26454-non-000,0,-0.0797397792339325
evaluation-26473-tar-000,1,0.8407708406448364
evaluation-26473-non-000,0,-0.20820310711860657
evaluation-26501-tar-000,1,0.886258602142334
evaluation-26501-non-000,0,0.055013611912727356
evaluation-26545-tar-000,1,0.20346307754516602
evaluation-26545-non-000,0,0.1667146533727646
evaluation-26666-tar-000,1,0.8762098550796509
evaluation-26666-non-000,0,-0.08123917877674103
evaluation-26679-tar-000,1,0.8800132274627686
evaluation-26679-non-000,0,-0.11685346066951752
evaluation-2674-tar-000,1,0.5639129877090454
evaluation-2674-non-000,0,0.02825777232646942
evaluation-2689-tar-000,1,0.718449592590332
evaluation-2689-non-000,0,-0.06873412430286407
evaluation-26894-tar-000,1,0.7710949182510376
evaluation-26894-non-000,0,0.15380814671516418
evaluation-2699-tar-000,1,0.9011092185974121
evaluation-2699-non-000,0,0.020215578377246857
evaluation-2707-tar-000,1,0.6064225435256958
evaluation-2707-non-000,0,-0.12654881179332733
evaluation-27124-tar-000,1,0.747641921043396
evaluation-27124-non-000,0,-0.0002686884254217148
evaluation-27135-tar-000,1,0.5855147242546082
evaluation-27135-non-000,0,0.3806638717651367
evaluation-2714-tar-000,1,0.8729006052017212
evaluation-2714-non-000,0,0.08007756620645523
evaluation-27199-tar-000,1,0.6678860187530518
evaluation-27199-non-000,0,0.002312440425157547
evaluation-2739-tar-000,1,0.428959459066391
evaluation-2739-non-000,0,0.0976550355553627
evaluation-2752-tar-000,1,0.6235092282295227
evaluation-2752-non-000,0,0.08797452598810196
evaluation-2762-tar-000,1,0.8767770528793335
evaluation-2762-non-000,0,-0.038141392171382904
evaluation-2775-tar-000,1,0.6791774034500122
evaluation-2775-non-000,0,-0.12276561558246613
evaluation-27811-tar-000,1,0.8264955282211304
evaluation-27811-non-000,0,0.028851035982370377
evaluation-27932-tar-000,1,0.8116648197174072
evaluation-27932-non-000,0,-0.206705242395401
evaluation-27943-tar-000,1,0.501622200012207
evaluation-27943-non-000,0,-0.006892725825309753
evaluation-27979-tar-000,1,0.36649367213249207
evaluation-27979-non-000,0,-0.08325117826461792
evaluation-28017-tar-000,1,0.6537407636642456
evaluation-28017-non-000,0,0.4292624592781067
evaluation-28028-tar-000,1,0.8586593270301819
evaluation-28028-non-000,0,-0.10281883925199509
evaluation-28053-tar-000,1,0.843686580657959
evaluation-28053-non-000,0,-0.10863371938467026
evaluation-2806-tar-000,1,0.15538588166236877
evaluation-2806-non-000,0,-0.020947692915797234
evaluation-28086-tar-000,1,0.5339309573173523
evaluation-28086-non-000,0,0.38978973031044006
evaluation-28105-tar-000,1,0.7155855298042297
evaluation-28105-non-000,0,-0.3293917775154114
evaluation-28152-tar-000,1,0.8113939762115479
evaluation-28152-non-000,0,0.11237410455942154
evaluation-28182-tar-000,1,0.927108883857727
evaluation-28182-non-000,0,-0.03453832119703293
evaluation-28248-tar-000,1,0.758970320224762
evaluation-28248-non-000,0,-0.05084610357880592
evaluation-2831-tar-000,1,0.6225594282150269
evaluation-2831-non-000,0,-0.07779374718666077
evaluation-28338-tar-000,1,0.7568599581718445
evaluation-28338-non-000,0,-0.014713723212480545
evaluation-28679-tar-000,1,0.36617007851600647
evaluation-28679-non-000,0,-0.038278330117464066
evaluation-28682-tar-000,1,0.6359118223190308
evaluation-28682-non-000,0,0.27715831995010376
evaluation-28750-tar-000,1,0.8797968626022339
evaluation-28750-non-000,0,-0.12316824495792389
evaluation-28781-tar-000,1,0.4822438359260559
evaluation-28781-non-000,0,0.3142797350883484
evaluation-28822-tar-000,1,0.45114976167678833
evaluation-28822-non-000,0,-0.058134887367486954
evaluation-2892-tar-000,1,0.5124304294586182
evaluation-2892-non-000,0,0.11384642124176025
evaluation-2901-tar-000,1,0.9068434238433838
evaluation-2901-non-000,0,-0.21257221698760986
evaluation-2908-tar-000,1,0.589319109916687
evaluation-2908-non-000,0,-0.08507460355758667
evaluation-29102-tar-000,1,0.6843804121017456
evaluation-29102-non-000,0,-0.016417844220995903
evaluation-29105-tar-000,1,0.7545748949050903
evaluation-29105-non-000,0,-0.31774598360061646
evaluation-29237-tar-000,1,0.90189528465271
evaluation-29237-non-000,0,-0.038978323340415955
evaluation-29278-tar-000,1,0.8312079906463623
evaluation-29278-non-000,0,0.05690585821866989
evaluation-29434-tar-000,1,0.3434452712535858
evaluation-29434-non-000,0,-0.07354657351970673
evaluation-2950-tar-000,1,0.8611955046653748
evaluation-2950-non-000,0,-0.13612711429595947
evaluation-29500-tar-000,1,0.8199799656867981
evaluation-29500-non-000,0,-0.09821772575378418
evaluation-2957-tar-000,1,0.739548921585083
evaluation-2957-non-000,0,0.14156189560890198
evaluation-29668-tar-000,1,0.7142202854156494
evaluation-29668-non-000,0,-0.035358551889657974
evaluation-29778-tar-000,1,0.6192798018455505
evaluation-29778-non-000,0,0.18024766445159912
evaluation-2984-tar-000,1,0.5711479187011719
evaluation-2984-non-000,0,0.06929591298103333
evaluation-2990-tar-000,1,0.6308998465538025
evaluation-2990-non-000,0,0.028561048209667206
evaluation-29904-tar-000,1,0.4888128638267517
evaluation-29904-non-000,0,0.1823490560054779
evaluation-30085-tar-000,1,0.9120463728904724
evaluation-30085-non-000,0,-0.13970419764518738
evaluation-3015-tar-000,1,0.6884799599647522
evaluation-3015-non-000,0,0.0001399889588356018
evaluation-3023-tar-000,1,0.7336961627006531
evaluation-3023-non-000,0,-0.11969650536775589
evaluation-30261-tar-000,1,0.4555577337741852
evaluation-30261-non-000,0,0.05162506178021431
evaluation-30302-tar-000,1,0.8105406165122986
evaluation-30302-non-000,0,-0.060212135314941406
evaluation-30316-tar-000,1,0.5342695116996765
evaluation-30316-non-000,0,-0.1601451337337494
evaluation-30610-tar-000,1,0.5905085206031799
evaluation-30610-non-000,0,0.027430087327957153
evaluation-3062-tar-000,1,-0.14175280928611755
evaluation-3062-non-000,0,0.08070230484008789
evaluation-30621-tar-000,1,0.6276955604553223
evaluation-30621-non-000,0,0.051889628171920776
evaluation-30659-tar-000,1,0.8180721998214722
evaluation-30659-non-000,0,0.05322635918855667
evaluation-30824-tar-000,1,0.3619367778301239
evaluation-30824-non-000,0,-0.03651784360408783
evaluation-30923-tar-000,1,0.6148945093154907
evaluation-30923-non-000,0,-0.03922237455844879
evaluation-30967-tar-000,1,0.8015815615653992
evaluation-30967-non-000,0,0.1318475604057312
evaluation-31008-tar-000,1,0.9394680261611938
evaluation-31008-non-000,0,0.10207241773605347
evaluation-3124-tar-000,1,0.7399375438690186
evaluation-3124-non-000,0,0.15283186733722687
evaluation-31280-tar-000,1,0.8858678340911865
evaluation-31280-non-000,0,0.1552525907754898
evaluation-31294-tar-000,1,0.7993618249893188
evaluation-31294-non-000,0,-0.1322864592075348
evaluation-31307-tar-000,1,0.8271346688270569
evaluation-31307-non-000,0,-0.030267737805843353
evaluation-31346-tar-000,1,0.0809401199221611
evaluation-31346-non-000,0,0.15841597318649292
evaluation-31360-tar-000,1,0.7613931894302368
evaluation-31360-non-000,0,0.07998433709144592
evaluation-31384-tar-000,1,0.8157342672348022
evaluation-31384-non-000,0,-0.06002037972211838
evaluation-3139-tar-000,1,0.750456690788269
evaluation-3139-non-000,0,-0.04015956073999405
evaluation-31390-tar-000,1,0.8640750646591187
evaluation-31390-non-000,0,0.20282956957817078
evaluation-3145-tar-000,1,0.8051146268844604
evaluation-3145-non-000,0,-0.08578912168741226
evaluation-31464-tar-000,1,0.7918962240219116
evaluation-31464-non-000,0,-0.028861291706562042
evaluation-3161-tar-000,1,0.25956490635871887
evaluation-3161-non-000,0,-0.1999034583568573
evaluation-31665-tar-000,1,0.7691448926925659
evaluation-31665-non-000,0,-0.22547507286071777
evaluation-3167-tar-000,1,0.8287209272384644
evaluation-3167-non-000,0,-0.025490378960967064
evaluation-31838-tar-000,1,0.8802974820137024
evaluation-31838-non-000,0,0.04035133868455887
evaluation-31947-tar-000,1,0.8902177810668945
evaluation-31947-non-000,0,0.0008150003850460052
evaluation-31950-tar-000,1,0.7334340214729309
evaluation-31950-non-000,0,0.006267670542001724
evaluation-31964-tar-000,1,0.7409342527389526
evaluation-31964-non-000,0,0.08907320350408554
evaluation-31986-tar-000,1,0.3859149217605591
evaluation-31986-non-000,0,0.005867835134267807
evaluation-32005-tar-000,1,0.7831440567970276
evaluation-32005-non-000,0,0.24646253883838654
evaluation-32046-tar-000,1,0.6034784317016602
evaluation-32046-non-000,0,0.16505756974220276
evaluation-32057-tar-000,1,0.8064210414886475
evaluation-32057-non-000,0,0.018492424860596657
evaluation-3215-tar-000,1,0.7319865822792053
evaluation-3215-non-000,0,-0.15392537415027618
evaluation-32285-tar-000,1,0.8147009015083313
evaluation-32285-non-000,0,-0.08021144568920135
evaluation-32368-tar-000,1,0.8181701898574829
evaluation-32368-non-000,0,0.07648111134767532
evaluation-32521-tar-000,1,0.8224964141845703
evaluation-32521-non-000,0,0.13920001685619354
evaluation-32620-tar-000,1,0.49073368310928345
evaluation-32620-non-000,0,-0.10059037804603577
evaluation-32730-tar-000,1,0.8315608501434326
evaluation-32730-non-000,0,-0.07442228496074677
evaluation-32785-tar-000,1,0.767263650894165
evaluation-32785-non-000,0,-0.04056323319673538
evaluation-32810-tar-000,1,0.8689916133880615
evaluation-32810-non-000,0,-0.08026332408189774
evaluation-3292-tar-000,1,0.8227801322937012
evaluation-3292-non-000,0,-0.041758447885513306
evaluation-3301-tar-000,1,0.563084065914154
evaluation-3301-non-000,0,0.027756281197071075
evaluation-33060-tar-000,1,0.7912836074829102
evaluation-33060-non-000,0,0.362663209438324
evaluation-33096-tar-000,1,-0.05794987827539444
evaluation-33096-non-000,0,0.22279387712478638
evaluation-33120-tar-000,1,0.8090454936027527
evaluation-33120-non-000,0,-0.0726533830165863
evaluation-3314-tar-000,1,0.5545817613601685
evaluation-3314-non-000,0,0.017741858959197998
evaluation-33255-tar-000,1,0.6291876435279846
evaluation-33255-non-000,0,0.020495176315307617
evaluation-33258-tar-000,1,0.7927471399307251
evaluation-33258-non-000,0,0.038094013929367065
evaluation-33274-tar-000,1,0.8517345190048218
evaluation-33274-non-000,0,-0.22960945963859558
evaluation-33598-tar-000,1,0.6910845637321472
evaluation-33598-non-000,0,0.06921400874853134
evaluation-3361-tar-000,1,0.516707181930542
evaluation-3361-non-000,0,0.008934319019317627
evaluation-33623-tar-000,1,0.3009003698825836
evaluation-33623-non-000,0,0.25244441628456116
evaluation-3365-tar-000,1,0.8737074136734009
evaluation-3365-non-000,0,-0.0973137617111206
evaluation-3369-tar-000,1,0.7173692584037781
evaluation-3369-non-000,0,0.1941632628440857
evaluation-33711-tar-000,1,0.7431415915489197
evaluation-33711-non-000,0,-0.09781008958816528
evaluation-33790-tar-000,1,0.7923892736434937
evaluation-33790-non-000,0,-0.06836441159248352
evaluation-3395-tar-000,1,0.8014349937438965
evaluation-3395-non-000,0,-0.0011167675256729126
evaluation-3407-tar-000,1,0.10970056802034378
evaluation-3407-non-000,0,-0.015900395810604095
evaluation-3409-tar-000,1,0.8306602239608765
evaluation-3409-non-000,0,0.012998776510357857
evaluation-34158-tar-000,1,0.8142178058624268
evaluation-34158-non-000,0,0.19391149282455444
evaluation-3417-tar-000,1,0.831904947757721
evaluation-3417-non-000,0,0.07063300162553787
evaluation-3425-tar-000,1,0.806389331817627
evaluation-3425-non-000,0,0.0376213975250721
evaluation-34257-tar-000,1,0.870324432849884
evaluation-34257-non-000,0,-0.04784023016691208
evaluation-3427-tar-000,1,0.5602208375930786
evaluation-3427-non-000,0,0.11892732977867126
evaluation-34458-tar-000,1,0.4466957449913025
evaluation-34458-non-000,0,0.14311018586158752
evaluation-34485-tar-000,1,0.33112257719039917
evaluation-34485-non-000,0,-0.15563657879829407
evaluation-34631-tar-000,1,0.787826657295227
evaluation-34631-non-000,0,-0.20143204927444458
evaluation-34647-tar-000,1,0.8410390019416809
evaluation-34647-non-000,0,-0.059816066175699234
evaluation-3471-tar-000,1,0.7494562268257141
evaluation-3471-non-000,0,0.05147933214902878
evaluation-34719-tar-000,1,0.40676701068878174
evaluation-34719-non-000,0,0.000112093985080719
evaluation-3473-tar-000,1,0.8305068016052246
evaluation-3473-non-000,0,-0.10987885296344757
evaluation-34738-tar-000,1,0.39417946338653564
evaluation-34738-non-000,0,0.0912262573838234
evaluation-34771-tar-000,1,0.8342068195343018
evaluation-34771-non-000,0,0.007147632539272308
evaluation-3479-tar-000,1,0.5225644111633301
evaluation-3479-non-000,0,-0.0696413516998291
evaluation-34807-tar-000,1,0.13793398439884186
evaluation-34807-non-000,0,0.18166020512580872
evaluation-3482-tar-000,1,0.8264046311378479
evaluation-3482-non-000,0,-0.14020279049873352
evaluation-34859-tar-000,1,0.5936443209648132
evaluation-34859-non-000,0,0.012715369462966919
evaluation-3497-tar-000,1,0.775078296661377
evaluation-3497-non-000,0,0.2095910906791687
evaluation-34996-tar-000,1,0.8072919249534607
evaluation-34996-non-000,0,0.22281453013420105
evaluation-35043-tar-000,1,0.8975294828414917
evaluation-35043-non-000,0,-0.1372874677181244
evaluation-3507-tar-000,1,0.7360191941261292
evaluation-3507-non-000,0,0.09955944120883942
evaluation-35101-tar-000,1,0.7780040502548218
evaluation-35101-non-000,0,-0.07861903309822083
evaluation-3518-tar-000,1,0.8269287347793579
evaluation-3518-non-000,0,-0.1332494020462036
evaluation-3522-tar-000,1,0.22983962297439575
evaluation-3522-non-000,0,0.17393463850021362
evaluation-35293-tar-000,1,0.8383033275604248
evaluation-35293-non-000,0,0.04542713612318039
evaluation-35359-tar-000,1,0.7624317407608032
evaluation-35359-non-000,0,0.03702036291360855
evaluation-3540-tar-000,1,0.5148927569389343
evaluation-3540-non-000,0,-0.03744610771536827
evaluation-35416-tar-000,1,0.8131358623504639
evaluation-35416-non-000,0,0.39512714743614197
evaluation-35449-tar-000,1,0.9040388464927673
evaluation-35449-non-000,0,0.02400864288210869
evaluation-35510-tar-000,1,0.8310887813568115
evaluation-35510-non-000,0,0.06942811608314514
evaluation-35562-tar-000,1,0.8826802968978882
evaluation-35562-non-000,0,0.027051735669374466
evaluation-35587-tar-000,1,0.8409833312034607
evaluation-35587-non-000,0,-0.17381970584392548
evaluation-3564-tar-000,1,0.8415502309799194
evaluation-3564-non-000,0,0.30176281929016113
evaluation-35683-tar-000,1,0.8277177810668945
evaluation-35683-non-000,0,-0.212501659989357
evaluation-35699-tar-000,1,0.6937130093574524
evaluation-35699-non-000,0,0.010744180530309677
evaluation-3571-tar-000,1,0.416220486164093
evaluation-3571-non-000,0,0.3310115337371826
evaluation-3572-tar-000,1,0.7827433347702026
evaluation-3572-non-000,0,0.27517348527908325
evaluation-35793-tar-000,1,0.7649956941604614
evaluation-35793-non-000,0,0.013825230300426483
evaluation-35823-tar-000,1,0.7313142418861389
evaluation-35823-non-000,0,0.22463706135749817
evaluation-35872-tar-000,1,0.8435630798339844
evaluation-35872-non-000,0,0.17631547152996063
evaluation-3597-tar-000,1,0.7513744235038757
evaluation-3597-non-000,0,-0.05136474221944809
evaluation-35996-tar-000,1,0.8216089010238647
evaluation-35996-non-000,0,-0.14496257901191711
evaluation-36004-tar-000,1,0.9397180080413818
evaluation-36004-non-000,0,0.1015881597995758
evaluation-36051-tar-000,1,0.4949558675289154
evaluation-36051-non-000,0,0.16257953643798828
evaluation-3619-tar-000,1,0.8047549724578857
evaluation-3619-non-000,0,0.36316603422164917
evaluation-36196-tar-000,1,0.5419374704360962
evaluation-36196-non-000,0,0.22297149896621704
evaluation-36298-tar-000,1,0.780210554599762
evaluation-36298-non-000,0,0.06360561400651932
evaluation-36323-tar-000,1,0.8258934020996094
evaluation-36323-non-000,0,-0.0404343381524086
evaluation-36386-tar-000,1,0.7998914122581482
evaluation-36386-non-000,0,-0.19743594527244568
evaluation-36395-tar-000,1,0.7631057500839233
evaluation-36395-non-000,0,-0.14986620843410492
evaluation-36460-tar-000,1,0.7531810998916626
evaluation-36460-non-000,0,0.015308592468500137
evaluation-36499-tar-000,1,0.9063280820846558
evaluation-36499-non-000,0,-0.1444806158542633
evaluation-3656-tar-000,1,0.6904586553573608
evaluation-3656-non-000,0,0.04505729675292969
evaluation-36611-tar-000,1,0.8971558809280396
evaluation-36611-non-000,0,0.21102596819400787
evaluation-36619-tar-000,1,0.7623088359832764
evaluation-36619-non-000,0,-0.15099820494651794
evaluation-36625-tar-000,1,0.46753185987472534
evaluation-36625-non-000,0,-0.054182831197977066
evaluation-36633-tar-000,1,0.8584513068199158
evaluation-36633-non-000,0,-0.067705437541008
evaluation-36685-tar-000,1,0.7735876441001892
evaluation-36685-non-000,0,0.1359904408454895
evaluation-3669-tar-000,1,0.6450290679931641
evaluation-3669-non-000,0,0.14823263883590698
evaluation-36853-tar-000,1,0.8436145782470703
evaluation-36853-non-000,0,0.17617017030715942
evaluation-3693-tar-000,1,0.87279212474823
evaluation-3693-non-000,0,0.03429638594388962
evaluation-3720-tar-000,1,0.8561668395996094
evaluation-3720-non-000,0,0.18240457773208618
evaluation-37259-tar-000,1,0.897552490234375
evaluation-37259-non-000,0,0.20624138414859772
evaluation-37301-tar-000,1,0.42026960849761963
evaluation-37301-non-000,0,0.0346810519695282
evaluation-37328-tar-000,1,0.6976947784423828
evaluation-37328-non-000,0,0.05944132059812546
evaluation-37625-tar-000,1,0.7969798445701599
evaluation-37625-non-000,0,-0.05690993368625641
evaluation-37658-tar-000,1,0.5514984130859375
evaluation-37658-non-000,0,-0.06582595407962799
evaluation-3767-tar-000,1,0.5801620483398438
evaluation-3767-non-000,0,-0.06688804179430008
evaluation-37696-tar-000,1,0.8224655389785767
evaluation-37696-non-000,0,0.005344852805137634
evaluation-3770-tar-000,1,0.9240496158599854
evaluation-3770-non-000,0,-0.03596482053399086
evaluation-37740-tar-000,1,0.5601295232772827
evaluation-37740-non-000,0,-0.09502635896205902
evaluation-3778-tar-000,1,0.6882557272911072
evaluation-3778-non-000,0,0.04800146445631981
evaluation-37844-tar-000,1,0.8556599617004395
evaluation-37844-non-000,0,-0.1742216944694519
evaluation-37921-tar-000,1,0.7923381328582764
evaluation-37921-non-000,0,0.2718833386898041
evaluation-37932-tar-000,1,0.8613550662994385
evaluation-37932-non-000,0,-0.0020769834518432617
evaluation-37946-tar-000,1,0.7907615900039673
evaluation-37946-non-000,0,-0.09299197047948837
evaluation-37965-tar-000,1,0.5833616256713867
evaluation-37965-non-000,0,-0.17762774229049683
evaluation-37971-tar-000,1,0.8261204957962036
evaluation-37971-non-000,0,0.03309917449951172
evaluation-3805-tar-000,1,0.7714423537254333
evaluation-3805-non-000,0,-0.1611536294221878
evaluation-38056-tar-000,1,0.76715487241745
evaluation-38056-non-000,0,0.12799344956874847
evaluation-38083-tar-000,1,0.25554201006889343
evaluation-38083-non-000,0,-0.06009528413414955
evaluation-3813-tar-000,1,0.7754436731338501
evaluation-3813-non-000,0,-0.015429474413394928
evaluation-38157-tar-000,1,0.5907160043716431
evaluation-38157-non-000,0,0.1875268667936325
evaluation-38166-tar-000,1,0.6914579272270203
evaluation-38166-non-000,0,-0.027079831808805466
evaluation-38196-tar-000,1,0.556024432182312
evaluation-38196-non-000,0,-0.11213191598653793
evaluation-3827-tar-000,1,0.3447030186653137
evaluation-3827-non-000,0,-0.172883540391922
evaluation-38388-tar-000,1,0.8411175012588501
evaluation-38388-non-000,0,-0.042103856801986694
evaluation-3839-tar-000,1,0.8901336193084717
evaluation-3839-non-000,0,0.2460070252418518
evaluation-3840-tar-000,1,0.7548854351043701
evaluation-3840-non-000,0,0.17598363757133484
evaluation-38657-tar-000,1,0.6210557818412781
evaluation-38657-non-000,0,0.20392784476280212
evaluation-38792-tar-000,1,0.4337061941623688
evaluation-38792-non-000,0,-0.24733003973960876
evaluation-3888-tar-000,1,0.7982972264289856
evaluation-3888-non-000,0,0.18699124455451965
evaluation-3892-tar-000,1,0.7341620922088623
evaluation-3892-non-000,0,0.3321538269519806
evaluation-3901-tar-000,1,0.8425073027610779
evaluation-3901-non-000,0,0.045512113720178604
evaluation-39025-tar-000,1,0.8241603374481201
evaluation-39025-non-000,0,0.12438318878412247
evaluation-39031-tar-000,1,0.7963809967041016
evaluation-39031-non-000,0,-0.08782446384429932
evaluation-3911-tar-000,1,0.6266166567802429
evaluation-3911-non-000,0,0.012347538955509663
evaluation-39163-tar-000,1,0.840557336807251
evaluation-39163-non-000,0,0.2739700675010681
evaluation-39201-tar-000,1,0.8604637384414673
evaluation-39201-non-000,0,0.05172189325094223
evaluation-3921-tar-000,1,0.8531150817871094
evaluation-3921-non-000,0,0.0099478829652071
evaluation-3926-tar-000,1,0.4908534586429596
evaluation-3926-non-000,0,0.42425546050071716
evaluation-3928-tar-000,1,0.8140648007392883
evaluation-3928-non-000,0,0.03988024219870567
evaluation-3931-tar-000,1,0.3170539140701294
evaluation-3931-non-000,0,-0.035846952348947525
evaluation-3939-tar-000,1,0.8082890510559082
evaluation-3939-non-000,0,-0.12202483415603638
evaluation-39421-tar-000,1,0.7920075058937073
evaluation-39421-non-000,0,-0.03779871389269829
evaluation-3954-tar-000,1,0.6414753198623657
evaluation-3954-non-000,0,0.05570895969867706
evaluation-39720-tar-000,1,0.8534936308860779
evaluation-39720-non-000,0,0.21074451506137848
evaluation-39756-tar-000,1,0.8190547823905945
evaluation-39756-non-000,0,-0.07057882845401764
evaluation-39877-tar-000,1,0.7493489980697632
evaluation-39877-non-000,0,-0.023677220568060875
evaluation-3989-tar-000,1,0.8989043235778809
evaluation-3989-non-000,0,-0.12256069481372833
evaluation-40025-tar-000,1,0.8537007570266724
evaluation-40025-non-000,0,-0.18303857743740082
evaluation-4004-tar-000,1,0.7268725633621216
evaluation-4004-non-000,0,-0.0636141449213028
evaluation-40064-tar-000,1,0.8782763481140137
evaluation-40064-non-000,0,0.1554148644208908
evaluation-40075-tar-000,1,0.8932052850723267
evaluation-40075-non-000,0,0.27045392990112305
evaluation-4013-tar-000,1,0.7399541139602661
evaluation-4013-non-000,0,0.0887785255908966
evaluation-40173-tar-000,1,0.9200572967529297
evaluation-40173-non-000,0,-0.2133384346961975
evaluation-40311-tar-000,1,0.6885390281677246
evaluation-40311-non-000,0,0.2493382692337036
evaluation-4044-tar-000,1,0.8236973285675049
evaluation-4044-non-000,0,-0.009106175042688847
evaluation-40525-tar-000,1,0.904264509677887
evaluation-40525-non-000,0,-0.07141101360321045
evaluation-40577-tar-000,1,0.33009064197540283
evaluation-40577-non-000,0,0.10585477948188782
evaluation-40588-tar-000,1,0.824402928352356
evaluation-40588-non-000,0,0.08574122190475464
evaluation-40676-tar-000,1,0.6226549744606018
evaluation-40676-non-000,0,-0.18617017567157745
evaluation-4068-tar-000,1,0.6605910062789917
evaluation-4068-non-000,0,0.08151699602603912
evaluation-4077-tar-000,1,0.9201834201812744
evaluation-4077-non-000,0,-0.08017801493406296
evaluation-40772-tar-000,1,0.4898607134819031
evaluation-40772-non-000,0,0.03623341768980026
evaluation-40929-tar-000,1,0.693576455116272
evaluation-40929-non-000,0,0.04530373215675354
evaluation-41000-tar-000,1,0.8751219511032104
evaluation-41000-non-000,0,0.07748138904571533
evaluation-41025-tar-000,1,0.6836739778518677
evaluation-41025-non-000,0,-0.18867716193199158
evaluation-4123-tar-000,1,0.7206413745880127
evaluation-4123-non-000,0,0.10351479798555374
evaluation-41278-tar-000,1,0.797160804271698
evaluation-41278-non-000,0,0.048674650490283966
evaluation-4134-tar-000,1,0.7246497869491577
evaluation-4134-non-000,0,-0.003924179822206497
evaluation-41357-tar-000,1,0.8256770372390747
evaluation-41357-non-000,0,0.025086140260100365
evaluation-41390-tar-000,1,0.36351868510246277
evaluation-41390-non-000,0,-0.09648256003856659
evaluation-41404-tar-000,1,0.8575457334518433
evaluation-41404-non-000,0,-0.051093149930238724
evaluation-41492-tar-000,1,0.8089656829833984
evaluation-41492-non-000,0,-0.004519572481513023
evaluation-41536-tar-000,1,0.7061219215393066
evaluation-41536-non-000,0,0.025838259607553482
evaluation-41706-tar-000,1,0.9209939241409302
evaluation-41706-non-000,0,-0.058703646063804626
evaluation-41750-tar-000,1,0.8525457382202148
evaluation-41750-non-000,0,-0.04698715731501579
evaluation-41755-tar-000,1,0.7344525456428528
evaluation-41755-non-000,0,-0.0695827305316925
evaluation-41854-tar-000,1,0.897418737411499
evaluation-41854-non-000,0,0.04639263451099396
evaluation-41945-tar-000,1,0.7553902864456177
evaluation-41945-non-000,0,0.08266628533601761
evaluation-41994-tar-000,1,0.7400093078613281
evaluation-41994-non-000,0,0.23059658706188202
evaluation-4202-tar-000,1,0.7810367941856384
evaluation-4202-non-000,0,-0.2106570303440094
evaluation-42025-tar-000,1,0.7886133193969727
evaluation-42025-non-000,0,0.0074164122343063354
evaluation-4204-tar-000,1,0.5382789373397827
evaluation-4204-non-000,0,-0.2941846251487732
evaluation-42173-tar-000,1,0.8356388807296753
evaluation-42173-non-000,0,-0.06116553023457527
evaluation-42176-tar-000,1,0.9096704125404358
evaluation-42176-non-000,0,0.10306674242019653
evaluation-42209-tar-000,1,0.8224931955337524
evaluation-42209-non-000,0,-0.002459779381752014
evaluation-42250-tar-000,1,0.8515653610229492
evaluation-42250-non-000,0,-0.08376975357532501
evaluation-4240-tar-000,1,0.44082218408584595
evaluation-4240-non-000,0,0.14858925342559814
evaluation-42401-tar-000,1,0.8966152667999268
evaluation-42401-non-000,0,0.16044285893440247
evaluation-4246-tar-000,1,0.6651644706726074
evaluation-4246-non-000,0,0.0626411959528923
evaluation-42505-tar-000,1,0.3684101104736328
evaluation-42505-non-000,0,0.0878392681479454
evaluation-4251-tar-000,1,0.7435240745544434
evaluation-4251-non-000,0,-0.10955220460891724
evaluation-42546-tar-000,1,0.7258572578430176
evaluation-42546-non-000,0,0.10110993683338165
evaluation-42648-tar-000,1,0.8517177104949951
evaluation-42648-non-000,0,0.050073184072971344
evaluation-42681-tar-000,1,0.7969010472297668
evaluation-42681-non-000,0,0.04495694115757942
evaluation-42717-tar-000,1,0.8306445479393005
evaluation-42717-non-000,0,0.1793912798166275
evaluation-42728-tar-000,1,0.9044225215911865
evaluation-42728-non-000,0,-0.2073129266500473
evaluation-42744-tar-000,1,0.6593742966651917
evaluation-42744-non-000,0,0.1947999745607376
evaluation-42772-tar-000,1,0.4754916727542877
evaluation-42772-non-000,0,0.26489749550819397
evaluation-4288-tar-000,1,0.7779760956764221
evaluation-4288-non-000,0,0.10381852090358734
evaluation-42904-tar-000,1,0.8989410400390625
evaluation-42904-non-000,0,-0.24693012237548828
evaluation-4295-tar-000,1,0.7380611896514893
evaluation-4295-non-000,0,0.018369756639003754
evaluation-43042-tar-000,1,0.8715079426765442
evaluation-43042-non-000,0,0.10547352582216263
evaluation-43063-tar-000,1,0.8313755989074707
evaluation-43063-non-000,0,0.005481339991092682
evaluation-4308-tar-000,1,0.719464898109436
evaluation-4308-non-000,0,-0.11014965921640396
evaluation-4315-tar-000,1,0.6453076601028442
evaluation-4315-non-000,0,-0.09192997217178345
evaluation-43184-tar-000,1,0.5412193536758423
evaluation-43184-non-000,0,0.10004094243049622
evaluation-43225-tar-000,1,0.8129831552505493
evaluation-43225-non-000,0,-0.24823462963104248
evaluation-43269-tar-000,1,0.21816936135292053
evaluation-43269-non-000,0,-0.17193703353405
evaluation-43288-tar-000,1,0.6852095723152161
evaluation-43288-non-000,0,-0.06125963479280472
evaluation-4341-tar-000,1,0.7370517253875732
evaluation-4341-non-000,0,0.006094176322221756
evaluation-43483-tar-000,1,0.8548893332481384
evaluation-43483-non-000,0,0.2093006819486618
evaluation-43604-tar-000,1,0.8010604381561279
evaluation-43604-non-000,0,-0.15359309315681458
evaluation-43675-tar-000,1,0.7723433971405029
evaluation-43675-non-000,0,-0.13087722659111023
evaluation-4368-tar-000,1,0.5227067470550537
evaluation-4368-non-000,0,-0.05133025348186493
evaluation-43744-tar-000,1,0.7060438990592957
evaluation-43744-non-000,0,0.09069406241178513
evaluation-43818-tar-000,1,0.36467158794403076
evaluation-43818-non-000,0,-0.1078755334019661
evaluation-43865-tar-000,1,0.9226059913635254
evaluation-43865-non-000,0,-0.015150951221585274
evaluation-43958-tar-000,1,0.6980064511299133
evaluation-43958-non-000,0,0.2197371870279312
evaluation-44085-tar-000,1,0.8616989850997925
evaluation-44085-non-000,0,-0.12493745237588882
evaluation-44175-tar-000,1,0.609345555305481
evaluation-44175-non-000,0,-0.1224231943488121
evaluation-44285-tar-000,1,0.9349719285964966
evaluation-44285-non-000,0,0.20982438325881958
evaluation-44392-tar-000,1,0.8131674528121948
evaluation-44392-non-000,0,-0.11705048382282257
evaluation-4440-tar-000,1,0.4633488059043884
evaluation-4440-non-000,0,0.20644938945770264
evaluation-44406-tar-000,1,0.5751311779022217
evaluation-44406-non-000,0,-0.045280005782842636
evaluation-4442-tar-000,1,0.38230711221694946
evaluation-4442-non-000,0,-0.11792721599340439
evaluation-4468-tar-000,1,0.391975998878479
evaluation-4468-non-000,0,-0.17109009623527527
evaluation-44683-tar-000,1,0.24215418100357056
evaluation-44683-non-000,0,-0.08026312291622162
evaluation-44727-tar-000,1,0.782230019569397
evaluation-44727-non-000,0,0.0002638893201947212
evaluation-4477-tar-000,1,0.6859368085861206
evaluation-4477-non-000,0,-0.19170311093330383
evaluation-44829-tar-000,1,0.66576087474823
evaluation-44829-non-000,0,0.035319991409778595
evaluation-4506-tar-000,1,0.808099627494812
evaluation-4506-non-000,0,0.0543648861348629
evaluation-45084-tar-000,1,0.7325581312179565
evaluation-45084-non-000,0,0.044788338243961334
evaluation-45213-tar-000,1,0.8325631022453308
evaluation-45213-non-000,0,0.13001438975334167
evaluation-45252-tar-000,1,0.7027392983436584
evaluation-45252-non-000,0,0.12295149266719818
evaluation-4529-tar-000,1,0.8753582239151001
evaluation-4529-non-000,0,-0.16539369523525238
evaluation-45538-tar-000,1,0.42504724860191345
evaluation-45538-non-000,0,0.1125471219420433
evaluation-45617-tar-000,1,0.7413341999053955
evaluation-45617-non-000,0,-0.0536457896232605
evaluation-45658-tar-000,1,0.8157204985618591
evaluation-45658-non-000,0,-0.07197991013526917
evaluation-45744-tar-000,1,0.6991567611694336
evaluation-45744-non-000,0,0.06505516916513443
evaluation-45749-tar-000,1,0.5797556042671204
evaluation-45749-non-000,0,0.23789212107658386
evaluation-45793-tar-000,1,0.7682341933250427
evaluation-45793-non-000,0,-0.16183193027973175
evaluation-4581-tar-000,1,0.6757673621177673
evaluation-4581-non-000,0,-0.026476237922906876
evaluation-45834-tar-000,1,0.43284299969673157
evaluation-45834-non-000,0,0.03325686603784561
evaluation-45870-tar-000,1,0.1437397003173828
evaluation-45870-non-000,0,0.2277623414993286
evaluation-4591-tar-000,1,0.6124047040939331
evaluation-4591-non-000,0,0.17675018310546875
evaluation-45985-tar-000,1,0.5259237885475159
evaluation-45985-non-000,0,0.03289009630680084
evaluation-46029-tar-000,1,0.7616231441497803
evaluation-46029-non-000,0,-0.02542605996131897
evaluation-4603-tar-000,1,0.7872676253318787
evaluation-4603-non-000,0,0.28986650705337524
evaluation-4612-tar-000,1,0.8188910484313965
evaluation-4612-non-000,0,0.023509910330176353
evaluation-4619-tar-000,1,0.7493351697921753
evaluation-4619-non-000,0,-0.07779984176158905
evaluation-46202-tar-000,1,0.743242621421814
evaluation-46202-non-000,0,-0.01433686912059784
evaluation-46241-tar-000,1,0.5244842767715454
evaluation-46241-non-000,0,0.31111952662467957
evaluation-46298-tar-000,1,0.7609246969223022
evaluation-46298-non-000,0,-0.07050412148237228
evaluation-46466-tar-000,1,0.7861839532852173
evaluation-46466-non-000,0,0.26868245005607605
evaluation-4649-tar-000,1,0.9089304208755493
evaluation-4649-non-000,0,0.10267181694507599
evaluation-4664-tar-000,1,0.34594008326530457
evaluation-4664-non-000,0,-0.060231104493141174
evaluation-46955-tar-000,1,0.4373290240764618
evaluation-46955-non-000,0,-0.20428802073001862
evaluation-4709-tar-000,1,0.7688252925872803
evaluation-4709-non-000,0,0.2235180139541626
evaluation-4710-tar-000,1,0.6187361478805542
evaluation-4710-non-000,0,-0.22722966969013214
evaluation-47139-tar-000,1,0.8990603685379028
evaluation-47139-non-000,0,-0.029415488243103027
evaluation-47142-tar-000,1,0.7109789848327637
evaluation-47142-non-000,0,-0.0984707623720169
evaluation-47169-tar-000,1,0.45440489053726196
evaluation-47169-non-000,0,0.08483875542879105
evaluation-47238-tar-000,1,0.5945594906806946
evaluation-47238-non-000,0,-0.04953901842236519
evaluation-4728-tar-000,1,0.8159914016723633
evaluation-4728-non-000,0,0.09753981232643127
evaluation-47342-tar-000,1,0.8622245192527771
evaluation-47342-non-000,0,-0.09504975378513336
evaluation-47504-tar-000,1,0.618456244468689
evaluation-47504-non-000,0,-0.1465950310230255
evaluation-4763-tar-000,1,0.8199622631072998
evaluation-4763-non-000,0,-0.12201635539531708
evaluation-47650-tar-000,1,0.8278845548629761
evaluation-47650-non-000,0,-0.36107683181762695
evaluation-47658-tar-000,1,0.0063301194459199905
evaluation-47658-non-000,0,-0.07548263669013977
evaluation-4773-tar-000,1,0.8756842613220215
evaluation-4773-non-000,0,0.17847521603107452
evaluation-4774-tar-000,1,0.8874791264533997
evaluation-4774-non-000,0,0.08770371973514557
evaluation-47913-tar-000,1,0.2195967733860016
evaluation-47913-non-000,0,-0.22168582677841187
evaluation-47998-tar-000,1,0.6824290752410889
evaluation-47998-non-000,0,-0.1797623336315155
evaluation-4800-tar-000,1,0.4028581380844116
evaluation-4800-non-000,0,-0.09407537430524826
evaluation-48095-tar-000,1,0.7706727981567383
evaluation-48095-non-000,0,0.005592159926891327
evaluation-48193-tar-000,1,0.8896137475967407
evaluation-48193-non-000,0,-0.24516180157661438
evaluation-4821-tar-000,1,0.7297002077102661
evaluation-4821-non-000,0,0.19101494550704956
evaluation-48232-tar-000,1,0.783540666103363
evaluation-48232-non-000,0,0.14078329503536224
evaluation-48262-tar-000,1,0.45642948150634766
evaluation-48262-non-000,0,-0.11335672438144684
evaluation-48388-tar-000,1,0.8609776496887207
evaluation-48388-non-000,0,-0.03676502779126167
evaluation-4841-tar-000,1,0.8027607202529907
evaluation-4841-non-000,0,-0.09484855830669403
evaluation-4842-tar-000,1,0.5404921174049377
evaluation-4842-non-000,0,0.1105046421289444
evaluation-48443-tar-000,1,0.8453406095504761
evaluation-48443-non-000,0,-0.02791842818260193
evaluation-48454-tar-000,1,0.3174986243247986
evaluation-48454-non-000,0,0.18244419991970062
evaluation-48575-tar-000,1,0.7070822715759277
evaluation-48575-non-000,0,-0.07368604093790054
evaluation-48578-tar-000,1,0.314048171043396
evaluation-48578-non-000,0,-0.011976107023656368
evaluation-4867-tar-000,1,0.8226136565208435
evaluation-4867-non-000,0,0.029767805710434914
evaluation-48726-tar-000,1,0.9367626905441284
evaluation-48726-non-000,0,-0.0116567462682724
evaluation-48759-tar-000,1,0.3953147828578949
evaluation-48759-non-000,0,-0.17827242612838745
evaluation-48787-tar-000,1,0.9244658350944519
evaluation-48787-non-000,0,0.0015758387744426727
evaluation-48833-tar-000,1,0.7137489914894104
evaluation-48833-non-000,0,-0.1298799216747284
evaluation-48905-tar-000,1,0.8187922239303589
evaluation-48905-non-000,0,0.040578097105026245
evaluation-4891-tar-000,1,0.8297910094261169
evaluation-4891-non-000,0,-0.05875403806567192
evaluation-4894-tar-000,1,0.3469342291355133
evaluation-4894-non-000,0,0.11964863538742065
evaluation-48952-tar-000,1,0.9197485446929932
evaluation-48952-non-000,0,0.0076613519340753555
evaluation-49004-tar-000,1,0.8419095873832703
evaluation-49004-non-000,0,0.0843597874045372
evaluation-49037-tar-000,1,0.7912649512290955
evaluation-49037-non-000,0,0.17294563353061676
evaluation-49045-tar-000,1,0.9027128219604492
evaluation-49045-non-000,0,0.44030141830444336
evaluation-49097-tar-000,1,0.67732834815979
evaluation-49097-non-000,0,-0.019641518592834473
evaluation-49116-tar-000,1,0.8625465631484985
evaluation-49116-non-000,0,0.02667715772986412
evaluation-49196-tar-000,1,0.5255804061889648
evaluation-49196-non-000,0,0.0626036524772644
evaluation-49207-tar-000,1,0.7679166793823242
evaluation-49207-non-000,0,-0.00010100752115249634
evaluation-4921-tar-000,1,0.8251214623451233
evaluation-4921-non-000,0,0.13455966114997864
evaluation-49215-tar-000,1,0.7223348617553711
evaluation-49215-non-000,0,-0.0031620506197214127
evaluation-4934-tar-000,1,0.6813928484916687
evaluation-4934-non-000,0,0.0921412780880928
evaluation-49446-tar-000,1,0.842427134513855
evaluation-49446-non-000,0,-0.08369055390357971
evaluation-49476-tar-000,1,0.7982455492019653
evaluation-49476-non-000,0,0.03677124157547951
evaluation-49484-tar-000,1,0.9331271648406982
evaluation-49484-non-000,0,-0.20468895137310028
evaluation-49520-tar-000,1,0.9008961915969849
evaluation-49520-non-000,0,-0.16628925502300262
evaluation-49539-tar-000,1,0.7552731037139893
evaluation-49539-non-000,0,0.08685700595378876
evaluation-4958-tar-000,1,0.7386249303817749
evaluation-4958-non-000,0,-0.06805065274238586
evaluation-4961-tar-000,1,0.6675439476966858
evaluation-4961-non-000,0,-0.014089981094002724
evaluation-49677-tar-000,1,0.5865188837051392
evaluation-49677-non-000,0,-0.027100853621959686
evaluation-49792-tar-000,1,0.7192190885543823
evaluation-49792-non-000,0,0.036511048674583435
evaluation-49808-tar-000,1,0.8379029035568237
evaluation-49808-non-000,0,-0.23498788475990295
evaluation-49872-tar-000,1,0.2831554412841797
evaluation-49872-non-000,0,-0.06270363926887512
evaluation-50056-tar-000,1,0.7213354110717773
evaluation-50056-non-000,0,-0.16397084295749664
evaluation-5008-tar-000,1,0.8730792999267578
evaluation-5008-non-000,0,-0.0216581579297781
evaluation-5010-tar-000,1,0.7115408182144165
evaluation-5010-non-000,0,-0.15575480461120605
evaluation-50138-tar-000,1,0.8384984731674194
evaluation-50138-non-000,0,0.18034230172634125
evaluation-5018-tar-000,1,0.7902993559837341
evaluation-5018-non-000,0,0.06524263322353363
evaluation-5021-tar-000,1,0.7533788084983826
evaluation-5021-non-000,0,0.027451198548078537
evaluation-5024-tar-000,1,0.8069319128990173
evaluation-5024-non-000,0,-0.1909947544336319
evaluation-50374-tar-000,1,0.5679794549942017
evaluation-50374-non-000,0,-0.04004887118935585
evaluation-5042-tar-000,1,0.8413084745407104
evaluation-5042-non-000,0,-0.10641416907310486
evaluation-50440-tar-000,1,0.8480303883552551
evaluation-50440-non-000,0,0.144383043050766
evaluation-50490-tar-000,1,0.6032624244689941
evaluation-50490-non-000,0,0.20514826476573944
evaluation-50591-tar-000,1,0.878196120262146
evaluation-50591-non-000,0,0.17184853553771973
evaluation-50608-tar-000,1,0.8673577308654785
evaluation-50608-non-000,0,0.10185791552066803
evaluation-50613-tar-000,1,0.8758452534675598
evaluation-50613-non-000,0,0.1776263415813446
evaluation-50643-tar-000,1,0.751849889755249
evaluation-50643-non-000,0,-0.09254058450460434
evaluation-50652-tar-000,1,0.5583770275115967
evaluation-50652-non-000,0,0.053177401423454285
evaluation-50676-tar-000,1,0.8835393190383911
evaluation-50676-non-000,0,0.06569093465805054
evaluation-50679-tar-000,1,0.8386764526367188
evaluation-50679-non-000,0,0.10301560908555984
evaluation-50723-tar-000,1,0.8379404544830322
evaluation-50723-non-000,0,-0.1973651498556137
evaluation-50786-tar-000,1,0.48582693934440613
evaluation-50786-non-000,0,-0.1682334989309311
evaluation-51050-tar-000,1,0.763420820236206
evaluation-51050-non-000,0,0.03051535226404667
evaluation-51080-tar-000,1,0.7424488663673401
evaluation-51080-non-000,0,-0.0034823957830667496
evaluation-51099-tar-000,1,0.761670708656311
evaluation-51099-non-000,0,0.11666165292263031
evaluation-5135-tar-000,1,0.35168853402137756
evaluation-5135-non-000,0,0.06797235459089279
evaluation-51399-tar-000,1,0.7721173167228699
evaluation-51399-non-000,0,-0.029917094856500626
evaluation-51459-tar-000,1,0.7168327569961548
evaluation-51459-non-000,0,-0.026882223784923553
evaluation-5148-tar-000,1,0.8578879833221436
evaluation-5148-non-000,0,0.13590720295906067
evaluation-5149-tar-000,1,0.6154304146766663
evaluation-5149-non-000,0,0.04450337588787079
evaluation-51506-tar-000,1,0.7796735763549805
evaluation-51506-non-000,0,-0.03193982318043709
evaluation-51525-tar-000,1,0.8978697061538696
evaluation-51525-non-000,0,-0.042269639670848846
evaluation-5153-tar-000,1,0.7940080165863037
evaluation-5153-non-000,0,-0.008686602115631104
evaluation-51531-tar-000,1,0.7344129085540771
evaluation-51531-non-000,0,0.3436121940612793
evaluation-51544-tar-000,1,0.9304053783416748
evaluation-51544-non-000,0,0.0081370510160923
evaluation-51624-tar-000,1,0.8270100355148315
evaluation-51624-non-000,0,0.003521464765071869
evaluation-51629-tar-000,1,0.8115342855453491
evaluation-51629-non-000,0,0.07802886515855789
evaluation-5167-tar-000,1,0.7742412686347961
evaluation-5167-non-000,0,-0.00969742238521576
evaluation-5171-tar-000,1,0.6653278470039368
evaluation-5171-non-000,0,-0.059879738837480545
evaluation-51899-tar-000,1,0.6008801460266113
evaluation-51899-non-000,0,0.13977032899856567
evaluation-51940-tar-000,1,0.871362566947937
evaluation-51940-non-000,0,0.19094549119472504
evaluation-51962-tar-000,1,0.7937443256378174
evaluation-51962-non-000,0,-0.19093409180641174
evaluation-5203-tar-000,1,0.8267297744750977
evaluation-5203-non-000,0,0.16497136652469635
evaluation-5215-tar-000,1,0.8747316598892212
evaluation-5215-non-000,0,0.1737983226776123
evaluation-52213-tar-000,1,0.40680134296417236
evaluation-52213-non-000,0,0.11009614169597626
evaluation-5225-tar-000,1,0.839022159576416
evaluation-5225-non-000,0,-0.06630833446979523
evaluation-52371-tar-000,1,0.8349292278289795
evaluation-52371-non-000,0,0.2943418025970459
evaluation-52374-tar-000,1,0.6735793948173523
evaluation-52374-non-000,0,0.1890472024679184
evaluation-5246-tar-000,1,0.5288646221160889
evaluation-5246-non-000,0,-0.24981115758419037
evaluation-52486-tar-000,1,0.7083833813667297
evaluation-52486-non-000,0,0.1955462545156479
evaluation-5253-tar-000,1,0.8758945465087891
evaluation-5253-non-000,0,0.2302807867527008
evaluation-52530-tar-000,1,0.9319701194763184
evaluation-52530-non-000,0,-0.09554800391197205
evaluation-5256-tar-000,1,0.7572524547576904
evaluation-5256-non-000,0,0.09504583477973938
evaluation-5261-tar-000,1,0.759451687335968
evaluation-5261-non-000,0,-0.25481146574020386
evaluation-52651-tar-000,1,0.7747777700424194
evaluation-52651-non-000,0,-0.05906185507774353
evaluation-52709-tar-000,1,0.8463619947433472
evaluation-52709-non-000,0,0.14014898240566254
evaluation-5289-tar-000,1,0.7505142688751221
evaluation-5289-non-000,0,0.030008908361196518
evaluation-52912-tar-000,1,0.6980369091033936
evaluation-52912-non-000,0,-0.14572525024414062
evaluation-52929-tar-000,1,-0.09025532752275467
evaluation-52929-non-000,0,-0.1871303915977478
evaluation-5309-tar-000,1,0.8656206130981445
evaluation-5309-non-000,0,-0.034651465713977814
evaluation-53170-tar-000,1,0.8182245492935181
evaluation-53170-non-000,0,-0.01632753759622574
evaluation-5322-tar-000,1,0.7416337132453918
evaluation-5322-non-000,0,0.06625387072563171
evaluation-5325-tar-000,1,0.3916979134082794
evaluation-5325-non-000,0,-0.007917854934930801
evaluation-53266-tar-000,1,0.8959962129592896
evaluation-53266-non-000,0,0.1524360626935959
evaluation-53269-tar-000,1,0.7338443398475647
evaluation-53269-non-000,0,0.17419828474521637
evaluation-53272-tar-000,1,0.8555405139923096
evaluation-53272-non-000,0,-0.10081014037132263
evaluation-5334-tar-000,1,0.882948637008667
evaluation-5334-non-000,0,-0.02049253135919571
evaluation-53354-tar-000,1,0.8968547582626343
evaluation-53354-non-000,0,0.006520439870655537
evaluation-5336-tar-000,1,0.9310972690582275
evaluation-5336-non-000,0,-0.21799471974372864
evaluation-5339-tar-000,1,0.733638346195221
evaluation-5339-non-000,0,0.1840232014656067
evaluation-53390-tar-000,1,0.8474218249320984
evaluation-53390-non-000,0,0.05157026648521423
evaluation-53434-tar-000,1,0.8710793256759644
evaluation-53434-non-000,0,-0.0721578523516655
evaluation-53544-tar-000,1,0.47147101163864136
evaluation-53544-non-000,0,-0.2611008584499359
evaluation-53588-tar-000,1,0.8012169599533081
evaluation-53588-non-000,0,0.10682311654090881
evaluation-53755-tar-000,1,0.6288071870803833
evaluation-53755-non-000,0,-0.029035447165369987
evaluation-53972-tar-000,1,0.8288576602935791
evaluation-53972-non-000,0,0.17616982758045197
evaluation-5399-tar-000,1,0.8442496061325073
evaluation-5399-non-000,0,-0.16563668847084045
evaluation-54035-tar-000,1,0.528448224067688
evaluation-54035-non-000,0,0.09363284707069397
evaluation-54085-tar-000,1,0.515116274356842
evaluation-54085-non-000,0,-0.08741945028305054
evaluation-5413-tar-000,1,0.7400726079940796
evaluation-5413-non-000,0,0.09273459762334824
evaluation-54197-tar-000,1,0.5554698705673218
evaluation-54197-non-000,0,-0.3527241349220276
evaluation-54250-tar-000,1,0.8763689398765564
evaluation-54250-non-000,0,0.05144992470741272
evaluation-54261-tar-000,1,0.6300130486488342
evaluation-54261-non-000,0,-0.12341678887605667
evaluation-5437-tar-000,1,0.5340044498443604
evaluation-5437-non-000,0,0.30891937017440796
evaluation-54376-tar-000,1,0.23016901314258575
evaluation-54376-non-000,0,0.042505547404289246
evaluation-5438-tar-000,1,0.6985533237457275
evaluation-5438-non-000,0,0.02054567262530327
evaluation-54568-tar-000,1,0.5085493922233582
evaluation-54568-non-000,0,-0.1605454981327057
evaluation-54596-tar-000,1,0.91697096824646
evaluation-54596-non-000,0,0.2403825968503952
evaluation-54637-tar-000,1,0.8825575709342957
evaluation-54637-non-000,0,-0.07410646975040436
evaluation-54725-tar-000,1,0.45344388484954834
evaluation-54725-non-000,0,-0.23296183347702026
evaluation-5490-tar-000,1,0.12808364629745483
evaluation-5490-non-000,0,-0.047078125178813934
evaluation-55027-tar-000,1,0.8086580634117126
evaluation-55027-non-000,0,-0.07663488388061523
evaluation-55052-tar-000,1,0.4861433804035187
evaluation-55052-non-000,0,0.04027505964040756
evaluation-55225-tar-000,1,0.7681808471679688
evaluation-55225-non-000,0,0.05697157606482506
evaluation-5532-tar-000,1,0.7468041181564331
evaluation-5532-non-000,0,0.05307662487030029
evaluation-55354-tar-000,1,0.8237626552581787
evaluation-55354-non-000,0,-0.21559691429138184
evaluation-55362-tar-000,1,0.7460800409317017
evaluation-55362-non-000,0,0.00853869877755642
evaluation-5542-tar-000,1,0.6919545531272888
evaluation-5542-non-000,0,-0.05120410397648811
evaluation-55488-tar-000,1,0.6381036043167114
evaluation-55488-non-000,0,-0.09289214760065079
evaluation-55656-tar-000,1,0.800532341003418
evaluation-55656-non-000,0,0.16235068440437317
evaluation-55681-tar-000,1,0.7588891983032227
evaluation-55681-non-000,0,0.058351948857307434
evaluation-55807-tar-000,1,0.7079968452453613
evaluation-55807-non-000,0,0.1931982934474945
evaluation-55810-tar-000,1,0.8015357255935669
evaluation-55810-non-000,0,-0.03079896606504917
evaluation-55870-tar-000,1,0.8685609102249146
evaluation-55870-non-000,0,0.09491794556379318
evaluation-55928-tar-000,1,0.8273234367370605
evaluation-55928-non-000,0,0.06808775663375854
evaluation-5594-tar-000,1,0.4037553071975708
evaluation-5594-non-000,0,0.12057343125343323
evaluation-55953-tar-000,1,0.8060774207115173
evaluation-55953-non-000,0,0.09365694224834442
evaluation-55966-tar-000,1,0.8859027624130249
evaluation-55966-non-000,0,0.19936200976371765
evaluation-5599-tar-000,1,0.21187007427215576
evaluation-5599-non-000,0,0.13581043481826782
evaluation-56043-tar-000,1,0.5454483032226562
evaluation-56043-non-000,0,-0.047674510627985
evaluation-5605-tar-000,1,0.8292515277862549
evaluation-5605-non-000,0,0.2398442029953003
evaluation-56073-tar-000,1,0.7127054929733276
evaluation-56073-non-000,0,0.08013945817947388
evaluation-56098-tar-000,1,0.8273379802703857
evaluation-56098-non-000,0,0.06574586778879166
evaluation-56112-tar-000,1,0.9028007388114929
evaluation-56112-non-000,0,-0.10630699247121811
evaluation-56170-tar-000,1,0.7530148029327393
evaluation-56170-non-000,0,0.25592368841171265
evaluation-56181-tar-000,1,0.8090997338294983
evaluation-56181-non-000,0,0.029107021167874336
evaluation-56293-tar-000,1,0.8030489087104797
evaluation-56293-non-000,0,0.4079098105430603
evaluation-5631-tar-000,1,0.6285965442657471
evaluation-5631-non-000,0,-0.0351126603782177
evaluation-5645-tar-000,1,0.7687784433364868
evaluation-5645-non-000,0,0.37154605984687805
evaluation-5648-tar-000,1,0.727397084236145
evaluation-5648-non-000,0,0.1052401065826416
evaluation-5653-tar-000,1,0.16732682287693024
evaluation-5653-non-000,0,0.04506858438253403
evaluation-56568-tar-000,1,0.3438887298107147
evaluation-56568-non-000,0,0.03530115634202957
evaluation-5671-tar-000,1,0.6643710136413574
evaluation-5671-non-000,0,-0.22549521923065186
evaluation-56722-tar-000,1,0.8405561447143555
evaluation-56722-non-000,0,-0.1618727445602417
evaluation-56771-tar-000,1,0.7902786731719971
evaluation-56771-non-000,0,-0.02360830083489418
evaluation-56829-tar-000,1,0.6774973273277283
evaluation-56829-non-000,0,0.04543419927358627
evaluation-56853-tar-000,1,0.7617546319961548
evaluation-56853-non-000,0,0.08879291266202927
evaluation-56939-tar-000,1,0.3340821862220764
evaluation-56939-non-000,0,0.11979978531599045
evaluation-5706-tar-000,1,0.7697449922561646
evaluation-5706-non-000,0,-0.43419569730758667
evaluation-57103-tar-000,1,0.4638167917728424
evaluation-57103-non-000,0,-0.14529699087142944
evaluation-57208-tar-000,1,0.4945220947265625
evaluation-57208-non-000,0,-0.17146803438663483
evaluation-57246-tar-000,1,0.5993916988372803
evaluation-57246-non-000,0,-0.022436928004026413
evaluation-57263-tar-000,1,0.5527490973472595
evaluation-57263-non-000,0,-0.012685585767030716
evaluation-5734-tar-000,1,0.5464364886283875
evaluation-5734-non-000,0,0.08252505213022232
evaluation-57364-tar-000,1,0.7777069807052612
evaluation-57364-non-000,0,-0.13789010047912598
evaluation-57384-tar-000,1,0.7765790820121765
evaluation-57384-non-000,0,-0.19614849984645844
evaluation-57413-tar-000,1,0.7504615783691406
evaluation-57413-non-000,0,-0.005158340558409691
evaluation-5745-tar-000,1,0.8821195363998413
evaluation-5745-non-000,0,-0.09085212647914886
evaluation-57502-tar-000,1,0.8108186721801758
evaluation-57502-non-000,0,0.061450228095054626
evaluation-57587-tar-000,1,0.8794184923171997
evaluation-57587-non-000,0,0.16177748143672943
evaluation-5763-tar-000,1,0.3132781386375427
evaluation-5763-non-000,0,-0.13942673802375793
evaluation-57661-tar-000,1,0.8428586721420288
evaluation-57661-non-000,0,0.12268147617578506
evaluation-57710-tar-000,1,0.5267274379730225
evaluation-57710-non-000,0,0.009807689115405083
evaluation-57719-tar-000,1,0.8891487121582031
evaluation-57719-non-000,0,-0.2675360441207886
evaluation-5773-tar-000,1,0.830251157283783
evaluation-5773-non-000,0,0.05701909586787224
evaluation-57944-tar-000,1,0.9079047441482544
evaluation-57944-non-000,0,0.2551213502883911
evaluation-57980-tar-000,1,0.7135874629020691
evaluation-57980-non-000,0,-0.012226060032844543
evaluation-58059-tar-000,1,0.7328735589981079
evaluation-58059-non-000,0,-0.014996960759162903
evaluation-58067-tar-000,1,0.8783421516418457
evaluation-58067-non-000,0,0.09851905703544617
evaluation-58081-tar-000,1,0.7427355051040649
evaluation-58081-non-000,0,0.017452027648687363
evaluation-58087-tar-000,1,0.6283516883850098
evaluation-58087-non-000,0,0.3462405204772949
evaluation-58098-tar-000,1,0.36597004532814026
evaluation-58098-non-000,0,-0.022227849811315536
evaluation-5814-tar-000,1,0.8398911356925964
evaluation-5814-non-000,0,-0.26164373755455017
evaluation-58144-tar-000,1,0.7897858619689941
evaluation-58144-non-000,0,0.1777855008840561
evaluation-5832-tar-000,1,0.4399292469024658
evaluation-5832-non-000,0,0.0320185050368309
evaluation-5836-tar-000,1,0.745642900466919
evaluation-5836-non-000,0,-0.3047359883785248
evaluation-5841-tar-000,1,0.8099095225334167
evaluation-5841-non-000,0,0.0819062814116478
evaluation-58430-tar-000,1,0.7232029438018799
evaluation-58430-non-000,0,-0.11144769191741943
evaluation-58587-tar-000,1,0.8385316133499146
evaluation-58587-non-000,0,0.2757145166397095
evaluation-5861-tar-000,1,0.8392196297645569
evaluation-5861-non-000,0,-0.032938797026872635
evaluation-5868-tar-000,1,0.8655403852462769
evaluation-5868-non-000,0,0.14215898513793945
evaluation-58694-tar-000,1,0.6922701001167297
evaluation-58694-non-000,0,0.022092100232839584
evaluation-58724-tar-000,1,0.7435033321380615
evaluation-58724-non-000,0,-0.1989859640598297
evaluation-58771-tar-000,1,0.12048757821321487
evaluation-58771-non-000,0,0.025728076696395874
evaluation-5884-tar-000,1,0.6723355054855347
evaluation-5884-non-000,0,0.03339548408985138
evaluation-58968-tar-000,1,0.8309570550918579
evaluation-58968-non-000,0,0.1829299032688141
evaluation-5900-tar-000,1,0.6906752586364746
evaluation-5900-non-000,0,-0.06587889790534973
evaluation-59029-tar-000,1,0.8493267297744751
evaluation-59029-non-000,0,-0.010406315326690674
evaluation-59235-tar-000,1,0.9102284908294678
evaluation-59235-non-000,0,0.03401283174753189
evaluation-59284-tar-000,1,0.7933540344238281
evaluation-59284-non-000,0,0.04769347980618477
evaluation-59443-tar-000,1,0.2893773913383484
evaluation-59443-non-000,0,0.21635806560516357
evaluation-5946-tar-000,1,0.7820279598236084
evaluation-5946-non-000,0,0.07396027445793152
evaluation-5949-tar-000,1,0.8398760557174683
evaluation-5949-non-000,0,0.11172546446323395
evaluation-59496-tar-000,1,0.8632168769836426
evaluation-59496-non-000,0,0.0938841700553894
evaluation-59564-tar-000,1,0.7695868015289307
evaluation-59564-non-000,0,0.05655344948172569
evaluation-59663-tar-000,1,0.7300415635108948
evaluation-59663-non-000,0,-0.13575492799282074
evaluation-59779-tar-000,1,0.6724052429199219
evaluation-59779-non-000,0,-0.07166308164596558
evaluation-59820-tar-000,1,0.8630264401435852
evaluation-59820-non-000,0,0.040607161819934845
evaluation-59963-tar-000,1,0.5706984400749207
evaluation-59963-non-000,0,-0.011704843491315842
evaluation-59971-tar-000,1,0.6433959007263184
evaluation-59971-non-000,0,0.1858229637145996
evaluation-6006-tar-000,1,0.7808385491371155
evaluation-6006-non-000,0,-0.20023365318775177
evaluation-6010-tar-000,1,0.8569376468658447
evaluation-6010-non-000,0,-0.08246578276157379
evaluation-60240-tar-000,1,0.7773442268371582
evaluation-60240-non-000,0,-0.298943430185318
evaluation-60627-tar-000,1,0.7799317836761475
evaluation-60627-non-000,0,-0.1042076051235199
evaluation-60646-tar-000,1,0.7888259887695312
evaluation-60646-non-000,0,0.12456993758678436
evaluation-60699-tar-000,1,0.8286502361297607
evaluation-60699-non-000,0,0.06885882467031479
evaluation-60748-tar-000,1,0.7536608576774597
evaluation-60748-non-000,0,0.07560507953166962
evaluation-60803-tar-000,1,0.8535023927688599
evaluation-60803-non-000,0,-0.022718504071235657
evaluation-6081-tar-000,1,0.8355846405029297
evaluation-6081-non-000,0,0.2386651337146759
evaluation-6086-tar-000,1,0.71483314037323
evaluation-6086-non-000,0,0.2822050452232361
evaluation-6089-tar-000,1,0.18991395831108093
evaluation-6089-non-000,0,-0.23214398324489594
evaluation-6097-tar-000,1,0.5469441413879395
evaluation-6097-non-000,0,-0.027496976777911186
evaluation-61015-tar-000,1,0.9000285863876343
evaluation-61015-non-000,0,-0.05258730798959732
evaluation-61078-tar-000,1,0.83008873462677
evaluation-61078-non-000,0,0.0649852529168129
evaluation-6108-tar-000,1,0.902489423751831
evaluation-6108-non-000,0,0.05895058810710907
evaluation-61119-tar-000,1,0.7939227819442749
evaluation-61119-non-000,0,0.07980716228485107
evaluation-61122-tar-000,1,0.8728383183479309
evaluation-61122-non-000,0,0.0493508018553257
evaluation-61133-tar-000,1,0.8364843130111694
evaluation-61133-non-000,0,0.2302316427230835
evaluation-61174-tar-000,1,0.7115609645843506
evaluation-61174-non-000,0,0.08863326907157898
evaluation-61207-tar-000,1,0.7282074689865112
evaluation-61207-non-000,0,0.07221721857786179
evaluation-61292-tar-000,1,0.39473915100097656
evaluation-61292-non-000,0,-0.12230410426855087
evaluation-61410-tar-000,1,0.8610730767250061
evaluation-61410-non-000,0,0.14240649342536926
evaluation-61421-tar-000,1,0.8109056949615479
evaluation-61421-non-000,0,0.2876681387424469
evaluation-6163-tar-000,1,0.6212944984436035
evaluation-6163-non-000,0,0.06721392273902893
evaluation-61663-tar-000,1,0.6166920065879822
evaluation-61663-non-000,0,0.22249537706375122
evaluation-61712-tar-000,1,0.24219758808612823
evaluation-61712-non-000,0,0.15872058272361755
evaluation-61775-tar-000,1,0.6534137725830078
evaluation-61775-non-000,0,-0.017538098618388176
evaluation-61800-tar-000,1,0.660399854183197
evaluation-61800-non-000,0,0.2102491855621338
evaluation-6186-tar-000,1,0.5083516240119934
evaluation-6186-non-000,0,-0.061082735657691956
evaluation-6194-tar-000,1,0.3196958005428314
evaluation-6194-non-000,0,-0.008295257575809956
evaluation-61979-tar-000,1,0.7233290076255798
evaluation-61979-non-000,0,-0.016898799687623978
evaluation-62012-tar-000,1,0.9409872889518738
evaluation-62012-non-000,0,0.1758144497871399
evaluation-6202-tar-000,1,0.648941159248352
evaluation-6202-non-000,0,0.08639244735240936
evaluation-62066-tar-000,1,0.35544681549072266
evaluation-62066-non-000,0,-0.21889114379882812
evaluation-62086-tar-000,1,0.6690247058868408
evaluation-62086-non-000,0,0.2444247603416443
evaluation-6209-tar-000,1,0.617997407913208
evaluation-6209-non-000,0,0.04117857292294502
evaluation-62138-tar-000,1,0.8725051879882812
evaluation-62138-non-000,0,-0.10163217782974243
evaluation-62179-tar-000,1,0.7457462549209595
evaluation-62179-non-000,0,-0.09772846847772598
evaluation-62223-tar-000,1,0.9107396602630615
evaluation-62223-non-000,0,0.2286791354417801
evaluation-62292-tar-000,1,0.42025965452194214
evaluation-62292-non-000,0,-0.11019359529018402
evaluation-6231-tar-000,1,0.014007257297635078
evaluation-6231-non-000,0,-0.19112518429756165
evaluation-62325-tar-000,1,0.4529072642326355
evaluation-62325-non-000,0,0.2440289407968521
evaluation-62404-tar-000,1,0.6598781943321228
evaluation-62404-non-000,0,-0.01582983508706093
evaluation-6246-tar-000,1,0.744047999382019
evaluation-6246-non-000,0,-0.03710184246301651
evaluation-62544-tar-000,1,0.3167383074760437
evaluation-62544-non-000,0,-0.11220862716436386
evaluation-6257-tar-000,1,0.7938767671585083
evaluation-6257-non-000,0,-0.02790491282939911
evaluation-62572-tar-000,1,0.8722577095031738
evaluation-62572-non-000,0,0.10150574147701263
evaluation-62660-tar-000,1,0.7543267011642456
evaluation-62660-non-000,0,0.06525999307632446
evaluation-62748-tar-000,1,0.5754486918449402
evaluation-62748-non-000,0,-0.051720261573791504
evaluation-6287-tar-000,1,0.5346132516860962
evaluation-6287-non-000,0,-0.07457342743873596
evaluation-6292-tar-000,1,0.575458288192749
evaluation-6292-non-000,0,-0.05166831985116005
evaluation-6296-tar-000,1,-0.1277751922607422
evaluation-6296-non-000,0,0.036441124975681305
evaluation-63077-tar-000,1,0.7616391777992249
evaluation-63077-non-000,0,0.01849200949072838
evaluation-6310-tar-000,1,0.717246949672699
evaluation-6310-non-000,0,0.1492692083120346
evaluation-63132-tar-000,1,0.7640118598937988
evaluation-63132-non-000,0,-0.11411609500646591
evaluation-63138-tar-000,1,0.7054594159126282
evaluation-63138-non-000,0,-0.11768883466720581
evaluation-63415-tar-000,1,0.6793986558914185
evaluation-63415-non-000,0,-0.23845601081848145
evaluation-63478-tar-000,1,0.6298230886459351
evaluation-63478-non-000,0,0.13645344972610474
evaluation-63536-tar-000,1,0.7994097471237183
evaluation-63536-non-000,0,0.253878116607666
evaluation-6358-tar-000,1,0.8115602731704712
evaluation-6358-non-000,0,-0.013920506462454796
evaluation-6359-tar-000,1,0.8858197927474976
evaluation-6359-non-000,0,5.0533562898635864e-05
evaluation-63627-tar-000,1,0.3547942340373993
evaluation-63627-non-000,0,0.5933923721313477
evaluation-63629-tar-000,1,0.7044545412063599
evaluation-63629-non-000,0,0.013309893198311329
evaluation-63714-tar-000,1,0.8771415948867798
evaluation-63714-non-000,0,-0.008210547268390656
evaluation-63739-tar-000,1,0.5745121240615845
evaluation-63739-non-000,0,0.26512330770492554
evaluation-63805-tar-000,1,0.8921124339103699
evaluation-63805-non-000,0,0.06379160284996033
evaluation-63838-tar-000,1,0.7935556173324585
evaluation-63838-non-000,0,0.0998130515217781
evaluation-63852-tar-000,1,0.7866920232772827
evaluation-63852-non-000,0,-0.036936093121767044
evaluation-63984-tar-000,1,0.6210171580314636
evaluation-63984-non-000,0,-0.09988419711589813
evaluation-6401-tar-000,1,0.8281598091125488
evaluation-6401-non-000,0,0.18019014596939087
evaluation-64082-tar-000,1,0.7922950983047485
evaluation-64082-non-000,0,0.006369046866893768
evaluation-6410-tar-000,1,0.6640300750732422
evaluation-6410-non-000,0,-0.025327345356345177
evaluation-64291-tar-000,1,0.6130545139312744
evaluation-64291-non-000,0,0.037081390619277954
evaluation-64354-tar-000,1,0.7811859846115112
evaluation-64354-non-000,0,0.08772130310535431
evaluation-64431-tar-000,1,0.8843205571174622
evaluation-64431-non-000,0,0.004387000575661659
evaluation-64456-tar-000,1,0.7106665372848511
evaluation-64456-non-000,0,-0.0752781480550766
evaluation-64489-tar-000,1,0.787717342376709
evaluation-64489-non-000,0,-0.014422819018363953
evaluation-64494-tar-000,1,0.8225877285003662
evaluation-64494-non-000,0,0.1630992889404297
evaluation-64541-tar-000,1,0.45976316928863525
evaluation-64541-non-000,0,0.08839201182126999
evaluation-64593-tar-000,1,0.37915927171707153
evaluation-64593-non-000,0,-0.19576396048069
evaluation-64626-tar-000,1,0.783971905708313
evaluation-64626-non-000,0,0.14689436554908752
evaluation-64747-tar-000,1,0.8522224426269531
evaluation-64747-non-000,0,0.050907835364341736
evaluation-6478-tar-000,1,0.6844391822814941
evaluation-6478-non-000,0,0.09939736127853394
evaluation-6494-tar-000,1,0.19920295476913452
evaluation-6494-non-000,0,-0.013364754617214203
evaluation-64961-tar-000,1,0.9160737991333008
evaluation-64961-non-000,0,-0.05388094484806061
evaluation-64967-tar-000,1,0.6321702003479004
evaluation-64967-non-000,0,-0.2759453356266022
evaluation-65079-tar-000,1,0.8360652327537537
evaluation-65079-non-000,0,0.007808413356542587
evaluation-65159-tar-000,1,0.7309222221374512
evaluation-65159-non-000,0,-0.2714088559150696
evaluation-6527-tar-000,1,0.7956923246383667
evaluation-6527-non-000,0,-0.13370586931705475
evaluation-65368-tar-000,1,0.7662744522094727
evaluation-65368-non-000,0,-0.011325394734740257
evaluation-65404-tar-000,1,0.757692277431488
evaluation-65404-non-000,0,-0.15210416913032532
evaluation-65423-tar-000,1,0.8764932751655579
evaluation-65423-non-000,0,-0.049195148050785065
evaluation-65511-tar-000,1,0.8143024444580078
evaluation-65511-non-000,0,-0.05062773823738098
evaluation-65513-tar-000,1,0.5644315481185913
evaluation-65513-non-000,0,0.055569618940353394
evaluation-6552-tar-000,1,0.8317688703536987
evaluation-6552-non-000,0,-0.026958979666233063
evaluation-65538-tar-000,1,0.8006554841995239
evaluation-65538-non-000,0,0.27688223123550415
evaluation-65541-tar-000,1,0.8813064098358154
evaluation-65541-non-000,0,-0.03302489221096039
evaluation-65761-tar-000,1,0.6992791295051575
evaluation-65761-non-000,0,-0.10021228343248367
evaluation-65807-tar-000,1,0.7568085193634033
evaluation-65807-non-000,0,-0.1524975299835205
evaluation-65868-tar-000,1,0.4568048119544983
evaluation-65868-non-000,0,-0.1166452020406723
evaluation-65945-tar-000,1,0.6392733454704285
evaluation-65945-non-000,0,0.18988369405269623
evaluation-6595-tar-000,1,0.8280217051506042
evaluation-6595-non-000,0,0.030562520027160645
evaluation-65986-tar-000,1,0.6059896945953369
evaluation-65986-non-000,0,0.23651957511901855
evaluation-66002-tar-000,1,0.8675589561462402
evaluation-66002-non-000,0,0.022655010223388672
evaluation-66030-tar-000,1,0.9140844941139221
evaluation-66030-non-000,0,0.06579035520553589
evaluation-66230-tar-000,1,0.5881971120834351
evaluation-66230-non-000,0,-0.20323072373867035
evaluation-6625-tar-000,1,0.39946067333221436
evaluation-6625-non-000,0,0.14620265364646912
evaluation-6634-tar-000,1,0.7884562015533447
evaluation-6634-non-000,0,0.216059148311615
evaluation-66436-tar-000,1,0.9027743339538574
evaluation-66436-non-000,0,-0.13102924823760986
evaluation-66466-tar-000,1,0.4105736315250397
evaluation-66466-non-000,0,-0.04690060019493103
evaluation-66508-tar-000,1,0.8468427658081055
evaluation-66508-non-000,0,-0.16607052087783813
evaluation-6661-tar-000,1,0.5727155208587646
evaluation-6661-non-000,0,0.06203319504857063
evaluation-66749-tar-000,1,0.7164266109466553
evaluation-66749-non-000,0,-0.042537495493888855
evaluation-66782-tar-000,1,0.7528061866760254
evaluation-66782-non-000,0,0.019753240048885345
evaluation-6682-tar-000,1,0.8354572653770447
evaluation-6682-non-000,0,0.13550017774105072
evaluation-66944-tar-000,1,0.6076136231422424
evaluation-66944-non-000,0,0.14438489079475403
evaluation-67057-tar-000,1,0.9120528101921082
evaluation-67057-non-000,0,0.032058995217084885
evaluation-67087-tar-000,1,0.8788727521896362
evaluation-67087-non-000,0,-0.1421280801296234
evaluation-67137-tar-000,1,0.7226701378822327
evaluation-67137-non-000,0,-0.07508804649114609
evaluation-67288-tar-000,1,0.6817816495895386
evaluation-67288-non-000,0,-0.12026761472225189
evaluation-6731-tar-000,1,0.8316572904586792
evaluation-6731-non-000,0,-0.04779758304357529
evaluation-67370-tar-000,1,0.646251380443573
evaluation-67370-non-000,0,-0.1497730314731598
evaluation-67488-tar-000,1,0.7827028036117554
evaluation-67488-non-000,0,0.31635531783103943
evaluation-6749-tar-000,1,0.7317897081375122
evaluation-6749-non-000,0,-0.1685643196105957
evaluation-67521-tar-000,1,0.5037620663642883
evaluation-67521-non-000,0,0.21342527866363525
evaluation-67529-tar-000,1,0.4548226296901703
evaluation-67529-non-000,0,0.16088588535785675
evaluation-67538-tar-000,1,0.8561947345733643
evaluation-67538-non-000,0,-0.025747865438461304
evaluation-67686-tar-000,1,0.8450549840927124
evaluation-67686-non-000,0,0.010406136512756348
evaluation-67697-tar-000,1,0.8598337173461914
evaluation-67697-non-000,0,0.11539555341005325
evaluation-67859-tar-000,1,0.8618524074554443
evaluation-67859-non-000,0,0.05459556356072426
evaluation-6789-tar-000,1,0.8192321062088013
evaluation-6789-non-000,0,-0.07422242313623428
evaluation-67991-tar-000,1,0.4178147315979004
evaluation-67991-non-000,0,-0.22353403270244598
evaluation-68068-tar-000,1,0.7130265831947327
evaluation-68068-non-000,0,0.12876416742801666
evaluation-68131-tar-000,1,0.8559621572494507
evaluation-68131-non-000,0,0.06777852773666382
evaluation-6818-tar-000,1,0.6522258520126343
evaluation-6818-non-000,0,0.07218873500823975
evaluation-68227-tar-000,1,0.5423149466514587
evaluation-68227-non-000,0,-0.07308419048786163
evaluation-68268-tar-000,1,0.7833826541900635
evaluation-68268-non-000,0,0.09224307537078857
evaluation-68334-tar-000,1,0.701032280921936
evaluation-68334-non-000,0,-0.12874725461006165
evaluation-68378-tar-000,1,0.7856081128120422
evaluation-68378-non-000,0,0.06385870277881622
evaluation-68430-tar-000,1,0.7604336142539978
evaluation-68430-non-000,0,0.1708480417728424
evaluation-68785-tar-000,1,0.4363108277320862
evaluation-68785-non-000,0,-0.0710974857211113
evaluation-68886-tar-000,1,0.6922755241394043
evaluation-68886-non-000,0,-0.17749463021755219
evaluation-68908-tar-000,1,0.2204548716545105
evaluation-68908-non-000,0,-0.029432479292154312
evaluation-6898-tar-000,1,0.8379412889480591
evaluation-6898-non-000,0,-0.17407852411270142
evaluation-69035-tar-000,1,0.8356746435165405
evaluation-69035-non-000,0,0.10013191401958466
evaluation-69087-tar-000,1,0.8164438009262085
evaluation-69087-non-000,0,-0.08149316906929016
evaluation-69155-tar-000,1,0.8728468418121338
evaluation-69155-non-000,0,0.3201242685317993
evaluation-69166-tar-000,1,0.8661527633666992
evaluation-69166-non-000,0,-0.05153391882777214
evaluation-69169-tar-000,1,0.573902428150177
evaluation-69169-non-000,0,-0.02145223692059517
evaluation-69235-tar-000,1,0.715141773223877
evaluation-69235-non-000,0,-0.07931023836135864
evaluation-69279-tar-000,1,0.550194263458252
evaluation-69279-non-000,0,0.07082170248031616
evaluation-69315-tar-000,1,0.4171285629272461
evaluation-69315-non-000,0,-0.22417092323303223
evaluation-6932-tar-000,1,0.40288880467414856
evaluation-6932-non-000,0,-0.07666464149951935
evaluation-69361-tar-000,1,0.7247577905654907
evaluation-69361-non-000,0,-0.022946231067180634
evaluation-69425-tar-000,1,0.5445950031280518
evaluation-69425-non-000,0,0.06172182783484459
evaluation-69526-tar-000,1,0.8053560256958008
evaluation-69526-non-000,0,0.05120120942592621
evaluation-69529-tar-000,1,0.7284648418426514
evaluation-69529-non-000,0,-0.02451983094215393
evaluation-6957-tar-000,1,0.7069522142410278
evaluation-6957-non-000,0,-0.1386251449584961
evaluation-69573-tar-000,1,0.4721749424934387
evaluation-69573-non-000,0,-0.17478182911872864
evaluation-69617-tar-000,1,0.8493510484695435
evaluation-69617-non-000,0,-0.028574232012033463
evaluation-69672-tar-000,1,0.5749514698982239
evaluation-69672-non-000,0,-0.2724851965904236
evaluation-69724-tar-000,1,0.565395176410675
evaluation-69724-non-000,0,-0.19840773940086365
evaluation-69848-tar-000,1,0.803573727607727
evaluation-69848-non-000,0,0.1650802046060562
evaluation-69927-tar-000,1,0.5526028871536255
evaluation-69927-non-000,0,0.035098928958177567
evaluation-6993-tar-000,1,0.8071959614753723
evaluation-6993-non-000,0,0.06968069821596146
evaluation-6994-tar-000,1,0.6067160367965698
evaluation-6994-non-000,0,-0.18220791220664978
evaluation-7006-tar-000,1,0.6340322494506836
evaluation-7006-non-000,0,-0.11363928020000458
evaluation-70130-tar-000,1,0.679196298122406
evaluation-70130-non-000,0,0.2069254219532013
evaluation-70169-tar-000,1,0.7809333801269531
evaluation-70169-non-000,0,-0.0367417186498642
evaluation-70191-tar-000,1,0.8323479294776917
evaluation-70191-non-000,0,-0.030005039647221565
evaluation-7029-tar-000,1,0.4199986457824707
evaluation-7029-non-000,0,0.028766797855496407
evaluation-70290-tar-000,1,0.9017733335494995
evaluation-70290-non-000,0,-0.007926501333713531
evaluation-70320-tar-000,1,0.7451701164245605
evaluation-70320-non-000,0,-0.12469019740819931
evaluation-70347-tar-000,1,0.6907817125320435
evaluation-70347-non-000,0,0.22428250312805176
evaluation-7036-tar-000,1,0.6910399198532104
evaluation-7036-non-000,0,0.13395622372627258
evaluation-70501-tar-000,1,0.7133032083511353
evaluation-70501-non-000,0,-0.16625124216079712
evaluation-7055-tar-000,1,0.5628454685211182
evaluation-7055-non-000,0,0.14116127789020538
evaluation-70592-tar-000,1,0.8692505359649658
evaluation-70592-non-000,0,0.031793832778930664
evaluation-70641-tar-000,1,0.6408728361129761
evaluation-70641-non-000,0,-0.14653174579143524
evaluation-70671-tar-000,1,0.5328326225280762
evaluation-70671-non-000,0,0.08601181209087372
evaluation-7077-tar-000,1,0.7671750783920288
evaluation-7077-non-000,0,0.2968024015426636
evaluation-7078-tar-000,1,0.7765317559242249
evaluation-7078-non-000,0,0.010444512590765953
evaluation-70781-tar-000,1,0.47098982334136963
evaluation-70781-non-000,0,0.45894110202789307
evaluation-70801-tar-000,1,0.8436335325241089
evaluation-70801-non-000,0,-0.18908360600471497
evaluation-7092-tar-000,1,0.7887147665023804
evaluation-7092-non-000,0,-0.00833161175251007
evaluation-70952-tar-000,1,0.7477627992630005
evaluation-70952-non-000,0,0.0223518218845129
evaluation-71001-tar-000,1,0.8325684666633606
evaluation-71001-non-000,0,0.017601415514945984
evaluation-71015-tar-000,1,0.7587432861328125
evaluation-71015-non-000,0,0.21935173869132996
evaluation-71042-tar-000,1,0.5181085467338562
evaluation-71042-non-000,0,0.19517149031162262
evaluation-7108-tar-000,1,0.43120473623275757
evaluation-7108-non-000,0,0.2984568774700165
evaluation-7123-tar-000,1,0.6544070243835449
evaluation-7123-non-000,0,0.0951172485947609
evaluation-71300-tar-000,1,0.6677912473678589
evaluation-71300-non-000,0,0.005247272551059723
evaluation-7131-tar-000,1,0.5362699627876282
evaluation-7131-non-000,0,-0.12835907936096191
evaluation-7140-tar-000,1,0.7233119606971741
evaluation-7140-non-000,0,-0.015127142891287804
evaluation-71402-tar-000,1,0.8396778702735901
evaluation-71402-non-000,0,0.17345911264419556
evaluation-71441-tar-000,1,0.839019238948822
evaluation-71441-non-000,0,-0.08703073114156723
evaluation-71457-tar-000,1,0.7148921489715576
evaluation-71457-non-000,0,-0.03117617778480053
evaluation-7149-tar-000,1,0.7764753699302673
evaluation-7149-non-000,0,-0.12327184528112411
evaluation-71528-tar-000,1,0.5049130320549011
evaluation-71528-non-000,0,0.1120266392827034
evaluation-71594-tar-000,1,0.8258084058761597
evaluation-71594-non-000,0,0.04199269041419029
evaluation-7174-tar-000,1,0.9209104776382446
evaluation-7174-non-000,0,-0.1449466347694397
evaluation-7177-tar-000,1,0.6446129083633423
evaluation-7177-non-000,0,-0.07688076049089432
evaluation-71798-tar-000,1,0.881961464881897
evaluation-71798-non-000,0,0.3455291986465454
evaluation-71839-tar-000,1,0.6049970388412476
evaluation-71839-non-000,0,0.11697133630514145
evaluation-71924-tar-000,1,0.6377640962600708
evaluation-71924-non-000,0,-0.04939994215965271
evaluation-72009-tar-000,1,0.7210197448730469
evaluation-72009-non-000,0,0.07294327020645142
evaluation-72017-tar-000,1,0.790844202041626
evaluation-72017-non-000,0,0.0034994035959243774
evaluation-72078-tar-000,1,0.8881855010986328
evaluation-72078-non-000,0,-0.1259108930826187
evaluation-7211-tar-000,1,0.6956669688224792
evaluation-7211-non-000,0,-0.21601274609565735
evaluation-7214-tar-000,1,0.6070016622543335
evaluation-7214-non-000,0,0.00792880542576313
evaluation-72182-tar-000,1,0.4473508596420288
evaluation-72182-non-000,0,-0.1711815744638443
evaluation-72221-tar-000,1,0.8702402114868164
evaluation-72221-non-000,0,0.19783063232898712
evaluation-7225-tar-000,1,0.6106687784194946
evaluation-7225-non-000,0,0.08694852888584137
evaluation-72267-tar-000,1,0.9145267009735107
evaluation-72267-non-000,0,-0.12968304753303528
evaluation-7228-tar-000,1,0.7961689233779907
evaluation-7228-non-000,0,0.04448403790593147
evaluation-72328-tar-000,1,0.8744659423828125
evaluation-72328-non-000,0,0.1747908741235733
evaluation-72355-tar-000,1,0.8297469019889832
evaluation-72355-non-000,0,0.07667326927185059
evaluation-72531-tar-000,1,0.689925491809845
evaluation-72531-non-000,0,0.0025960635393857956
evaluation-7259-tar-000,1,0.6707781553268433
evaluation-7259-non-000,0,0.0007302388548851013
evaluation-72646-tar-000,1,0.9404870271682739
evaluation-72646-non-000,0,-0.1875089704990387
evaluation-72685-tar-000,1,0.7873692512512207
evaluation-72685-non-000,0,-0.09805191308259964
evaluation-72718-tar-000,1,0.7464777231216431
evaluation-72718-non-000,0,-0.08369259536266327
evaluation-72731-tar-000,1,0.6385109424591064
evaluation-72731-non-000,0,0.0313713476061821
evaluation-72800-tar-000,1,0.6678783297538757
evaluation-72800-non-000,0,-0.11026673018932343
evaluation-7285-tar-000,1,0.7852200269699097
evaluation-7285-non-000,0,0.24546483159065247
evaluation-7290-tar-000,1,0.8262155055999756
evaluation-7290-non-000,0,-0.31879723072052
evaluation-7302-tar-000,1,0.786178469657898
evaluation-7302-non-000,0,0.04449601471424103
evaluation-73086-tar-000,1,0.8700119256973267
evaluation-73086-non-000,0,-0.14227759838104248
evaluation-7314-tar-000,1,0.638502836227417
evaluation-7314-non-000,0,-0.07914244383573532
evaluation-73366-tar-000,1,0.8482677936553955
evaluation-73366-non-000,0,-0.04032464325428009
evaluation-73396-tar-000,1,0.8499828577041626
evaluation-73396-non-000,0,-0.13534805178642273
evaluation-7343-tar-000,1,0.7446416616439819
evaluation-7343-non-000,0,0.10264179110527039
evaluation-73465-tar-000,1,0.816903829574585
evaluation-73465-non-000,0,0.22287186980247498
evaluation-7350-tar-000,1,0.7437995672225952
evaluation-7350-non-000,0,-0.2678159475326538
evaluation-7353-tar-000,1,0.8555694818496704
evaluation-7353-non-000,0,-0.17041869461536407
evaluation-7354-tar-000,1,0.8018736839294434
evaluation-7354-non-000,0,-0.0024184025824069977
evaluation-73660-tar-000,1,0.8960736989974976
evaluation-73660-non-000,0,0.4180105924606323
evaluation-73814-tar-000,1,0.8416554927825928
evaluation-73814-non-000,0,0.08894555270671844
evaluation-73858-tar-000,1,0.3814552426338196
evaluation-73858-non-000,0,0.07363339513540268
evaluation-73923-tar-000,1,0.5838884711265564
evaluation-73923-non-000,0,-0.09385380148887634
evaluation-73995-tar-000,1,0.7948216795921326
evaluation-73995-non-000,0,0.11688634753227234
evaluation-74014-tar-000,1,0.7941858768463135
evaluation-74014-non-000,0,-0.047856032848358154
evaluation-74028-tar-000,1,0.6656805872917175
evaluation-74028-non-000,0,0.20489601790905
evaluation-74033-tar-000,1,0.8335292935371399
evaluation-74033-non-000,0,-0.12286904454231262
evaluation-7406-tar-000,1,0.7629095911979675
evaluation-7406-non-000,0,0.13921093940734863
evaluation-7408-tar-000,1,0.6682901382446289
evaluation-7408-non-000,0,0.15603607892990112
evaluation-74110-tar-000,1,0.7071483135223389
evaluation-74110-non-000,0,-0.0427011176943779
evaluation-74179-tar-000,1,0.8304551839828491
evaluation-74179-non-000,0,0.34094125032424927
evaluation-74195-tar-000,1,0.7701025009155273
evaluation-74195-non-000,0,-0.22479844093322754
evaluation-74234-tar-000,1,0.7252515554428101
evaluation-74234-non-000,0,-0.1021028384566307
evaluation-74250-tar-000,1,0.7811671495437622
evaluation-74250-non-000,0,0.11022210121154785
evaluation-7428-tar-000,1,0.8242748975753784
evaluation-7428-non-000,0,-0.038186825811862946
evaluation-74324-tar-000,1,0.5991839170455933
evaluation-74324-non-000,0,-0.0651962012052536
evaluation-74335-tar-000,1,0.3395817279815674
evaluation-74335-non-000,0,0.14555184543132782
evaluation-74357-tar-000,1,0.8119781017303467
evaluation-74357-non-000,0,0.05471314117312431
evaluation-7438-tar-000,1,0.9283467531204224
evaluation-7438-non-000,0,0.19661268591880798
evaluation-74388-tar-000,1,0.5034347772598267
evaluation-74388-non-000,0,-0.20136679708957672
evaluation-74481-tar-000,1,0.5661370754241943
evaluation-74481-non-000,0,0.23875471949577332
evaluation-74599-tar-000,1,0.7346923351287842
evaluation-74599-non-000,0,0.135134756565094
evaluation-74720-tar-000,1,0.8526358604431152
evaluation-74720-non-000,0,-0.15479302406311035
evaluation-74745-tar-000,1,0.7823330163955688
evaluation-74745-non-000,0,0.26587340235710144
evaluation-74783-tar-000,1,0.6341687440872192
evaluation-74783-non-000,0,0.06470228731632233
evaluation-74953-tar-000,1,0.784437894821167
evaluation-74953-non-000,0,0.019330047070980072
evaluation-7500-tar-000,1,0.3878830671310425
evaluation-7500-non-000,0,-0.061261724680662155
evaluation-75011-tar-000,1,0.8316303491592407
evaluation-75011-non-000,0,0.12091048806905746
evaluation-7511-tar-000,1,0.32740458846092224
evaluation-7511-non-000,0,-0.10552127659320831
evaluation-75157-tar-000,1,0.8084636926651001
evaluation-75157-non-000,0,-0.10789380222558975
evaluation-7516-tar-000,1,0.7348572015762329
evaluation-7516-non-000,0,0.06745153665542603
evaluation-75176-tar-000,1,0.7990634441375732
evaluation-75176-non-000,0,0.16280445456504822
evaluation-75192-tar-000,1,0.6218870282173157
evaluation-75192-non-000,0,0.1793164312839508
evaluation-7536-tar-000,1,0.8264408707618713
evaluation-7536-non-000,0,0.04050388187170029
evaluation-7544-tar-000,1,0.9283757209777832
evaluation-7544-non-000,0,-0.034509699791669846
evaluation-75442-tar-000,1,0.48997604846954346
evaluation-75442-non-000,0,-0.12523208558559418
evaluation-75448-tar-000,1,0.6926080584526062
evaluation-75448-non-000,0,0.07566426694393158
evaluation-75451-tar-000,1,0.8755406141281128
evaluation-75451-non-000,0,0.19549071788787842
evaluation-75555-tar-000,1,0.7902097702026367
evaluation-75555-non-000,0,0.0816698670387268
evaluation-75690-tar-000,1,0.6148654222488403
evaluation-75690-non-000,0,-0.2266644686460495
evaluation-75753-tar-000,1,0.6362839937210083
evaluation-75753-non-000,0,0.11279596388339996
evaluation-75802-tar-000,1,0.7867615222930908
evaluation-75802-non-000,0,0.06517976522445679
evaluation-75849-tar-000,1,0.5595641136169434
evaluation-75849-non-000,0,0.25579923391342163
evaluation-75860-tar-000,1,0.870482325553894
evaluation-75860-non-000,0,-0.03176562488079071
evaluation-75874-tar-000,1,0.753716230392456
evaluation-75874-non-000,0,0.2481755167245865
evaluation-75945-tar-000,1,0.8450415134429932
evaluation-75945-non-000,0,0.025444813072681427
evaluation-7604-tar-000,1,0.8003528118133545
evaluation-7604-non-000,0,-0.2071390002965927
evaluation-76085-tar-000,1,0.6890979409217834
evaluation-76085-non-000,0,0.014391953125596046
evaluation-76101-tar-000,1,0.8275002241134644
evaluation-76101-non-000,0,-0.015251986682415009
evaluation-7617-tar-000,1,0.6112303137779236
evaluation-7617-non-000,0,0.03139210119843483
evaluation-76192-tar-000,1,0.9017171859741211
evaluation-76192-non-000,0,-0.12542691826820374
evaluation-76247-tar-000,1,0.5159586668014526
evaluation-76247-non-000,0,0.23875439167022705
evaluation-76299-tar-000,1,0.8959981203079224
evaluation-76299-non-000,0,0.26026347279548645
evaluation-76420-tar-000,1,0.7557486295700073
evaluation-76420-non-000,0,0.017615431919693947
evaluation-7645-tar-000,1,0.8201780319213867
evaluation-7645-non-000,0,0.2462277114391327
evaluation-76453-tar-000,1,0.4669828414916992
evaluation-76453-non-000,0,0.03825454041361809
evaluation-7646-tar-000,1,0.820433497428894
evaluation-7646-non-000,0,0.13831691443920135
evaluation-7654-tar-000,1,0.8554182052612305
evaluation-7654-non-000,0,0.08970506489276886
evaluation-7655-tar-000,1,0.8245056867599487
evaluation-7655-non-000,0,0.05399862304329872
evaluation-76585-tar-000,1,0.8287050724029541
evaluation-76585-non-000,0,0.0012267734855413437
evaluation-76695-tar-000,1,0.8441464900970459
evaluation-76695-non-000,0,0.07153253257274628
evaluation-76719-tar-000,1,0.8863307237625122
evaluation-76719-non-000,0,-0.11902308464050293
evaluation-76725-tar-000,1,0.7301414012908936
evaluation-76725-non-000,0,0.08136148750782013
evaluation-7679-tar-000,1,0.6256914138793945
evaluation-7679-non-000,0,0.1651458591222763
evaluation-76862-tar-000,1,0.35929012298583984
evaluation-76862-non-000,0,-0.10630226135253906
evaluation-77101-tar-000,1,0.7767106890678406
evaluation-77101-non-000,0,0.014723166823387146
evaluation-7712-tar-000,1,0.739143967628479
evaluation-7712-non-000,0,0.540473997592926
evaluation-77175-tar-000,1,0.8101447820663452
evaluation-77175-non-000,0,0.13841918110847473
evaluation-7721-tar-000,1,0.8349829912185669
evaluation-7721-non-000,0,0.04336956888437271
evaluation-7726-tar-000,1,0.751027524471283
evaluation-7726-non-000,0,0.0025035785511136055
evaluation-7728-tar-000,1,0.8355433940887451
evaluation-7728-non-000,0,-0.037278056144714355
evaluation-7735-tar-000,1,0.8336437344551086
evaluation-7735-non-000,0,-0.020573493093252182
evaluation-77351-tar-000,1,0.5787274837493896
evaluation-77351-non-000,0,-0.033173345029354095
evaluation-77376-tar-000,1,0.9094318747520447
evaluation-77376-non-000,0,0.09446282684803009
evaluation-77486-tar-000,1,0.8898054361343384
evaluation-77486-non-000,0,-0.13417264819145203
evaluation-7750-tar-000,1,0.6330769062042236
evaluation-7750-non-000,0,-0.10136803984642029
evaluation-77571-tar-000,1,0.8268798589706421
evaluation-77571-non-000,0,-0.09560862183570862
evaluation-77656-tar-000,1,0.7013171911239624
evaluation-77656-non-000,0,0.24551548063755035
evaluation-77851-tar-000,1,0.9340519905090332
evaluation-77851-non-000,0,-0.07847432047128677
evaluation-77854-tar-000,1,0.8939106464385986
evaluation-77854-non-000,0,0.06774811446666718
evaluation-77879-tar-000,1,0.6412352323532104
evaluation-77879-non-000,0,0.001809772104024887
evaluation-7789-tar-000,1,0.5943692326545715
evaluation-7789-non-000,0,-0.06139487028121948
evaluation-7790-tar-000,1,0.5994002223014832
evaluation-7790-non-000,0,0.17780610918998718
evaluation-7810-tar-000,1,0.865746021270752
evaluation-7810-non-000,0,-0.14812281727790833
evaluation-78247-tar-000,1,0.7497695684432983
evaluation-78247-non-000,0,-0.022673066705465317
evaluation-78249-tar-000,1,0.6664037704467773
evaluation-78249-non-000,0,0.30096516013145447
evaluation-7827-tar-000,1,0.7848407030105591
evaluation-7827-non-000,0,0.05963272973895073
evaluation-78370-tar-000,1,0.6580536365509033
evaluation-78370-non-000,0,0.025762349367141724
evaluation-78400-tar-000,1,0.3520672023296356
evaluation-78400-non-000,0,0.14939197897911072
evaluation-78436-tar-000,1,0.7584853172302246
evaluation-78436-non-000,0,0.1281549483537674
evaluation-78444-tar-000,1,0.7664780616760254
evaluation-78444-non-000,0,0.22402045130729675
evaluation-7846-tar-000,1,0.7302098870277405
evaluation-7846-non-000,0,-0.08969014883041382
evaluation-7848-tar-000,1,0.8004335165023804
evaluation-7848-non-000,0,0.047597240656614304
evaluation-7849-tar-000,1,0.6851294636726379
evaluation-7849-non-000,0,-0.14175665378570557
evaluation-78540-tar-000,1,0.5630406141281128
evaluation-78540-non-000,0,0.109017513692379
evaluation-78571-tar-000,1,0.48316729068756104
evaluation-78571-non-000,0,-0.1962328851222992
evaluation-78576-tar-000,1,0.6472136378288269
evaluation-78576-non-000,0,0.17125287652015686
evaluation-78584-tar-000,1,0.7932968139648438
evaluation-78584-non-000,0,0.11033765971660614
evaluation-78615-tar-000,1,0.8080628514289856
evaluation-78615-non-000,0,-0.16134248673915863
evaluation-78675-tar-000,1,0.9197829961776733
evaluation-78675-non-000,0,-0.16767480969429016
evaluation-78752-tar-000,1,0.8154211044311523
evaluation-78752-non-000,0,-0.01960419863462448
evaluation-7878-tar-000,1,0.5383783578872681
evaluation-7878-non-000,0,0.05983296036720276
evaluation-78782-tar-000,1,0.7147592902183533
evaluation-78782-non-000,0,-0.0770740956068039
evaluation-78815-tar-000,1,0.7933728694915771
evaluation-78815-non-000,0,0.02956516481935978
evaluation-78826-tar-000,1,0.5530802011489868
evaluation-78826-non-000,0,0.1905803680419922
evaluation-78887-tar-000,1,0.757463812828064
evaluation-78887-non-000,0,0.018012508749961853
evaluation-78963-tar-000,1,0.7548258304595947
evaluation-78963-non-000,0,-0.11224241554737091
evaluation-78972-tar-000,1,0.8317527770996094
evaluation-78972-non-000,0,0.19259364902973175
evaluation-79095-tar-000,1,0.8638914823532104
evaluation-79095-non-000,0,-0.00713498517870903
evaluation-79255-tar-000,1,0.2748051583766937
evaluation-79255-non-000,0,-0.016563400626182556
evaluation-79474-tar-000,1,0.5681964159011841
evaluation-79474-non-000,0,0.0334901288151741
evaluation-79521-tar-000,1,0.5407148003578186
evaluation-79521-non-000,0,-0.04855702072381973
evaluation-79581-tar-000,1,0.5460491180419922
evaluation-79581-non-000,0,-0.11634917557239532
evaluation-7964-tar-000,1,0.8346940875053406
evaluation-7964-non-000,0,0.24126306176185608
evaluation-7972-tar-000,1,0.49080586433410645
evaluation-7972-non-000,0,-0.33708181977272034
evaluation-79776-tar-000,1,0.8932280540466309
evaluation-79776-non-000,0,-0.2606286406517029
evaluation-79798-tar-000,1,0.7888436317443848
evaluation-79798-non-000,0,0.10156885534524918
evaluation-79807-tar-000,1,0.7417519092559814
evaluation-79807-non-000,0,0.013212788850069046
evaluation-7983-tar-000,1,0.8529870510101318
evaluation-7983-non-000,0,-0.11230456829071045
evaluation-79843-tar-000,1,0.816580593585968
evaluation-79843-non-000,0,0.09985701739788055
evaluation-7989-tar-000,1,0.6068695187568665
evaluation-7989-non-000,0,0.12854896485805511
evaluation-79980-tar-000,1,0.3961683511734009
evaluation-79980-non-000,0,0.15941761434078217
evaluation-79991-tar-000,1,0.876615583896637
evaluation-79991-non-000,0,-0.12312470376491547
evaluation-80153-tar-000,1,0.8770236968994141
evaluation-80153-non-000,0,0.2609560191631317
evaluation-80180-tar-000,1,0.8485461473464966
evaluation-80180-non-000,0,-0.09896064549684525
evaluation-8019-tar-000,1,0.8793240785598755
evaluation-8019-non-000,0,-0.06633049249649048
evaluation-80210-tar-000,1,0.39115169644355774
evaluation-80210-non-000,0,0.12804482877254486
evaluation-80221-tar-000,1,0.6558576822280884
evaluation-80221-non-000,0,0.08979231864213943
evaluation-8023-tar-000,1,0.8585777282714844
evaluation-8023-non-000,0,0.030852001160383224
evaluation-8027-tar-000,1,0.8658473491668701
evaluation-8027-non-000,0,0.14835521578788757
evaluation-8028-tar-000,1,0.7286311984062195
evaluation-8028-non-000,0,0.033747658133506775
evaluation-80353-tar-000,1,0.8901838660240173
evaluation-80353-non-000,0,0.21460136771202087
evaluation-8041-tar-000,1,0.6043723821640015
evaluation-8041-non-000,0,0.00372922420501709
evaluation-80449-tar-000,1,0.8161303997039795
evaluation-80449-non-000,0,-0.05708795785903931
evaluation-80504-tar-000,1,0.88421630859375
evaluation-80504-non-000,0,0.11586351692676544
evaluation-8068-tar-000,1,0.8603771328926086
evaluation-8068-non-000,0,-0.14208143949508667
evaluation-80710-tar-000,1,0.6512488126754761
evaluation-80710-non-000,0,-0.04776138812303543
evaluation-80773-tar-000,1,0.7333235740661621
evaluation-80773-non-000,0,-0.002148956060409546
evaluation-80793-tar-000,1,0.8486260175704956
evaluation-80793-non-000,0,0.12600941956043243
evaluation-80798-tar-000,1,0.748856782913208
evaluation-80798-non-000,0,-0.00842437893152237
evaluation-80806-tar-000,1,0.6266317963600159
evaluation-80806-non-000,0,0.09900570660829544
evaluation-80900-tar-000,1,0.8872122764587402
evaluation-80900-non-000,0,-0.13585755228996277
evaluation-80935-tar-000,1,0.5905698537826538
evaluation-80935-non-000,0,0.0761433020234108
evaluation-80938-tar-000,1,0.6416099071502686
evaluation-80938-non-000,0,0.09093794226646423
evaluation-8097-tar-000,1,0.6435670852661133
evaluation-8097-non-000,0,-0.007724428549408913
evaluation-81034-tar-000,1,0.28985270857810974
evaluation-81034-non-000,0,0.1767120361328125
evaluation-81103-tar-000,1,0.8273863196372986
evaluation-81103-non-000,0,-0.027505435049533844
evaluation-81106-tar-000,1,0.791690468788147
evaluation-81106-non-000,0,-0.003959104418754578
evaluation-81111-tar-000,1,0.8624314665794373
evaluation-81111-non-000,0,0.22971366345882416
evaluation-81119-tar-000,1,0.54270339012146
evaluation-81119-non-000,0,0.01988299936056137
evaluation-81128-tar-000,1,0.8290348649024963
evaluation-81128-non-000,0,0.2468055784702301
evaluation-81174-tar-000,1,0.8741730451583862
evaluation-81174-non-000,0,-0.06632429361343384
evaluation-81271-tar-000,1,0.75506591796875
evaluation-81271-non-000,0,-0.03393407538533211
evaluation-81276-tar-000,1,0.5844501256942749
evaluation-81276-non-000,0,-0.11246853321790695
evaluation-81309-tar-000,1,0.8139679431915283
evaluation-81309-non-000,0,0.0591387003660202
evaluation-8143-tar-000,1,0.7643446922302246
evaluation-8143-non-000,0,-0.060359518975019455
evaluation-81441-tar-000,1,0.5435227751731873
evaluation-81441-non-000,0,-0.08782804012298584
evaluation-81455-tar-000,1,0.9323333501815796
evaluation-81455-non-000,0,-0.11756432801485062
evaluation-81823-tar-000,1,0.8183711171150208
evaluation-81823-non-000,0,0.11532391607761383
evaluation-8185-tar-000,1,0.5462568998336792
evaluation-8185-non-000,0,-0.06266090273857117
evaluation-81858-tar-000,1,0.8406591415405273
evaluation-81858-non-000,0,0.09764781594276428
evaluation-8191-tar-000,1,0.6191852688789368
evaluation-8191-non-000,0,0.01208360493183136
evaluation-81913-tar-000,1,0.8755557537078857
evaluation-81913-non-000,0,0.050577644258737564
evaluation-81963-tar-000,1,0.6655179858207703
evaluation-81963-non-000,0,0.047638095915317535
evaluation-8203-tar-000,1,0.5729101896286011
evaluation-8203-non-000,0,0.014996320009231567
evaluation-82040-tar-000,1,0.9074000716209412
evaluation-82040-non-000,0,-0.10903538763523102
evaluation-8210-tar-000,1,0.8657829761505127
evaluation-8210-non-000,0,0.053792692720890045
evaluation-8215-tar-000,1,0.7556411027908325
evaluation-8215-non-000,0,0.02510279417037964
evaluation-8216-tar-000,1,0.8313567638397217
evaluation-8216-non-000,0,-0.17013567686080933
evaluation-8219-tar-000,1,0.8091736435890198
evaluation-8219-non-000,0,-0.024180710315704346
evaluation-82273-tar-000,1,0.7017076015472412
evaluation-82273-non-000,0,0.09810531139373779
evaluation-82342-tar-000,1,0.7673009634017944
evaluation-82342-non-000,0,-0.01581699401140213
evaluation-8236-tar-000,1,0.7195151448249817
evaluation-8236-non-000,0,-0.010871142148971558
evaluation-82421-tar-000,1,0.8883457183837891
evaluation-82421-non-000,0,0.009946363046765327
evaluation-82603-tar-000,1,0.777764618396759
evaluation-82603-non-000,0,0.2818615436553955
evaluation-82641-tar-000,1,0.7849964499473572
evaluation-82641-non-000,0,0.03488986939191818
evaluation-82842-tar-000,1,0.2612270712852478
evaluation-82842-non-000,0,0.02214762568473816
evaluation-82847-tar-000,1,0.816605806350708
evaluation-82847-non-000,0,-0.18844068050384521
evaluation-8299-tar-000,1,0.5899120569229126
evaluation-8299-non-000,0,-0.11866293102502823
evaluation-83006-tar-000,1,0.43836402893066406
evaluation-83006-non-000,0,0.12229049205780029
evaluation-83028-tar-000,1,0.6370325088500977
evaluation-83028-non-000,0,-0.03495597839355469
evaluation-83094-tar-000,1,0.7946068644523621
evaluation-83094-non-000,0,0.015952927991747856
evaluation-83204-tar-000,1,0.8481612801551819
evaluation-83204-non-000,0,-0.031570568680763245
evaluation-8328-tar-000,1,0.5645281076431274
evaluation-8328-non-000,0,0.09851215779781342
evaluation-8335-tar-000,1,0.6175001859664917
evaluation-8335-non-000,0,0.20355498790740967
evaluation-83355-tar-000,1,0.7441636323928833
evaluation-83355-non-000,0,-0.055973101407289505
evaluation-83674-tar-000,1,0.7542623281478882
evaluation-83674-non-000,0,0.06501594930887222
evaluation-83696-tar-000,1,0.917831301689148
evaluation-83696-non-000,0,0.2453712821006775
evaluation-8383-tar-000,1,0.7737098932266235
evaluation-8383-non-000,0,-0.12923407554626465
evaluation-83839-tar-000,1,0.7539416551589966
evaluation-83839-non-000,0,-0.2233765423297882
evaluation-83905-tar-000,1,0.7704132795333862
evaluation-83905-non-000,0,-0.3014332950115204
evaluation-83918-tar-000,1,0.7853970527648926
evaluation-83918-non-000,0,-0.10449331998825073
evaluation-83927-tar-000,1,0.5197127461433411
evaluation-83927-non-000,0,-0.09318132698535919
evaluation-83995-tar-000,1,0.8891468048095703
evaluation-83995-non-000,0,-0.16649040579795837
evaluation-8407-tar-000,1,0.4647422432899475
evaluation-8407-non-000,0,0.04290767386555672
evaluation-84075-tar-000,1,0.20009644329547882
evaluation-84075-non-000,0,-0.0876287966966629
evaluation-84160-tar-000,1,0.5551706552505493
evaluation-84160-non-000,0,-0.15796485543251038
evaluation-84187-tar-000,1,0.741713285446167
evaluation-84187-non-000,0,-0.1473754346370697
evaluation-84300-tar-000,1,0.5103762149810791
evaluation-84300-non-000,0,-0.14087651669979095
evaluation-84457-tar-000,1,0.5634899139404297
evaluation-84457-non-000,0,0.23191878199577332
evaluation-84512-tar-000,1,0.3497721552848816
evaluation-84512-non-000,0,0.12263768911361694
evaluation-8452-tar-000,1,0.6881898641586304
evaluation-8452-non-000,0,-0.11506201326847076
evaluation-8453-tar-000,1,0.6797906756401062
evaluation-8453-non-000,0,-0.04124791920185089
evaluation-84544-tar-000,1,0.7650056481361389
evaluation-84544-non-000,0,0.25104591250419617
evaluation-84547-tar-000,1,0.8526819944381714
evaluation-84547-non-000,0,-0.09401662647724152
evaluation-84649-tar-000,1,0.7731769680976868
evaluation-84649-non-000,0,-0.07985566556453705
evaluation-84693-tar-000,1,0.8779281377792358
evaluation-84693-non-000,0,-0.06465726345777512
evaluation-84704-tar-000,1,0.793276309967041
evaluation-84704-non-000,0,0.12611541152000427
evaluation-84753-tar-000,1,0.7984594106674194
evaluation-84753-non-000,0,0.017342690378427505
evaluation-84929-tar-000,1,0.7253971099853516
evaluation-84929-non-000,0,0.3661705553531647
evaluation-8494-tar-000,1,0.8564251661300659
evaluation-8494-non-000,0,-0.10851508378982544
evaluation-8502-tar-000,1,0.8487185835838318
evaluation-8502-non-000,0,0.16547085344791412
evaluation-85201-tar-000,1,0.7653007507324219
evaluation-85201-non-000,0,0.286501407623291
evaluation-8522-tar-000,1,0.8254330158233643
evaluation-8522-non-000,0,0.10491029918193817
evaluation-8527-tar-000,1,0.774075448513031
evaluation-8527-non-000,0,-0.03735710680484772
evaluation-85286-tar-000,1,0.7531093955039978
evaluation-85286-non-000,0,0.1172480434179306
evaluation-85319-tar-000,1,0.8459374904632568
evaluation-85319-non-000,0,0.10077179968357086
evaluation-85396-tar-000,1,0.7027298808097839
evaluation-85396-non-000,0,0.07738377153873444
evaluation-85421-tar-000,1,0.878535270690918
evaluation-85421-non-000,0,0.1096230298280716
evaluation-8557-tar-000,1,0.415662944316864
evaluation-8557-non-000,0,-0.1769089251756668
evaluation-85676-tar-000,1,0.49722933769226074
evaluation-85676-non-000,0,0.1744886040687561
evaluation-85750-tar-000,1,0.6401800513267517
evaluation-85750-non-000,0,0.3057083487510681
evaluation-85778-tar-000,1,0.761136531829834
evaluation-85778-non-000,0,0.1781078428030014
evaluation-85871-tar-000,1,0.799035906791687
evaluation-85871-non-000,0,0.07569529861211777
evaluation-8602-tar-000,1,0.46220147609710693
evaluation-8602-non-000,0,0.11834147572517395
evaluation-86107-tar-000,1,0.6598672866821289
evaluation-86107-non-000,0,-0.11920559406280518
evaluation-8614-tar-000,1,0.842189610004425
evaluation-8614-non-000,0,-0.06047769635915756
evaluation-86151-tar-000,1,0.6228439807891846
evaluation-86151-non-000,0,-0.1745149791240692
evaluation-86198-tar-000,1,0.767379879951477
evaluation-86198-non-000,0,0.06119753420352936
evaluation-86245-tar-000,1,0.7576864957809448
evaluation-86245-non-000,0,0.08310917764902115
evaluation-8628-tar-000,1,0.8041118383407593
evaluation-8628-non-000,0,0.06256149709224701
evaluation-8630-tar-000,1,0.8399820327758789
evaluation-8630-non-000,0,0.07948464155197144
evaluation-86376-tar-000,1,0.8184828758239746
evaluation-86376-non-000,0,0.006818296387791634
evaluation-8639-tar-000,1,0.5992426872253418
evaluation-8639-non-000,0,0.146355539560318
evaluation-8640-tar-000,1,0.8805347681045532
evaluation-8640-non-000,0,0.2639256417751312
evaluation-86470-tar-000,1,0.4533191919326782
evaluation-86470-non-000,0,-0.15439283847808838
evaluation-86478-tar-000,1,0.651427149772644
evaluation-86478-non-000,0,0.09796322882175446
evaluation-86519-tar-000,1,0.6575558185577393
evaluation-86519-non-000,0,0.00775691494345665
evaluation-86577-tar-000,1,0.26223376393318176
evaluation-86577-non-000,0,0.07191555202007294
evaluation-86591-tar-000,1,0.6479355692863464
evaluation-86591-non-000,0,-0.013166781514883041
evaluation-86799-tar-000,1,0.8909118175506592
evaluation-86799-non-000,0,-0.12899431586265564
evaluation-86926-tar-000,1,0.6911091804504395
evaluation-86926-non-000,0,0.1012922152876854
evaluation-86945-tar-000,1,0.7911638021469116
evaluation-86945-non-000,0,-0.0864560455083847
evaluation-8697-tar-000,1,0.686202883720398
evaluation-8697-non-000,0,-0.002004852518439293
evaluation-87016-tar-000,1,0.7383455038070679
evaluation-87016-non-000,0,0.018913671374320984
evaluation-87176-tar-000,1,0.8074440956115723
evaluation-87176-non-000,0,0.11768603324890137
evaluation-8724-tar-000,1,0.8429308533668518
evaluation-8724-non-000,0,-0.008674437180161476
evaluation-87313-tar-000,1,0.6056483387947083
evaluation-87313-non-000,0,0.1586548238992691
evaluation-87338-tar-000,1,0.8396905064582825
evaluation-87338-non-000,0,-0.02742702141404152
evaluation-87362-tar-000,1,0.9263111352920532
evaluation-87362-non-000,0,-0.020696938037872314
evaluation-87450-tar-000,1,0.8176077604293823
evaluation-87450-non-000,0,0.0012606382369995117
evaluation-8746-tar-000,1,0.7658019661903381
evaluation-8746-non-000,0,-0.012690849602222443
evaluation-8756-tar-000,1,0.7772300243377686
evaluation-8756-non-000,0,-0.019395610317587852
evaluation-87577-tar-000,1,0.5952019095420837
evaluation-87577-non-000,0,0.04673789441585541
evaluation-87601-tar-000,1,0.8131113052368164
evaluation-87601-non-000,0,0.040051400661468506
evaluation-8765-tar-000,1,0.8068081140518188
evaluation-8765-non-000,0,0.05648548901081085
evaluation-87711-tar-000,1,0.806166410446167
evaluation-87711-non-000,0,0.06391627341508865
evaluation-87720-tar-000,1,0.5094864964485168
evaluation-87720-non-000,0,0.3111886978149414
evaluation-87722-tar-000,1,0.851449191570282
evaluation-87722-non-000,0,-0.017860181629657745
evaluation-87876-tar-000,1,0.8314126133918762
evaluation-87876-non-000,0,0.22066619992256165
evaluation-87923-tar-000,1,0.8544777631759644
evaluation-87923-non-000,0,0.07960972189903259
evaluation-8796-tar-000,1,0.8499175906181335
evaluation-8796-non-000,0,-0.14967583119869232
evaluation-8804-tar-000,1,0.6689139604568481
evaluation-8804-non-000,0,-0.10298360884189606
evaluation-88060-tar-000,1,0.7972592115402222
evaluation-88060-non-000,0,-0.1343419849872589
evaluation-8814-tar-000,1,0.7751016616821289
evaluation-8814-non-000,0,0.27109140157699585
evaluation-88156-tar-000,1,0.8580071926116943
evaluation-88156-non-000,0,0.15257705748081207
evaluation-88170-tar-000,1,0.7995685338973999
evaluation-88170-non-000,0,-0.12117870897054672
evaluation-88313-tar-000,1,0.6799328327178955
evaluation-88313-non-000,0,-0.20656642317771912
evaluation-8836-tar-000,1,0.8430274724960327
evaluation-8836-non-000,0,0.0677521601319313
evaluation-88458-tar-000,1,0.5580716729164124
evaluation-88458-non-000,0,0.22776678204536438
evaluation-88524-tar-000,1,0.8320762515068054
evaluation-88524-non-000,0,-0.048978909850120544
evaluation-88576-tar-000,1,0.7528834342956543
evaluation-88576-non-000,0,-0.05326232686638832
evaluation-88582-tar-000,1,0.5281263589859009
evaluation-88582-non-000,0,0.03199291229248047
evaluation-88689-tar-000,1,0.4520318806171417
evaluation-88689-non-000,0,0.0304049551486969
evaluation-88747-tar-000,1,0.45082345604896545
evaluation-88747-non-000,0,0.20372623205184937
evaluation-88780-tar-000,1,0.6807767748832703
evaluation-88780-non-000,0,-0.07443173229694366
evaluation-88791-tar-000,1,0.8351256847381592
evaluation-88791-non-000,0,0.2453887164592743
evaluation-8896-tar-000,1,0.8830298185348511
evaluation-8896-non-000,0,-0.1369117796421051
evaluation-89005-tar-000,1,0.7491326332092285
evaluation-89005-non-000,0,-0.35570502281188965
evaluation-89027-tar-000,1,0.7437686324119568
evaluation-89027-non-000,0,-0.02905876561999321
evaluation-89054-tar-000,1,0.7219358682632446
evaluation-89054-non-000,0,-0.13079506158828735
evaluation-89120-tar-000,1,0.8410671949386597
evaluation-89120-non-000,0,-0.017679527401924133
evaluation-89255-tar-000,1,0.5650131702423096
evaluation-89255-non-000,0,-0.0279094148427248
evaluation-89335-tar-000,1,0.6086792945861816
evaluation-89335-non-000,0,0.07420504093170166
evaluation-89340-tar-000,1,0.8248915672302246
evaluation-89340-non-000,0,0.03508613258600235
evaluation-89346-tar-000,1,0.7779852151870728
evaluation-89346-non-000,0,-0.11264191567897797
evaluation-89381-tar-000,1,0.7658076286315918
evaluation-89381-non-000,0,-0.0945868119597435
evaluation-89557-tar-000,1,0.7200340032577515
evaluation-89557-non-000,0,0.2045394778251648
evaluation-89604-tar-000,1,0.7241663932800293
evaluation-89604-non-000,0,0.008639819920063019
evaluation-89615-tar-000,1,0.7683750987052917
evaluation-89615-non-000,0,-0.2912111282348633
evaluation-89631-tar-000,1,0.7506683468818665
evaluation-89631-non-000,0,0.027377760037779808
evaluation-89757-tar-000,1,0.7571774125099182
evaluation-89757-non-000,0,-0.13620978593826294
evaluation-89766-tar-000,1,0.8091319799423218
evaluation-89766-non-000,0,0.03696829080581665
evaluation-89782-tar-000,1,0.877647876739502
evaluation-89782-non-000,0,-0.22617407143115997
evaluation-89818-tar-000,1,0.5904178023338318
evaluation-89818-non-000,0,-0.008783474564552307
evaluation-89822-tar-000,1,0.7319893836975098
evaluation-89822-non-000,0,-0.14969810843467712
evaluation-8983-tar-000,1,0.907660961151123
evaluation-8983-non-000,0,-0.015960341319441795
evaluation-90024-tar-000,1,0.8754652738571167
evaluation-90024-non-000,0,-0.026256950572133064
evaluation-90032-tar-000,1,0.8613175749778748
evaluation-90032-non-000,0,0.1497439444065094
evaluation-90038-tar-000,1,0.7637763023376465
evaluation-90038-non-000,0,0.06482861936092377
evaluation-90117-tar-000,1,0.7516418695449829
evaluation-90117-non-000,0,0.04567704722285271
evaluation-90145-tar-000,1,-2.1554529666900635e-05
evaluation-90145-non-000,0,0.07214991748332977
evaluation-90148-tar-000,1,0.7400883436203003
evaluation-90148-non-000,0,-0.16326767206192017
evaluation-90169-tar-000,1,0.7177066802978516
evaluation-90169-non-000,0,-0.029695985838770866
evaluation-90257-tar-000,1,0.5534852743148804
evaluation-90257-non-000,0,-0.028617607429623604
evaluation-90301-tar-000,1,0.8127713203430176
evaluation-90301-non-000,0,-0.18031157553195953
evaluation-90304-tar-000,1,0.7550479769706726
evaluation-90304-non-000,0,-0.03963620215654373
evaluation-90381-tar-000,1,0.5280434489250183
evaluation-90381-non-000,0,0.11963073164224625
evaluation-90414-tar-000,1,0.6904772520065308
evaluation-90414-non-000,0,-0.10726448893547058
evaluation-90469-tar-000,1,0.6869509220123291
evaluation-90469-non-000,0,-0.08891792595386505
evaluation-90562-tar-000,1,0.8565852642059326
evaluation-90562-non-000,0,0.1666637361049652
evaluation-90631-tar-000,1,0.8775166869163513
evaluation-90631-non-000,0,-0.1299104243516922
evaluation-90862-tar-000,1,0.6489192247390747
evaluation-90862-non-000,0,-0.20506644248962402
evaluation-90875-tar-000,1,0.4426826238632202
evaluation-90875-non-000,0,0.2312713861465454
evaluation-90939-tar-000,1,0.8282304406166077
evaluation-90939-non-000,0,0.020918240770697594
evaluation-9109-tar-000,1,0.5587983727455139
evaluation-9109-non-000,0,-0.181838721036911
evaluation-91106-tar-000,1,0.7364029884338379
evaluation-91106-non-000,0,0.17320482432842255
evaluation-91166-tar-000,1,0.5226720571517944
evaluation-91166-non-000,0,-0.2048288881778717
evaluation-91205-tar-000,1,0.7142467498779297
evaluation-91205-non-000,0,0.14242729544639587
evaluation-9125-tar-000,1,0.8208867311477661
evaluation-9125-non-000,0,-0.09312716126441956
evaluation-91433-tar-000,1,0.8689408302307129
evaluation-91433-non-000,0,-0.19333738088607788
evaluation-91441-tar-000,1,0.3910512626171112
evaluation-91441-non-000,0,0.06062150001525879
evaluation-91466-tar-000,1,0.6426106095314026
evaluation-91466-non-000,0,-0.18293631076812744
evaluation-9148-tar-000,1,0.7324450016021729
evaluation-9148-non-000,0,0.025168441236019135
evaluation-91496-tar-000,1,0.779999852180481
evaluation-91496-non-000,0,0.23318561911582947
evaluation-91543-tar-000,1,0.7607280015945435
evaluation-91543-non-000,0,-0.10141350328922272
evaluation-91642-tar-000,1,0.8822009563446045
evaluation-91642-non-000,0,0.21131287515163422
evaluation-9165-tar-000,1,0.6755982041358948
evaluation-9165-non-000,0,0.03449730947613716
evaluation-91719-tar-000,1,0.7106565833091736
evaluation-91719-non-000,0,-0.1979328840970993
evaluation-9179-tar-000,1,0.7742609977722168
evaluation-9179-non-000,0,-0.18604525923728943
evaluation-91798-tar-000,1,0.36205172538757324
evaluation-91798-non-000,0,0.003977615386247635
evaluation-91823-tar-000,1,0.7435076236724854
evaluation-91823-non-000,0,0.24192136526107788
evaluation-91886-tar-000,1,0.7144893407821655
evaluation-91886-non-000,0,-0.12925392389297485
evaluation-9195-tar-000,1,0.8606584072113037
evaluation-9195-non-000,0,0.11661172658205032
evaluation-9197-tar-000,1,0.7141382694244385
evaluation-9197-non-000,0,-0.08774501085281372
evaluation-91974-tar-000,1,0.9002401828765869
evaluation-91974-non-000,0,-0.16133421659469604
evaluation-92007-tar-000,1,0.78480464220047
evaluation-92007-non-000,0,-0.005223110318183899
evaluation-9210-tar-000,1,0.8112657070159912
evaluation-9210-non-000,0,0.20411449670791626
evaluation-92133-tar-000,1,0.7750703692436218
evaluation-92133-non-000,0,0.13339337706565857
evaluation-92260-tar-000,1,0.8304574489593506
evaluation-92260-non-000,0,-0.146933913230896
evaluation-9229-tar-000,1,0.7157652378082275
evaluation-9229-non-000,0,0.009115325286984444
evaluation-9240-tar-000,1,0.6163907051086426
evaluation-9240-non-000,0,-0.15693844854831696
evaluation-9241-tar-000,1,0.41286852955818176
evaluation-9241-non-000,0,0.08586113154888153
evaluation-92438-tar-000,1,0.6717609167098999
evaluation-92438-non-000,0,-0.209978848695755
evaluation-92488-tar-000,1,0.921634316444397
evaluation-92488-non-000,0,0.06870114058256149
evaluation-92630-tar-000,1,0.7307358980178833
evaluation-92630-non-000,0,-0.1780775934457779
evaluation-92652-tar-000,1,0.894067645072937
evaluation-92652-non-000,0,-0.19933247566223145
evaluation-92787-tar-000,1,0.6528143882751465
evaluation-92787-non-000,0,-0.005498787388205528
evaluation-92825-tar-000,1,0.8283663988113403
evaluation-92825-non-000,0,0.09949474036693573
evaluation-92845-tar-000,1,0.794668436050415
evaluation-92845-non-000,0,0.06851430237293243
evaluation-92853-tar-000,1,0.8540394902229309
evaluation-92853-non-000,0,-0.1169300451874733
evaluation-9286-tar-000,1,0.8343215584754944
evaluation-9286-non-000,0,-0.008220154792070389
evaluation-9291-tar-000,1,0.7465231418609619
evaluation-9291-non-000,0,0.06482727825641632
evaluation-9303-tar-000,1,0.6528011560440063
evaluation-9303-non-000,0,0.24380464851856232
evaluation-93034-tar-000,1,0.7296469211578369
evaluation-93034-non-000,0,0.2283843457698822
evaluation-93042-tar-000,1,0.451002299785614
evaluation-93042-non-000,0,0.16363734006881714
evaluation-93169-tar-000,1,0.5390454530715942
evaluation-93169-non-000,0,0.048298873007297516
evaluation-93210-tar-000,1,0.8251193761825562
evaluation-93210-non-000,0,0.04516894370317459
evaluation-93279-tar-000,1,0.7286460399627686
evaluation-93279-non-000,0,0.0782259851694107
evaluation-93375-tar-000,1,0.5964947938919067
evaluation-93375-non-000,0,0.015612832270562649
evaluation-93449-tar-000,1,0.7204666137695312
evaluation-93449-non-000,0,-0.08623838424682617
evaluation-9355-tar-000,1,0.9247429370880127
evaluation-9355-non-000,0,-0.22169435024261475
evaluation-93660-tar-000,1,0.856236457824707
evaluation-93660-non-000,0,0.15086659789085388
evaluation-93718-tar-000,1,0.82879239320755
evaluation-93718-non-000,0,0.08595157414674759
evaluation-93735-tar-000,1,0.7107089757919312
evaluation-93735-non-000,0,-0.003396044485270977
evaluation-93740-tar-000,1,0.23705469071865082
evaluation-93740-non-000,0,0.07596269249916077
evaluation-93811-tar-000,1,0.6879876255989075
evaluation-93811-non-000,0,0.055656395852565765
evaluation-93853-tar-000,1,0.5527746677398682
evaluation-93853-non-000,0,-0.09730178862810135
evaluation-93886-tar-000,1,0.7425116300582886
evaluation-93886-non-000,0,0.20135465264320374
evaluation-93930-tar-000,1,0.7478461861610413
evaluation-93930-non-000,0,0.15748625993728638
evaluation-9403-tar-000,1,0.5586292147636414
evaluation-9403-non-000,0,-0.1299690306186676
evaluation-9410-tar-000,1,0.619910717010498
evaluation-9410-non-000,0,0.05837515741586685
evaluation-94105-tar-000,1,0.5342065095901489
evaluation-94105-non-000,0,-0.04395604878664017
evaluation-94125-tar-000,1,0.5822012424468994
evaluation-94125-non-000,0,-0.1417360007762909
evaluation-94226-tar-000,1,0.7956347465515137
evaluation-94226-non-000,0,-0.09599761664867401
evaluation-94267-tar-000,1,0.44753575325012207
evaluation-94267-non-000,0,0.5006972551345825
evaluation-94270-tar-000,1,0.8515872955322266
evaluation-94270-non-000,0,0.13705740869045258
evaluation-94314-tar-000,1,0.8330308794975281
evaluation-94314-non-000,0,-0.10635834187269211
evaluation-94421-tar-000,1,0.6639720797538757
evaluation-94421-non-000,0,-0.017570409923791885
evaluation-94528-tar-000,1,0.6734424233436584
evaluation-94528-non-000,0,-0.046098582446575165
evaluation-94550-tar-000,1,0.6758121252059937
evaluation-94550-non-000,0,-0.04076937586069107
evaluation-94586-tar-000,1,0.9266730546951294
evaluation-94586-non-000,0,-0.14449915289878845
evaluation-94633-tar-000,1,0.8375427722930908
evaluation-94633-non-000,0,0.05003517121076584
evaluation-94663-tar-000,1,0.46202215552330017
evaluation-94663-non-000,0,0.20077912509441376
evaluation-94668-tar-000,1,0.9029658436775208
evaluation-94668-non-000,0,-0.11432363092899323
evaluation-9469-tar-000,1,0.17783911526203156
evaluation-9469-non-000,0,0.08278558403253555
evaluation-94740-tar-000,1,0.9008041620254517
evaluation-94740-non-000,0,0.0696289986371994
evaluation-94828-tar-000,1,0.7464125156402588
evaluation-94828-non-000,0,-0.10537727177143097
evaluation-9485-tar-000,1,0.10702773928642273
evaluation-9485-non-000,0,-0.034386925399303436
evaluation-94855-tar-000,1,0.5928704738616943
evaluation-94855-non-000,0,-0.04855436831712723
evaluation-94971-tar-000,1,0.7606631517410278
evaluation-94971-non-000,0,-0.03713817894458771
evaluation-95006-tar-000,1,0.6415031552314758
evaluation-95006-non-000,0,0.021102305501699448
evaluation-95020-tar-000,1,0.621959388256073
evaluation-95020-non-000,0,0.017259830608963966
evaluation-95031-tar-000,1,0.7162643671035767
evaluation-95031-non-000,0,-0.057386405766010284
evaluation-95045-tar-000,1,0.8138075470924377
evaluation-95045-non-000,0,0.10563568770885468
evaluation-95072-tar-000,1,0.8980845212936401
evaluation-95072-non-000,0,0.030225055292248726
evaluation-9512-tar-000,1,0.1493377685546875
evaluation-9512-non-000,0,0.03141308203339577
evaluation-95166-tar-000,1,0.7788911461830139
evaluation-95166-non-000,0,0.07137732207775116
evaluation-95174-tar-000,1,0.8377254009246826
evaluation-95174-non-000,0,-0.03821488842368126
evaluation-95198-tar-000,1,0.7741203308105469
evaluation-95198-non-000,0,0.17859682440757751
evaluation-9522-tar-000,1,0.5678813457489014
evaluation-9522-non-000,0,-0.1385410726070404
evaluation-95229-tar-000,1,0.7537381649017334
evaluation-95229-non-000,0,0.08912596851587296
evaluation-95295-tar-000,1,0.9083886742591858
evaluation-95295-non-000,0,0.1095740795135498
evaluation-95300-tar-000,1,0.8995370268821716
evaluation-95300-non-000,0,0.012824051082134247
evaluation-95303-tar-000,1,0.5986146330833435
evaluation-95303-non-000,0,-0.2517858147621155
evaluation-95328-tar-000,1,0.7653535604476929
evaluation-95328-non-000,0,-0.15905925631523132
evaluation-95388-tar-000,1,0.7531887292861938
evaluation-95388-non-000,0,0.18214575946331024
evaluation-9539-tar-000,1,0.8515827655792236
evaluation-9539-non-000,0,0.03833869844675064
evaluation-95424-tar-000,1,0.5052922964096069
evaluation-95424-non-000,0,0.10937569290399551
evaluation-95459-tar-000,1,0.7219829559326172
evaluation-95459-non-000,0,0.018790502101182938
evaluation-9549-tar-000,1,0.420326292514801
evaluation-9549-non-000,0,-0.13795921206474304
evaluation-95789-tar-000,1,0.6300336122512817
evaluation-95789-non-000,0,0.13069218397140503
evaluation-95962-tar-000,1,0.8173088431358337
evaluation-95962-non-000,0,0.044864241033792496
evaluation-96017-tar-000,1,0.8393499851226807
evaluation-96017-non-000,0,0.1374937891960144
evaluation-96130-tar-000,1,0.8327391147613525
evaluation-96130-non-000,0,-0.08472413569688797
evaluation-9620-tar-000,1,0.8031067848205566
evaluation-9620-non-000,0,0.12243825197219849
evaluation-96371-tar-000,1,0.6695824861526489
evaluation-96371-non-000,0,-0.13805022835731506
evaluation-96418-tar-000,1,0.6598566770553589
evaluation-96418-non-000,0,-0.19629278779029846
evaluation-96443-tar-000,1,0.8614147305488586
evaluation-96443-non-000,0,0.019520428031682968
evaluation-96577-tar-000,1,0.71672523021698
evaluation-96577-non-000,0,0.032843392342329025
evaluation-96613-tar-000,1,0.6290680766105652
evaluation-96613-non-000,0,-0.09423484653234482
evaluation-96643-tar-000,1,0.7664114832878113
evaluation-96643-non-000,0,0.3241109251976013
evaluation-9666-tar-000,1,0.8309419751167297
evaluation-9666-non-000,0,0.14469099044799805
evaluation-96665-tar-000,1,0.8029515743255615
evaluation-96665-non-000,0,-0.11592932790517807
evaluation-96676-tar-000,1,0.26622310280799866
evaluation-96676-non-000,0,-0.036771200597286224
evaluation-96701-tar-000,1,0.7712861895561218
evaluation-96701-non-000,0,0.0034060515463352203
evaluation-96706-tar-000,1,0.8838764429092407
evaluation-96706-non-000,0,0.08635227382183075
evaluation-96712-tar-000,1,0.8527387380599976
evaluation-96712-non-000,0,0.15043015778064728
evaluation-96767-tar-000,1,0.7606539130210876
evaluation-96767-non-000,0,-0.060956403613090515
evaluation-96844-tar-000,1,0.7751286029815674
evaluation-96844-non-000,0,0.0669766217470169
evaluation-9696-tar-000,1,0.3534350097179413
evaluation-9696-non-000,0,0.1348106414079666
evaluation-96984-tar-000,1,0.8720114827156067
evaluation-96984-non-000,0,-0.18451540172100067
evaluation-9705-tar-000,1,0.29133141040802
evaluation-9705-non-000,0,0.4365084171295166
evaluation-9706-tar-000,1,0.8413894176483154
evaluation-9706-non-000,0,-0.03173132613301277
evaluation-97072-tar-000,1,0.7048394083976746
evaluation-97072-non-000,0,0.3881434202194214
evaluation-9737-tar-000,1,0.610748827457428
evaluation-9737-non-000,0,0.164976105093956
evaluation-97434-tar-000,1,0.5546649098396301
evaluation-97434-non-000,0,-0.09119754284620285
evaluation-9752-tar-000,1,0.7260963320732117
evaluation-9752-non-000,0,0.008471738547086716
evaluation-97550-tar-000,1,0.6931005716323853
evaluation-97550-non-000,0,-0.20042836666107178
evaluation-97588-tar-000,1,0.862699031829834
evaluation-97588-non-000,0,0.09578512609004974
evaluation-97624-tar-000,1,0.6632099151611328
evaluation-97624-non-000,0,-0.09650922566652298
evaluation-9767-tar-000,1,0.8491619229316711
evaluation-9767-non-000,0,0.015690406784415245
evaluation-97695-tar-000,1,0.8274561762809753
evaluation-97695-non-000,0,0.12006545066833496
evaluation-97860-tar-000,1,0.8485562801361084
evaluation-97860-non-000,0,-0.08673182129859924
evaluation-97937-tar-000,1,0.8231039047241211
evaluation-97937-non-000,0,0.01637030392885208
evaluation-97953-tar-000,1,0.9255746603012085
evaluation-97953-non-000,0,0.20834535360336304
evaluation-9817-tar-000,1,0.8686365485191345
evaluation-9817-non-000,0,0.2643688917160034
evaluation-9830-tar-000,1,0.6465199589729309
evaluation-9830-non-000,0,-0.08062402904033661
evaluation-98327-tar-000,1,0.830146074295044
evaluation-98327-non-000,0,0.2004386931657791
evaluation-9835-tar-000,1,0.6798769235610962
evaluation-9835-non-000,0,0.21554364264011383
evaluation-98459-tar-000,1,0.5666216611862183
evaluation-98459-non-000,0,-0.06865978986024857
evaluation-98514-tar-000,1,0.8077178001403809
evaluation-98514-non-000,0,0.02080126851797104
evaluation-98588-tar-000,1,0.8027533888816833
evaluation-98588-non-000,0,0.11944231390953064
evaluation-9859-tar-000,1,0.5264654159545898
evaluation-9859-non-000,0,-0.2709857225418091
evaluation-9863-tar-000,1,0.6048706769943237
evaluation-9863-non-000,0,-0.0732041448354721
evaluation-9871-tar-000,1,0.5859837532043457
evaluation-9871-non-000,0,0.0913471058011055
evaluation-9872-tar-000,1,0.8388521671295166
evaluation-9872-non-000,0,0.1103447675704956
evaluation-98731-tar-000,1,0.7768513560295105
evaluation-98731-non-000,0,-0.08360952138900757
evaluation-98744-tar-000,1,0.4980778694152832
evaluation-98744-non-000,0,0.10558460652828217
evaluation-98821-tar-000,1,0.6686235070228577
evaluation-98821-non-000,0,0.08182597905397415
evaluation-99038-tar-000,1,0.6276718378067017
evaluation-99038-non-000,0,-0.02503175660967827
evaluation-9904-tar-000,1,0.7704597115516663
evaluation-9904-non-000,0,-0.06729002296924591
evaluation-99123-tar-000,1,0.7554813623428345
evaluation-99123-non-000,0,-0.2099391520023346
evaluation-99148-tar-000,1,0.7489500045776367
evaluation-99148-non-000,0,0.0910595953464508
evaluation-9915-tar-000,1,0.5743971467018127
evaluation-9915-non-000,0,-0.1306970715522766
evaluation-99195-tar-000,1,0.4876050055027008
evaluation-99195-non-000,0,0.1350397765636444
evaluation-99206-tar-000,1,0.3811507821083069
evaluation-99206-non-000,0,0.2130609154701233
evaluation-99230-tar-000,1,0.7910346984863281
evaluation-99230-non-000,0,0.075583815574646
evaluation-99241-tar-000,1,0.6427906155586243
evaluation-99241-non-000,0,-0.21814675629138947
evaluation-9928-tar-000,1,0.7170137166976929
evaluation-9928-non-000,0,0.03182268142700195
evaluation-9932-tar-000,1,0.6273497343063354
evaluation-9932-non-000,0,0.011269088834524155
evaluation-99321-tar-000,1,0.9238131046295166
evaluation-99321-non-000,0,0.09118282794952393
evaluation-99349-tar-000,1,0.8932033777236938
evaluation-99349-non-000,0,0.1920202076435089
evaluation-9946-tar-000,1,0.7153775691986084
evaluation-9946-non-000,0,0.15552321076393127
evaluation-99461-tar-000,1,0.8168163299560547
evaluation-99461-non-000,0,-0.03703370690345764
evaluation-9948-tar-000,1,0.8399850130081177
evaluation-9948-non-000,0,0.28787511587142944
evaluation-9949-tar-000,1,0.7900233268737793
evaluation-9949-non-000,0,-0.028889892622828484
evaluation-99497-tar-000,1,0.8114018440246582
evaluation-99497-non-000,0,0.04793787747621536
evaluation-99640-tar-000,1,0.8357704877853394
evaluation-99640-non-000,0,0.0735243409872055
evaluation-99692-tar-000,1,0.8146741986274719
evaluation-99692-non-000,0,0.04661215841770172
evaluation-9971-tar-000,1,0.10370606184005737
evaluation-9971-non-000,0,0.2187647968530655
evaluation-9972-tar-000,1,0.8635934591293335
evaluation-9972-non-000,0,0.03236507624387741
evaluation-9979-tar-000,1,0.8118321895599365
evaluation-9979-non-000,0,0.3553723096847534
evaluation-9985-tar-000,1,0.22221943736076355
evaluation-9985-non-000,0,0.1406453549861908
evaluation-9993-tar-000,1,0.7934104204177856
evaluation-9993-non-000,0,0.16185614466667175
evaluation-9994-tar-000,1,0.8537235260009766
evaluation-9994-non-000,0,0.2472408562898636
evaluation-99945-tar-000,1,0.941313624382019
evaluation-99945-non-000,0,-0.05028543993830681
evaluation-99967-tar-000,1,0.8741826415061951
evaluation-99967-non-000,0,0.14457443356513977
evaluation-9997-tar-000,1,0.5771102905273438
evaluation-9997-non-000,0,0.020293308421969414
