trial_id,label,score
evaluation-1007-tar-000,1,0.3359214961528778
evaluation-1007-non-000,0,0.19103965163230896
evaluation-1008-tar-000,1,0.5789517164230347
evaluation-1008-non-000,0,-0.13751211762428284
evaluation-1013-tar-000,1,0.5867819786071777
evaluation-1013-non-000,0,0.1094418615102768
evaluation-10178-tar-000,1,0.4116296172142029
evaluation-10178-non-000,0,0.10354366153478622
evaluation-1024-tar-000,1,0.6972230672836304
evaluation-1024-non-000,0,0.15304285287857056
evaluation-10282-tar-000,1,0.5101777911186218
evaluation-10282-non-000,0,0.24064119160175323
evaluation-10346-tar-000,1,0.674174427986145
evaluation-10346-non-000,0,-0.20597903430461884
evaluation-10406-tar-000,1,0.0975208505988121
evaluation-10406-non-000,0,-0.0400274395942688
evaluation-10428-tar-000,1,0.7246430516242981
evaluation-10428-non-000,0,0.08430632948875427
evaluation-10444-tar-000,1,0.4037049412727356
evaluation-10444-non-000,0,0.09035442024469376
evaluation-10538-tar-000,1,0.3843590021133423
evaluation-10538-non-000,0,0.13571447134017944
evaluation-1055-tar-000,1,0.09597300738096237
evaluation-1055-non-000,0,-0.16106486320495605
evaluation-1056-tar-000,1,0.12069270014762878
evaluation-1056-non-000,0,-0.08224564790725708
evaluation-10606-tar-000,1,0.5981070399284363
evaluation-10606-non-000,0,0.07780961692333221
evaluation-1063-tar-000,1,0.5126489400863647
evaluation-1063-non-000,0,-0.12679679691791534
evaluation-10642-tar-000,1,0.4128544330596924
evaluation-10642-non-000,0,-0.16921503841876984
evaluation-10689-tar-000,1,0.3096145987510681
evaluation-10689-non-000,0,-0.22410327196121216
evaluation-10711-tar-000,1,0.05026048794388771
evaluation-10711-non-000,0,0.042327310889959335
evaluation-10738-tar-000,1,0.2617717981338501
evaluation-10738-non-000,0,0.02011486142873764
evaluation-10802-tar-000,1,-0.1599913239479065
evaluation-10802-non-000,0,0.03719139099121094
evaluation-10862-tar-000,1,0.25865232944488525
evaluation-10862-non-000,0,-0.31250786781311035
evaluation-10966-tar-000,1,0.61876380443573
evaluation-10966-non-000,0,0.2758350372314453
evaluation-1100-tar-000,1,0.373192697763443
evaluation-1100-non-000,0,0.09955373406410217
evaluation-11060-tar-000,1,0.48289620876312256
evaluation-11060-non-000,0,-0.18847934901714325
evaluation-11126-tar-000,1,0.033145491033792496
evaluation-11126-non-000,0,0.11838876456022263
evaluation-11189-tar-000,1,0.5974453687667847
evaluation-11189-non-000,0,0.2373301386833191
evaluation-1122-tar-000,1,0.45022210478782654
evaluation-1122-non-000,0,0.03272097557783127
evaluation-1130-tar-000,1,0.661565899848938
evaluation-1130-non-000,0,-0.17124509811401367
evaluation-11392-tar-000,1,0.20303860306739807
evaluation-11392-non-000,0,0.11195218563079834
evaluation-11485-tar-000,1,0.1912338137626648
evaluation-11485-non-000,0,-0.0012516947463154793
evaluation-11513-tar-000,1,0.4629524052143097
evaluation-11513-non-000,0,0.15154848992824554
evaluation-1162-tar-000,1,0.0682343915104866
evaluation-1162-non-000,0,-0.09652195125818253
evaluation-11647-tar-000,1,0.152858167886734
evaluation-11647-non-000,0,0.1439361870288849
evaluation-1165-tar-000,1,0.5613733530044556
evaluation-1165-non-000,0,-0.1387282907962799
evaluation-11664-tar-000,1,0.3319510519504547
evaluation-11664-non-000,0,0.2900797128677368
evaluation-1169-tar-000,1,0.36447495222091675
evaluation-1169-non-000,0,0.09640941768884659
evaluation-11757-tar-000,1,0.2610332667827606
evaluation-11757-non-000,0,0.17254036664962769
evaluation-11845-tar-000,1,0.36433762311935425
evaluation-11845-non-000,0,-0.06706094741821289
evaluation-1198-tar-000,1,0.6140526533126831
evaluation-1198-non-000,0,0.08622901141643524
evaluation-1203-tar-000,1,0.41082948446273804
evaluation-1203-non-000,0,0.0034678876399993896
evaluation-12106-tar-000,1,0.22552639245986938
evaluation-12106-non-000,0,-0.14804115891456604
evaluation-12112-tar-000,1,0.46344268321990967
evaluation-12112-non-000,0,0.21507179737091064
evaluation-12156-tar-000,1,0.5955920815467834
evaluation-12156-non-000,0,0.31937626004219055
evaluation-12197-tar-000,1,0.6389294862747192
evaluation-12197-non-000,0,0.18769599497318268
evaluation-12210-tar-000,1,0.3138698637485504
evaluation-12210-non-000,0,-0.027235157787799835
evaluation-12224-tar-000,1,0.23015019297599792
evaluation-12224-non-000,0,0.21178731322288513
evaluation-12323-tar-000,1,0.60027015209198
evaluation-12323-non-000,0,-0.13287100195884705
evaluation-1235-tar-000,1,0.27512800693511963
evaluation-1235-non-000,0,0.010457251220941544
evaluation-1238-tar-000,1,0.27320975065231323
evaluation-1238-non-000,0,-0.21803046762943268
evaluation-12395-tar-000,1,0.2684897184371948
evaluation-12395-non-000,0,-0.0048946812748909
evaluation-12408-tar-000,1,0.2087063491344452
evaluation-12408-non-000,0,0.12298941612243652
evaluation-12414-tar-000,1,0.5336962938308716
evaluation-12414-non-000,0,-0.09880116581916809
evaluation-12661-tar-000,1,0.7055283784866333
evaluation-12661-non-000,0,-0.06702455133199692
evaluation-12666-tar-000,1,0.026509270071983337
evaluation-12666-non-000,0,0.04932368919253349
evaluation-12669-tar-000,1,-0.012878643348813057
evaluation-12669-non-000,0,-0.11482672393321991
evaluation-1270-tar-000,1,0.44295620918273926
evaluation-1270-non-000,0,-0.1792086958885193
evaluation-1274-tar-000,1,0.4894166886806488
evaluation-1274-non-000,0,-0.15943695604801178
evaluation-12796-tar-000,1,0.3507639467716217
evaluation-12796-non-000,0,-0.08844314515590668
evaluation-12807-tar-000,1,0.6539876461029053
evaluation-12807-non-000,0,-0.04512522742152214
evaluation-12828-tar-000,1,0.6893311142921448
evaluation-12828-non-000,0,0.02487725391983986
evaluation-12919-tar-000,1,0.01835428550839424
evaluation-12919-non-000,0,-0.06513641774654388
evaluation-1297-tar-000,1,0.5297106504440308
evaluation-1297-non-000,0,0.1438223123550415
evaluation-1303-tar-000,1,0.08323276042938232
evaluation-1303-non-000,0,-0.05839427560567856
evaluation-13194-tar-000,1,0.03999250382184982
evaluation-13194-non-000,0,0.03391069173812866
evaluation-1320-tar-000,1,0.391327440738678
evaluation-1320-non-000,0,0.026744350790977478
evaluation-13298-tar-000,1,0.334319531917572
evaluation-13298-non-000,0,-0.09329867362976074
evaluation-1334-tar-000,1,0.37850305438041687
evaluation-1334-non-000,0,0.20002315938472748
evaluation-13663-tar-000,1,0.5495017170906067
evaluation-13663-non-000,0,-0.03796006739139557
evaluation-13666-tar-000,1,0.6766057014465332
evaluation-13666-non-000,0,-0.0771680623292923
evaluation-13707-tar-000,1,0.24205701053142548
evaluation-13707-non-000,0,0.27740800380706787
evaluation-1372-tar-000,1,0.2984476685523987
evaluation-1372-non-000,0,-0.2891344428062439
evaluation-13754-tar-000,1,0.27808117866516113
evaluation-13754-non-000,0,0.2055628001689911
evaluation-13806-tar-000,1,0.39428067207336426
evaluation-13806-non-000,0,0.04582000523805618
evaluation-13839-tar-000,1,0.42794668674468994
evaluation-13839-non-000,0,-0.16543146967887878
evaluation-13985-tar-000,1,0.09299089014530182
evaluation-13985-non-000,0,-0.20254972577095032
evaluation-14001-tar-000,1,0.05111759528517723
evaluation-14001-non-000,0,0.09102098643779755
evaluation-1401-tar-000,1,0.36437520384788513
evaluation-1401-non-000,0,0.20445974171161652
evaluation-14075-tar-000,1,0.645068883895874
evaluation-14075-non-000,0,-0.058610375970602036
evaluation-1409-tar-000,1,0.5249817371368408
evaluation-1409-non-000,0,-0.07967659831047058
evaluation-14106-tar-000,1,0.19942407310009003
evaluation-14106-non-000,0,-0.27080202102661133
evaluation-1414-tar-000,1,0.5367823243141174
evaluation-1414-non-000,0,-0.2574804425239563
evaluation-14259-tar-000,1,0.20723944902420044
evaluation-14259-non-000,0,0.060383230447769165
evaluation-14430-tar-000,1,0.2319742739200592
evaluation-14430-non-000,0,-0.02569827437400818
evaluation-14737-tar-000,1,0.46861588954925537
evaluation-14737-non-000,0,0.02101270481944084
evaluation-1475-tar-000,1,0.43279266357421875
evaluation-1475-non-000,0,0.39584431052207947
evaluation-14790-tar-000,1,0.182519793510437
evaluation-14790-non-000,0,0.23232348263263702
evaluation-1480-tar-000,1,0.38235676288604736
evaluation-1480-non-000,0,0.0958903431892395
evaluation-14869-tar-000,1,0.16580799221992493
evaluation-14869-non-000,0,0.18180669844150543
evaluation-14875-tar-000,1,0.5062066316604614
evaluation-14875-non-000,0,-0.06925099343061447
evaluation-14877-tar-000,1,-0.10469920933246613
evaluation-14877-non-000,0,-0.060417454689741135
evaluation-14888-tar-000,1,0.3448375165462494
evaluation-14888-non-000,0,-0.3131912350654602
evaluation-14987-tar-000,1,0.24237845838069916
evaluation-14987-non-000,0,-0.06925754249095917
evaluation-1507-tar-000,1,0.34085696935653687
evaluation-1507-non-000,0,0.1722404658794403
evaluation-15073-tar-000,1,0.5455724000930786
evaluation-15073-non-000,0,-0.15687744319438934
evaluation-15133-tar-000,1,0.4360140562057495
evaluation-15133-non-000,0,-0.25947731733322144
evaluation-15169-tar-000,1,0.46531540155410767
evaluation-15169-non-000,0,-0.06640268862247467
evaluation-15180-tar-000,1,0.18343481421470642
evaluation-15180-non-000,0,-0.23312579095363617
evaluation-1522-tar-000,1,0.6053383350372314
evaluation-1522-non-000,0,0.07670731842517853
evaluation-1524-tar-000,1,0.4237612187862396
evaluation-1524-non-000,0,-0.030182722955942154
evaluation-15243-tar-000,1,0.3754398226737976
evaluation-15243-non-000,0,0.017100855708122253
evaluation-15298-tar-000,1,0.40755993127822876
evaluation-15298-non-000,0,0.06435951590538025
evaluation-1539-tar-000,1,0.18020778894424438
evaluation-1539-non-000,0,0.3230207562446594
evaluation-15462-tar-000,1,0.3782733380794525
evaluation-15462-non-000,0,0.04953101649880409
evaluation-1548-tar-000,1,0.40610575675964355
evaluation-1548-non-000,0,0.2786678075790405
evaluation-15501-tar-000,1,0.296185165643692
evaluation-15501-non-000,0,0.08481606841087341
evaluation-15515-tar-000,1,0.17469550669193268
evaluation-15515-non-000,0,-0.12030807137489319
evaluation-1554-tar-000,1,0.3488039970397949
evaluation-1554-non-000,0,-0.014277826994657516
evaluation-15570-tar-000,1,0.48596441745758057
evaluation-15570-non-000,0,0.1435125172138214
evaluation-15581-tar-000,1,0.1443348079919815
evaluation-15581-non-000,0,0.055419228971004486
evaluation-15600-tar-000,1,0.07452915608882904
evaluation-15600-non-000,0,-0.08804360032081604
evaluation-15699-tar-000,1,0.12611305713653564
evaluation-15699-non-000,0,0.17552605271339417
evaluation-15817-tar-000,1,0.2758171260356903
evaluation-15817-non-000,0,-0.022023972123861313
evaluation-15839-tar-000,1,0.19350378215312958
evaluation-15839-non-000,0,-0.13435612618923187
evaluation-15855-tar-000,1,0.5384329557418823
evaluation-15855-non-000,0,-0.18721315264701843
evaluation-15866-tar-000,1,0.6343356370925903
evaluation-15866-non-000,0,0.16428345441818237
evaluation-15885-tar-000,1,0.1207268163561821
evaluation-15885-non-000,0,-0.027959197759628296
evaluation-15993-tar-000,1,0.46375662088394165
evaluation-15993-non-000,0,-0.212486132979393
evaluation-1603-tar-000,1,0.36333027482032776
evaluation-1603-non-000,0,-0.1254602074623108
evaluation-16223-tar-000,1,0.3028453588485718
evaluation-16223-non-000,0,0.10847525298595428
evaluation-1631-tar-000,1,0.54582679271698
evaluation-1631-non-000,0,-0.1428309977054596
evaluation-1632-tar-000,1,0.16727480292320251
evaluation-1632-non-000,0,0.013060927391052246
evaluation-1633-tar-000,1,0.6026581525802612
evaluation-1633-non-000,0,-0.09051792323589325
evaluation-1646-tar-000,1,0.2862553000450134
evaluation-1646-non-000,0,0.04542936012148857
evaluation-16473-tar-000,1,0.34246811270713806
evaluation-16473-non-000,0,0.06791024655103683
evaluation-16490-tar-000,1,0.46559256315231323
evaluation-16490-non-000,0,0.010525494813919067
evaluation-1650-tar-000,1,0.5589209198951721
evaluation-1650-non-000,0,-0.008565070107579231
evaluation-16520-tar-000,1,0.2930143177509308
evaluation-16520-non-000,0,0.10243421047925949
evaluation-16608-tar-000,1,0.37329959869384766
evaluation-16608-non-000,0,0.19974291324615479
evaluation-16635-tar-000,1,0.3347975015640259
evaluation-16635-non-000,0,-0.06753493845462799
evaluation-16665-tar-000,1,0.3503948748111725
evaluation-16665-non-000,0,-0.14196059107780457
evaluation-1681-tar-000,1,0.44860225915908813
evaluation-1681-non-000,0,-0.09956763684749603
evaluation-16849-tar-000,1,0.49645063281059265
evaluation-16849-non-000,0,-0.08251859247684479
evaluation-16855-tar-000,1,0.4968193769454956
evaluation-16855-non-000,0,0.0007245540618896484
evaluation-16976-tar-000,1,0.6593000292778015
evaluation-16976-non-000,0,0.012007692828774452
evaluation-1707-tar-000,1,0.7143824100494385
evaluation-1707-non-000,0,0.18042217195034027
evaluation-17121-tar-000,1,0.5184417366981506
evaluation-17121-non-000,0,0.18146994709968567
evaluation-17163-tar-000,1,0.45915237069129944
evaluation-17163-non-000,0,0.16597865521907806
evaluation-17165-tar-000,1,0.3033074736595154
evaluation-17165-non-000,0,0.11332899332046509
evaluation-17182-tar-000,1,0.1979963779449463
evaluation-17182-non-000,0,0.2555590569972992
evaluation-17717-tar-000,1,0.7737401723861694
evaluation-17717-non-000,0,-0.06221329793334007
evaluation-1777-tar-000,1,0.7674923539161682
evaluation-1777-non-000,0,-0.11994324624538422
evaluation-1778-tar-000,1,-0.06970977783203125
evaluation-1778-non-000,0,-0.026746580377221107
evaluation-1780-tar-000,1,0.34816449880599976
evaluation-1780-non-000,0,0.060654494911432266
evaluation-17805-tar-000,1,0.3678986132144928
evaluation-17805-non-000,0,0.19630460441112518
evaluation-1781-tar-000,1,0.55915367603302
evaluation-1781-non-000,0,0.018790272995829582
evaluation-17871-tar-000,1,0.2685442268848419
evaluation-17871-non-000,0,-0.056422099471092224
evaluation-1790-tar-000,1,0.4926413595676422
evaluation-1790-non-000,0,0.060292042791843414
evaluation-17918-tar-000,1,0.3251509666442871
evaluation-17918-non-000,0,0.14488297700881958
evaluation-17970-tar-000,1,0.41280192136764526
evaluation-17970-non-000,0,0.21205338835716248
evaluation-1800-tar-000,1,0.3315432667732239
evaluation-1800-non-000,0,-0.09154878556728363
evaluation-18041-tar-000,1,0.40963616967201233
evaluation-18041-non-000,0,0.0301784947514534
evaluation-1812-tar-000,1,0.2680842876434326
evaluation-1812-non-000,0,0.03361795097589493
evaluation-18146-tar-000,1,0.6634384989738464
evaluation-18146-non-000,0,0.2823878228664398
evaluation-18176-tar-000,1,0.2848805785179138
evaluation-18176-non-000,0,0.27751731872558594
evaluation-1818-tar-000,1,0.24876415729522705
evaluation-1818-non-000,0,0.07149679213762283
evaluation-18245-tar-000,1,0.5442653894424438
evaluation-18245-non-000,0,-0.028286101296544075
evaluation-18286-tar-000,1,0.30839312076568604
evaluation-18286-non-000,0,-0.1086372584104538
evaluation-18294-tar-000,1,0.3216789960861206
evaluation-18294-non-000,0,-0.18505291640758514
evaluation-18390-tar-000,1,0.6226808428764343
evaluation-18390-non-000,0,0.24010437726974487
evaluation-18407-tar-000,1,0.13608418405056
evaluation-18407-non-000,0,0.1100262701511383
evaluation-1845-tar-000,1,0.08338978886604309
evaluation-1845-non-000,0,-0.21632125973701477
evaluation-1847-tar-000,1,-0.042391784489154816
evaluation-1847-non-000,0,-0.09016728401184082
evaluation-1859-tar-000,1,0.10475129634141922
evaluation-1859-non-000,0,0.05804993584752083
evaluation-1868-tar-000,1,0.5666193962097168
evaluation-1868-non-000,0,0.12943316996097565
evaluation-18708-tar-000,1,0.20014522969722748
evaluation-18708-non-000,0,-0.01581024006009102
evaluation-18835-tar-000,1,0.4048691391944885
evaluation-18835-non-000,0,0.05481953173875809
evaluation-1896-tar-000,1,0.6197283267974854
evaluation-1896-non-000,0,-0.011896785348653793
evaluation-1904-tar-000,1,0.18714237213134766
evaluation-1904-non-000,0,0.049052175134420395
evaluation-19077-tar-000,1,0.374461829662323
evaluation-19077-non-000,0,-0.18322467803955078
evaluation-19288-tar-000,1,0.46883630752563477
evaluation-19288-non-000,0,-0.24480439722537994
evaluation-19371-tar-000,1,0.6725494265556335
evaluation-19371-non-000,0,0.10533901304006577
evaluation-19407-tar-000,1,0.0837903842329979
evaluation-19407-non-000,0,0.055058278143405914
evaluation-19549-tar-000,1,0.5590997934341431
evaluation-19549-non-000,0,0.2009044885635376
evaluation-1958-tar-000,1,0.5875166654586792
evaluation-1958-non-000,0,0.11411812156438828
evaluation-1960-tar-000,1,0.585594654083252
evaluation-1960-non-000,0,-0.038703080266714096
evaluation-19659-tar-000,1,0.7154718041419983
evaluation-19659-non-000,0,-0.017170511186122894
evaluation-19714-tar-000,1,0.41417819261550903
evaluation-19714-non-000,0,0.206018328666687
evaluation-19761-tar-000,1,0.5538329482078552
evaluation-19761-non-000,0,-0.05859711393713951
evaluation-19819-tar-000,1,0.2593260407447815
evaluation-19819-non-000,0,0.051902178674936295
evaluation-19865-tar-000,1,0.07268960028886795
evaluation-19865-non-000,0,0.19052380323410034
evaluation-1994-tar-000,1,0.35635027289390564
evaluation-1994-non-000,0,0.040132708847522736
evaluation-20000-tar-000,1,0.49642330408096313
evaluation-20000-non-000,0,-0.047544583678245544
evaluation-2020-tar-000,1,0.5292044878005981
evaluation-2020-non-000,0,0.18685275316238403
evaluation-20244-tar-000,1,0.6373096704483032
evaluation-20244-non-000,0,0.16032738983631134
evaluation-2037-tar-000,1,0.5380580425262451
evaluation-2037-non-000,0,-0.054300982505083084
evaluation-20458-tar-000,1,0.2500801682472229
evaluation-20458-non-000,0,0.13900187611579895
evaluation-20461-tar-000,1,0.4130621552467346
evaluation-20461-non-000,0,-0.17936596274375916
evaluation-2059-tar-000,1,0.2259288728237152
evaluation-2059-non-000,0,-0.061821792274713516
evaluation-20667-tar-000,1,0.30835047364234924
evaluation-20667-non-000,0,0.12618860602378845
evaluation-20673-tar-000,1,-0.11504301428794861
evaluation-20673-non-000,0,-0.056864410638809204
evaluation-2077-tar-000,1,0.7249671816825867
evaluation-2077-non-000,0,-0.36739832162857056
evaluation-20870-tar-000,1,0.5660185813903809
evaluation-20870-non-000,0,0.12317486107349396
evaluation-20881-tar-000,1,0.5070979595184326
evaluation-20881-non-000,0,0.18877612054347992
evaluation-2090-tar-000,1,0.28684908151626587
evaluation-2090-non-000,0,0.16328485310077667
evaluation-2092-tar-000,1,0.40131884813308716
evaluation-2092-non-000,0,-0.0019774027168750763
evaluation-2093-tar-000,1,0.4852384030818939
evaluation-2093-non-000,0,-0.029273346066474915
evaluation-2094-tar-000,1,0.5070556998252869
evaluation-2094-non-000,0,0.08014287799596786
evaluation-20947-tar-000,1,0.23674455285072327
evaluation-20947-non-000,0,0.0865093395113945
evaluation-21041-tar-000,1,0.4355091154575348
evaluation-21041-non-000,0,-0.23019637167453766
evaluation-21082-tar-000,1,0.6676943302154541
evaluation-21082-non-000,0,0.06193234771490097
evaluation-21120-tar-000,1,0.7328044176101685
evaluation-21120-non-000,0,-0.31648316979408264
evaluation-21181-tar-000,1,0.3081079125404358
evaluation-21181-non-000,0,0.22651547193527222
evaluation-2124-tar-000,1,0.7604941129684448
evaluation-2124-non-000,0,0.20592977106571198
evaluation-21258-tar-000,1,0.21299420297145844
evaluation-21258-non-000,0,-0.0391940101981163
evaluation-21280-tar-000,1,-0.04410319775342941
evaluation-21280-non-000,0,-0.10006531327962875
evaluation-2130-tar-000,1,0.14059346914291382
evaluation-2130-non-000,0,0.11062577366828918
evaluation-21403-tar-000,1,0.14420996606349945
evaluation-21403-non-000,0,-0.051543042063713074
evaluation-2159-tar-000,1,0.5164434909820557
evaluation-2159-non-000,0,0.11593848466873169
evaluation-21629-tar-000,1,0.15915852785110474
evaluation-21629-non-000,0,0.1182483583688736
evaluation-2168-tar-000,1,0.38720983266830444
evaluation-2168-non-000,0,0.17272070050239563
evaluation-2171-tar-000,1,0.19674694538116455
evaluation-2171-non-000,0,-0.028230763971805573
evaluation-2181-tar-000,1,0.3767834007740021
evaluation-2181-non-000,0,0.01883210800588131
evaluation-2186-tar-000,1,0.03747168183326721
evaluation-2186-non-000,0,0.056123457849025726
evaluation-21928-tar-000,1,0.3510071933269501
evaluation-21928-non-000,0,-0.07022932171821594
evaluation-2196-tar-000,1,0.6296171545982361
evaluation-2196-non-000,0,-0.05751696601510048
evaluation-21969-tar-000,1,0.5874465703964233
evaluation-21969-non-000,0,0.31424200534820557
evaluation-2199-tar-000,1,0.19517706334590912
evaluation-2199-non-000,0,0.20230932533740997
evaluation-21991-tar-000,1,0.20491911470890045
evaluation-21991-non-000,0,0.0987677127122879
evaluation-2200-tar-000,1,0.2578040361404419
evaluation-2200-non-000,0,-0.11840609461069107
evaluation-22062-tar-000,1,0.0646931380033493
evaluation-22062-non-000,0,0.31382763385772705
evaluation-22090-tar-000,1,0.4728347957134247
evaluation-22090-non-000,0,0.03704775869846344
evaluation-22134-tar-000,1,0.3120971918106079
evaluation-22134-non-000,0,0.0921235978603363
evaluation-22142-tar-000,1,0.6809260845184326
evaluation-22142-non-000,0,-0.14127688109874725
evaluation-22290-tar-000,1,0.23150449991226196
evaluation-22290-non-000,0,0.016544003039598465
evaluation-2233-tar-000,1,0.24747097492218018
evaluation-2233-non-000,0,-0.09944970160722733
evaluation-22345-tar-000,1,0.24474862217903137
evaluation-22345-non-000,0,0.13296955823898315
evaluation-22365-tar-000,1,0.4818773865699768
evaluation-22365-non-000,0,-0.15993881225585938
evaluation-22483-tar-000,1,0.2737747132778168
evaluation-22483-non-000,0,-0.05069984495639801
evaluation-22521-tar-000,1,0.4235096573829651
evaluation-22521-non-000,0,-0.20119225978851318
evaluation-22595-tar-000,1,0.12062294036149979
evaluation-22595-non-000,0,0.03154078125953674
evaluation-22738-tar-000,1,0.4033750891685486
evaluation-22738-non-000,0,-0.11149407923221588
evaluation-22760-tar-000,1,0.5293848514556885
evaluation-22760-non-000,0,0.19901993870735168
evaluation-2290-tar-000,1,0.39259088039398193
evaluation-2290-non-000,0,-0.1182171106338501
evaluation-2291-tar-000,1,0.2241424024105072
evaluation-2291-non-000,0,0.20701420307159424
evaluation-22988-tar-000,1,0.5792631506919861
evaluation-22988-non-000,0,-0.2703048586845398
evaluation-2305-tar-000,1,0.666881799697876
evaluation-2305-non-000,0,0.21767161786556244
evaluation-23051-tar-000,1,0.2840574383735657
evaluation-23051-non-000,0,-0.16494962573051453
evaluation-23200-tar-000,1,0.412648469209671
evaluation-23200-non-000,0,0.09604412317276001
evaluation-23224-tar-000,1,0.25309517979621887
evaluation-23224-non-000,0,-0.19978386163711548
evaluation-23246-tar-000,1,0.23945306241512299
evaluation-23246-non-000,0,-0.18039387464523315
evaluation-2327-tar-000,1,0.7238019704818726
evaluation-2327-non-000,0,0.008850589394569397
evaluation-23406-tar-000,1,0.5202720165252686
evaluation-23406-non-000,0,-0.005724526941776276
evaluation-23422-tar-000,1,0.3107001483440399
evaluation-23422-non-000,0,-0.17995262145996094
evaluation-2346-tar-000,1,0.1610233038663864
evaluation-2346-non-000,0,-0.29811176657676697
evaluation-23482-tar-000,1,0.14668594300746918
evaluation-23482-non-000,0,-0.09259992837905884
evaluation-2349-tar-000,1,-0.08622203767299652
evaluation-2349-non-000,0,-0.036696672439575195
evaluation-23510-tar-000,1,0.17891162633895874
evaluation-23510-non-000,0,-0.051027897745370865
evaluation-23623-tar-000,1,0.11802621185779572
evaluation-23623-non-000,0,-0.11188416182994843
evaluation-2363-tar-000,1,0.3563641905784607
evaluation-2363-non-000,0,-0.03292473033070564
evaluation-23721-tar-000,1,0.36636078357696533
evaluation-23721-non-000,0,0.11232501268386841
evaluation-23743-tar-000,1,0.09051050990819931
evaluation-23743-non-000,0,0.14918936789035797
evaluation-23845-tar-000,1,0.548259437084198
evaluation-23845-non-000,0,0.01610645279288292
evaluation-23878-tar-000,1,0.23365728557109833
evaluation-23878-non-000,0,0.07405158132314682
evaluation-2389-tar-000,1,0.39770400524139404
evaluation-2389-non-000,0,0.1943647563457489
evaluation-23988-tar-000,1,0.5368492603302002
evaluation-23988-non-000,0,0.10731559991836548
evaluation-2400-tar-000,1,0.17824023962020874
evaluation-2400-non-000,0,-0.04641299694776535
evaluation-24035-tar-000,1,0.46585962176322937
evaluation-24035-non-000,0,-0.08843035995960236
evaluation-24054-tar-000,1,0.5957912802696228
evaluation-24054-non-000,0,0.12304612994194031
evaluation-24117-tar-000,1,0.04504117742180824
evaluation-24117-non-000,0,-0.34676384925842285
evaluation-24158-tar-000,1,0.2894483208656311
evaluation-24158-non-000,0,0.04103293642401695
evaluation-2421-tar-000,1,0.41662171483039856
evaluation-2421-non-000,0,0.003965388983488083
evaluation-24241-tar-000,1,0.14350667595863342
evaluation-24241-non-000,0,0.2011624425649643
evaluation-2427-tar-000,1,0.38866356015205383
evaluation-2427-non-000,0,-0.31446439027786255
evaluation-2451-tar-000,1,0.5279462337493896
evaluation-2451-non-000,0,0.005659842863678932
evaluation-24512-tar-000,1,0.17898181080818176
evaluation-24512-non-000,0,0.15992340445518494
evaluation-24526-tar-000,1,0.6416259407997131
evaluation-24526-non-000,0,-0.04892123118042946
evaluation-24534-tar-000,1,0.5076850652694702
evaluation-24534-non-000,0,0.25010472536087036
evaluation-2454-tar-000,1,0.25211217999458313
evaluation-2454-non-000,0,0.12709635496139526
evaluation-2455-tar-000,1,0.15066209435462952
evaluation-2455-non-000,0,0.003367403522133827
evaluation-24584-tar-000,1,0.3797644376754761
evaluation-24584-non-000,0,0.0028251931071281433
evaluation-24620-tar-000,1,0.22970174252986908
evaluation-24620-non-000,0,0.020873993635177612
evaluation-2467-tar-000,1,0.07002392411231995
evaluation-2467-non-000,0,0.008986687287688255
evaluation-24688-tar-000,1,0.1824304759502411
evaluation-24688-non-000,0,0.003257421776652336
evaluation-24699-tar-000,1,0.40100163221359253
evaluation-24699-non-000,0,0.13044244050979614
evaluation-2473-tar-000,1,0.05122198164463043
evaluation-2473-non-000,0,0.13084197044372559
evaluation-2481-tar-000,1,0.36436042189598083
evaluation-2481-non-000,0,-0.16150130331516266
evaluation-2487-tar-000,1,0.31318891048431396
evaluation-2487-non-000,0,0.18390262126922607
evaluation-24872-tar-000,1,0.0938785970211029
evaluation-24872-non-000,0,-0.17008769512176514
evaluation-24875-tar-000,1,-0.13184836506843567
evaluation-24875-non-000,0,-0.044496867805719376
evaluation-24916-tar-000,1,0.29229673743247986
evaluation-24916-non-000,0,-0.020450949668884277
evaluation-25070-tar-000,1,0.6144123077392578
evaluation-25070-non-000,0,-0.2872627377510071
evaluation-2509-tar-000,1,0.1405765414237976
evaluation-2509-non-000,0,0.1563715636730194
evaluation-2515-tar-000,1,0.03253195062279701
evaluation-2515-non-000,0,-0.050329212099313736
evaluation-25185-tar-000,1,0.39238783717155457
evaluation-25185-non-000,0,0.0063216425478458405
evaluation-25284-tar-000,1,0.08323035389184952
evaluation-25284-non-000,0,-0.09428070485591888
evaluation-25295-tar-000,1,0.4771518111228943
evaluation-25295-non-000,0,0.2071046531200409
evaluation-25323-tar-000,1,0.397867351770401
evaluation-25323-non-000,0,0.04783987998962402
evaluation-2544-tar-000,1,0.7172282934188843
evaluation-2544-non-000,0,0.03591202199459076
evaluation-25485-tar-000,1,0.37678828835487366
evaluation-25485-non-000,0,0.1749802827835083
evaluation-25586-tar-000,1,0.2892851233482361
evaluation-25586-non-000,0,-0.10911139100790024
evaluation-25619-tar-000,1,0.13199929893016815
evaluation-25619-non-000,0,0.22215576469898224
evaluation-2565-tar-000,1,0.2524958848953247
evaluation-2565-non-000,0,0.005097622983157635
evaluation-25748-tar-000,1,0.3545066714286804
evaluation-25748-non-000,0,0.007561922073364258
evaluation-25960-tar-000,1,0.5569514632225037
evaluation-25960-non-000,0,0.270006000995636
evaluation-2602-tar-000,1,0.5302795171737671
evaluation-2602-non-000,0,0.20065027475357056
evaluation-2610-tar-000,1,0.2013862133026123
evaluation-2610-non-000,0,0.07338343560695648
evaluation-26125-tar-000,1,0.3192565441131592
evaluation-26125-non-000,0,0.04126425459980965
evaluation-26138-tar-000,1,0.11299499869346619
evaluation-26138-non-000,0,-0.0025198496878147125
evaluation-26158-tar-000,1,0.4335551857948303
evaluation-26158-non-000,0,-0.06885688006877899
evaluation-2618-tar-000,1,0.5177599191665649
evaluation-2618-non-000,0,-0.1098310574889183
evaluation-26221-tar-000,1,0.127837672829628
evaluation-26221-non-000,0,0.05226548761129379
evaluation-26287-tar-000,1,0.3860657513141632
evaluation-26287-non-000,0,0.07509296387434006
evaluation-26435-tar-000,1,0.43681836128234863
evaluation-26435-non-000,0,0.05944696068763733
evaluation-26443-tar-000,1,0.17513073980808258
evaluation-26443-non-000,0,-0.04128596559166908
evaluation-26454-tar-000,1,0.2759178876876831
evaluation-26454-non-000,0,0.08342969417572021
evaluation-26473-tar-000,1,0.2537018060684204
evaluation-26473-non-000,0,0.2228754609823227
evaluation-26501-tar-000,1,0.40835535526275635
evaluation-26501-non-000,0,-0.10648384690284729
evaluation-26545-tar-000,1,0.25922441482543945
evaluation-26545-non-000,0,-0.04900377243757248
evaluation-26666-tar-000,1,0.5453975200653076
evaluation-26666-non-000,0,0.02492259442806244
evaluation-26679-tar-000,1,0.7561113834381104
evaluation-26679-non-000,0,-0.1637403815984726
evaluation-2674-tar-000,1,0.3303711414337158
evaluation-2674-non-000,0,-0.04455585032701492
evaluation-2689-tar-000,1,0.3828735649585724
evaluation-2689-non-000,0,0.2229415774345398
evaluation-26894-tar-000,1,0.13391675055027008
evaluation-26894-non-000,0,0.06671223789453506
evaluation-2699-tar-000,1,0.7853341698646545
evaluation-2699-non-000,0,0.11155366897583008
evaluation-2707-tar-000,1,0.2514011263847351
evaluation-2707-non-000,0,-0.1670839786529541
evaluation-27124-tar-000,1,0.4492475986480713
evaluation-27124-non-000,0,0.008627030998468399
evaluation-27135-tar-000,1,0.24414122104644775
evaluation-27135-non-000,0,0.1578497588634491
evaluation-2714-tar-000,1,0.6305882930755615
evaluation-2714-non-000,0,0.11459772288799286
evaluation-27199-tar-000,1,0.5367087125778198
evaluation-27199-non-000,0,0.00999394804239273
evaluation-2739-tar-000,1,0.4274289309978485
evaluation-2739-non-000,0,-0.011423185467720032
evaluation-2752-tar-000,1,0.3879629373550415
evaluation-2752-non-000,0,0.15070973336696625
evaluation-2762-tar-000,1,0.37911152839660645
evaluation-2762-non-000,0,-0.09547817707061768
evaluation-2775-tar-000,1,0.5233110189437866
evaluation-2775-non-000,0,-0.12420745193958282
evaluation-27811-tar-000,1,0.6399351358413696
evaluation-27811-non-000,0,0.10196689516305923
evaluation-27932-tar-000,1,0.49998876452445984
evaluation-27932-non-000,0,-0.019934650510549545
evaluation-27943-tar-000,1,0.21446748077869415
evaluation-27943-non-000,0,0.07824647426605225
evaluation-27979-tar-000,1,0.27660107612609863
evaluation-27979-non-000,0,-0.053477831184864044
evaluation-28017-tar-000,1,-0.05159459263086319
evaluation-28017-non-000,0,0.22224432229995728
evaluation-28028-tar-000,1,0.17571021616458893
evaluation-28028-non-000,0,-0.19290508329868317
evaluation-28053-tar-000,1,0.1507090926170349
evaluation-28053-non-000,0,0.08548223972320557
evaluation-2806-tar-000,1,0.06428057700395584
evaluation-2806-non-000,0,0.13809004426002502
evaluation-28086-tar-000,1,0.20236419141292572
evaluation-28086-non-000,0,0.15413615107536316
evaluation-28105-tar-000,1,0.2713398337364197
evaluation-28105-non-000,0,-0.2471504807472229
evaluation-28152-tar-000,1,0.33022812008857727
evaluation-28152-non-000,0,0.015143916010856628
evaluation-28182-tar-000,1,0.441552996635437
evaluation-28182-non-000,0,-0.07706129550933838
evaluation-28248-tar-000,1,0.2917900085449219
evaluation-28248-non-000,0,-0.08016405254602432
evaluation-2831-tar-000,1,0.2541879415512085
evaluation-2831-non-000,0,0.1815876066684723
evaluation-28338-tar-000,1,0.38509315252304077
evaluation-28338-non-000,0,-0.010787391103804111
evaluation-28679-tar-000,1,0.2868751287460327
evaluation-28679-non-000,0,-0.059960924088954926
evaluation-28682-tar-000,1,0.6339713335037231
evaluation-28682-non-000,0,0.19747424125671387
evaluation-28750-tar-000,1,0.5288789868354797
evaluation-28750-non-000,0,-0.16214551031589508
evaluation-28781-tar-000,1,0.3350902199745178
evaluation-28781-non-000,0,0.009242087602615356
evaluation-28822-tar-000,1,0.17931199073791504
evaluation-28822-non-000,0,0.051912110298871994
evaluation-2892-tar-000,1,0.20644646883010864
evaluation-2892-non-000,0,0.034751493483781815
evaluation-2901-tar-000,1,0.540886402130127
evaluation-2901-non-000,0,-0.10374081134796143
evaluation-2908-tar-000,1,0.07000662386417389
evaluation-2908-non-000,0,-0.012163976207375526
evaluation-29102-tar-000,1,0.3353487253189087
evaluation-29102-non-000,0,-0.08735426515340805
evaluation-29105-tar-000,1,0.40688470005989075
evaluation-29105-non-000,0,-0.22587721049785614
evaluation-29237-tar-000,1,0.5044655799865723
evaluation-29237-non-000,0,-0.018832426518201828
evaluation-29278-tar-000,1,0.589162290096283
evaluation-29278-non-000,0,0.08377967029809952
evaluation-29434-tar-000,1,0.4792049527168274
evaluation-29434-non-000,0,0.012080781161785126
evaluation-2950-tar-000,1,0.8321218490600586
evaluation-2950-non-000,0,-0.10044766962528229
evaluation-29500-tar-000,1,0.20717346668243408
evaluation-29500-non-000,0,0.055334046483039856
evaluation-2957-tar-000,1,0.705646276473999
evaluation-2957-non-000,0,0.08241863548755646
evaluation-29668-tar-000,1,0.1078428402543068
evaluation-29668-non-000,0,-0.029031841084361076
evaluation-29778-tar-000,1,0.18262435495853424
evaluation-29778-non-000,0,0.24921590089797974
evaluation-2984-tar-000,1,0.214606374502182
evaluation-2984-non-000,0,-0.03675214201211929
evaluation-2990-tar-000,1,0.5677061080932617
evaluation-2990-non-000,0,-0.030254850164055824
evaluation-29904-tar-000,1,0.21060645580291748
evaluation-29904-non-000,0,0.05741918832063675
evaluation-30085-tar-000,1,0.8635801076889038
evaluation-30085-non-000,0,-0.2618146538734436
evaluation-3015-tar-000,1,0.24335403740406036
evaluation-3015-non-000,0,0.1921645551919937
evaluation-3023-tar-000,1,0.11509011685848236
evaluation-3023-non-000,0,-0.10957911610603333
evaluation-30261-tar-000,1,0.10320665687322617
evaluation-30261-non-000,0,-0.12920120358467102
evaluation-30302-tar-000,1,0.3555794954299927
evaluation-30302-non-000,0,-0.20520570874214172
evaluation-30316-tar-000,1,0.3087833821773529
evaluation-30316-non-000,0,0.055500976741313934
evaluation-30610-tar-000,1,0.3765929937362671
evaluation-30610-non-000,0,0.16658958792686462
evaluation-3062-tar-000,1,0.041662342846393585
evaluation-3062-non-000,0,-0.048463817685842514
evaluation-30621-tar-000,1,0.22288449108600616
evaluation-30621-non-000,0,-0.15374863147735596
evaluation-30659-tar-000,1,0.312335729598999
evaluation-30659-non-000,0,-0.0938672199845314
evaluation-30824-tar-000,1,0.16777199506759644
evaluation-30824-non-000,0,-0.015155341476202011
evaluation-30923-tar-000,1,0.23475763201713562
evaluation-30923-non-000,0,-0.06939779222011566
evaluation-30967-tar-000,1,0.6164926886558533
evaluation-30967-non-000,0,0.1787363886833191
evaluation-31008-tar-000,1,0.7985275983810425
evaluation-31008-non-000,0,0.004325438290834427
evaluation-3124-tar-000,1,0.25549960136413574
evaluation-3124-non-000,0,0.0426856130361557
evaluation-31280-tar-000,1,0.42968782782554626
evaluation-31280-non-000,0,-0.056399524211883545
evaluation-31294-tar-000,1,0.2896759510040283
evaluation-31294-non-000,0,-0.1258745789527893
evaluation-31307-tar-000,1,0.29800230264663696
evaluation-31307-non-000,0,-0.1310688704252243
evaluation-31346-tar-000,1,0.11999346315860748
evaluation-31346-non-000,0,-0.00540271308273077
evaluation-31360-tar-000,1,0.30832093954086304
evaluation-31360-non-000,0,-0.16377492249011993
evaluation-31384-tar-000,1,0.3731831908226013
evaluation-31384-non-000,0,-0.011460451409220695
evaluation-3139-tar-000,1,0.2541365623474121
evaluation-3139-non-000,0,-0.04626074805855751
evaluation-31390-tar-000,1,0.6736559867858887
evaluation-31390-non-000,0,0.1933078169822693
evaluation-3145-tar-000,1,0.7261753678321838
evaluation-3145-non-000,0,-0.20605139434337616
evaluation-31464-tar-000,1,0.2188144326210022
evaluation-31464-non-000,0,-0.025814078748226166
evaluation-3161-tar-000,1,0.10484954714775085
evaluation-3161-non-000,0,-0.10781262069940567
evaluation-31665-tar-000,1,0.6233775615692139
evaluation-31665-non-000,0,-0.040937673300504684
evaluation-3167-tar-000,1,0.13017313182353973
evaluation-3167-non-000,0,-0.15535324811935425
evaluation-31838-tar-000,1,0.010441383346915245
evaluation-31838-non-000,0,-0.0030965395271778107
evaluation-31947-tar-000,1,0.33197855949401855
evaluation-31947-non-000,0,-0.06356622278690338
evaluation-31950-tar-000,1,0.656046986579895
evaluation-31950-non-000,0,-0.2664031386375427
evaluation-31964-tar-000,1,0.28881776332855225
evaluation-31964-non-000,0,0.035658691078424454
evaluation-31986-tar-000,1,0.5301183462142944
evaluation-31986-non-000,0,0.10777001827955246
evaluation-32005-tar-000,1,0.5426791310310364
evaluation-32005-non-000,0,0.13849247992038727
evaluation-32046-tar-000,1,0.4633485972881317
evaluation-32046-non-000,0,0.23400747776031494
evaluation-32057-tar-000,1,0.39896896481513977
evaluation-32057-non-000,0,0.07101266831159592
evaluation-3215-tar-000,1,0.38240018486976624
evaluation-3215-non-000,0,-0.09014913439750671
evaluation-32285-tar-000,1,0.5201191902160645
evaluation-32285-non-000,0,-0.06217203289270401
evaluation-32368-tar-000,1,0.05449971556663513
evaluation-32368-non-000,0,0.039773181080818176
evaluation-32521-tar-000,1,0.2475648671388626
evaluation-32521-non-000,0,0.1981261968612671
evaluation-32620-tar-000,1,0.3169581890106201
evaluation-32620-non-000,0,-0.13469401001930237
evaluation-32730-tar-000,1,0.4863949418067932
evaluation-32730-non-000,0,0.0020066238939762115
evaluation-32785-tar-000,1,0.4596395194530487
evaluation-32785-non-000,0,0.09449445456266403
evaluation-32810-tar-000,1,0.5910253524780273
evaluation-32810-non-000,0,-0.18618521094322205
evaluation-3292-tar-000,1,0.17552132904529572
evaluation-3292-non-000,0,-0.02255348488688469
evaluation-3301-tar-000,1,0.1967555433511734
evaluation-3301-non-000,0,-0.033588699996471405
evaluation-33060-tar-000,1,0.28772395849227905
evaluation-33060-non-000,0,0.07352039217948914
evaluation-33096-tar-000,1,0.006161333993077278
evaluation-33096-non-000,0,-0.10290507972240448
evaluation-33120-tar-000,1,0.6636789441108704
evaluation-33120-non-000,0,0.06322138011455536
evaluation-3314-tar-000,1,0.3510489761829376
evaluation-3314-non-000,0,0.12603411078453064
evaluation-33255-tar-000,1,0.1661054790019989
evaluation-33255-non-000,0,-0.13929790258407593
evaluation-33258-tar-000,1,0.3304966390132904
evaluation-33258-non-000,0,0.3362233340740204
evaluation-33274-tar-000,1,0.7720847129821777
evaluation-33274-non-000,0,-0.29695355892181396
evaluation-33598-tar-000,1,0.40379655361175537
evaluation-33598-non-000,0,-0.018577635288238525
evaluation-3361-tar-000,1,0.1837981939315796
evaluation-3361-non-000,0,0.09643643349409103
evaluation-33623-tar-000,1,0.2523876428604126
evaluation-33623-non-000,0,0.34163206815719604
evaluation-3365-tar-000,1,0.4740854501724243
evaluation-3365-non-000,0,0.09878423810005188
evaluation-3369-tar-000,1,0.5909172892570496
evaluation-3369-non-000,0,0.13650989532470703
evaluation-33711-tar-000,1,0.5340476036071777
evaluation-33711-non-000,0,0.0705314576625824
evaluation-33790-tar-000,1,0.5670968890190125
evaluation-33790-non-000,0,-0.0180073119699955
evaluation-3395-tar-000,1,0.012098644860088825
evaluation-3395-non-000,0,0.008008783683180809
evaluation-3407-tar-000,1,0.09611726552248001
evaluation-3407-non-000,0,-0.22332338988780975
evaluation-3409-tar-000,1,0.3429412245750427
evaluation-3409-non-000,0,-0.16173869371414185
evaluation-34158-tar-000,1,0.31908661127090454
evaluation-34158-non-000,0,0.12817621231079102
evaluation-3417-tar-000,1,0.5029115676879883
evaluation-3417-non-000,0,-0.13608169555664062
evaluation-3425-tar-000,1,0.30214017629623413
evaluation-3425-non-000,0,0.15327487885951996
evaluation-34257-tar-000,1,0.08379560708999634
evaluation-34257-non-000,0,0.06168023496866226
evaluation-3427-tar-000,1,0.4881804585456848
evaluation-3427-non-000,0,0.17878642678260803
evaluation-34458-tar-000,1,0.3667880594730377
evaluation-34458-non-000,0,-0.18434792757034302
evaluation-34485-tar-000,1,0.19605931639671326
evaluation-34485-non-000,0,-0.0848911851644516
evaluation-34631-tar-000,1,0.5297361612319946
evaluation-34631-non-000,0,0.09407605230808258
evaluation-34647-tar-000,1,0.43151476979255676
evaluation-34647-non-000,0,-0.07214803248643875
evaluation-3471-tar-000,1,0.4023553729057312
evaluation-3471-non-000,0,0.039877064526081085
evaluation-34719-tar-000,1,0.27828657627105713
evaluation-34719-non-000,0,-0.1280551552772522
evaluation-3473-tar-000,1,0.5452879071235657
evaluation-3473-non-000,0,-0.051776736974716187
evaluation-34738-tar-000,1,0.18911954760551453
evaluation-34738-non-000,0,0.024279434233903885
evaluation-34771-tar-000,1,0.6353247761726379
evaluation-34771-non-000,0,-0.11389531195163727
evaluation-3479-tar-000,1,0.2534964680671692
evaluation-3479-non-000,0,-0.13682657480239868
evaluation-34807-tar-000,1,0.09715724736452103
evaluation-34807-non-000,0,0.035338468849658966
evaluation-3482-tar-000,1,0.28267285227775574
evaluation-3482-non-000,0,-0.08819403499364853
evaluation-34859-tar-000,1,0.2381330281496048
evaluation-34859-non-000,0,-0.047768689692020416
evaluation-3497-tar-000,1,0.2537485361099243
evaluation-3497-non-000,0,-0.024719983339309692
evaluation-34996-tar-000,1,0.486137330532074
evaluation-34996-non-000,0,0.2012440264225006
evaluation-35043-tar-000,1,0.5957894921302795
evaluation-35043-non-000,0,-0.09487289190292358
evaluation-3507-tar-000,1,0.27636149525642395
evaluation-3507-non-000,0,0.11134058237075806
evaluation-35101-tar-000,1,0.6404348611831665
evaluation-35101-non-000,0,-0.11729097366333008
evaluation-3518-tar-000,1,0.6024652719497681
evaluation-3518-non-000,0,0.031500495970249176
evaluation-3522-tar-000,1,0.04847033694386482
evaluation-3522-non-000,0,-0.052167557179927826
evaluation-35293-tar-000,1,0.34909024834632874
evaluation-35293-non-000,0,-0.03403340280056
evaluation-35359-tar-000,1,0.15337719023227692
evaluation-35359-non-000,0,-0.03646407276391983
evaluation-3540-tar-000,1,0.302724689245224
evaluation-3540-non-000,0,-0.16763336956501007
evaluation-35416-tar-000,1,0.3227109909057617
evaluation-35416-non-000,0,0.2559787929058075
evaluation-35449-tar-000,1,0.658086895942688
evaluation-35449-non-000,0,0.08131742477416992
evaluation-35510-tar-000,1,0.743025541305542
evaluation-35510-non-000,0,-0.02048008143901825
evaluation-35562-tar-000,1,0.817104160785675
evaluation-35562-non-000,0,-0.01007978618144989
evaluation-35587-tar-000,1,0.3817271590232849
evaluation-35587-non-000,0,-0.08629642426967621
evaluation-3564-tar-000,1,0.3159014582633972
evaluation-3564-non-000,0,0.20479437708854675
evaluation-35683-tar-000,1,0.3379341959953308
evaluation-35683-non-000,0,-0.18655773997306824
evaluation-35699-tar-000,1,0.28321462869644165
evaluation-35699-non-000,0,0.1465037763118744
evaluation-3571-tar-000,1,0.18007899820804596
evaluation-3571-non-000,0,0.19436004757881165
evaluation-3572-tar-000,1,0.3476819396018982
evaluation-3572-non-000,0,0.3784194588661194
evaluation-35793-tar-000,1,0.04474126547574997
evaluation-35793-non-000,0,-0.020896833389997482
evaluation-35823-tar-000,1,0.6647878885269165
evaluation-35823-non-000,0,0.0707709863781929
evaluation-35872-tar-000,1,0.5414151549339294
evaluation-35872-non-000,0,0.19707795977592468
evaluation-3597-tar-000,1,0.5958908796310425
evaluation-3597-non-000,0,-0.09262301027774811
evaluation-35996-tar-000,1,0.22246356308460236
evaluation-35996-non-000,0,-0.19249242544174194
evaluation-36004-tar-000,1,0.7173804640769958
evaluation-36004-non-000,0,0.09109654277563095
evaluation-36051-tar-000,1,0.3340821862220764
evaluation-36051-non-000,0,0.09756273776292801
evaluation-3619-tar-000,1,0.5305086374282837
evaluation-3619-non-000,0,0.04535948857665062
evaluation-36196-tar-000,1,0.48679375648498535
evaluation-36196-non-000,0,-0.012867309153079987
evaluation-36298-tar-000,1,0.6094667911529541
evaluation-36298-non-000,0,0.10039851069450378
evaluation-36323-tar-000,1,0.13944022357463837
evaluation-36323-non-000,0,0.03403422236442566
evaluation-36386-tar-000,1,0.3399408757686615
evaluation-36386-non-000,0,-0.15178804099559784
evaluation-36395-tar-000,1,0.34490031003952026
evaluation-36395-non-000,0,0.07349105179309845
evaluation-36460-tar-000,1,0.5782297849655151
evaluation-36460-non-000,0,-0.14299482107162476
evaluation-36499-tar-000,1,0.5400344133377075
evaluation-36499-non-000,0,-0.22729508578777313
evaluation-3656-tar-000,1,0.3760696053504944
evaluation-3656-non-000,0,-0.005305139347910881
evaluation-36611-tar-000,1,0.653680682182312
evaluation-36611-non-000,0,0.26989856362342834
evaluation-36619-tar-000,1,0.06884316354990005
evaluation-36619-non-000,0,0.002623341977596283
evaluation-36625-tar-000,1,0.013623306527733803
evaluation-36625-non-000,0,-0.054452355951070786
evaluation-36633-tar-000,1,0.30489835143089294
evaluation-36633-non-000,0,-1.564621925354004e-06
evaluation-36685-tar-000,1,0.3471542000770569
evaluation-36685-non-000,0,-0.0486498661339283
evaluation-3669-tar-000,1,0.09282340109348297
evaluation-3669-non-000,0,0.04488547518849373
evaluation-36853-tar-000,1,0.7200279235839844
evaluation-36853-non-000,0,0.019945822656154633
evaluation-3693-tar-000,1,0.4211665093898773
evaluation-3693-non-000,0,-0.024430572986602783
evaluation-3720-tar-000,1,0.3860921263694763
evaluation-3720-non-000,0,0.1491609662771225
evaluation-37259-tar-000,1,0.3973329961299896
evaluation-37259-non-000,0,0.10552491992712021
evaluation-37301-tar-000,1,0.18875373899936676
evaluation-37301-non-000,0,0.2781437635421753
evaluation-37328-tar-000,1,0.4121524393558502
evaluation-37328-non-000,0,-0.21483507752418518
evaluation-37625-tar-000,1,0.24428598582744598
evaluation-37625-non-000,0,-0.17748743295669556
evaluation-37658-tar-000,1,0.49566394090652466
evaluation-37658-non-000,0,0.006536222994327545
evaluation-3767-tar-000,1,0.4435862898826599
evaluation-3767-non-000,0,0.00021765194833278656
evaluation-37696-tar-000,1,0.13914704322814941
evaluation-37696-non-000,0,0.017554063349962234
evaluation-3770-tar-000,1,0.6783978939056396
evaluation-3770-non-000,0,0.11273374408483505
evaluation-37740-tar-000,1,0.39707934856414795
evaluation-37740-non-000,0,-0.026281269267201424
evaluation-3778-tar-000,1,0.41120392084121704
evaluation-3778-non-000,0,0.14628298580646515
evaluation-37844-tar-000,1,0.3816344141960144
evaluation-37844-non-000,0,-0.0561152845621109
evaluation-37921-tar-000,1,0.3734748363494873
evaluation-37921-non-000,0,0.2191803753376007
evaluation-37932-tar-000,1,0.5889391303062439
evaluation-37932-non-000,0,-0.07978153228759766
evaluation-37946-tar-000,1,0.5340240001678467
evaluation-37946-non-000,0,-0.0035117603838443756
evaluation-37965-tar-000,1,-0.08249923586845398
evaluation-37965-non-000,0,-0.07436080276966095
evaluation-37971-tar-000,1,0.17136304080486298
evaluation-37971-non-000,0,-0.06516799330711365
evaluation-3805-tar-000,1,0.25716763734817505
evaluation-3805-non-000,0,-0.04981514811515808
evaluation-38056-tar-000,1,0.057571932673454285
evaluation-38056-non-000,0,0.06913890689611435
evaluation-38083-tar-000,1,0.09812858700752258
evaluation-38083-non-000,0,-0.05275829881429672
evaluation-3813-tar-000,1,0.43486487865448
evaluation-3813-non-000,0,0.010693259537220001
evaluation-38157-tar-000,1,0.3284899890422821
evaluation-38157-non-000,0,-0.21716031432151794
evaluation-38166-tar-000,1,0.14011704921722412
evaluation-38166-non-000,0,-0.3254545032978058
evaluation-38196-tar-000,1,0.5899705290794373
evaluation-38196-non-000,0,-0.054970793426036835
evaluation-3827-tar-000,1,0.3200032711029053
evaluation-3827-non-000,0,-0.23880264163017273
evaluation-38388-tar-000,1,0.21649010479450226
evaluation-38388-non-000,0,-0.017981838434934616
evaluation-3839-tar-000,1,0.5257104635238647
evaluation-3839-non-000,0,0.27207040786743164
evaluation-3840-tar-000,1,0.5039674639701843
evaluation-3840-non-000,0,-0.00033679045736789703
evaluation-38657-tar-000,1,0.5482088327407837
evaluation-38657-non-000,0,0.04400127753615379
evaluation-38792-tar-000,1,0.15805700421333313
evaluation-38792-non-000,0,-0.22367766499519348
evaluation-3888-tar-000,1,0.22267809510231018
evaluation-3888-non-000,0,-0.1993928849697113
evaluation-3892-tar-000,1,0.46805235743522644
evaluation-3892-non-000,0,0.13516250252723694
evaluation-3901-tar-000,1,0.53913813829422
evaluation-3901-non-000,0,0.06294700503349304
evaluation-39025-tar-000,1,0.4524272382259369
evaluation-39025-non-000,0,0.3810616731643677
evaluation-39031-tar-000,1,0.71427321434021
evaluation-39031-non-000,0,0.035934899002313614
evaluation-3911-tar-000,1,0.12327279895544052
evaluation-3911-non-000,0,0.07271067798137665
evaluation-39163-tar-000,1,0.5233243107795715
evaluation-39163-non-000,0,0.07890886068344116
evaluation-39201-tar-000,1,0.2819504141807556
evaluation-39201-non-000,0,-0.12701448798179626
evaluation-3921-tar-000,1,0.4162386655807495
evaluation-3921-non-000,0,-0.04264391213655472
evaluation-3926-tar-000,1,0.07864250242710114
evaluation-3926-non-000,0,0.2930138409137726
evaluation-3928-tar-000,1,0.4388754963874817
evaluation-3928-non-000,0,-0.06897969543933868
evaluation-3931-tar-000,1,0.31716907024383545
evaluation-3931-non-000,0,0.0217151939868927
evaluation-3939-tar-000,1,0.3185979127883911
evaluation-3939-non-000,0,-0.03454716131091118
evaluation-39421-tar-000,1,0.5613203644752502
evaluation-39421-non-000,0,0.010942583903670311
evaluation-3954-tar-000,1,0.3660256564617157
evaluation-3954-non-000,0,0.026077765971422195
evaluation-39720-tar-000,1,0.7782800197601318
evaluation-39720-non-000,0,0.07174140959978104
evaluation-39756-tar-000,1,0.7150909900665283
evaluation-39756-non-000,0,-0.13641107082366943
evaluation-39877-tar-000,1,0.4944342076778412
evaluation-39877-non-000,0,-0.0360737182199955
evaluation-3989-tar-000,1,0.5205250978469849
evaluation-3989-non-000,0,-0.12778973579406738
evaluation-40025-tar-000,1,0.07292386889457703
evaluation-40025-non-000,0,-0.07441495358943939
evaluation-4004-tar-000,1,0.28802621364593506
evaluation-4004-non-000,0,-0.227437824010849
evaluation-40064-tar-000,1,0.6918693780899048
evaluation-40064-non-000,0,0.059189844876527786
evaluation-40075-tar-000,1,0.43693846464157104
evaluation-40075-non-000,0,0.07243316620588303
evaluation-4013-tar-000,1,0.582451343536377
evaluation-4013-non-000,0,0.1613551527261734
evaluation-40173-tar-000,1,0.38774439692497253
evaluation-40173-non-000,0,-0.05050342157483101
evaluation-40311-tar-000,1,0.5755177140235901
evaluation-40311-non-000,0,0.19401498138904572
evaluation-4044-tar-000,1,0.3201967775821686
evaluation-4044-non-000,0,0.02675231173634529
evaluation-40525-tar-000,1,0.6539504528045654
evaluation-40525-non-000,0,-0.044312894344329834
evaluation-40577-tar-000,1,0.14757443964481354
evaluation-40577-non-000,0,0.0006606653332710266
evaluation-40588-tar-000,1,0.7529172301292419
evaluation-40588-non-000,0,-0.11591435968875885
evaluation-40676-tar-000,1,0.27275586128234863
evaluation-40676-non-000,0,0.037465039640665054
evaluation-4068-tar-000,1,0.2812783122062683
evaluation-4068-non-000,0,0.2146569937467575
evaluation-4077-tar-000,1,0.5348978638648987
evaluation-4077-non-000,0,-0.037212684750556946
evaluation-40772-tar-000,1,0.015225405804812908
evaluation-40772-non-000,0,0.08493752032518387
evaluation-40929-tar-000,1,0.5864593982696533
evaluation-40929-non-000,0,-0.011589661240577698
evaluation-41000-tar-000,1,0.6662889122962952
evaluation-41000-non-000,0,0.06800152361392975
evaluation-41025-tar-000,1,0.29348769783973694
evaluation-41025-non-000,0,-0.14813241362571716
evaluation-4123-tar-000,1,0.1047981008887291
evaluation-4123-non-000,0,0.05353321135044098
evaluation-41278-tar-000,1,0.502744197845459
evaluation-41278-non-000,0,-0.11025426536798477
evaluation-4134-tar-000,1,0.31616371870040894
evaluation-4134-non-000,0,-0.15549741685390472
evaluation-41357-tar-000,1,0.21758043766021729
evaluation-41357-non-000,0,0.2726925015449524
evaluation-41390-tar-000,1,0.2102733850479126
evaluation-41390-non-000,0,0.024984989315271378
evaluation-41404-tar-000,1,0.5826937556266785
evaluation-41404-non-000,0,-0.06667646020650864
evaluation-41492-tar-000,1,0.11022473126649857
evaluation-41492-non-000,0,-0.0035874880850315094
evaluation-41536-tar-000,1,0.31093114614486694
evaluation-41536-non-000,0,-0.017416734248399734
evaluation-41706-tar-000,1,0.34561794996261597
evaluation-41706-non-000,0,0.015388790518045425
evaluation-41750-tar-000,1,0.20897984504699707
evaluation-41750-non-000,0,-0.043077290058135986
evaluation-41755-tar-000,1,0.37046539783477783
evaluation-41755-non-000,0,0.026577405631542206
evaluation-41854-tar-000,1,0.32915163040161133
evaluation-41854-non-000,0,0.08606269955635071
evaluation-41945-tar-000,1,0.4318543076515198
evaluation-41945-non-000,0,-0.10304005444049835
evaluation-41994-tar-000,1,0.5219383239746094
evaluation-41994-non-000,0,0.24206304550170898
evaluation-4202-tar-000,1,0.35285982489585876
evaluation-4202-non-000,0,-0.14714698493480682
evaluation-42025-tar-000,1,0.442777156829834
evaluation-42025-non-000,0,0.0720650926232338
evaluation-4204-tar-000,1,-0.01336490735411644
evaluation-4204-non-000,0,-0.13930921256542206
evaluation-42173-tar-000,1,0.6243023872375488
evaluation-42173-non-000,0,-0.15257421135902405
evaluation-42176-tar-000,1,0.7734678983688354
evaluation-42176-non-000,0,0.08516093343496323
evaluation-42209-tar-000,1,0.3034333288669586
evaluation-42209-non-000,0,-0.04084545373916626
evaluation-42250-tar-000,1,0.3162016272544861
evaluation-42250-non-000,0,0.013260647654533386
evaluation-4240-tar-000,1,0.10399731248617172
evaluation-4240-non-000,0,0.002718110103160143
evaluation-42401-tar-000,1,0.5228940844535828
evaluation-42401-non-000,0,0.08099713176488876
evaluation-4246-tar-000,1,0.31836941838264465
evaluation-4246-non-000,0,0.07701025903224945
evaluation-42505-tar-000,1,0.183508962392807
evaluation-42505-non-000,0,0.06580373644828796
evaluation-4251-tar-000,1,0.44888320565223694
evaluation-4251-non-000,0,-0.037756629288196564
evaluation-42546-tar-000,1,0.3006364107131958
evaluation-42546-non-000,0,0.018265806138515472
evaluation-42648-tar-000,1,0.27503323554992676
evaluation-42648-non-000,0,0.055080629885196686
evaluation-42681-tar-000,1,0.34899142384529114
evaluation-42681-non-000,0,-0.023970384150743484
evaluation-42717-tar-000,1,0.4957180917263031
evaluation-42717-non-000,0,0.07552170008420944
evaluation-42728-tar-000,1,0.5655227899551392
evaluation-42728-non-000,0,-0.019417868927121162
evaluation-42744-tar-000,1,0.09255371242761612
evaluation-42744-non-000,0,0.2172166109085083
evaluation-42772-tar-000,1,0.09108871221542358
evaluation-42772-non-000,0,0.010262662544846535
evaluation-4288-tar-000,1,0.43385589122772217
evaluation-4288-non-000,0,0.008974730968475342
evaluation-42904-tar-000,1,0.22082845866680145
evaluation-42904-non-000,0,-0.13480837643146515
evaluation-4295-tar-000,1,0.4916497766971588
evaluation-4295-non-000,0,-0.03716304525732994
evaluation-43042-tar-000,1,0.7385041117668152
evaluation-43042-non-000,0,-0.1204182356595993
evaluation-43063-tar-000,1,0.31483447551727295
evaluation-43063-non-000,0,-0.05404812842607498
evaluation-4308-tar-000,1,0.07257087528705597
evaluation-4308-non-000,0,0.06663307547569275
evaluation-4315-tar-000,1,0.4956148862838745
evaluation-4315-non-000,0,-0.10304717719554901
evaluation-43184-tar-000,1,0.5540071725845337
evaluation-43184-non-000,0,0.05759669095277786
evaluation-43225-tar-000,1,0.39024752378463745
evaluation-43225-non-000,0,-0.22825504839420319
evaluation-43269-tar-000,1,-0.10137516260147095
evaluation-43269-non-000,0,-0.1130455881357193
evaluation-43288-tar-000,1,0.07482980936765671
evaluation-43288-non-000,0,-0.058235544711351395
evaluation-4341-tar-000,1,0.059543900191783905
evaluation-4341-non-000,0,0.2405487298965454
evaluation-43483-tar-000,1,0.47865378856658936
evaluation-43483-non-000,0,0.1699281632900238
evaluation-43604-tar-000,1,0.1100059375166893
evaluation-43604-non-000,0,0.1195167750120163
evaluation-43675-tar-000,1,0.6108016967773438
evaluation-43675-non-000,0,0.23404286801815033
evaluation-4368-tar-000,1,0.4150077700614929
evaluation-4368-non-000,0,-0.05695086717605591
evaluation-43744-tar-000,1,0.20246434211730957
evaluation-43744-non-000,0,0.11724597960710526
evaluation-43818-tar-000,1,0.12126877903938293
evaluation-43818-non-000,0,-0.06413929164409637
evaluation-43865-tar-000,1,0.6763770580291748
evaluation-43865-non-000,0,-0.09163819253444672
evaluation-43958-tar-000,1,-0.05619112029671669
evaluation-43958-non-000,0,0.09626685082912445
evaluation-44085-tar-000,1,0.580307126045227
evaluation-44085-non-000,0,-0.0325564444065094
evaluation-44175-tar-000,1,0.14898979663848877
evaluation-44175-non-000,0,-0.05051825940608978
evaluation-44285-tar-000,1,0.158372163772583
evaluation-44285-non-000,0,0.2280207872390747
evaluation-44392-tar-000,1,0.6383442878723145
evaluation-44392-non-000,0,-0.056282203644514084
evaluation-4440-tar-000,1,-0.015131693333387375
evaluation-4440-non-000,0,0.06612224876880646
evaluation-44406-tar-000,1,0.4309653043746948
evaluation-44406-non-000,0,0.09142069518566132
evaluation-4442-tar-000,1,0.19151747226715088
evaluation-4442-non-000,0,-0.08363556861877441
evaluation-4468-tar-000,1,0.27123188972473145
evaluation-4468-non-000,0,-0.10780374705791473
evaluation-44683-tar-000,1,0.040478140115737915
evaluation-44683-non-000,0,-0.06600699573755264
evaluation-44727-tar-000,1,0.15361708402633667
evaluation-44727-non-000,0,-0.11069473624229431
evaluation-4477-tar-000,1,0.5264942646026611
evaluation-4477-non-000,0,-0.1805964559316635
evaluation-44829-tar-000,1,0.5544053316116333
evaluation-44829-non-000,0,-0.20752932131290436
evaluation-4506-tar-000,1,0.49559158086776733
evaluation-4506-non-000,0,-0.04886225610971451
evaluation-45084-tar-000,1,0.301609069108963
evaluation-45084-non-000,0,0.058224424719810486
evaluation-45213-tar-000,1,0.5767045021057129
evaluation-45213-non-000,0,0.14658010005950928
evaluation-45252-tar-000,1,0.23019801080226898
evaluation-45252-non-000,0,0.31340891122817993
evaluation-4529-tar-000,1,0.3720191717147827
evaluation-4529-non-000,0,-0.13093726336956024
evaluation-45538-tar-000,1,0.16586516797542572
evaluation-45538-non-000,0,0.07079296559095383
evaluation-45617-tar-000,1,0.19702917337417603
evaluation-45617-non-000,0,-0.05862388014793396
evaluation-45658-tar-000,1,0.6108187437057495
evaluation-45658-non-000,0,-0.038671307265758514
evaluation-45744-tar-000,1,0.4995761811733246
evaluation-45744-non-000,0,0.06359316408634186
evaluation-45749-tar-000,1,0.3955264687538147
evaluation-45749-non-000,0,0.0006053391844034195
evaluation-45793-tar-000,1,0.16419059038162231
evaluation-45793-non-000,0,-0.05606645345687866
evaluation-4581-tar-000,1,0.27945560216903687
evaluation-4581-non-000,0,-0.0058342451229691505
evaluation-45834-tar-000,1,0.11137014627456665
evaluation-45834-non-000,0,0.09091393649578094
evaluation-45870-tar-000,1,-0.04981648549437523
evaluation-45870-non-000,0,-0.0698055699467659
evaluation-4591-tar-000,1,0.5035542249679565
evaluation-4591-non-000,0,0.3555377721786499
evaluation-45985-tar-000,1,0.24585555493831635
evaluation-45985-non-000,0,-0.07204730808734894
evaluation-46029-tar-000,1,0.27708810567855835
evaluation-46029-non-000,0,0.1434975564479828
evaluation-4603-tar-000,1,0.5904783010482788
evaluation-4603-non-000,0,0.16848915815353394
evaluation-4612-tar-000,1,0.5267164707183838
evaluation-4612-non-000,0,0.030568910762667656
evaluation-4619-tar-000,1,0.1539226472377777
evaluation-4619-non-000,0,0.06131502240896225
evaluation-46202-tar-000,1,0.48156309127807617
evaluation-46202-non-000,0,0.0013873614370822906
evaluation-46241-tar-000,1,0.3467944860458374
evaluation-46241-non-000,0,0.13457396626472473
evaluation-46298-tar-000,1,0.6090379953384399
evaluation-46298-non-000,0,-0.06013541296124458
evaluation-46466-tar-000,1,0.29237663745880127
evaluation-46466-non-000,0,0.2646787762641907
evaluation-4649-tar-000,1,0.6637099385261536
evaluation-4649-non-000,0,-0.032504163682460785
evaluation-4664-tar-000,1,0.05923013016581535
evaluation-4664-non-000,0,0.1054033562541008
evaluation-46955-tar-000,1,0.25925779342651367
evaluation-46955-non-000,0,-0.14060169458389282
evaluation-4709-tar-000,1,0.4504379630088806
evaluation-4709-non-000,0,-0.057649075984954834
evaluation-4710-tar-000,1,0.39550286531448364
evaluation-4710-non-000,0,0.07593433558940887
evaluation-47139-tar-000,1,0.5771071910858154
evaluation-47139-non-000,0,0.049987029284238815
evaluation-47142-tar-000,1,0.5092642307281494
evaluation-47142-non-000,0,-0.12444120645523071
evaluation-47169-tar-000,1,0.20547008514404297
evaluation-47169-non-000,0,0.1051287055015564
evaluation-47238-tar-000,1,0.1671428680419922
evaluation-47238-non-000,0,0.006152101792395115
evaluation-4728-tar-000,1,-0.0169057734310627
evaluation-4728-non-000,0,0.12839984893798828
evaluation-47342-tar-000,1,0.27870649099349976
evaluation-47342-non-000,0,-0.008826928213238716
evaluation-47504-tar-000,1,0.09284849464893341
evaluation-47504-non-000,0,-0.0726260393857956
evaluation-4763-tar-000,1,0.47188156843185425
evaluation-4763-non-000,0,-0.04898194968700409
evaluation-47650-tar-000,1,0.7223902940750122
evaluation-47650-non-000,0,-0.0601348951458931
evaluation-47658-tar-000,1,-0.19676971435546875
evaluation-47658-non-000,0,0.01416737213730812
evaluation-4773-tar-000,1,0.5704689025878906
evaluation-4773-non-000,0,-0.03200986981391907
evaluation-4774-tar-000,1,0.6124582290649414
evaluation-4774-non-000,0,-0.035304322838783264
evaluation-47913-tar-000,1,0.3242541551589966
evaluation-47913-non-000,0,-0.23878252506256104
evaluation-47998-tar-000,1,0.31219375133514404
evaluation-47998-non-000,0,-0.07798867672681808
evaluation-4800-tar-000,1,0.35485750436782837
evaluation-4800-non-000,0,-0.19327367842197418
evaluation-48095-tar-000,1,0.035222895443439484
evaluation-48095-non-000,0,-0.06674298644065857
evaluation-48193-tar-000,1,0.6134448051452637
evaluation-48193-non-000,0,-0.2018304467201233
evaluation-4821-tar-000,1,0.3668525815010071
evaluation-4821-non-000,0,0.14384278655052185
evaluation-48232-tar-000,1,0.36732298135757446
evaluation-48232-non-000,0,0.18042102456092834
evaluation-48262-tar-000,1,0.19424134492874146
evaluation-48262-non-000,0,-0.0414058119058609
evaluation-48388-tar-000,1,0.7257815003395081
evaluation-48388-non-000,0,0.049482811242341995
evaluation-4841-tar-000,1,0.3583356738090515
evaluation-4841-non-000,0,0.12370529770851135
evaluation-4842-tar-000,1,0.3767821788787842
evaluation-4842-non-000,0,0.11130523681640625
evaluation-48443-tar-000,1,0.3569343090057373
evaluation-48443-non-000,0,-0.014837712049484253
evaluation-48454-tar-000,1,0.45453593134880066
evaluation-48454-non-000,0,0.18471887707710266
evaluation-48575-tar-000,1,0.573975682258606
evaluation-48575-non-000,0,-0.10734380036592484
evaluation-48578-tar-000,1,0.19723187386989594
evaluation-48578-non-000,0,0.03570485860109329
evaluation-4867-tar-000,1,0.10929667949676514
evaluation-4867-non-000,0,-0.050370946526527405
evaluation-48726-tar-000,1,0.6723870038986206
evaluation-48726-non-000,0,-0.15750539302825928
evaluation-48759-tar-000,1,0.0032415110617876053
evaluation-48759-non-000,0,-0.1980820894241333
evaluation-48787-tar-000,1,0.3755321502685547
evaluation-48787-non-000,0,-0.3016005754470825
evaluation-48833-tar-000,1,0.395277202129364
evaluation-48833-non-000,0,-0.19851435720920563
evaluation-48905-tar-000,1,0.21177121996879578
evaluation-48905-non-000,0,-0.01200445182621479
evaluation-4891-tar-000,1,0.3203592598438263
evaluation-4891-non-000,0,0.08048327267169952
evaluation-4894-tar-000,1,0.281241238117218
evaluation-4894-non-000,0,-0.010737944394350052
evaluation-48952-tar-000,1,0.6940261125564575
evaluation-48952-non-000,0,0.05295608192682266
evaluation-49004-tar-000,1,0.6650811433792114
evaluation-49004-non-000,0,-0.05893288180232048
evaluation-49037-tar-000,1,0.25269100069999695
evaluation-49037-non-000,0,0.19645029306411743
evaluation-49045-tar-000,1,0.630882978439331
evaluation-49045-non-000,0,0.18437007069587708
evaluation-49097-tar-000,1,-0.03027978353202343
evaluation-49097-non-000,0,0.15570884943008423
evaluation-49116-tar-000,1,0.5119626522064209
evaluation-49116-non-000,0,-0.06882484257221222
evaluation-49196-tar-000,1,0.1103343516588211
evaluation-49196-non-000,0,0.02249208092689514
evaluation-49207-tar-000,1,0.19417335093021393
evaluation-49207-non-000,0,0.14677011966705322
evaluation-4921-tar-000,1,0.24699953198432922
evaluation-4921-non-000,0,0.18029636144638062
evaluation-49215-tar-000,1,0.216362863779068
evaluation-49215-non-000,0,-0.009759231470525265
evaluation-4934-tar-000,1,0.032691169530153275
evaluation-4934-non-000,0,0.09957762062549591
evaluation-49446-tar-000,1,0.22629442811012268
evaluation-49446-non-000,0,-0.1875210851430893
evaluation-49476-tar-000,1,0.19243979454040527
evaluation-49476-non-000,0,0.16321121156215668
evaluation-49484-tar-000,1,0.4631618559360504
evaluation-49484-non-000,0,-0.04146099090576172
evaluation-49520-tar-000,1,0.717154324054718
evaluation-49520-non-000,0,0.0045938510447740555
evaluation-49539-tar-000,1,0.22095784544944763
evaluation-49539-non-000,0,-0.027385924011468887
evaluation-4958-tar-000,1,0.572380542755127
evaluation-4958-non-000,0,-0.027011726051568985
evaluation-4961-tar-000,1,0.5315085649490356
evaluation-4961-non-000,0,0.014921195805072784
evaluation-49677-tar-000,1,0.10981971770524979
evaluation-49677-non-000,0,-0.03314840421080589
evaluation-49792-tar-000,1,-0.10714871436357498
evaluation-49792-non-000,0,-0.005895528942346573
evaluation-49808-tar-000,1,0.6021426916122437
evaluation-49808-non-000,0,0.010131079703569412
evaluation-49872-tar-000,1,0.3996526598930359
evaluation-49872-non-000,0,0.16022777557373047
evaluation-50056-tar-000,1,0.294264018535614
evaluation-50056-non-000,0,0.03672473132610321
evaluation-5008-tar-000,1,0.5964102745056152
evaluation-5008-non-000,0,-0.009222118183970451
evaluation-5010-tar-000,1,0.4126428961753845
evaluation-5010-non-000,0,0.00012401677668094635
evaluation-50138-tar-000,1,0.479566752910614
evaluation-50138-non-000,0,0.14174440503120422
evaluation-5018-tar-000,1,0.38899922370910645
evaluation-5018-non-000,0,0.0966363251209259
evaluation-5021-tar-000,1,0.577881932258606
evaluation-5021-non-000,0,-0.029837515205144882
evaluation-5024-tar-000,1,0.15255817770957947
evaluation-5024-non-000,0,-0.2965394854545593
evaluation-50374-tar-000,1,0.2688761353492737
evaluation-50374-non-000,0,-0.04822108522057533
evaluation-5042-tar-000,1,0.6044573187828064
evaluation-5042-non-000,0,-0.06381109356880188
evaluation-50440-tar-000,1,0.7422699332237244
evaluation-50440-non-000,0,-0.024986736476421356
evaluation-50490-tar-000,1,0.12300199270248413
evaluation-50490-non-000,0,0.04723759740591049
evaluation-50591-tar-000,1,0.17567414045333862
evaluation-50591-non-000,0,0.04097414389252663
evaluation-50608-tar-000,1,0.5696860551834106
evaluation-50608-non-000,0,0.048573948442935944
evaluation-50613-tar-000,1,0.2958950400352478
evaluation-50613-non-000,0,0.011708298698067665
evaluation-50643-tar-000,1,0.4494970440864563
evaluation-50643-non-000,0,-0.04121392220258713
evaluation-50652-tar-000,1,0.28286540508270264
evaluation-50652-non-000,0,0.06264159083366394
evaluation-50676-tar-000,1,0.23950284719467163
evaluation-50676-non-000,0,0.26247701048851013
evaluation-50679-tar-000,1,0.24754807353019714
evaluation-50679-non-000,0,0.052116215229034424
evaluation-50723-tar-000,1,0.5106995701789856
evaluation-50723-non-000,0,-0.06043971702456474
evaluation-50786-tar-000,1,0.3051975667476654
evaluation-50786-non-000,0,0.004901569336652756
evaluation-51050-tar-000,1,0.6232700347900391
evaluation-51050-non-000,0,-0.1051606610417366
evaluation-51080-tar-000,1,0.5485113263130188
evaluation-51080-non-000,0,0.06827417016029358
evaluation-51099-tar-000,1,0.38693350553512573
evaluation-51099-non-000,0,-0.008903663605451584
evaluation-5135-tar-000,1,0.008277807384729385
evaluation-5135-non-000,0,-0.09002038836479187
evaluation-51399-tar-000,1,0.08738909661769867
evaluation-51399-non-000,0,-0.11320658028125763
evaluation-51459-tar-000,1,0.5720668435096741
evaluation-51459-non-000,0,0.2296191155910492
evaluation-5148-tar-000,1,0.7069406509399414
evaluation-5148-non-000,0,0.27529358863830566
evaluation-5149-tar-000,1,0.1057743951678276
evaluation-5149-non-000,0,-0.03442414849996567
evaluation-51506-tar-000,1,0.47518494725227356
evaluation-51506-non-000,0,-0.07699479162693024
evaluation-51525-tar-000,1,0.739464521408081
evaluation-51525-non-000,0,0.03573106229305267
evaluation-5153-tar-000,1,0.4234006404876709
evaluation-5153-non-000,0,0.2397046834230423
evaluation-51531-tar-000,1,0.6017260551452637
evaluation-51531-non-000,0,0.045786503702402115
evaluation-51544-tar-000,1,0.440285325050354
evaluation-51544-non-000,0,-0.04218556359410286
evaluation-51624-tar-000,1,0.10419222712516785
evaluation-51624-non-000,0,-0.08652276545763016
evaluation-51629-tar-000,1,0.5946548581123352
evaluation-51629-non-000,0,-0.13113270699977875
evaluation-5167-tar-000,1,0.5216959714889526
evaluation-5167-non-000,0,-0.1496312916278839
evaluation-5171-tar-000,1,0.4614349603652954
evaluation-5171-non-000,0,0.16423280537128448
evaluation-51899-tar-000,1,0.5613587498664856
evaluation-51899-non-000,0,0.05178063362836838
evaluation-51940-tar-000,1,0.6702536344528198
evaluation-51940-non-000,0,-0.13400664925575256
evaluation-51962-tar-000,1,0.6612300872802734
evaluation-51962-non-000,0,-0.12551447749137878
evaluation-5203-tar-000,1,0.35685092210769653
evaluation-5203-non-000,0,-0.1427268534898758
evaluation-5215-tar-000,1,0.6868000030517578
evaluation-5215-non-000,0,0.2052319049835205
evaluation-52213-tar-000,1,0.08883263170719147
evaluation-52213-non-000,0,-0.000215873122215271
evaluation-5225-tar-000,1,0.4117830693721771
evaluation-5225-non-000,0,0.00634685717523098
evaluation-52371-tar-000,1,0.4861178696155548
evaluation-52371-non-000,0,-0.04379080608487129
evaluation-52374-tar-000,1,0.3149513900279999
evaluation-52374-non-000,0,0.17658326029777527
evaluation-5246-tar-000,1,0.2319089025259018
evaluation-5246-non-000,0,0.000827031210064888
evaluation-52486-tar-000,1,0.036295775324106216
evaluation-52486-non-000,0,0.07963377237319946
evaluation-5253-tar-000,1,0.5214263796806335
evaluation-5253-non-000,0,0.24610109627246857
evaluation-52530-tar-000,1,0.6018131971359253
evaluation-52530-non-000,0,0.029719306156039238
evaluation-5256-tar-000,1,0.03918366879224777
evaluation-5256-non-000,0,0.14553625881671906
evaluation-5261-tar-000,1,0.37307703495025635
evaluation-5261-non-000,0,-0.25539594888687134
evaluation-52651-tar-000,1,0.5909895896911621
evaluation-52651-non-000,0,-0.1512850522994995
evaluation-52709-tar-000,1,0.23843130469322205
evaluation-52709-non-000,0,0.020829148590564728
evaluation-5289-tar-000,1,0.27484846115112305
evaluation-5289-non-000,0,-0.13225838541984558
evaluation-52912-tar-000,1,0.4686174988746643
evaluation-52912-non-000,0,-0.3048914670944214
evaluation-52929-tar-000,1,-0.04158732295036316
evaluation-52929-non-000,0,-0.19220244884490967
evaluation-5309-tar-000,1,0.4945494532585144
evaluation-5309-non-000,0,0.0491650328040123
evaluation-53170-tar-000,1,0.09620773792266846
evaluation-53170-non-000,0,0.14691780507564545
evaluation-5322-tar-000,1,0.05832353234291077
evaluation-5322-non-000,0,-0.19314777851104736
evaluation-5325-tar-000,1,0.20188844203948975
evaluation-5325-non-000,0,0.13392440974712372
evaluation-53266-tar-000,1,0.5348223447799683
evaluation-53266-non-000,0,-0.013964731246232986
evaluation-53269-tar-000,1,0.10108291357755661
evaluation-53269-non-000,0,0.12466783821582794
evaluation-53272-tar-000,1,0.23529501259326935
evaluation-53272-non-000,0,-0.08473649621009827
evaluation-5334-tar-000,1,0.39868754148483276
evaluation-5334-non-000,0,-0.176554337143898
evaluation-53354-tar-000,1,0.6113835573196411
evaluation-53354-non-000,0,0.007629476487636566
evaluation-5336-tar-000,1,0.47439301013946533
evaluation-5336-non-000,0,-0.3185169994831085
evaluation-5339-tar-000,1,0.524255633354187
evaluation-5339-non-000,0,0.21910512447357178
evaluation-53390-tar-000,1,0.29118072986602783
evaluation-53390-non-000,0,0.055437348783016205
evaluation-53434-tar-000,1,0.49769365787506104
evaluation-53434-non-000,0,0.06670151650905609
evaluation-53544-tar-000,1,0.17591804265975952
evaluation-53544-non-000,0,-0.0763961523771286
evaluation-53588-tar-000,1,0.5092519521713257
evaluation-53588-non-000,0,-0.07663900405168533
evaluation-53755-tar-000,1,0.27953988313674927
evaluation-53755-non-000,0,-0.03123903088271618
evaluation-53972-tar-000,1,0.6080845594406128
evaluation-53972-non-000,0,0.004269009456038475
evaluation-5399-tar-000,1,0.6918753385543823
evaluation-5399-non-000,0,-0.05593467503786087
evaluation-54035-tar-000,1,0.5642094612121582
evaluation-54035-non-000,0,-0.08396117389202118
evaluation-54085-tar-000,1,0.21102488040924072
evaluation-54085-non-000,0,-0.21308469772338867
evaluation-5413-tar-000,1,0.3319564163684845
evaluation-5413-non-000,0,-0.0077610500156879425
evaluation-54197-tar-000,1,0.20530974864959717
evaluation-54197-non-000,0,0.001084991730749607
evaluation-54250-tar-000,1,0.5020595788955688
evaluation-54250-non-000,0,-0.06339763104915619
evaluation-54261-tar-000,1,-0.06415128707885742
evaluation-54261-non-000,0,-0.10090310871601105
evaluation-5437-tar-000,1,0.35240471363067627
evaluation-5437-non-000,0,0.19072411954402924
evaluation-54376-tar-000,1,0.14490872621536255
evaluation-54376-non-000,0,0.18247048556804657
evaluation-5438-tar-000,1,0.6641839742660522
evaluation-5438-non-000,0,0.14914807677268982
evaluation-54568-tar-000,1,0.31882965564727783
evaluation-54568-non-000,0,-0.1543448567390442
evaluation-54596-tar-000,1,0.36525413393974304
evaluation-54596-non-000,0,0.26724720001220703
evaluation-54637-tar-000,1,0.6001186370849609
evaluation-54637-non-000,0,0.023048317059874535
evaluation-54725-tar-000,1,0.14120225608348846
evaluation-54725-non-000,0,-0.1876327395439148
evaluation-5490-tar-000,1,0.09559561312198639
evaluation-5490-non-000,0,0.18618977069854736
evaluation-55027-tar-000,1,0.09097222983837128
evaluation-55027-non-000,0,-0.0990271121263504
evaluation-55052-tar-000,1,0.20134718716144562
evaluation-55052-non-000,0,-0.1349349021911621
evaluation-55225-tar-000,1,0.3985369801521301
evaluation-55225-non-000,0,-0.06842265278100967
evaluation-5532-tar-000,1,0.15784777700901031
evaluation-5532-non-000,0,0.08071663975715637
evaluation-55354-tar-000,1,0.513853907585144
evaluation-55354-non-000,0,-0.11192293465137482
evaluation-55362-tar-000,1,0.5629802346229553
evaluation-55362-non-000,0,0.06638441979885101
evaluation-5542-tar-000,1,0.6994876861572266
evaluation-5542-non-000,0,-0.058227550238370895
evaluation-55488-tar-000,1,0.28246548771858215
evaluation-55488-non-000,0,-0.34266018867492676
evaluation-55656-tar-000,1,0.2730236351490021
evaluation-55656-non-000,0,0.18236002326011658
evaluation-55681-tar-000,1,0.38922953605651855
evaluation-55681-non-000,0,-0.1263900101184845
evaluation-55807-tar-000,1,0.17895624041557312
evaluation-55807-non-000,0,0.22374460101127625
evaluation-55810-tar-000,1,0.49407878518104553
evaluation-55810-non-000,0,0.0840858668088913
evaluation-55870-tar-000,1,0.6268117427825928
evaluation-55870-non-000,0,-0.02643631398677826
evaluation-55928-tar-000,1,0.0793318897485733
evaluation-55928-non-000,0,0.11388275772333145
evaluation-5594-tar-000,1,0.3211556673049927
evaluation-5594-non-000,0,0.032842472195625305
evaluation-55953-tar-000,1,0.4064348340034485
evaluation-55953-non-000,0,-0.19405922293663025
evaluation-55966-tar-000,1,0.5455919504165649
evaluation-55966-non-000,0,0.14646627008914948
evaluation-5599-tar-000,1,0.17040662467479706
evaluation-5599-non-000,0,0.09876779466867447
evaluation-56043-tar-000,1,0.35281088948249817
evaluation-56043-non-000,0,0.00504208542406559
evaluation-5605-tar-000,1,0.15958023071289062
evaluation-5605-non-000,0,0.04025782272219658
evaluation-56073-tar-000,1,0.23015311360359192
evaluation-56073-non-000,0,0.0844910740852356
evaluation-56098-tar-000,1,0.47370997071266174
evaluation-56098-non-000,0,0.06965312361717224
evaluation-56112-tar-000,1,0.2364187240600586
evaluation-56112-non-000,0,-0.1125493049621582
evaluation-56170-tar-000,1,0.3430156409740448
evaluation-56170-non-000,0,-0.08612894266843796
evaluation-56181-tar-000,1,0.48804691433906555
evaluation-56181-non-000,0,0.05320696532726288
evaluation-56293-tar-000,1,0.4150298833847046
evaluation-56293-non-000,0,0.3580820858478546
evaluation-5631-tar-000,1,0.2122553586959839
evaluation-5631-non-000,0,0.1802598088979721
evaluation-5645-tar-000,1,0.3290809392929077
evaluation-5645-non-000,0,0.20623701810836792
evaluation-5648-tar-000,1,0.3015610873699188
evaluation-5648-non-000,0,-0.0050577446818351746
evaluation-5653-tar-000,1,0.12016364932060242
evaluation-5653-non-000,0,0.08184905350208282
evaluation-56568-tar-000,1,0.099814772605896
evaluation-56568-non-000,0,-0.10592927783727646
evaluation-5671-tar-000,1,-0.024267543107271194
evaluation-5671-non-000,0,-0.007883589714765549
evaluation-56722-tar-000,1,0.39748629927635193
evaluation-56722-non-000,0,0.00028027594089508057
evaluation-56771-tar-000,1,0.39740458130836487
evaluation-56771-non-000,0,-0.057499416172504425
evaluation-56829-tar-000,1,0.33673912286758423
evaluation-56829-non-000,0,0.15439458191394806
evaluation-56853-tar-000,1,0.2777830958366394
evaluation-56853-non-000,0,0.04726959019899368
evaluation-56939-tar-000,1,0.04613949730992317
evaluation-56939-non-000,0,0.08240160346031189
evaluation-5706-tar-000,1,0.1646585762500763
evaluation-5706-non-000,0,-0.13326987624168396
evaluation-57103-tar-000,1,0.08354280143976212
evaluation-57103-non-000,0,-0.2554660141468048
evaluation-57208-tar-000,1,0.2675554156303406
evaluation-57208-non-000,0,-0.12508347630500793
evaluation-57246-tar-000,1,0.3709541857242584
evaluation-57246-non-000,0,0.09036102890968323
evaluation-57263-tar-000,1,0.3961307406425476
evaluation-57263-non-000,0,-0.05710376799106598
evaluation-5734-tar-000,1,0.09837375581264496
evaluation-5734-non-000,0,0.14254653453826904
evaluation-57364-tar-000,1,0.5075662136077881
evaluation-57364-non-000,0,-0.0002657528966665268
evaluation-57384-tar-000,1,0.49338793754577637
evaluation-57384-non-000,0,-0.14534883201122284
evaluation-57413-tar-000,1,-0.0198723953217268
evaluation-57413-non-000,0,-0.2135922759771347
evaluation-5745-tar-000,1,0.1099945530295372
evaluation-5745-non-000,0,-0.07706357538700104
evaluation-57502-tar-000,1,0.6369518041610718
evaluation-57502-non-000,0,0.25303322076797485
evaluation-57587-tar-000,1,0.4518660306930542
evaluation-57587-non-000,0,0.2550026476383209
evaluation-5763-tar-000,1,0.18610036373138428
evaluation-5763-non-000,0,-0.043136052787303925
evaluation-57661-tar-000,1,0.36569565534591675
evaluation-57661-non-000,0,-0.07988864183425903
evaluation-57710-tar-000,1,0.17840851843357086
evaluation-57710-non-000,0,0.07076115906238556
evaluation-57719-tar-000,1,0.36995017528533936
evaluation-57719-non-000,0,-0.1003846749663353
evaluation-5773-tar-000,1,0.4859151244163513
evaluation-5773-non-000,0,0.1453164666891098
evaluation-57944-tar-000,1,0.4450514018535614
evaluation-57944-non-000,0,-0.06663169711828232
evaluation-57980-tar-000,1,0.6461947560310364
evaluation-57980-non-000,0,0.023373235017061234
evaluation-58059-tar-000,1,0.38648122549057007
evaluation-58059-non-000,0,-0.07465364038944244
evaluation-58067-tar-000,1,0.5225004553794861
evaluation-58067-non-000,0,0.07675273716449738
evaluation-58081-tar-000,1,0.3082749545574188
evaluation-58081-non-000,0,0.0014870241284370422
evaluation-58087-tar-000,1,-0.06549427658319473
evaluation-58087-non-000,0,0.2122044414281845
evaluation-58098-tar-000,1,0.37269115447998047
evaluation-58098-non-000,0,-0.04496938735246658
evaluation-5814-tar-000,1,0.2269475907087326
evaluation-5814-non-000,0,-0.013996565714478493
evaluation-58144-tar-000,1,0.33278870582580566
evaluation-58144-non-000,0,0.12792323529720306
evaluation-5832-tar-000,1,0.2818034589290619
evaluation-5832-non-000,0,-0.1360338181257248
evaluation-5836-tar-000,1,0.510414183139801
evaluation-5836-non-000,0,0.019200103357434273
evaluation-5841-tar-000,1,0.5002354383468628
evaluation-5841-non-000,0,0.11462410539388657
evaluation-58430-tar-000,1,0.14740368723869324
evaluation-58430-non-000,0,-0.16806858777999878
evaluation-58587-tar-000,1,0.5402580499649048
evaluation-58587-non-000,0,0.13694161176681519
evaluation-5861-tar-000,1,0.4477536082267761
evaluation-5861-non-000,0,0.10872936993837357
evaluation-5868-tar-000,1,0.16845500469207764
evaluation-5868-non-000,0,0.037579990923404694
evaluation-58694-tar-000,1,0.5266005992889404
evaluation-58694-non-000,0,-0.04244084656238556
evaluation-58724-tar-000,1,0.35548800230026245
evaluation-58724-non-000,0,-0.02010379359126091
evaluation-58771-tar-000,1,0.14853914082050323
evaluation-58771-non-000,0,-0.035693198442459106
evaluation-5884-tar-000,1,0.6213070154190063
evaluation-5884-non-000,0,0.16239498555660248
evaluation-58968-tar-000,1,0.5711534023284912
evaluation-58968-non-000,0,0.10041055083274841
evaluation-5900-tar-000,1,0.3046712577342987
evaluation-5900-non-000,0,-0.042475663125514984
evaluation-59029-tar-000,1,0.5829858779907227
evaluation-59029-non-000,0,-0.04545338451862335
evaluation-59235-tar-000,1,0.2595103085041046
evaluation-59235-non-000,0,0.06818774342536926
evaluation-59284-tar-000,1,0.20079305768013
evaluation-59284-non-000,0,0.10341452062129974
evaluation-59443-tar-000,1,0.15823736786842346
evaluation-59443-non-000,0,0.16604319214820862
evaluation-5946-tar-000,1,0.24229055643081665
evaluation-5946-non-000,0,0.03368145972490311
evaluation-5949-tar-000,1,0.34849515557289124
evaluation-5949-non-000,0,0.04420941323041916
evaluation-59496-tar-000,1,0.33852821588516235
evaluation-59496-non-000,0,-0.038507234305143356
evaluation-59564-tar-000,1,0.5325509309768677
evaluation-59564-non-000,0,0.13665325939655304
evaluation-59663-tar-000,1,0.2440069615840912
evaluation-59663-non-000,0,-0.014992003329098225
evaluation-59779-tar-000,1,0.24164408445358276
evaluation-59779-non-000,0,0.019106237217783928
evaluation-59820-tar-000,1,0.22162151336669922
evaluation-59820-non-000,0,-0.0029536858201026917
evaluation-59963-tar-000,1,0.2670111060142517
evaluation-59963-non-000,0,0.028263268992304802
evaluation-59971-tar-000,1,-0.13027828931808472
evaluation-59971-non-000,0,0.15144766867160797
evaluation-6006-tar-000,1,0.6942672729492188
evaluation-6006-non-000,0,-0.20103229582309723
evaluation-6010-tar-000,1,0.42610618472099304
evaluation-6010-non-000,0,0.032750681042671204
evaluation-60240-tar-000,1,0.4332866966724396
evaluation-60240-non-000,0,-0.11245737969875336
evaluation-60627-tar-000,1,0.3749408721923828
evaluation-60627-non-000,0,-0.00875772163271904
evaluation-60646-tar-000,1,0.3770034909248352
evaluation-60646-non-000,0,0.09378176927566528
evaluation-60699-tar-000,1,0.4371163547039032
evaluation-60699-non-000,0,0.18345537781715393
evaluation-60748-tar-000,1,0.559292197227478
evaluation-60748-non-000,0,0.2140514999628067
evaluation-60803-tar-000,1,0.4281254708766937
evaluation-60803-non-000,0,-0.11510291695594788
evaluation-6081-tar-000,1,0.40079593658447266
evaluation-6081-non-000,0,0.17391976714134216
evaluation-6086-tar-000,1,0.6361312866210938
evaluation-6086-non-000,0,0.11896944046020508
evaluation-6089-tar-000,1,0.00892464816570282
evaluation-6089-non-000,0,-0.18460217118263245
evaluation-6097-tar-000,1,0.28919726610183716
evaluation-6097-non-000,0,0.2414744347333908
evaluation-61015-tar-000,1,0.8065266609191895
evaluation-61015-non-000,0,0.16025060415267944
evaluation-61078-tar-000,1,0.3748737573623657
evaluation-61078-non-000,0,0.07774551957845688
evaluation-6108-tar-000,1,0.23846754431724548
evaluation-6108-non-000,0,0.11603538691997528
evaluation-61119-tar-000,1,0.6369216442108154
evaluation-61119-non-000,0,0.08543219417333603
evaluation-61122-tar-000,1,0.3127285838127136
evaluation-61122-non-000,0,-0.10250335186719894
evaluation-61133-tar-000,1,0.5194886326789856
evaluation-61133-non-000,0,-0.003185119479894638
evaluation-61174-tar-000,1,0.2619931995868683
evaluation-61174-non-000,0,0.14144384860992432
evaluation-61207-tar-000,1,0.6383816003799438
evaluation-61207-non-000,0,0.03976628929376602
evaluation-61292-tar-000,1,-0.07074545323848724
evaluation-61292-non-000,0,0.0653211772441864
evaluation-61410-tar-000,1,0.5567104816436768
evaluation-61410-non-000,0,0.08688013255596161
evaluation-61421-tar-000,1,0.3999738097190857
evaluation-61421-non-000,0,0.005130879580974579
evaluation-6163-tar-000,1,0.11844678968191147
evaluation-6163-non-000,0,0.1989789605140686
evaluation-61663-tar-000,1,0.3683972954750061
evaluation-61663-non-000,0,0.17431484162807465
evaluation-61712-tar-000,1,-0.12912416458129883
evaluation-61712-non-000,0,0.16261813044548035
evaluation-61775-tar-000,1,0.11474649608135223
evaluation-61775-non-000,0,0.12903723120689392
evaluation-61800-tar-000,1,0.24096320569515228
evaluation-61800-non-000,0,0.05176768824458122
evaluation-6186-tar-000,1,0.4294739365577698
evaluation-6186-non-000,0,0.0677274689078331
evaluation-6194-tar-000,1,0.3584296703338623
evaluation-6194-non-000,0,-0.01264923345297575
evaluation-61979-tar-000,1,0.33937764167785645
evaluation-61979-non-000,0,0.05362249165773392
evaluation-62012-tar-000,1,0.14372998476028442
evaluation-62012-non-000,0,-0.04726788401603699
evaluation-6202-tar-000,1,0.1282193660736084
evaluation-6202-non-000,0,-0.15430980920791626
evaluation-62066-tar-000,1,0.03410746902227402
evaluation-62066-non-000,0,-0.10462974011898041
evaluation-62086-tar-000,1,0.16531212627887726
evaluation-62086-non-000,0,-0.15754684805870056
evaluation-6209-tar-000,1,0.16879087686538696
evaluation-6209-non-000,0,-0.13248145580291748
evaluation-62138-tar-000,1,0.7218995094299316
evaluation-62138-non-000,0,0.023222584277391434
evaluation-62179-tar-000,1,0.5021624565124512
evaluation-62179-non-000,0,-0.02965128794312477
evaluation-62223-tar-000,1,0.39186546206474304
evaluation-62223-non-000,0,0.05915604531764984
evaluation-62292-tar-000,1,0.2996678948402405
evaluation-62292-non-000,0,0.12038441747426987
evaluation-6231-tar-000,1,-0.09049400687217712
evaluation-6231-non-000,0,-0.08329609036445618
evaluation-62325-tar-000,1,0.34901803731918335
evaluation-62325-non-000,0,0.02425966039299965
evaluation-62404-tar-000,1,0.6450585126876831
evaluation-62404-non-000,0,0.03769877925515175
evaluation-6246-tar-000,1,0.5239889621734619
evaluation-6246-non-000,0,-0.0257886853069067
evaluation-62544-tar-000,1,0.38313955068588257
evaluation-62544-non-000,0,0.08477049320936203
evaluation-6257-tar-000,1,0.3995693325996399
evaluation-6257-non-000,0,-0.023762397468090057
evaluation-62572-tar-000,1,0.5164040923118591
evaluation-62572-non-000,0,0.05899214372038841
evaluation-62660-tar-000,1,0.46673011779785156
evaluation-62660-non-000,0,0.1308044046163559
evaluation-62748-tar-000,1,0.5343837141990662
evaluation-62748-non-000,0,-0.02391134388744831
evaluation-6287-tar-000,1,0.34967392683029175
evaluation-6287-non-000,0,-0.10059498995542526
evaluation-6292-tar-000,1,0.3560364842414856
evaluation-6292-non-000,0,0.0367736741900444
evaluation-6296-tar-000,1,-0.09331880509853363
evaluation-6296-non-000,0,0.02220640890300274
evaluation-63077-tar-000,1,0.6813427805900574
evaluation-63077-non-000,0,-0.13013529777526855
evaluation-6310-tar-000,1,0.2396875023841858
evaluation-6310-non-000,0,0.17620521783828735
evaluation-63132-tar-000,1,0.3671114146709442
evaluation-63132-non-000,0,0.05470649152994156
evaluation-63138-tar-000,1,0.31074923276901245
evaluation-63138-non-000,0,0.004301004111766815
evaluation-63415-tar-000,1,0.371801495552063
evaluation-63415-non-000,0,0.12518048286437988
evaluation-63478-tar-000,1,0.3411271870136261
evaluation-63478-non-000,0,0.038745004683732986
evaluation-63536-tar-000,1,0.47198253870010376
evaluation-63536-non-000,0,0.07744491100311279
evaluation-6358-tar-000,1,0.5537340641021729
evaluation-6358-non-000,0,0.09482317417860031
evaluation-6359-tar-000,1,0.8018608093261719
evaluation-6359-non-000,0,0.039135511964559555
evaluation-63627-tar-000,1,0.177835613489151
evaluation-63627-non-000,0,0.3914412558078766
evaluation-63629-tar-000,1,0.37969666719436646
evaluation-63629-non-000,0,0.04524349048733711
evaluation-63714-tar-000,1,0.3433053493499756
evaluation-63714-non-000,0,0.07607397437095642
evaluation-63739-tar-000,1,0.21383346617221832
evaluation-63739-non-000,0,0.15610575675964355
evaluation-63805-tar-000,1,0.35325783491134644
evaluation-63805-non-000,0,0.11669185757637024
evaluation-63838-tar-000,1,0.7205802798271179
evaluation-63838-non-000,0,0.2966170310974121
evaluation-63852-tar-000,1,0.28147101402282715
evaluation-63852-non-000,0,-0.04576709866523743
evaluation-63984-tar-000,1,0.21191896498203278
evaluation-63984-non-000,0,0.06587249785661697
evaluation-6401-tar-000,1,0.7734018564224243
evaluation-6401-non-000,0,0.2857837378978729
evaluation-64082-tar-000,1,0.49429911375045776
evaluation-64082-non-000,0,-0.012448005378246307
evaluation-6410-tar-000,1,0.3514942526817322
evaluation-6410-non-000,0,-0.050803136080503464
evaluation-64291-tar-000,1,0.3293689489364624
evaluation-64291-non-000,0,0.3233831822872162
evaluation-64354-tar-000,1,0.30698859691619873
evaluation-64354-non-000,0,0.062466904520988464
evaluation-64431-tar-000,1,0.7626200318336487
evaluation-64431-non-000,0,0.013498082756996155
evaluation-64456-tar-000,1,0.3288607597351074
evaluation-64456-non-000,0,-0.06455063074827194
evaluation-64489-tar-000,1,0.4517960250377655
evaluation-64489-non-000,0,-0.07184279710054398
evaluation-64494-tar-000,1,0.3574984073638916
evaluation-64494-non-000,0,0.1241406798362732
evaluation-64541-tar-000,1,0.3503515422344208
evaluation-64541-non-000,0,0.013465724885463715
evaluation-64593-tar-000,1,0.13030868768692017
evaluation-64593-non-000,0,0.09748483449220657
evaluation-64626-tar-000,1,0.20459505915641785
evaluation-64626-non-000,0,-0.11123230308294296
evaluation-64747-tar-000,1,0.6838469505310059
evaluation-64747-non-000,0,0.016133297234773636
evaluation-6478-tar-000,1,0.4646309018135071
evaluation-6478-non-000,0,-0.016524633392691612
evaluation-6494-tar-000,1,0.2922706604003906
evaluation-6494-non-000,0,0.02907951921224594
evaluation-64961-tar-000,1,0.8175725936889648
evaluation-64961-non-000,0,-0.10857442766427994
evaluation-64967-tar-000,1,0.07131673395633698
evaluation-64967-non-000,0,-0.20376288890838623
evaluation-65079-tar-000,1,0.5305014848709106
evaluation-65079-non-000,0,0.06820756196975708
evaluation-65159-tar-000,1,0.5770764946937561
evaluation-65159-non-000,0,-0.10440684854984283
evaluation-6527-tar-000,1,0.3731921911239624
evaluation-6527-non-000,0,-0.3283299207687378
evaluation-65368-tar-000,1,0.17456591129302979
evaluation-65368-non-000,0,0.11155480891466141
evaluation-65404-tar-000,1,0.5834709405899048
evaluation-65404-non-000,0,0.0629245713353157
evaluation-65423-tar-000,1,0.43830397725105286
evaluation-65423-non-000,0,0.03553641214966774
evaluation-65511-tar-000,1,0.3059450387954712
evaluation-65511-non-000,0,-0.20616954565048218
evaluation-65513-tar-000,1,0.3864567279815674
evaluation-65513-non-000,0,0.10425220429897308
evaluation-6552-tar-000,1,0.2621026337146759
evaluation-6552-non-000,0,-0.1237955167889595
evaluation-65538-tar-000,1,0.16395030915737152
evaluation-65538-non-000,0,0.1277305632829666
evaluation-65541-tar-000,1,0.47204869985580444
evaluation-65541-non-000,0,-0.11737088114023209
evaluation-65761-tar-000,1,0.3284555971622467
evaluation-65761-non-000,0,-0.08179855346679688
evaluation-65807-tar-000,1,0.11842463165521622
evaluation-65807-non-000,0,-0.06822264939546585
evaluation-65868-tar-000,1,0.19618676602840424
evaluation-65868-non-000,0,-0.09319502115249634
evaluation-65945-tar-000,1,0.025178212672472
evaluation-65945-non-000,0,-0.05956315994262695
evaluation-6595-tar-000,1,0.44177040457725525
evaluation-6595-non-000,0,0.08555097132921219
evaluation-65986-tar-000,1,0.13156020641326904
evaluation-65986-non-000,0,0.13425040245056152
evaluation-66002-tar-000,1,0.7119187116622925
evaluation-66002-non-000,0,0.08824694901704788
evaluation-66030-tar-000,1,0.3236699104309082
evaluation-66030-non-000,0,-0.25955402851104736
evaluation-66230-tar-000,1,0.5589423775672913
evaluation-66230-non-000,0,-0.07354237139225006
evaluation-6625-tar-000,1,0.3028717637062073
evaluation-6625-non-000,0,0.19455713033676147
evaluation-6634-tar-000,1,0.4799078106880188
evaluation-6634-non-000,0,0.21986840665340424
evaluation-66436-tar-000,1,0.8148552775382996
evaluation-66436-non-000,0,-0.12572380900382996
evaluation-66466-tar-000,1,0.4322447180747986
evaluation-66466-non-000,0,0.09425118565559387
evaluation-66508-tar-000,1,0.483290433883667
evaluation-66508-non-000,0,-0.1504436582326889
evaluation-6661-tar-000,1,0.49508798122406006
evaluation-6661-non-000,0,0.008673682808876038
evaluation-66749-tar-000,1,0.20650342106819153
evaluation-66749-non-000,0,-0.002972058951854706
evaluation-66782-tar-000,1,0.11258071660995483
evaluation-66782-non-000,0,-0.14242810010910034
evaluation-6682-tar-000,1,0.2947266697883606
evaluation-6682-non-000,0,0.026057781651616096
evaluation-66944-tar-000,1,0.3647558093070984
evaluation-66944-non-000,0,-0.017616592347621918
evaluation-67057-tar-000,1,0.6548821330070496
evaluation-67057-non-000,0,-0.051165707409381866
evaluation-67087-tar-000,1,0.6463018655776978
evaluation-67087-non-000,0,-0.1755540519952774
evaluation-67137-tar-000,1,0.34132030606269836
evaluation-67137-non-000,0,-0.05020520091056824
evaluation-67288-tar-000,1,0.5326046347618103
evaluation-67288-non-000,0,-0.06059901416301727
evaluation-6731-tar-000,1,0.6239049434661865
evaluation-6731-non-000,0,-0.18026956915855408
evaluation-67370-tar-000,1,0.36765265464782715
evaluation-67370-non-000,0,-0.2948734760284424
evaluation-67488-tar-000,1,0.6850316524505615
evaluation-67488-non-000,0,-0.14232242107391357
evaluation-6749-tar-000,1,0.07462015002965927
evaluation-6749-non-000,0,-0.12636615335941315
evaluation-67521-tar-000,1,0.13100552558898926
evaluation-67521-non-000,0,0.25128182768821716
evaluation-67529-tar-000,1,0.2388889342546463
evaluation-67529-non-000,0,0.17259596288204193
evaluation-67538-tar-000,1,0.36866122484207153
evaluation-67538-non-000,0,0.16324150562286377
evaluation-67686-tar-000,1,0.5993232727050781
evaluation-67686-non-000,0,-0.03402550518512726
evaluation-67697-tar-000,1,0.4089828133583069
evaluation-67697-non-000,0,0.018246615305542946
evaluation-67859-tar-000,1,0.3660157024860382
evaluation-67859-non-000,0,0.0012700315564870834
evaluation-6789-tar-000,1,0.3245585560798645
evaluation-6789-non-000,0,-0.18014125525951385
evaluation-67991-tar-000,1,0.20551887154579163
evaluation-67991-non-000,0,-0.015595685690641403
evaluation-68068-tar-000,1,0.4968491196632385
evaluation-68068-non-000,0,0.04787590727210045
evaluation-68131-tar-000,1,0.7461642622947693
evaluation-68131-non-000,0,0.03386829420924187
evaluation-6818-tar-000,1,0.4319518506526947
evaluation-6818-non-000,0,0.1369992196559906
evaluation-68227-tar-000,1,0.21167755126953125
evaluation-68227-non-000,0,-0.06433220952749252
evaluation-68268-tar-000,1,0.6467183828353882
evaluation-68268-non-000,0,0.12656287848949432
evaluation-68334-tar-000,1,0.23834052681922913
evaluation-68334-non-000,0,-0.04029400274157524
evaluation-68378-tar-000,1,0.3539642095565796
evaluation-68378-non-000,0,0.13944382965564728
evaluation-68430-tar-000,1,0.305031418800354
evaluation-68430-non-000,0,0.14038394391536713
evaluation-68785-tar-000,1,0.05924972891807556
evaluation-68785-non-000,0,-0.1766291707754135
evaluation-68886-tar-000,1,-0.018202006816864014
evaluation-68886-non-000,0,-0.26345086097717285
evaluation-68908-tar-000,1,0.0012883245944976807
evaluation-68908-non-000,0,-0.07635460793972015
evaluation-6898-tar-000,1,0.33920130133628845
evaluation-6898-non-000,0,-0.1889495998620987
evaluation-69035-tar-000,1,0.5992671251296997
evaluation-69035-non-000,0,0.11291193962097168
evaluation-69087-tar-000,1,-0.0803343877196312
evaluation-69087-non-000,0,0.13172993063926697
evaluation-69155-tar-000,1,0.4320935308933258
evaluation-69155-non-000,0,0.1453375518321991
evaluation-69166-tar-000,1,0.3673627972602844
evaluation-69166-non-000,0,-0.065342478454113
evaluation-69169-tar-000,1,0.18486398458480835
evaluation-69169-non-000,0,-0.02852797880768776
evaluation-69235-tar-000,1,0.523165225982666
evaluation-69235-non-000,0,0.04884111136198044
evaluation-69279-tar-000,1,0.183802992105484
evaluation-69279-non-000,0,0.05549057945609093
evaluation-69315-tar-000,1,0.5761280059814453
evaluation-69315-non-000,0,-0.1847229301929474
evaluation-6932-tar-000,1,0.0632183775305748
evaluation-6932-non-000,0,0.16686716675758362
evaluation-69361-tar-000,1,0.3437536954879761
evaluation-69361-non-000,0,0.05659041181206703
evaluation-69425-tar-000,1,0.5915824174880981
evaluation-69425-non-000,0,-0.1815284788608551
evaluation-69526-tar-000,1,0.23061460256576538
evaluation-69526-non-000,0,0.11799406260251999
evaluation-69529-tar-000,1,0.035783495754003525
evaluation-69529-non-000,0,-0.2065955549478531
evaluation-6957-tar-000,1,0.381198912858963
evaluation-6957-non-000,0,-0.277207612991333
evaluation-69573-tar-000,1,0.34914395213127136
evaluation-69573-non-000,0,0.04647334665060043
evaluation-69617-tar-000,1,0.3845803737640381
evaluation-69617-non-000,0,-0.37432238459587097
evaluation-69672-tar-000,1,0.03357382118701935
evaluation-69672-non-000,0,-0.19322329759597778
evaluation-69724-tar-000,1,0.6199750900268555
evaluation-69724-non-000,0,-0.1406838595867157
evaluation-69848-tar-000,1,0.2670753598213196
evaluation-69848-non-000,0,0.18106506764888763
evaluation-69927-tar-000,1,0.18125081062316895
evaluation-69927-non-000,0,-0.028424428775906563
evaluation-6993-tar-000,1,0.06697949767112732
evaluation-6993-non-000,0,0.17570999264717102
evaluation-6994-tar-000,1,0.3119257390499115
evaluation-6994-non-000,0,-0.28860607743263245
evaluation-7006-tar-000,1,0.46902528405189514
evaluation-7006-non-000,0,0.09052406251430511
evaluation-70130-tar-000,1,0.6189441680908203
evaluation-70130-non-000,0,0.07039223611354828
evaluation-70169-tar-000,1,0.16711652278900146
evaluation-70169-non-000,0,-0.05283511430025101
evaluation-70191-tar-000,1,0.6226730346679688
evaluation-70191-non-000,0,-0.06332429498434067
evaluation-7029-tar-000,1,0.23857633769512177
evaluation-7029-non-000,0,0.2088611125946045
evaluation-70290-tar-000,1,0.8458800315856934
evaluation-70290-non-000,0,0.018712501972913742
evaluation-70320-tar-000,1,0.6682184934616089
evaluation-70320-non-000,0,-0.20560067892074585
evaluation-70347-tar-000,1,0.4170423448085785
evaluation-70347-non-000,0,0.30876392126083374
evaluation-7036-tar-000,1,0.4381615221500397
evaluation-7036-non-000,0,0.16281507909297943
evaluation-70501-tar-000,1,0.2802768349647522
evaluation-70501-non-000,0,-0.047457315027713776
evaluation-7055-tar-000,1,0.6354367733001709
evaluation-7055-non-000,0,0.09206453710794449
evaluation-70592-tar-000,1,0.46382614970207214
evaluation-70592-non-000,0,-0.023778725415468216
evaluation-70641-tar-000,1,0.38321453332901
evaluation-70641-non-000,0,-0.1641518473625183
evaluation-70671-tar-000,1,0.3558964431285858
evaluation-70671-non-000,0,-0.022667551413178444
evaluation-7077-tar-000,1,0.34929847717285156
evaluation-7077-non-000,0,0.34120702743530273
evaluation-7078-tar-000,1,0.23655633628368378
evaluation-7078-non-000,0,-0.0713934451341629
evaluation-70781-tar-000,1,0.14990311861038208
evaluation-70781-non-000,0,0.46554020047187805
evaluation-70801-tar-000,1,0.306171715259552
evaluation-70801-non-000,0,-0.03641500324010849
evaluation-7092-tar-000,1,0.22737839818000793
evaluation-7092-non-000,0,0.03864423930644989
evaluation-70952-tar-000,1,0.26255035400390625
evaluation-70952-non-000,0,0.03550151735544205
evaluation-71001-tar-000,1,0.7838277816772461
evaluation-71001-non-000,0,-0.09713877737522125
evaluation-71015-tar-000,1,0.29523688554763794
evaluation-71015-non-000,0,0.22568535804748535
evaluation-71042-tar-000,1,0.2607901692390442
evaluation-71042-non-000,0,0.006771404296159744
evaluation-7108-tar-000,1,0.12060779333114624
evaluation-7108-non-000,0,0.07910111546516418
evaluation-7123-tar-000,1,0.12803548574447632
evaluation-7123-non-000,0,0.2133769392967224
evaluation-71300-tar-000,1,0.2970770001411438
evaluation-71300-non-000,0,-0.05704565346240997
evaluation-7131-tar-000,1,0.4254278540611267
evaluation-7131-non-000,0,0.11637416481971741
evaluation-7140-tar-000,1,0.001255752518773079
evaluation-7140-non-000,0,0.019755475223064423
evaluation-71402-tar-000,1,0.6463120579719543
evaluation-71402-non-000,0,0.06596468389034271
evaluation-71441-tar-000,1,0.3282017111778259
evaluation-71441-non-000,0,0.020791754126548767
evaluation-71457-tar-000,1,0.22136244177818298
evaluation-71457-non-000,0,-0.005651682615280151
evaluation-7149-tar-000,1,0.4212404191493988
evaluation-7149-non-000,0,-0.01644149236381054
evaluation-71528-tar-000,1,0.12335595488548279
evaluation-71528-non-000,0,0.07256181538105011
evaluation-71594-tar-000,1,0.4252251982688904
evaluation-71594-non-000,0,0.07273203134536743
evaluation-7174-tar-000,1,0.4898080825805664
evaluation-7174-non-000,0,-0.0817570835351944
evaluation-7177-tar-000,1,0.611670732498169
evaluation-7177-non-000,0,0.05666525661945343
evaluation-71798-tar-000,1,0.44251012802124023
evaluation-71798-non-000,0,0.15756624937057495
evaluation-71839-tar-000,1,0.25607234239578247
evaluation-71839-non-000,0,-0.08596977591514587
evaluation-71924-tar-000,1,0.04560810327529907
evaluation-71924-non-000,0,0.020512312650680542
evaluation-72009-tar-000,1,0.31696397066116333
evaluation-72009-non-000,0,-0.010832428932189941
evaluation-72017-tar-000,1,0.49941545724868774
evaluation-72017-non-000,0,-0.10683397203683853
evaluation-72078-tar-000,1,0.3077423572540283
evaluation-72078-non-000,0,-0.10252852737903595
evaluation-7211-tar-000,1,0.25235456228256226
evaluation-7211-non-000,0,-0.3099656105041504
evaluation-7214-tar-000,1,0.33524876832962036
evaluation-7214-non-000,0,0.051897626370191574
evaluation-72182-tar-000,1,0.3037923574447632
evaluation-72182-non-000,0,-0.33934274315834045
evaluation-72221-tar-000,1,0.18126021325588226
evaluation-72221-non-000,0,0.20997999608516693
evaluation-7225-tar-000,1,0.30551907420158386
evaluation-7225-non-000,0,0.06508029252290726
evaluation-72267-tar-000,1,0.4373629689216614
evaluation-72267-non-000,0,-0.003893943503499031
evaluation-7228-tar-000,1,0.6337136626243591
evaluation-7228-non-000,0,0.031396061182022095
evaluation-72328-tar-000,1,0.7329240441322327
evaluation-72328-non-000,0,0.0633019283413887
evaluation-72355-tar-000,1,0.24724365770816803
evaluation-72355-non-000,0,0.0856812596321106
evaluation-72531-tar-000,1,0.34747207164764404
evaluation-72531-non-000,0,-0.004394428804516792
evaluation-7259-tar-000,1,0.44499173760414124
evaluation-7259-non-000,0,0.08820542693138123
evaluation-72646-tar-000,1,0.7536664009094238
evaluation-72646-non-000,0,0.10321107506752014
evaluation-72685-tar-000,1,0.5359025001525879
evaluation-72685-non-000,0,-0.0006337463855743408
evaluation-72718-tar-000,1,-0.06184250861406326
evaluation-72718-non-000,0,-0.07246185094118118
evaluation-72731-tar-000,1,0.4243912100791931
evaluation-72731-non-000,0,0.05416548252105713
evaluation-72800-tar-000,1,0.16537967324256897
evaluation-72800-non-000,0,0.053858596831560135
evaluation-7285-tar-000,1,0.6909979581832886
evaluation-7285-non-000,0,0.21430069208145142
evaluation-7290-tar-000,1,0.5714108943939209
evaluation-7290-non-000,0,0.013472896069288254
evaluation-7302-tar-000,1,0.10064689815044403
evaluation-7302-non-000,0,0.04453236609697342
evaluation-73086-tar-000,1,0.4562515616416931
evaluation-73086-non-000,0,-0.2555004954338074
evaluation-7314-tar-000,1,0.08258366584777832
evaluation-7314-non-000,0,0.050553809851408005
evaluation-73366-tar-000,1,0.33608970046043396
evaluation-73366-non-000,0,-0.04368666186928749
evaluation-73396-tar-000,1,0.45943552255630493
evaluation-73396-non-000,0,-0.014031240716576576
evaluation-7343-tar-000,1,0.36594080924987793
evaluation-7343-non-000,0,-0.04696512594819069
evaluation-73465-tar-000,1,0.5183173418045044
evaluation-73465-non-000,0,0.0929531455039978
evaluation-7350-tar-000,1,0.667205810546875
evaluation-7350-non-000,0,-0.18522314727306366
evaluation-7353-tar-000,1,0.6932751536369324
evaluation-7353-non-000,0,-0.4049217104911804
evaluation-7354-tar-000,1,0.169658362865448
evaluation-7354-non-000,0,0.08340241014957428
evaluation-73660-tar-000,1,0.46404004096984863
evaluation-73660-non-000,0,0.33458808064460754
evaluation-73814-tar-000,1,0.22747693955898285
evaluation-73814-non-000,0,-0.053898800164461136
evaluation-73858-tar-000,1,-0.0039118025451898575
evaluation-73858-non-000,0,0.1279464215040207
evaluation-73923-tar-000,1,0.2807764410972595
evaluation-73923-non-000,0,0.0560934841632843
evaluation-73995-tar-000,1,0.3181154727935791
evaluation-73995-non-000,0,-0.04735343158245087
evaluation-74014-tar-000,1,0.5609264373779297
evaluation-74014-non-000,0,0.11471563577651978
evaluation-74028-tar-000,1,0.17575764656066895
evaluation-74028-non-000,0,0.18268832564353943
evaluation-74033-tar-000,1,0.6815856099128723
evaluation-74033-non-000,0,-0.09540482610464096
evaluation-7406-tar-000,1,0.5519657135009766
evaluation-7406-non-000,0,0.11326996237039566
evaluation-7408-tar-000,1,0.3954671025276184
evaluation-7408-non-000,0,0.057720355689525604
evaluation-74110-tar-000,1,0.338010311126709
evaluation-74110-non-000,0,0.10655231773853302
evaluation-74179-tar-000,1,0.4405587613582611
evaluation-74179-non-000,0,0.1749844253063202
evaluation-74195-tar-000,1,0.30959221720695496
evaluation-74195-non-000,0,0.09008748084306717
evaluation-74234-tar-000,1,0.031132124364376068
evaluation-74234-non-000,0,0.0046212878078222275
evaluation-74250-tar-000,1,0.5996007323265076
evaluation-74250-non-000,0,0.006214352324604988
evaluation-7428-tar-000,1,0.5819249153137207
evaluation-7428-non-000,0,0.00255516916513443
evaluation-74324-tar-000,1,0.11903131753206253
evaluation-74324-non-000,0,0.10307595133781433
evaluation-74335-tar-000,1,0.0736941322684288
evaluation-74335-non-000,0,0.03914222866296768
evaluation-74357-tar-000,1,0.3856717050075531
evaluation-74357-non-000,0,0.2213224172592163
evaluation-7438-tar-000,1,0.652807354927063
evaluation-7438-non-000,0,0.013314669951796532
evaluation-74388-tar-000,1,0.45904359221458435
evaluation-74388-non-000,0,-0.04393087327480316
evaluation-74481-tar-000,1,0.29778119921684265
evaluation-74481-non-000,0,0.21658523380756378
evaluation-74599-tar-000,1,0.1460026353597641
evaluation-74599-non-000,0,0.12200047075748444
evaluation-74720-tar-000,1,0.4358217120170593
evaluation-74720-non-000,0,-0.1816202849149704
evaluation-74745-tar-000,1,0.46776920557022095
evaluation-74745-non-000,0,0.2762344479560852
evaluation-74783-tar-000,1,0.20609267055988312
evaluation-74783-non-000,0,0.11081280559301376
evaluation-74953-tar-000,1,0.6177512407302856
evaluation-74953-non-000,0,0.10250822454690933
evaluation-7500-tar-000,1,-0.03326486051082611
evaluation-7500-non-000,0,0.21258693933486938
evaluation-75011-tar-000,1,0.4514519274234772
evaluation-75011-non-000,0,0.18122059106826782
evaluation-7511-tar-000,1,0.14353327453136444
evaluation-7511-non-000,0,-0.0504225492477417
evaluation-75157-tar-000,1,0.5018017292022705
evaluation-75157-non-000,0,0.2343445122241974
evaluation-7516-tar-000,1,0.2747330069541931
evaluation-7516-non-000,0,-0.116866834461689
evaluation-75176-tar-000,1,0.36060917377471924
evaluation-75176-non-000,0,0.30481821298599243
evaluation-75192-tar-000,1,0.07631223648786545
evaluation-75192-non-000,0,-0.15032124519348145
evaluation-7536-tar-000,1,0.573115348815918
evaluation-7536-non-000,0,-0.05299491435289383
evaluation-7544-tar-000,1,0.24185284972190857
evaluation-7544-non-000,0,-0.22095581889152527
evaluation-75442-tar-000,1,0.3383919596672058
evaluation-75442-non-000,0,-0.12982428073883057
evaluation-75448-tar-000,1,0.039455778896808624
evaluation-75448-non-000,0,-0.01708918809890747
evaluation-75451-tar-000,1,0.6115869283676147
evaluation-75451-non-000,0,0.14664989709854126
evaluation-75555-tar-000,1,0.2419021874666214
evaluation-75555-non-000,0,0.011728104203939438
evaluation-75690-tar-000,1,0.16083446145057678
evaluation-75690-non-000,0,0.0775759369134903
evaluation-75753-tar-000,1,0.27024227380752563
evaluation-75753-non-000,0,-0.012102392502129078
evaluation-75802-tar-000,1,0.33193641901016235
evaluation-75802-non-000,0,0.03503406047821045
evaluation-75849-tar-000,1,0.34561687707901
evaluation-75849-non-000,0,0.06387434154748917
evaluation-75860-tar-000,1,0.41373664140701294
evaluation-75860-non-000,0,-0.11614419519901276
evaluation-75874-tar-000,1,0.5649596452713013
evaluation-75874-non-000,0,0.011076973751187325
evaluation-75945-tar-000,1,0.34703242778778076
evaluation-75945-non-000,0,-0.027095140889286995
evaluation-7604-tar-000,1,0.25458869338035583
evaluation-7604-non-000,0,0.0031711775809526443
evaluation-76085-tar-000,1,0.21414154767990112
evaluation-76085-non-000,0,-0.06406565755605698
evaluation-76101-tar-000,1,0.4603758752346039
evaluation-76101-non-000,0,-0.16136103868484497
evaluation-7617-tar-000,1,0.3526211977005005
evaluation-7617-non-000,0,0.02013300731778145
evaluation-76192-tar-000,1,0.5233128070831299
evaluation-76192-non-000,0,0.15753966569900513
evaluation-76247-tar-000,1,0.2242058515548706
evaluation-76247-non-000,0,0.17431320250034332
evaluation-76299-tar-000,1,0.7140254974365234
evaluation-76299-non-000,0,-0.0918901339173317
evaluation-76420-tar-000,1,0.5641658306121826
evaluation-76420-non-000,0,-0.052213456481695175
evaluation-7645-tar-000,1,0.4789016842842102
evaluation-7645-non-000,0,-0.1552029401063919
evaluation-76453-tar-000,1,0.5249497294425964
evaluation-76453-non-000,0,0.0856437236070633
evaluation-7646-tar-000,1,0.3944987654685974
evaluation-7646-non-000,0,-0.10341951251029968
evaluation-7654-tar-000,1,0.5398505926132202
evaluation-7654-non-000,0,0.1425551474094391
evaluation-7655-tar-000,1,0.5745347738265991
evaluation-7655-non-000,0,0.09897781163454056
evaluation-76585-tar-000,1,0.09824268519878387
evaluation-76585-non-000,0,0.059902481734752655
evaluation-76695-tar-000,1,0.5001477003097534
evaluation-76695-non-000,0,-0.11732237040996552
evaluation-76719-tar-000,1,0.3713311553001404
evaluation-76719-non-000,0,0.32481563091278076
evaluation-76725-tar-000,1,0.31913548707962036
evaluation-76725-non-000,0,0.14321312308311462
evaluation-7679-tar-000,1,0.20121602714061737
evaluation-7679-non-000,0,0.0509009025990963
evaluation-76862-tar-000,1,0.27654337882995605
evaluation-76862-non-000,0,0.1902434378862381
evaluation-77101-tar-000,1,0.41089367866516113
evaluation-77101-non-000,0,0.1140073612332344
evaluation-7712-tar-000,1,0.42853519320487976
evaluation-7712-non-000,0,0.4171377420425415
evaluation-77175-tar-000,1,0.7188997268676758
evaluation-77175-non-000,0,0.1501370668411255
evaluation-7721-tar-000,1,0.4051796793937683
evaluation-7721-non-000,0,0.0795646458864212
evaluation-7726-tar-000,1,0.5116978883743286
evaluation-7726-non-000,0,-0.0356588289141655
evaluation-7728-tar-000,1,0.08877472579479218
evaluation-7728-non-000,0,-0.0783781036734581
evaluation-7735-tar-000,1,0.589221715927124
evaluation-7735-non-000,0,-0.1087857186794281
evaluation-77351-tar-000,1,0.5081254243850708
evaluation-77351-non-000,0,0.15090328454971313
evaluation-77376-tar-000,1,0.6015876531600952
evaluation-77376-non-000,0,0.006409786641597748
evaluation-77486-tar-000,1,0.72455894947052
evaluation-77486-non-000,0,-0.1359042227268219
evaluation-7750-tar-000,1,0.3625558018684387
evaluation-7750-non-000,0,-0.025021908804774284
evaluation-77571-tar-000,1,0.438642293214798
evaluation-77571-non-000,0,-0.03827430680394173
evaluation-77656-tar-000,1,0.26239657402038574
evaluation-77656-non-000,0,0.06248755007982254
evaluation-77851-tar-000,1,0.5065686702728271
evaluation-77851-non-000,0,0.05761861428618431
evaluation-77854-tar-000,1,0.5225917100906372
evaluation-77854-non-000,0,0.11303894966840744
evaluation-77879-tar-000,1,0.4921301603317261
evaluation-77879-non-000,0,0.0020621754229068756
evaluation-7789-tar-000,1,0.2529997229576111
evaluation-7789-non-000,0,0.09609431028366089
evaluation-7790-tar-000,1,0.48394328355789185
evaluation-7790-non-000,0,0.08723795413970947
evaluation-7810-tar-000,1,0.35689496994018555
evaluation-7810-non-000,0,-0.07636108994483948
evaluation-78247-tar-000,1,0.07821264863014221
evaluation-78247-non-000,0,-0.06873419135808945
evaluation-78249-tar-000,1,0.6408559083938599
evaluation-78249-non-000,0,0.06467847526073456
evaluation-7827-tar-000,1,0.5061426162719727
evaluation-7827-non-000,0,0.1041983887553215
evaluation-78370-tar-000,1,0.3248436152935028
evaluation-78370-non-000,0,-0.16868068277835846
evaluation-78400-tar-000,1,-0.019123446196317673
evaluation-78400-non-000,0,0.23692630231380463
evaluation-78436-tar-000,1,0.5444703698158264
evaluation-78436-non-000,0,0.08828476071357727
evaluation-78444-tar-000,1,0.2067740559577942
evaluation-78444-non-000,0,0.10129671543836594
evaluation-7846-tar-000,1,0.27307838201522827
evaluation-7846-non-000,0,0.023305896669626236
evaluation-7848-tar-000,1,0.48888885974884033
evaluation-7848-non-000,0,0.0127098448574543
evaluation-7849-tar-000,1,-0.026982486248016357
evaluation-7849-non-000,0,-0.0743505135178566
evaluation-78540-tar-000,1,0.23558881878852844
evaluation-78540-non-000,0,0.005458654835820198
evaluation-78571-tar-000,1,0.27679818868637085
evaluation-78571-non-000,0,-0.18221735954284668
evaluation-78576-tar-000,1,0.539101243019104
evaluation-78576-non-000,0,0.33995890617370605
evaluation-78584-tar-000,1,0.23211291432380676
evaluation-78584-non-000,0,0.049520161002874374
evaluation-78615-tar-000,1,0.5927336812019348
evaluation-78615-non-000,0,-0.033120717853307724
evaluation-78675-tar-000,1,0.7858667373657227
evaluation-78675-non-000,0,-0.08176085352897644
evaluation-78752-tar-000,1,0.5858380794525146
evaluation-78752-non-000,0,-0.11679026484489441
evaluation-7878-tar-000,1,0.07322361320257187
evaluation-7878-non-000,0,-0.08367444574832916
evaluation-78782-tar-000,1,0.3266924023628235
evaluation-78782-non-000,0,0.004038626328110695
evaluation-78815-tar-000,1,0.2853158116340637
evaluation-78815-non-000,0,0.12704402208328247
evaluation-78826-tar-000,1,0.2144445925951004
evaluation-78826-non-000,0,0.13682013750076294
evaluation-78887-tar-000,1,0.3291144371032715
evaluation-78887-non-000,0,0.14393815398216248
evaluation-78963-tar-000,1,0.37934234738349915
evaluation-78963-non-000,0,-0.0575394406914711
evaluation-78972-tar-000,1,0.3405139148235321
evaluation-78972-non-000,0,-0.06831163167953491
evaluation-79095-tar-000,1,0.3414413332939148
evaluation-79095-non-000,0,0.009363796561956406
evaluation-79255-tar-000,1,-0.041894156485795975
evaluation-79255-non-000,0,0.01681678742170334
evaluation-79474-tar-000,1,0.294777512550354
evaluation-79474-non-000,0,-0.20781899988651276
evaluation-79521-tar-000,1,0.21536248922348022
evaluation-79521-non-000,0,0.033783331513404846
evaluation-79581-tar-000,1,0.29824694991111755
evaluation-79581-non-000,0,-0.05896765738725662
evaluation-7964-tar-000,1,0.44517675042152405
evaluation-7964-non-000,0,0.11675103008747101
evaluation-7972-tar-000,1,-0.03794972226023674
evaluation-7972-non-000,0,0.046493031084537506
evaluation-79776-tar-000,1,0.7018593549728394
evaluation-79776-non-000,0,-0.20499566197395325
evaluation-79798-tar-000,1,0.7703700065612793
evaluation-79798-non-000,0,-0.05924355983734131
evaluation-79807-tar-000,1,0.6352491974830627
evaluation-79807-non-000,0,0.055623412132263184
evaluation-7983-tar-000,1,0.29367703199386597
evaluation-7983-non-000,0,0.09279444068670273
evaluation-79843-tar-000,1,0.44251489639282227
evaluation-79843-non-000,0,0.16136056184768677
evaluation-7989-tar-000,1,0.4499400854110718
evaluation-7989-non-000,0,-0.026502035558223724
evaluation-79980-tar-000,1,0.3318440318107605
evaluation-79980-non-000,0,0.21085971593856812
evaluation-79991-tar-000,1,0.7549866437911987
evaluation-79991-non-000,0,0.018044624477624893
evaluation-80153-tar-000,1,0.6780751943588257
evaluation-80153-non-000,0,0.18113470077514648
evaluation-80180-tar-000,1,0.16480275988578796
evaluation-80180-non-000,0,-0.017164159566164017
evaluation-8019-tar-000,1,0.38523510098457336
evaluation-8019-non-000,0,-0.08271049708127975
evaluation-80210-tar-000,1,0.4744325578212738
evaluation-80210-non-000,0,0.18937084078788757
evaluation-80221-tar-000,1,0.2676819860935211
evaluation-80221-non-000,0,-0.02325715497136116
evaluation-8023-tar-000,1,0.7005414366722107
evaluation-8023-non-000,0,0.22347012162208557
evaluation-8027-tar-000,1,0.28126195073127747
evaluation-8027-non-000,0,0.07906431704759598
evaluation-8028-tar-000,1,0.0960237979888916
evaluation-8028-non-000,0,0.18818001449108124
evaluation-80353-tar-000,1,0.6329176425933838
evaluation-80353-non-000,0,0.22340239584445953
evaluation-8041-tar-000,1,0.6986384391784668
evaluation-8041-non-000,0,0.15133503079414368
evaluation-80449-tar-000,1,0.3071243464946747
evaluation-80449-non-000,0,-0.05523267388343811
evaluation-80504-tar-000,1,0.28577274084091187
evaluation-80504-non-000,0,0.14915548264980316
evaluation-8068-tar-000,1,0.4390203654766083
evaluation-8068-non-000,0,0.009598761796951294
evaluation-80710-tar-000,1,0.07763215899467468
evaluation-80710-non-000,0,-0.010161761194467545
evaluation-80773-tar-000,1,0.3893216848373413
evaluation-80773-non-000,0,0.10199397802352905
evaluation-80793-tar-000,1,0.5693240761756897
evaluation-80793-non-000,0,0.08853349089622498
evaluation-80798-tar-000,1,0.21851466596126556
evaluation-80798-non-000,0,0.031027259305119514
evaluation-80806-tar-000,1,0.22977334260940552
evaluation-80806-non-000,0,0.059137023985385895
evaluation-80900-tar-000,1,0.6649634838104248
evaluation-80900-non-000,0,-0.17583449184894562
evaluation-80935-tar-000,1,0.2543466091156006
evaluation-80935-non-000,0,0.10605379939079285
evaluation-80938-tar-000,1,0.3226107358932495
evaluation-80938-non-000,0,-0.17684322595596313
evaluation-8097-tar-000,1,0.33551689982414246
evaluation-8097-non-000,0,-0.14145706593990326
evaluation-81034-tar-000,1,-0.10651028156280518
evaluation-81034-non-000,0,0.011487421579658985
evaluation-81103-tar-000,1,0.3787260949611664
evaluation-81103-non-000,0,0.0018817074596881866
evaluation-81106-tar-000,1,0.32448604702949524
evaluation-81106-non-000,0,0.07635024189949036
evaluation-81111-tar-000,1,0.5761817097663879
evaluation-81111-non-000,0,0.07643812894821167
evaluation-81119-tar-000,1,0.1676327884197235
evaluation-81119-non-000,0,-0.11260174959897995
evaluation-81128-tar-000,1,0.25770533084869385
evaluation-81128-non-000,0,0.10122433304786682
evaluation-81174-tar-000,1,0.30510246753692627
evaluation-81174-non-000,0,-0.1662607491016388
evaluation-81271-tar-000,1,0.08494535088539124
evaluation-81271-non-000,0,0.0016056820750236511
evaluation-81276-tar-000,1,0.20202074944972992
evaluation-81276-non-000,0,-0.027076318860054016
evaluation-81309-tar-000,1,0.42228788137435913
evaluation-81309-non-000,0,-0.03892414644360542
evaluation-8143-tar-000,1,0.18062590062618256
evaluation-8143-non-000,0,-0.02294648438692093
evaluation-81441-tar-000,1,0.5173740386962891
evaluation-81441-non-000,0,-0.06118924915790558
evaluation-81455-tar-000,1,0.37760862708091736
evaluation-81455-non-000,0,-0.01963237300515175
evaluation-81823-tar-000,1,0.19176900386810303
evaluation-81823-non-000,0,0.146319180727005
evaluation-8185-tar-000,1,0.5344263315200806
evaluation-8185-non-000,0,0.0027885884046554565
evaluation-81858-tar-000,1,0.48535144329071045
evaluation-81858-non-000,0,0.0040440913289785385
evaluation-8191-tar-000,1,0.3221738040447235
evaluation-8191-non-000,0,0.02432291768491268
evaluation-81913-tar-000,1,0.733444094657898
evaluation-81913-non-000,0,0.23723317682743073
evaluation-81963-tar-000,1,0.16011828184127808
evaluation-81963-non-000,0,-0.05061803013086319
evaluation-8203-tar-000,1,0.29745128750801086
evaluation-8203-non-000,0,-0.12204322963953018
evaluation-82040-tar-000,1,0.6962662935256958
evaluation-82040-non-000,0,-0.10019682347774506
evaluation-8210-tar-000,1,0.31068500876426697
evaluation-8210-non-000,0,0.0969022884964943
evaluation-8215-tar-000,1,0.2677692472934723
evaluation-8215-non-000,0,0.13487200438976288
evaluation-8216-tar-000,1,0.5557016134262085
evaluation-8216-non-000,0,0.2256438434123993
evaluation-8219-tar-000,1,0.31291112303733826
evaluation-8219-non-000,0,0.2803700268268585
evaluation-82273-tar-000,1,0.27432727813720703
evaluation-82273-non-000,0,0.23678559064865112
evaluation-82342-tar-000,1,0.3912358283996582
evaluation-82342-non-000,0,0.08567173033952713
evaluation-8236-tar-000,1,0.15653075277805328
evaluation-8236-non-000,0,-0.13235101103782654
evaluation-82421-tar-000,1,0.6434471607208252
evaluation-82421-non-000,0,-0.030843684449791908
evaluation-82603-tar-000,1,0.2644413709640503
evaluation-82603-non-000,0,-0.11383190006017685
evaluation-82641-tar-000,1,0.45504021644592285
evaluation-82641-non-000,0,0.4144057631492615
evaluation-82842-tar-000,1,0.0679003894329071
evaluation-82842-non-000,0,-0.08994193375110626
evaluation-82847-tar-000,1,0.6986314654350281
evaluation-82847-non-000,0,-0.053071144968271255
evaluation-8299-tar-000,1,0.2998858690261841
evaluation-8299-non-000,0,-0.15827369689941406
evaluation-83006-tar-000,1,0.10319541394710541
evaluation-83006-non-000,0,0.0813012644648552
evaluation-83028-tar-000,1,0.1959397792816162
evaluation-83028-non-000,0,-0.011778701096773148
evaluation-83094-tar-000,1,0.14770177006721497
evaluation-83094-non-000,0,0.039183393120765686
evaluation-83204-tar-000,1,0.5849980711936951
evaluation-83204-non-000,0,0.1892722249031067
evaluation-8328-tar-000,1,-0.05789129436016083
evaluation-8328-non-000,0,-0.021397888660430908
evaluation-8335-tar-000,1,0.15936148166656494
evaluation-8335-non-000,0,0.06564866006374359
evaluation-83355-tar-000,1,0.4981610178947449
evaluation-83355-non-000,0,-0.030236095190048218
evaluation-83674-tar-000,1,0.58072429895401
evaluation-83674-non-000,0,0.08233474940061569
evaluation-83696-tar-000,1,0.8187694549560547
evaluation-83696-non-000,0,0.20686227083206177
evaluation-8383-tar-000,1,0.2693758010864258
evaluation-8383-non-000,0,0.10894880443811417
evaluation-83839-tar-000,1,0.29430973529815674
evaluation-83839-non-000,0,-0.2269829511642456
evaluation-83905-tar-000,1,0.18106530606746674
evaluation-83905-non-000,0,-0.009629404172301292
evaluation-83918-tar-000,1,0.11936863511800766
evaluation-83918-non-000,0,-0.13024035096168518
evaluation-83927-tar-000,1,0.10558618605136871
evaluation-83927-non-000,0,-0.07793500274419785
evaluation-83995-tar-000,1,0.5986819267272949
evaluation-83995-non-000,0,-0.09024769812822342
evaluation-8407-tar-000,1,0.45617955923080444
evaluation-8407-non-000,0,-0.15507566928863525
evaluation-84075-tar-000,1,0.16231684386730194
evaluation-84075-non-000,0,-0.0892796441912651
evaluation-84160-tar-000,1,0.18087778985500336
evaluation-84160-non-000,0,0.07176540791988373
evaluation-84187-tar-000,1,0.23045839369297028
evaluation-84187-non-000,0,-0.015253417193889618
evaluation-84300-tar-000,1,0.2944315969944
evaluation-84300-non-000,0,0.11910057067871094
evaluation-84457-tar-000,1,0.1630602777004242
evaluation-84457-non-000,0,0.30053138732910156
evaluation-84512-tar-000,1,0.20501938462257385
evaluation-84512-non-000,0,-0.04553432762622833
evaluation-8452-tar-000,1,0.267111599445343
evaluation-8452-non-000,0,-0.10673334449529648
evaluation-8453-tar-000,1,0.3245345652103424
evaluation-8453-non-000,0,0.2478458136320114
evaluation-84544-tar-000,1,0.2662067711353302
evaluation-84544-non-000,0,-0.03610163554549217
evaluation-84547-tar-000,1,0.5289509296417236
evaluation-84547-non-000,0,-0.11778371036052704
evaluation-84649-tar-000,1,0.6525170803070068
evaluation-84649-non-000,0,0.12825721502304077
evaluation-84693-tar-000,1,0.26212334632873535
evaluation-84693-non-000,0,-0.28677651286125183
evaluation-84704-tar-000,1,0.3530574440956116
evaluation-84704-non-000,0,0.04990345984697342
evaluation-84753-tar-000,1,0.47688814997673035
evaluation-84753-non-000,0,0.05123839154839516
evaluation-84929-tar-000,1,0.7529282569885254
evaluation-84929-non-000,0,0.08423475921154022
evaluation-8494-tar-000,1,0.43659707903862
evaluation-8494-non-000,0,-0.12520714104175568
evaluation-8502-tar-000,1,0.5787196755409241
evaluation-8502-non-000,0,-0.06882967054843903
evaluation-85201-tar-000,1,0.693730354309082
evaluation-85201-non-000,0,0.14229363203048706
evaluation-8522-tar-000,1,0.4511371850967407
evaluation-8522-non-000,0,0.25407081842422485
evaluation-8527-tar-000,1,0.5768321752548218
evaluation-8527-non-000,0,0.04026702418923378
evaluation-85286-tar-000,1,0.24355584383010864
evaluation-85286-non-000,0,0.1312999427318573
evaluation-85319-tar-000,1,0.34671807289123535
evaluation-85319-non-000,0,0.0032694488763809204
evaluation-85396-tar-000,1,0.1746852546930313
evaluation-85396-non-000,0,0.17818015813827515
evaluation-85421-tar-000,1,0.45529788732528687
evaluation-85421-non-000,0,-0.10870444029569626
evaluation-8557-tar-000,1,-0.06015196442604065
evaluation-8557-non-000,0,-0.06229095906019211
evaluation-85676-tar-000,1,0.18919770419597626
evaluation-85676-non-000,0,0.22041815519332886
evaluation-85750-tar-000,1,0.2782247066497803
evaluation-85750-non-000,0,0.17403581738471985
evaluation-85778-tar-000,1,0.6111034154891968
evaluation-85778-non-000,0,0.40503308176994324
evaluation-85871-tar-000,1,0.38032713532447815
evaluation-85871-non-000,0,-0.17603881657123566
evaluation-8602-tar-000,1,0.135094553232193
evaluation-8602-non-000,0,0.10470547527074814
evaluation-86107-tar-000,1,0.5613436102867126
evaluation-86107-non-000,0,-0.08016395568847656
evaluation-8614-tar-000,1,0.33151760697364807
evaluation-8614-non-000,0,0.010907452553510666
evaluation-86151-tar-000,1,0.45292502641677856
evaluation-86151-non-000,0,-0.00560370460152626
evaluation-86198-tar-000,1,0.2675688862800598
evaluation-86198-non-000,0,0.16918325424194336
evaluation-86245-tar-000,1,0.40452471375465393
evaluation-86245-non-000,0,0.04015292227268219
evaluation-8628-tar-000,1,0.4060966670513153
evaluation-8628-non-000,0,0.027941159904003143
evaluation-8630-tar-000,1,0.49254897236824036
evaluation-8630-non-000,0,-0.11249934881925583
evaluation-86376-tar-000,1,0.3816928267478943
evaluation-86376-non-000,0,0.12308138608932495
evaluation-8639-tar-000,1,-0.013768462464213371
evaluation-8639-non-000,0,0.022098064422607422
evaluation-8640-tar-000,1,0.1385047882795334
evaluation-8640-non-000,0,0.02103811502456665
evaluation-86470-tar-000,1,-0.11708422750234604
evaluation-86470-non-000,0,-0.2033482789993286
evaluation-86478-tar-000,1,0.415899395942688
evaluation-86478-non-000,0,0.03720968961715698
evaluation-86519-tar-000,1,0.6474835872650146
evaluation-86519-non-000,0,-0.15178291499614716
evaluation-86577-tar-000,1,0.43059930205345154
evaluation-86577-non-000,0,-0.008486110717058182
evaluation-86591-tar-000,1,0.413349986076355
evaluation-86591-non-000,0,0.1763463169336319
evaluation-86799-tar-000,1,0.1934075951576233
evaluation-86799-non-000,0,-0.0553416945040226
evaluation-86926-tar-000,1,0.27581334114074707
evaluation-86926-non-000,0,0.016180261969566345
evaluation-86945-tar-000,1,0.7059711813926697
evaluation-86945-non-000,0,-0.07708113640546799
evaluation-8697-tar-000,1,0.03955835849046707
evaluation-8697-non-000,0,0.1674017608165741
evaluation-87016-tar-000,1,0.17334696650505066
evaluation-87016-non-000,0,-0.04025726020336151
evaluation-87176-tar-000,1,0.04903647303581238
evaluation-87176-non-000,0,-0.10040760785341263
evaluation-8724-tar-000,1,0.43911847472190857
evaluation-8724-non-000,0,0.02186080813407898
evaluation-87313-tar-000,1,0.11246868968009949
evaluation-87313-non-000,0,0.09899917244911194
evaluation-87338-tar-000,1,0.6060709953308105
evaluation-87338-non-000,0,-0.06146855652332306
evaluation-87362-tar-000,1,0.40808987617492676
evaluation-87362-non-000,0,0.15100358426570892
evaluation-87450-tar-000,1,0.5819344520568848
evaluation-87450-non-000,0,0.02961009368300438
evaluation-8746-tar-000,1,0.41946566104888916
evaluation-8746-non-000,0,0.019355125725269318
evaluation-8756-tar-000,1,-0.0396825447678566
evaluation-8756-non-000,0,0.06718625873327255
evaluation-87577-tar-000,1,0.6462725400924683
evaluation-87577-non-000,0,0.05515154078602791
evaluation-87601-tar-000,1,0.3900439739227295
evaluation-87601-non-000,0,0.10011216998100281
evaluation-8765-tar-000,1,0.19924983382225037
evaluation-8765-non-000,0,-0.1272893249988556
evaluation-87711-tar-000,1,0.5075680017471313
evaluation-87711-non-000,0,0.05853834003210068
evaluation-87720-tar-000,1,0.2582421600818634
evaluation-87720-non-000,0,0.13751351833343506
evaluation-87722-tar-000,1,0.40437716245651245
evaluation-87722-non-000,0,0.07417178899049759
evaluation-87876-tar-000,1,0.6180250644683838
evaluation-87876-non-000,0,0.11681628227233887
evaluation-87923-tar-000,1,0.44530612230300903
evaluation-87923-non-000,0,0.09453587234020233
evaluation-8796-tar-000,1,0.5841788053512573
evaluation-8796-non-000,0,-0.03383060544729233
evaluation-8804-tar-000,1,-0.07061842828989029
evaluation-8804-non-000,0,0.06959612667560577
evaluation-88060-tar-000,1,0.11204775422811508
evaluation-88060-non-000,0,-0.1646738201379776
evaluation-8814-tar-000,1,0.5169814825057983
evaluation-8814-non-000,0,0.06194223463535309
evaluation-88156-tar-000,1,0.6528759002685547
evaluation-88156-non-000,0,0.2683223485946655
evaluation-88170-tar-000,1,0.26095160841941833
evaluation-88170-non-000,0,-0.10238121449947357
evaluation-88313-tar-000,1,0.5432367324829102
evaluation-88313-non-000,0,-0.12258949130773544
evaluation-8836-tar-000,1,0.4094839096069336
evaluation-8836-non-000,0,0.10115302354097366
evaluation-88458-tar-000,1,0.4983742833137512
evaluation-88458-non-000,0,0.10642005503177643
evaluation-88524-tar-000,1,0.16046950221061707
evaluation-88524-non-000,0,-0.020717687904834747
evaluation-88576-tar-000,1,0.4250516891479492
evaluation-88576-non-000,0,-0.15391847491264343
evaluation-88582-tar-000,1,0.4237854480743408
evaluation-88582-non-000,0,0.10444454848766327
evaluation-88689-tar-000,1,0.26609891653060913
evaluation-88689-non-000,0,-0.06795699894428253
evaluation-88747-tar-000,1,-0.007909273728728294
evaluation-88747-non-000,0,0.00032608676701784134
evaluation-88780-tar-000,1,0.1109045073390007
evaluation-88780-non-000,0,-0.04103473573923111
evaluation-88791-tar-000,1,0.5325990915298462
evaluation-88791-non-000,0,0.04377780854701996
evaluation-8896-tar-000,1,0.5220092535018921
evaluation-8896-non-000,0,-0.08274070173501968
evaluation-89005-tar-000,1,0.22389549016952515
evaluation-89005-non-000,0,-0.04837162792682648
evaluation-89027-tar-000,1,0.4692332148551941
evaluation-89027-non-000,0,-0.03746465593576431
evaluation-89054-tar-000,1,0.4154747426509857
evaluation-89054-non-000,0,0.05910560116171837
evaluation-89120-tar-000,1,0.3407931625843048
evaluation-89120-non-000,0,0.12518471479415894
evaluation-89255-tar-000,1,0.3177242875099182
evaluation-89255-non-000,0,-0.003720007836818695
evaluation-89335-tar-000,1,0.3016556203365326
evaluation-89335-non-000,0,0.019602786749601364
evaluation-89340-tar-000,1,0.16307827830314636
evaluation-89340-non-000,0,0.13703471422195435
evaluation-89346-tar-000,1,0.4512519836425781
evaluation-89346-non-000,0,0.126469224691391
evaluation-89381-tar-000,1,0.41678211092948914
evaluation-89381-non-000,0,-0.04213926941156387
evaluation-89557-tar-000,1,0.2294614017009735
evaluation-89557-non-000,0,-0.07829649746417999
evaluation-89604-tar-000,1,0.3872894048690796
evaluation-89604-non-000,0,-0.07072670012712479
evaluation-89615-tar-000,1,-0.09814782440662384
evaluation-89615-non-000,0,-0.09233245253562927
evaluation-89631-tar-000,1,0.19469372928142548
evaluation-89631-non-000,0,-0.17743763327598572
evaluation-89757-tar-000,1,0.41873979568481445
evaluation-89757-non-000,0,-0.23970623314380646
evaluation-89766-tar-000,1,0.4172755181789398
evaluation-89766-non-000,0,-0.027390290051698685
evaluation-89782-tar-000,1,0.7858667373657227
evaluation-89782-non-000,0,-0.20962411165237427
evaluation-89818-tar-000,1,0.2789910137653351
evaluation-89818-non-000,0,0.1267295926809311
evaluation-89822-tar-000,1,0.2213321179151535
evaluation-89822-non-000,0,-0.23769572377204895
evaluation-8983-tar-000,1,0.3962613344192505
evaluation-8983-non-000,0,-0.06729130446910858
evaluation-90024-tar-000,1,0.7231062650680542
evaluation-90024-non-000,0,-0.13627198338508606
evaluation-90032-tar-000,1,0.25944262742996216
evaluation-90032-non-000,0,0.1434192955493927
evaluation-90038-tar-000,1,0.4026868939399719
evaluation-90038-non-000,0,0.03893521800637245
evaluation-90117-tar-000,1,0.34328216314315796
evaluation-90117-non-000,0,0.22698429226875305
evaluation-90145-tar-000,1,0.026479359716176987
evaluation-90145-non-000,0,-0.05919252336025238
evaluation-90148-tar-000,1,0.3006914258003235
evaluation-90148-non-000,0,0.03216031938791275
evaluation-90169-tar-000,1,0.41085588932037354
evaluation-90169-non-000,0,-0.09903355687856674
evaluation-90257-tar-000,1,0.4002389907836914
evaluation-90257-non-000,0,0.011909373104572296
evaluation-90301-tar-000,1,0.39559584856033325
evaluation-90301-non-000,0,-0.19691763818264008
evaluation-90304-tar-000,1,0.6152842044830322
evaluation-90304-non-000,0,0.03925831615924835
evaluation-90381-tar-000,1,0.33504587411880493
evaluation-90381-non-000,0,0.0579470694065094
evaluation-90414-tar-000,1,0.13533052802085876
evaluation-90414-non-000,0,0.003870055079460144
evaluation-90469-tar-000,1,0.2894229292869568
evaluation-90469-non-000,0,-0.15252725780010223
evaluation-90562-tar-000,1,0.55739426612854
evaluation-90562-non-000,0,0.11419587582349777
evaluation-90631-tar-000,1,0.4079709053039551
evaluation-90631-non-000,0,-0.13684095442295074
evaluation-90862-tar-000,1,0.277855783700943
evaluation-90862-non-000,0,-0.262798011302948
evaluation-90875-tar-000,1,0.27611491084098816
evaluation-90875-non-000,0,0.22007882595062256
evaluation-90939-tar-000,1,0.08642073720693588
evaluation-90939-non-000,0,0.009187406860291958
evaluation-9109-tar-000,1,0.22770258784294128
evaluation-9109-non-000,0,-0.22684094309806824
evaluation-91106-tar-000,1,0.32513678073883057
evaluation-91106-non-000,0,0.10853118449449539
evaluation-91166-tar-000,1,0.3331417441368103
evaluation-91166-non-000,0,-0.02043779380619526
evaluation-91205-tar-000,1,0.5513960123062134
evaluation-91205-non-000,0,0.018930770456790924
evaluation-9125-tar-000,1,0.719952404499054
evaluation-9125-non-000,0,0.18840253353118896
evaluation-91433-tar-000,1,0.8139805197715759
evaluation-91433-non-000,0,-0.13743534684181213
evaluation-91441-tar-000,1,-0.116956926882267
evaluation-91441-non-000,0,-0.04647219926118851
evaluation-91466-tar-000,1,0.07431330531835556
evaluation-91466-non-000,0,-0.1339864879846573
evaluation-9148-tar-000,1,0.07954984903335571
evaluation-9148-non-000,0,-0.030629567801952362
evaluation-91496-tar-000,1,0.5049141049385071
evaluation-91496-non-000,0,0.01612410880625248
evaluation-91543-tar-000,1,0.5863388776779175
evaluation-91543-non-000,0,-0.35488539934158325
evaluation-91642-tar-000,1,0.7265454530715942
evaluation-91642-non-000,0,0.1002175435423851
evaluation-9165-tar-000,1,0.3893439769744873
evaluation-9165-non-000,0,0.33228445053100586
evaluation-91719-tar-000,1,0.2340136617422104
evaluation-91719-non-000,0,-0.17252126336097717
evaluation-9179-tar-000,1,0.6786869764328003
evaluation-9179-non-000,0,-0.16100607812404633
evaluation-91798-tar-000,1,0.22366389632225037
evaluation-91798-non-000,0,-0.11270593106746674
evaluation-91823-tar-000,1,0.23074278235435486
evaluation-91823-non-000,0,0.20786777138710022
evaluation-91886-tar-000,1,0.2680073380470276
evaluation-91886-non-000,0,-0.212813138961792
evaluation-9195-tar-000,1,0.6974241733551025
evaluation-9195-non-000,0,0.09040722250938416
evaluation-9197-tar-000,1,0.14630109071731567
evaluation-9197-non-000,0,-0.02085576206445694
evaluation-91974-tar-000,1,0.12575919926166534
evaluation-91974-non-000,0,0.015140503644943237
evaluation-92007-tar-000,1,0.633073091506958
evaluation-92007-non-000,0,-0.06789813935756683
evaluation-9210-tar-000,1,0.48793017864227295
evaluation-9210-non-000,0,0.054192207753658295
evaluation-92133-tar-000,1,0.6738176345825195
evaluation-92133-non-000,0,-0.0429283045232296
evaluation-92260-tar-000,1,0.4716918468475342
evaluation-92260-non-000,0,-0.24209493398666382
evaluation-9229-tar-000,1,0.570819616317749
evaluation-9229-non-000,0,-0.20906654000282288
evaluation-9240-tar-000,1,0.11678483337163925
evaluation-9240-non-000,0,-0.05995470657944679
evaluation-9241-tar-000,1,0.3168874979019165
evaluation-9241-non-000,0,0.1346692144870758
evaluation-92438-tar-000,1,0.2599237561225891
evaluation-92438-non-000,0,-0.16722142696380615
evaluation-92488-tar-000,1,0.6948747634887695
evaluation-92488-non-000,0,0.07947219163179398
evaluation-92630-tar-000,1,0.5296598672866821
evaluation-92630-non-000,0,-0.07340440154075623
evaluation-92652-tar-000,1,0.6440063714981079
evaluation-92652-non-000,0,-0.06851030886173248
evaluation-92787-tar-000,1,0.29842936992645264
evaluation-92787-non-000,0,-0.15723782777786255
evaluation-92825-tar-000,1,0.38052162528038025
evaluation-92825-non-000,0,-0.0009749410673975945
evaluation-92845-tar-000,1,0.5418494939804077
evaluation-92845-non-000,0,0.10855093598365784
evaluation-92853-tar-000,1,0.3072711229324341
evaluation-92853-non-000,0,-0.17906397581100464
evaluation-9286-tar-000,1,0.6942568421363831
evaluation-9286-non-000,0,-0.11103139817714691
evaluation-9291-tar-000,1,0.47276222705841064
evaluation-9291-non-000,0,0.08346433937549591
evaluation-9303-tar-000,1,0.19843968749046326
evaluation-9303-non-000,0,0.18160879611968994
evaluation-93034-tar-000,1,0.6107388734817505
evaluation-93034-non-000,0,0.21085011959075928
evaluation-93042-tar-000,1,0.05593108385801315
evaluation-93042-non-000,0,-0.08008738607168198
evaluation-93169-tar-000,1,0.38540589809417725
evaluation-93169-non-000,0,0.24892809987068176
evaluation-93210-tar-000,1,0.1010076254606247
evaluation-93210-non-000,0,0.08187957108020782
evaluation-93279-tar-000,1,0.5985839366912842
evaluation-93279-non-000,0,-0.14430557191371918
evaluation-93375-tar-000,1,0.5718968510627747
evaluation-93375-non-000,0,0.03179343417286873
evaluation-93449-tar-000,1,0.6733652353286743
evaluation-93449-non-000,0,-0.09268151223659515
evaluation-9355-tar-000,1,0.3386952877044678
evaluation-9355-non-000,0,-0.11239588260650635
evaluation-93660-tar-000,1,0.5690741539001465
evaluation-93660-non-000,0,0.10174471139907837
evaluation-93718-tar-000,1,0.3593202233314514
evaluation-93718-non-000,0,-0.06969888508319855
evaluation-93735-tar-000,1,0.06731554120779037
evaluation-93735-non-000,0,0.06546428799629211
evaluation-93740-tar-000,1,0.020384900271892548
evaluation-93740-non-000,0,0.06844989955425262
evaluation-93811-tar-000,1,0.32360637187957764
evaluation-93811-non-000,0,0.05976463109254837
evaluation-93853-tar-000,1,0.3239107131958008
evaluation-93853-non-000,0,-0.20672395825386047
evaluation-93886-tar-000,1,0.5393289923667908
evaluation-93886-non-000,0,0.08978276699781418
evaluation-93930-tar-000,1,0.4605618715286255
evaluation-93930-non-000,0,0.012345876544713974
evaluation-9403-tar-000,1,0.2450210303068161
evaluation-9403-non-000,0,-0.3205387592315674
evaluation-9410-tar-000,1,0.39014145731925964
evaluation-9410-non-000,0,-0.04113628715276718
evaluation-94105-tar-000,1,0.1976647675037384
evaluation-94105-non-000,0,0.2823704183101654
evaluation-94125-tar-000,1,0.11701291054487228
evaluation-94125-non-000,0,0.041144996881484985
evaluation-94226-tar-000,1,0.242257758975029
evaluation-94226-non-000,0,0.03162652626633644
evaluation-94267-tar-000,1,0.2718510329723358
evaluation-94267-non-000,0,0.16463127732276917
evaluation-94270-tar-000,1,0.18117192387580872
evaluation-94270-non-000,0,0.12920142710208893
evaluation-94314-tar-000,1,0.45589762926101685
evaluation-94314-non-000,0,-0.12778176367282867
evaluation-94421-tar-000,1,0.17179910838603973
evaluation-94421-non-000,0,0.009659798815846443
evaluation-94528-tar-000,1,0.4848215878009796
evaluation-94528-non-000,0,0.017994124442338943
evaluation-94550-tar-000,1,0.2049059271812439
evaluation-94550-non-000,0,0.0937374085187912
evaluation-94586-tar-000,1,0.763741135597229
evaluation-94586-non-000,0,-0.07280250638723373
evaluation-94633-tar-000,1,0.24358193576335907
evaluation-94633-non-000,0,-0.10960891097784042
evaluation-94663-tar-000,1,0.2774023115634918
evaluation-94663-non-000,0,-0.05664438754320145
evaluation-94668-tar-000,1,0.6398798227310181
evaluation-94668-non-000,0,-0.09692990034818649
evaluation-9469-tar-000,1,0.10153862833976746
evaluation-9469-non-000,0,0.19501136243343353
evaluation-94740-tar-000,1,0.48646652698516846
evaluation-94740-non-000,0,-0.021611038595438004
evaluation-94828-tar-000,1,0.47304248809814453
evaluation-94828-non-000,0,-0.22715511918067932
evaluation-9485-tar-000,1,0.027615517377853394
evaluation-9485-non-000,0,-0.07892852276563644
evaluation-94855-tar-000,1,0.026874585077166557
evaluation-94855-non-000,0,-0.2972745895385742
evaluation-94971-tar-000,1,-0.07725179940462112
evaluation-94971-non-000,0,-0.18263986706733704
evaluation-95006-tar-000,1,0.42018985748291016
evaluation-95006-non-000,0,0.0034634340554475784
evaluation-95020-tar-000,1,0.2872737944126129
evaluation-95020-non-000,0,-0.08532065898180008
evaluation-95031-tar-000,1,0.2965857982635498
evaluation-95031-non-000,0,0.02321896329522133
evaluation-95045-tar-000,1,0.38580989837646484
evaluation-95045-non-000,0,-0.13032270967960358
evaluation-95072-tar-000,1,0.3077932894229889
evaluation-95072-non-000,0,0.05930120497941971
evaluation-9512-tar-000,1,0.08235029876232147
evaluation-9512-non-000,0,0.0053503913804888725
evaluation-95166-tar-000,1,0.38646212220191956
evaluation-95166-non-000,0,-0.18205109238624573
evaluation-95174-tar-000,1,0.40034034848213196
evaluation-95174-non-000,0,0.09251473844051361
evaluation-95198-tar-000,1,0.29446884989738464
evaluation-95198-non-000,0,0.0005696900188922882
evaluation-9522-tar-000,1,0.49831968545913696
evaluation-9522-non-000,0,0.030174847692251205
evaluation-95229-tar-000,1,0.13292816281318665
evaluation-95229-non-000,0,0.0869828462600708
evaluation-95295-tar-000,1,0.7234378457069397
evaluation-95295-non-000,0,0.01514824852347374
evaluation-95300-tar-000,1,0.6715841293334961
evaluation-95300-non-000,0,0.15371662378311157
evaluation-95303-tar-000,1,0.35817140340805054
evaluation-95303-non-000,0,-0.12513290345668793
evaluation-95328-tar-000,1,0.44288039207458496
evaluation-95328-non-000,0,0.03399404138326645
evaluation-95388-tar-000,1,0.38400620222091675
evaluation-95388-non-000,0,-0.10728634893894196
evaluation-9539-tar-000,1,0.4021678566932678
evaluation-9539-non-000,0,-0.0010669678449630737
evaluation-95424-tar-000,1,0.3983005881309509
evaluation-95424-non-000,0,0.0006389971822500229
evaluation-95459-tar-000,1,0.10297472774982452
evaluation-95459-non-000,0,0.3497377336025238
evaluation-9549-tar-000,1,0.15081371366977692
evaluation-9549-non-000,0,0.04064904898405075
evaluation-95789-tar-000,1,0.1970151662826538
evaluation-95789-non-000,0,0.013682698830962181
evaluation-95962-tar-000,1,0.7496548891067505
evaluation-95962-non-000,0,0.1620025634765625
evaluation-96017-tar-000,1,0.7063760757446289
evaluation-96017-non-000,0,0.08574527502059937
evaluation-96130-tar-000,1,0.3320240378379822
evaluation-96130-non-000,0,-0.07983924448490143
evaluation-9620-tar-000,1,0.5861485600471497
evaluation-9620-non-000,0,-0.2251664102077484
evaluation-96371-tar-000,1,0.3680446147918701
evaluation-96371-non-000,0,0.032746367156505585
evaluation-96418-tar-000,1,0.4713587760925293
evaluation-96418-non-000,0,-0.19873255491256714
evaluation-96443-tar-000,1,0.2365351915359497
evaluation-96443-non-000,0,-0.3266049921512604
evaluation-96577-tar-000,1,0.19445198774337769
evaluation-96577-non-000,0,0.08855245262384415
evaluation-96613-tar-000,1,-0.11265702545642853
evaluation-96613-non-000,0,0.03907473012804985
evaluation-96643-tar-000,1,0.22649481892585754
evaluation-96643-non-000,0,0.24147970974445343
evaluation-9666-tar-000,1,0.5751818418502808
evaluation-9666-non-000,0,0.12089464068412781
evaluation-96665-tar-000,1,0.4177635908126831
evaluation-96665-non-000,0,0.18256308138370514
evaluation-96676-tar-000,1,0.012960163876414299
evaluation-96676-non-000,0,-0.1658279448747635
evaluation-96701-tar-000,1,0.10895036160945892
evaluation-96701-non-000,0,-0.020771540701389313
evaluation-96706-tar-000,1,0.5313400030136108
evaluation-96706-non-000,0,0.2961883246898651
evaluation-96712-tar-000,1,0.3662724494934082
evaluation-96712-non-000,0,0.012727312743663788
evaluation-96767-tar-000,1,0.2720249593257904
evaluation-96767-non-000,0,0.1230437308549881
evaluation-96844-tar-000,1,0.2651774287223816
evaluation-96844-non-000,0,0.13912418484687805
evaluation-9696-tar-000,1,-0.018835879862308502
evaluation-9696-non-000,0,-0.051216010004282
evaluation-96984-tar-000,1,0.6730404496192932
evaluation-96984-non-000,0,0.027927346527576447
evaluation-9705-tar-000,1,0.060670603066682816
evaluation-9705-non-000,0,0.09105680882930756
evaluation-9706-tar-000,1,0.5262226462364197
evaluation-9706-non-000,0,0.15971410274505615
evaluation-97072-tar-000,1,0.42614707350730896
evaluation-97072-non-000,0,0.2075606882572174
evaluation-9737-tar-000,1,0.29239609837532043
evaluation-9737-non-000,0,0.06305386126041412
evaluation-97434-tar-000,1,0.4181417226791382
evaluation-97434-non-000,0,-0.07203885167837143
evaluation-9752-tar-000,1,0.3649062216281891
evaluation-9752-non-000,0,0.010750457644462585
evaluation-97550-tar-000,1,0.30147653818130493
evaluation-97550-non-000,0,-0.11521834135055542
evaluation-97588-tar-000,1,0.7532593607902527
evaluation-97588-non-000,0,0.02731253206729889
evaluation-97624-tar-000,1,0.08340221643447876
evaluation-97624-non-000,0,0.06920965760946274
evaluation-9767-tar-000,1,0.5368289351463318
evaluation-9767-non-000,0,-0.03342939540743828
evaluation-97695-tar-000,1,0.6548846960067749
evaluation-97695-non-000,0,0.04854844510555267
evaluation-97860-tar-000,1,0.32051950693130493
evaluation-97860-non-000,0,0.08775988221168518
evaluation-97937-tar-000,1,0.2884179651737213
evaluation-97937-non-000,0,-0.017330791801214218
evaluation-97953-tar-000,1,0.759060800075531
evaluation-97953-non-000,0,0.1344098150730133
evaluation-9817-tar-000,1,0.16536857187747955
evaluation-9817-non-000,0,0.24939563870429993
evaluation-9830-tar-000,1,0.3758237957954407
evaluation-9830-non-000,0,-0.12194304168224335
evaluation-98327-tar-000,1,0.4612758159637451
evaluation-98327-non-000,0,0.20086708664894104
evaluation-9835-tar-000,1,0.18571269512176514
evaluation-9835-non-000,0,0.08477233350276947
evaluation-98459-tar-000,1,0.09601663053035736
evaluation-98459-non-000,0,0.17069563269615173
evaluation-98514-tar-000,1,0.25461748242378235
evaluation-98514-non-000,0,0.05045878887176514
evaluation-98588-tar-000,1,0.3095476031303406
evaluation-98588-non-000,0,-0.019986195489764214
evaluation-9859-tar-000,1,0.28201043605804443
evaluation-9859-non-000,0,-0.08745402097702026
evaluation-9863-tar-000,1,0.3825787901878357
evaluation-9863-non-000,0,0.08494054526090622
evaluation-9871-tar-000,1,-0.005325773730874062
evaluation-9871-non-000,0,0.059427302330732346
evaluation-9872-tar-000,1,0.35317957401275635
evaluation-9872-non-000,0,-0.10212860256433487
evaluation-98731-tar-000,1,0.28619927167892456
evaluation-98731-non-000,0,-0.11679218709468842
evaluation-98744-tar-000,1,0.32306501269340515
evaluation-98744-non-000,0,-0.061090365052223206
evaluation-98821-tar-000,1,0.20624011754989624
evaluation-98821-non-000,0,-0.13194520771503448
evaluation-99038-tar-000,1,0.2974023222923279
evaluation-99038-non-000,0,-0.0002330094575881958
evaluation-9904-tar-000,1,0.49743497371673584
evaluation-9904-non-000,0,-0.05577702075242996
evaluation-99123-tar-000,1,0.4374171495437622
evaluation-99123-non-000,0,0.025629647076129913
evaluation-99148-tar-000,1,0.5020387768745422
evaluation-99148-non-000,0,-0.056197840720415115
evaluation-9915-tar-000,1,0.19571736454963684
evaluation-9915-non-000,0,-0.10398438572883606
evaluation-99195-tar-000,1,0.14924150705337524
evaluation-99195-non-000,0,0.06431864202022552
evaluation-99206-tar-000,1,0.2649318277835846
evaluation-99206-non-000,0,0.12508979439735413
evaluation-99230-tar-000,1,0.28693926334381104
evaluation-99230-non-000,0,0.23568114638328552
evaluation-99241-tar-000,1,0.3126145899295807
evaluation-99241-non-000,0,-0.04496638476848602
evaluation-9928-tar-000,1,0.1287509799003601
evaluation-9928-non-000,0,0.02154577523469925
evaluation-9932-tar-000,1,0.1650175154209137
evaluation-9932-non-000,0,0.08703750371932983
evaluation-99321-tar-000,1,0.6589193344116211
evaluation-99321-non-000,0,0.2247573882341385
evaluation-99349-tar-000,1,0.45519864559173584
evaluation-99349-non-000,0,0.011242617852985859
evaluation-9946-tar-000,1,0.5474526286125183
evaluation-9946-non-000,0,0.0676422268152237
evaluation-99461-tar-000,1,0.3662574887275696
evaluation-99461-non-000,0,-0.04200109466910362
evaluation-9948-tar-000,1,0.5838935971260071
evaluation-9948-non-000,0,-0.010117925703525543
evaluation-9949-tar-000,1,0.3650212287902832
evaluation-9949-non-000,0,-0.12375284731388092
evaluation-99497-tar-000,1,0.21205434203147888
evaluation-99497-non-000,0,0.1320139765739441
evaluation-99640-tar-000,1,0.3166329264640808
evaluation-99640-non-000,0,0.10081466287374496
evaluation-99692-tar-000,1,0.40692538022994995
evaluation-99692-non-000,0,0.22168251872062683
evaluation-9971-tar-000,1,0.08820666372776031
evaluation-9971-non-000,0,0.177750825881958
evaluation-9972-tar-000,1,0.4581960439682007
evaluation-9972-non-000,0,0.22152958810329437
evaluation-9979-tar-000,1,0.592711865901947
evaluation-9979-non-000,0,0.11029112339019775
evaluation-9985-tar-000,1,0.08782894164323807
evaluation-9985-non-000,0,-0.11354286223649979
evaluation-9993-tar-000,1,0.4766431748867035
evaluation-9993-non-000,0,0.04881410673260689
evaluation-9994-tar-000,1,0.18966124951839447
evaluation-9994-non-000,0,0.04272758588194847
evaluation-99945-tar-000,1,0.6289809346199036
evaluation-99945-non-000,0,-0.040120773017406464
evaluation-99967-tar-000,1,0.34575551748275757
evaluation-99967-non-000,0,-0.023487411439418793
evaluation-9997-tar-000,1,0.4179897904396057
evaluation-9997-non-000,0,0.20638367533683777
