trial_id,label,score
evaluation-1007-tar-000,1,0.5884972810745239
evaluation-1007-non-000,0,0.051329150795936584
evaluation-1008-tar-000,1,0.6685534715652466
evaluation-1008-non-000,0,-0.0497463196516037
evaluation-1013-tar-000,1,0.8044567704200745
evaluation-1013-non-000,0,0.06391430646181107
evaluation-10178-tar-000,1,0.8479097485542297
evaluation-10178-non-000,0,0.05332307517528534
evaluation-1024-tar-000,1,0.44761765003204346
evaluation-1024-non-000,0,0.11874296516180038
evaluation-10282-tar-000,1,0.8238725662231445
evaluation-10282-non-000,0,-0.020621251314878464
evaluation-10346-tar-000,1,0.8066315650939941
evaluation-10346-non-000,0,-0.08265048265457153
evaluation-10406-tar-000,1,0.5303319692611694
evaluation-10406-non-000,0,-0.13071581721305847
evaluation-10428-tar-000,1,0.8263871073722839
evaluation-10428-non-000,0,0.24597971141338348
evaluation-10444-tar-000,1,0.7764940857887268
evaluation-10444-non-000,0,0.07824850082397461
evaluation-10538-tar-000,1,0.7194734215736389
evaluation-10538-non-000,0,0.2121540755033493
evaluation-1055-tar-000,1,0.2534330487251282
evaluation-1055-non-000,0,-0.12232892215251923
evaluation-1056-tar-000,1,0.21944288909435272
evaluation-1056-non-000,0,0.24049952626228333
evaluation-10606-tar-000,1,0.7968417406082153
evaluation-10606-non-000,0,0.34709131717681885
evaluation-1063-tar-000,1,0.835677981376648
evaluation-1063-non-000,0,-0.03750665485858917
evaluation-10642-tar-000,1,0.6287990808486938
evaluation-10642-non-000,0,0.026396427303552628
evaluation-10689-tar-000,1,0.5468193292617798
evaluation-10689-non-000,0,-0.3083753287792206
evaluation-10711-tar-000,1,0.03825366869568825
evaluation-10711-non-000,0,-0.05300666391849518
evaluation-10738-tar-000,1,0.6553184986114502
evaluation-10738-non-000,0,-0.08281257748603821
evaluation-10802-tar-000,1,0.5971580743789673
evaluation-10802-non-000,0,0.03340746462345123
evaluation-10862-tar-000,1,0.7157642841339111
evaluation-10862-non-000,0,-0.19998355209827423
evaluation-10966-tar-000,1,0.6796391010284424
evaluation-10966-non-000,0,0.2492845058441162
evaluation-1100-tar-000,1,0.3489335775375366
evaluation-1100-non-000,0,-0.0320536270737648
evaluation-11060-tar-000,1,0.6209379434585571
evaluation-11060-non-000,0,-0.0016821008175611496
evaluation-11126-tar-000,1,0.7007585763931274
evaluation-11126-non-000,0,0.002133771777153015
evaluation-11189-tar-000,1,0.6786662340164185
evaluation-11189-non-000,0,0.07422971725463867
evaluation-1122-tar-000,1,0.6677963137626648
evaluation-1122-non-000,0,-0.049796637147665024
evaluation-1130-tar-000,1,0.8781689405441284
evaluation-1130-non-000,0,-0.10683093219995499
evaluation-11392-tar-000,1,0.5757506489753723
evaluation-11392-non-000,0,0.17165078222751617
evaluation-11485-tar-000,1,0.7489137649536133
evaluation-11485-non-000,0,-0.04090443253517151
evaluation-11513-tar-000,1,0.7373972535133362
evaluation-11513-non-000,0,0.08418125659227371
evaluation-1162-tar-000,1,0.7120640277862549
evaluation-1162-non-000,0,0.1806277632713318
evaluation-11647-tar-000,1,0.6277983784675598
evaluation-11647-non-000,0,-0.04150617495179176
evaluation-1165-tar-000,1,0.8013684153556824
evaluation-1165-non-000,0,-0.10320273041725159
evaluation-11664-tar-000,1,0.5899575352668762
evaluation-11664-non-000,0,0.3855719566345215
evaluation-1169-tar-000,1,0.6497447490692139
evaluation-1169-non-000,0,0.13679300248622894
evaluation-11757-tar-000,1,0.8216391205787659
evaluation-11757-non-000,0,0.12418784201145172
evaluation-11845-tar-000,1,0.802535891532898
evaluation-11845-non-000,0,-0.1340073049068451
evaluation-1198-tar-000,1,0.8238871693611145
evaluation-1198-non-000,0,0.09142378717660904
evaluation-1203-tar-000,1,0.4143288731575012
evaluation-1203-non-000,0,-0.050624653697013855
evaluation-12106-tar-000,1,0.6567581295967102
evaluation-12106-non-000,0,-0.12046179175376892
evaluation-12112-tar-000,1,0.742599368095398
evaluation-12112-non-000,0,0.2938927710056305
evaluation-12156-tar-000,1,0.7989329695701599
evaluation-12156-non-000,0,0.28608429431915283
evaluation-12197-tar-000,1,0.4742644429206848
evaluation-12197-non-000,0,0.09641395509243011
evaluation-12210-tar-000,1,0.6649993062019348
evaluation-12210-non-000,0,0.034972526133060455
evaluation-12224-tar-000,1,0.39080196619033813
evaluation-12224-non-000,0,0.23411448299884796
evaluation-12323-tar-000,1,0.902254581451416
evaluation-12323-non-000,0,-0.18102800846099854
evaluation-1235-tar-000,1,0.49216485023498535
evaluation-1235-non-000,0,-0.14054277539253235
evaluation-1238-tar-000,1,0.6821246147155762
evaluation-1238-non-000,0,-0.16076019406318665
evaluation-12395-tar-000,1,0.7624315023422241
evaluation-12395-non-000,0,-0.0862172394990921
evaluation-12408-tar-000,1,0.7281391620635986
evaluation-12408-non-000,0,0.1014675498008728
evaluation-12414-tar-000,1,0.7355594635009766
evaluation-12414-non-000,0,0.04819606617093086
evaluation-12661-tar-000,1,0.7015311121940613
evaluation-12661-non-000,0,-0.028625687584280968
evaluation-12666-tar-000,1,0.38958239555358887
evaluation-12666-non-000,0,0.010965821333229542
evaluation-12669-tar-000,1,0.4408268332481384
evaluation-12669-non-000,0,-0.07346208393573761
evaluation-1270-tar-000,1,0.6299251317977905
evaluation-1270-non-000,0,-0.13960155844688416
evaluation-1274-tar-000,1,0.7204817533493042
evaluation-1274-non-000,0,-0.36956414580345154
evaluation-12796-tar-000,1,0.7104460000991821
evaluation-12796-non-000,0,-0.04913124814629555
evaluation-12807-tar-000,1,0.6615195274353027
evaluation-12807-non-000,0,-0.009429406374692917
evaluation-12828-tar-000,1,0.7322654724121094
evaluation-12828-non-000,0,0.1083240881562233
evaluation-12919-tar-000,1,0.4625675678253174
evaluation-12919-non-000,0,0.14947666227817535
evaluation-1297-tar-000,1,0.8528029322624207
evaluation-1297-non-000,0,0.1082935780286789
evaluation-1303-tar-000,1,0.5743376016616821
evaluation-1303-non-000,0,-0.030737852677702904
evaluation-13194-tar-000,1,0.27528664469718933
evaluation-13194-non-000,0,0.1324988305568695
evaluation-1320-tar-000,1,0.6197845935821533
evaluation-1320-non-000,0,-0.1363619565963745
evaluation-13298-tar-000,1,0.5943124890327454
evaluation-13298-non-000,0,-0.052555281668901443
evaluation-1334-tar-000,1,0.5629409551620483
evaluation-1334-non-000,0,0.12136330455541611
evaluation-13663-tar-000,1,0.8119231462478638
evaluation-13663-non-000,0,-0.04811643064022064
evaluation-13666-tar-000,1,0.8238890171051025
evaluation-13666-non-000,0,-0.14485159516334534
evaluation-13707-tar-000,1,0.5938068628311157
evaluation-13707-non-000,0,0.210138738155365
evaluation-1372-tar-000,1,0.48658815026283264
evaluation-1372-non-000,0,-0.17327293753623962
evaluation-13754-tar-000,1,0.7402675151824951
evaluation-13754-non-000,0,0.13869988918304443
evaluation-13806-tar-000,1,0.8170303702354431
evaluation-13806-non-000,0,0.10088227689266205
evaluation-13839-tar-000,1,0.5719077587127686
evaluation-13839-non-000,0,-0.16183197498321533
evaluation-13985-tar-000,1,0.32002732157707214
evaluation-13985-non-000,0,-0.07239334285259247
evaluation-14001-tar-000,1,0.5994431972503662
evaluation-14001-non-000,0,0.16805455088615417
evaluation-1401-tar-000,1,0.4842691421508789
evaluation-1401-non-000,0,0.11845243722200394
evaluation-14075-tar-000,1,0.7853661775588989
evaluation-14075-non-000,0,-0.04273328185081482
evaluation-1409-tar-000,1,0.8660556077957153
evaluation-1409-non-000,0,0.05511753261089325
evaluation-14106-tar-000,1,0.589404284954071
evaluation-14106-non-000,0,-0.10423226654529572
evaluation-1414-tar-000,1,0.7460206747055054
evaluation-1414-non-000,0,-0.12574264407157898
evaluation-14259-tar-000,1,0.48960021138191223
evaluation-14259-non-000,0,0.07803751528263092
evaluation-14430-tar-000,1,0.7755944728851318
evaluation-14430-non-000,0,0.0570237897336483
evaluation-14737-tar-000,1,0.7516112923622131
evaluation-14737-non-000,0,-0.07786601781845093
evaluation-1475-tar-000,1,0.5292569398880005
evaluation-1475-non-000,0,0.5264385938644409
evaluation-14790-tar-000,1,0.5611468553543091
evaluation-14790-non-000,0,0.34395164251327515
evaluation-1480-tar-000,1,0.5216972827911377
evaluation-1480-non-000,0,0.08105570077896118
evaluation-14869-tar-000,1,0.2689554691314697
evaluation-14869-non-000,0,0.07106781005859375
evaluation-14875-tar-000,1,0.5386621356010437
evaluation-14875-non-000,0,0.06507830321788788
evaluation-14877-tar-000,1,0.5620690584182739
evaluation-14877-non-000,0,0.03896263614296913
evaluation-14888-tar-000,1,0.769538402557373
evaluation-14888-non-000,0,0.002974860370159149
evaluation-14987-tar-000,1,0.8261022567749023
evaluation-14987-non-000,0,0.09681546688079834
evaluation-1507-tar-000,1,0.47369199991226196
evaluation-1507-non-000,0,-0.07563193142414093
evaluation-15073-tar-000,1,0.8413370847702026
evaluation-15073-non-000,0,-0.07488641142845154
evaluation-15133-tar-000,1,0.5120694637298584
evaluation-15133-non-000,0,-0.08254348486661911
evaluation-15169-tar-000,1,0.6681215763092041
evaluation-15169-non-000,0,-0.13797397911548615
evaluation-15180-tar-000,1,0.45420730113983154
evaluation-15180-non-000,0,-0.15921537578105927
evaluation-1522-tar-000,1,0.8566739559173584
evaluation-1522-non-000,0,-0.006053123623132706
evaluation-1524-tar-000,1,0.7040992975234985
evaluation-1524-non-000,0,-0.06251948326826096
evaluation-15243-tar-000,1,0.7121621966362
evaluation-15243-non-000,0,0.020294424146413803
evaluation-15298-tar-000,1,0.7478072643280029
evaluation-15298-non-000,0,-0.05056029558181763
evaluation-1539-tar-000,1,0.3740517497062683
evaluation-1539-non-000,0,0.076785147190094
evaluation-15462-tar-000,1,0.32213783264160156
evaluation-15462-non-000,0,0.11419802159070969
evaluation-1548-tar-000,1,0.6646864414215088
evaluation-1548-non-000,0,0.04633483290672302
evaluation-15501-tar-000,1,0.7015399932861328
evaluation-15501-non-000,0,0.06185360625386238
evaluation-15515-tar-000,1,0.35481178760528564
evaluation-15515-non-000,0,-0.1642727255821228
evaluation-1554-tar-000,1,0.797714114189148
evaluation-1554-non-000,0,-0.04356783628463745
evaluation-15570-tar-000,1,0.7942785024642944
evaluation-15570-non-000,0,0.12867867946624756
evaluation-15581-tar-000,1,0.27914708852767944
evaluation-15581-non-000,0,0.019355233758687973
evaluation-15600-tar-000,1,0.44824501872062683
evaluation-15600-non-000,0,-0.0713765025138855
evaluation-15699-tar-000,1,0.6482119560241699
evaluation-15699-non-000,0,0.06305800378322601
evaluation-15817-tar-000,1,0.7308818101882935
evaluation-15817-non-000,0,0.14285658299922943
evaluation-15839-tar-000,1,0.7592099905014038
evaluation-15839-non-000,0,-0.08968330919742584
evaluation-15855-tar-000,1,0.82377028465271
evaluation-15855-non-000,0,-0.17070814967155457
evaluation-15866-tar-000,1,0.8448845148086548
evaluation-15866-non-000,0,0.1978345513343811
evaluation-15885-tar-000,1,0.6387448310852051
evaluation-15885-non-000,0,0.04651215299963951
evaluation-15993-tar-000,1,0.8577206134796143
evaluation-15993-non-000,0,0.05226634815335274
evaluation-1603-tar-000,1,0.6778664588928223
evaluation-1603-non-000,0,-0.23397201299667358
evaluation-16223-tar-000,1,0.6144228577613831
evaluation-16223-non-000,0,0.17695587873458862
evaluation-1631-tar-000,1,0.8402586579322815
evaluation-1631-non-000,0,-0.2667248845100403
evaluation-1632-tar-000,1,0.4620939791202545
evaluation-1632-non-000,0,0.12027188390493393
evaluation-1633-tar-000,1,0.8098581433296204
evaluation-1633-non-000,0,0.010926593095064163
evaluation-1646-tar-000,1,0.8204247951507568
evaluation-1646-non-000,0,0.02671123296022415
evaluation-16473-tar-000,1,0.6389731168746948
evaluation-16473-non-000,0,0.30058759450912476
evaluation-16490-tar-000,1,0.8071321249008179
evaluation-16490-non-000,0,0.05543522536754608
evaluation-1650-tar-000,1,0.6219992637634277
evaluation-1650-non-000,0,0.036719102412462234
evaluation-16520-tar-000,1,0.8322476148605347
evaluation-16520-non-000,0,0.23341919481754303
evaluation-16608-tar-000,1,0.6622575521469116
evaluation-16608-non-000,0,0.024241745471954346
evaluation-16635-tar-000,1,0.7087823152542114
evaluation-16635-non-000,0,0.05698949843645096
evaluation-16665-tar-000,1,0.7747061252593994
evaluation-16665-non-000,0,0.0043078139424324036
evaluation-1681-tar-000,1,0.7688563466072083
evaluation-1681-non-000,0,-0.08843153715133667
evaluation-16849-tar-000,1,0.709645688533783
evaluation-16849-non-000,0,-0.07988038659095764
evaluation-16855-tar-000,1,0.8431520462036133
evaluation-16855-non-000,0,0.016010664403438568
evaluation-16976-tar-000,1,0.8114908933639526
evaluation-16976-non-000,0,-0.013917079195380211
evaluation-1707-tar-000,1,0.8228545188903809
evaluation-1707-non-000,0,0.21941156685352325
evaluation-17121-tar-000,1,0.750464677810669
evaluation-17121-non-000,0,0.32149097323417664
evaluation-17163-tar-000,1,0.8365349173545837
evaluation-17163-non-000,0,0.3513393998146057
evaluation-17165-tar-000,1,0.5636000037193298
evaluation-17165-non-000,0,0.06071510910987854
evaluation-17182-tar-000,1,0.5332960486412048
evaluation-17182-non-000,0,0.15431061387062073
evaluation-17717-tar-000,1,0.8554868102073669
evaluation-17717-non-000,0,0.08299794793128967
evaluation-1777-tar-000,1,0.8354144096374512
evaluation-1777-non-000,0,-0.11613427102565765
evaluation-1778-tar-000,1,0.5830199122428894
evaluation-1778-non-000,0,-0.0864742249250412
evaluation-1780-tar-000,1,0.7932913899421692
evaluation-1780-non-000,0,0.044708941131830215
evaluation-17805-tar-000,1,0.5437309741973877
evaluation-17805-non-000,0,0.18266412615776062
evaluation-1781-tar-000,1,0.7457823753356934
evaluation-1781-non-000,0,0.005054159089922905
evaluation-17871-tar-000,1,0.6914637088775635
evaluation-17871-non-000,0,0.01493055745959282
evaluation-1790-tar-000,1,0.829554557800293
evaluation-1790-non-000,0,0.15574127435684204
evaluation-17918-tar-000,1,0.6204483509063721
evaluation-17918-non-000,0,0.16837620735168457
evaluation-17970-tar-000,1,0.35618895292282104
evaluation-17970-non-000,0,0.25110292434692383
evaluation-1800-tar-000,1,0.7170572280883789
evaluation-1800-non-000,0,0.043498530983924866
evaluation-18041-tar-000,1,0.421179860830307
evaluation-18041-non-000,0,-0.17087458074092865
evaluation-1812-tar-000,1,0.4560699164867401
evaluation-1812-non-000,0,0.011401825584471226
evaluation-18146-tar-000,1,0.8186647891998291
evaluation-18146-non-000,0,-0.08585318177938461
evaluation-18176-tar-000,1,0.7433216571807861
evaluation-18176-non-000,0,0.2715284526348114
evaluation-1818-tar-000,1,0.6185522675514221
evaluation-1818-non-000,0,-0.11187651753425598
evaluation-18245-tar-000,1,0.8466302156448364
evaluation-18245-non-000,0,-0.0606248565018177
evaluation-18286-tar-000,1,0.6564230918884277
evaluation-18286-non-000,0,-0.14896640181541443
evaluation-18294-tar-000,1,0.6826273798942566
evaluation-18294-non-000,0,-0.09738855808973312
evaluation-18390-tar-000,1,0.7116223573684692
evaluation-18390-non-000,0,0.1593640148639679
evaluation-18407-tar-000,1,0.7384177446365356
evaluation-18407-non-000,0,0.2571159601211548
evaluation-1845-tar-000,1,0.3299545645713806
evaluation-1845-non-000,0,-0.19017739593982697
evaluation-1847-tar-000,1,0.2613464593887329
evaluation-1847-non-000,0,-0.026769211515784264
evaluation-1859-tar-000,1,0.4917071461677551
evaluation-1859-non-000,0,0.21710659563541412
evaluation-1868-tar-000,1,0.7364356517791748
evaluation-1868-non-000,0,0.137700155377388
evaluation-18708-tar-000,1,0.15780852735042572
evaluation-18708-non-000,0,-0.020264288410544395
evaluation-18835-tar-000,1,0.7337816953659058
evaluation-18835-non-000,0,0.062456004321575165
evaluation-1896-tar-000,1,0.8775652050971985
evaluation-1896-non-000,0,0.0724504292011261
evaluation-1904-tar-000,1,0.7050721645355225
evaluation-1904-non-000,0,0.13405802845954895
evaluation-19077-tar-000,1,0.18344664573669434
evaluation-19077-non-000,0,-0.09509710967540741
evaluation-19288-tar-000,1,0.6688641309738159
evaluation-19288-non-000,0,-0.11796142160892487
evaluation-19371-tar-000,1,0.8078902959823608
evaluation-19371-non-000,0,0.12122460454702377
evaluation-19407-tar-000,1,0.3953334391117096
evaluation-19407-non-000,0,0.12561768293380737
evaluation-19549-tar-000,1,0.8428157567977905
evaluation-19549-non-000,0,0.0317390151321888
evaluation-1958-tar-000,1,0.7026339769363403
evaluation-1958-non-000,0,-0.02649141103029251
evaluation-1960-tar-000,1,0.6017889380455017
evaluation-1960-non-000,0,-0.009469456970691681
evaluation-19659-tar-000,1,0.7990429401397705
evaluation-19659-non-000,0,-0.13254114985466003
evaluation-19714-tar-000,1,0.7357739806175232
evaluation-19714-non-000,0,0.07790378481149673
evaluation-19761-tar-000,1,0.7867534756660461
evaluation-19761-non-000,0,-0.12015937268733978
evaluation-19819-tar-000,1,0.6880980730056763
evaluation-19819-non-000,0,0.03284861147403717
evaluation-19865-tar-000,1,0.39369234442710876
evaluation-19865-non-000,0,0.07531511783599854
evaluation-1994-tar-000,1,0.43345335125923157
evaluation-1994-non-000,0,-0.021503891795873642
evaluation-20000-tar-000,1,0.8385627269744873
evaluation-20000-non-000,0,-0.053827621042728424
evaluation-2020-tar-000,1,0.7230212092399597
evaluation-2020-non-000,0,0.002385476604104042
evaluation-20244-tar-000,1,0.7098599076271057
evaluation-20244-non-000,0,0.17258091270923615
evaluation-2037-tar-000,1,0.7832245826721191
evaluation-2037-non-000,0,0.06282457709312439
evaluation-20458-tar-000,1,0.5934455990791321
evaluation-20458-non-000,0,0.18130433559417725
evaluation-20461-tar-000,1,0.6044373512268066
evaluation-20461-non-000,0,-0.07746705412864685
evaluation-2059-tar-000,1,0.2195279896259308
evaluation-2059-non-000,0,0.02112680673599243
evaluation-20667-tar-000,1,0.6407942771911621
evaluation-20667-non-000,0,0.11591123044490814
evaluation-20673-tar-000,1,0.06232881918549538
evaluation-20673-non-000,0,-0.08044299483299255
evaluation-2077-tar-000,1,0.786602258682251
evaluation-2077-non-000,0,-0.03177124261856079
evaluation-20870-tar-000,1,0.8034530878067017
evaluation-20870-non-000,0,-0.1309013068675995
evaluation-20881-tar-000,1,0.8782864809036255
evaluation-20881-non-000,0,0.28166675567626953
evaluation-2090-tar-000,1,0.44070202112197876
evaluation-2090-non-000,0,-0.010694339871406555
evaluation-2092-tar-000,1,0.6051744222640991
evaluation-2092-non-000,0,-0.048542845994234085
evaluation-2093-tar-000,1,0.6950281858444214
evaluation-2093-non-000,0,0.014820205979049206
evaluation-2094-tar-000,1,0.6751144528388977
evaluation-2094-non-000,0,-0.04413074254989624
evaluation-20947-tar-000,1,0.5098154544830322
evaluation-20947-non-000,0,-0.0242672860622406
evaluation-21041-tar-000,1,0.790865421295166
evaluation-21041-non-000,0,-0.3657214045524597
evaluation-21082-tar-000,1,0.85393226146698
evaluation-21082-non-000,0,0.12095839530229568
evaluation-21120-tar-000,1,0.7769648432731628
evaluation-21120-non-000,0,-0.16714847087860107
evaluation-21181-tar-000,1,0.6995247006416321
evaluation-21181-non-000,0,0.1571129858493805
evaluation-2124-tar-000,1,0.816066324710846
evaluation-2124-non-000,0,0.06828541308641434
evaluation-21258-tar-000,1,0.5202791690826416
evaluation-21258-non-000,0,0.005871567875146866
evaluation-21280-tar-000,1,0.21168799698352814
evaluation-21280-non-000,0,0.1692975014448166
evaluation-2130-tar-000,1,0.6779221892356873
evaluation-2130-non-000,0,0.2103642374277115
evaluation-21403-tar-000,1,0.21123619377613068
evaluation-21403-non-000,0,0.009467002004384995
evaluation-2159-tar-000,1,0.7054440379142761
evaluation-2159-non-000,0,0.1156507134437561
evaluation-21629-tar-000,1,0.23654583096504211
evaluation-21629-non-000,0,-0.22657477855682373
evaluation-2168-tar-000,1,0.7339093685150146
evaluation-2168-non-000,0,0.1446879506111145
evaluation-2171-tar-000,1,0.581012487411499
evaluation-2171-non-000,0,-0.11315149068832397
evaluation-2181-tar-000,1,0.7316617965698242
evaluation-2181-non-000,0,0.16946783661842346
evaluation-2186-tar-000,1,0.5402263402938843
evaluation-2186-non-000,0,-0.01410689577460289
evaluation-21928-tar-000,1,0.7731589674949646
evaluation-21928-non-000,0,-0.0681685209274292
evaluation-2196-tar-000,1,0.7616075873374939
evaluation-2196-non-000,0,-0.08923615515232086
evaluation-21969-tar-000,1,0.774375319480896
evaluation-21969-non-000,0,0.23353199660778046
evaluation-2199-tar-000,1,0.4900507926940918
evaluation-2199-non-000,0,0.037516381591558456
evaluation-21991-tar-000,1,0.7243586778640747
evaluation-21991-non-000,0,0.20353156328201294
evaluation-2200-tar-000,1,0.40969160199165344
evaluation-2200-non-000,0,-0.0854388177394867
evaluation-22062-tar-000,1,0.18588334321975708
evaluation-22062-non-000,0,0.028646664693951607
evaluation-22090-tar-000,1,0.791662871837616
evaluation-22090-non-000,0,-0.09183427691459656
evaluation-22134-tar-000,1,0.8208166360855103
evaluation-22134-non-000,0,0.07935494184494019
evaluation-22142-tar-000,1,0.8206974267959595
evaluation-22142-non-000,0,0.02465829811990261
evaluation-22290-tar-000,1,0.7393433451652527
evaluation-22290-non-000,0,-0.17096906900405884
evaluation-2233-tar-000,1,0.742855429649353
evaluation-2233-non-000,0,-0.09469513595104218
evaluation-22345-tar-000,1,0.4329667389392853
evaluation-22345-non-000,0,0.06382791697978973
evaluation-22365-tar-000,1,0.7173057198524475
evaluation-22365-non-000,0,-0.03355034440755844
evaluation-22483-tar-000,1,0.5392465591430664
evaluation-22483-non-000,0,-0.05313915014266968
evaluation-22521-tar-000,1,0.6819435358047485
evaluation-22521-non-000,0,-0.0931897759437561
evaluation-22595-tar-000,1,0.7541896104812622
evaluation-22595-non-000,0,0.11541634798049927
evaluation-22738-tar-000,1,0.6441632509231567
evaluation-22738-non-000,0,-0.16344299912452698
evaluation-22760-tar-000,1,0.7917011976242065
evaluation-22760-non-000,0,-0.1413157731294632
evaluation-2290-tar-000,1,0.6921367645263672
evaluation-2290-non-000,0,-0.0503019243478775
evaluation-2291-tar-000,1,0.7282937169075012
evaluation-2291-non-000,0,0.14650943875312805
evaluation-22988-tar-000,1,0.747596025466919
evaluation-22988-non-000,0,-0.18433916568756104
evaluation-2305-tar-000,1,0.8271530270576477
evaluation-2305-non-000,0,0.25078311562538147
evaluation-23051-tar-000,1,0.5238221287727356
evaluation-23051-non-000,0,0.00853387638926506
evaluation-23200-tar-000,1,0.6368279457092285
evaluation-23200-non-000,0,-0.09244642406702042
evaluation-23224-tar-000,1,0.6414098143577576
evaluation-23224-non-000,0,-0.2637224793434143
evaluation-23246-tar-000,1,0.6885077953338623
evaluation-23246-non-000,0,-0.0886460542678833
evaluation-2327-tar-000,1,0.7459625005722046
evaluation-2327-non-000,0,-0.0029114950448274612
evaluation-23406-tar-000,1,0.5894507169723511
evaluation-23406-non-000,0,0.06739360094070435
evaluation-23422-tar-000,1,0.7237390279769897
evaluation-23422-non-000,0,-0.1198999434709549
evaluation-2346-tar-000,1,0.31285810470581055
evaluation-2346-non-000,0,-0.3713572323322296
evaluation-23482-tar-000,1,0.5210204720497131
evaluation-23482-non-000,0,-0.04547097161412239
evaluation-2349-tar-000,1,0.2914719581604004
evaluation-2349-non-000,0,0.01889801397919655
evaluation-23510-tar-000,1,0.5356745719909668
evaluation-23510-non-000,0,0.2557312846183777
evaluation-23623-tar-000,1,0.7560002207756042
evaluation-23623-non-000,0,-0.01436660811305046
evaluation-2363-tar-000,1,0.672761857509613
evaluation-2363-non-000,0,0.12069985270500183
evaluation-23721-tar-000,1,0.7277655601501465
evaluation-23721-non-000,0,0.08771590143442154
evaluation-23743-tar-000,1,0.2520562708377838
evaluation-23743-non-000,0,0.11645016074180603
evaluation-23845-tar-000,1,0.5181131958961487
evaluation-23845-non-000,0,-0.06572133302688599
evaluation-23878-tar-000,1,0.43099483847618103
evaluation-23878-non-000,0,0.03587023913860321
evaluation-2389-tar-000,1,0.7597869038581848
evaluation-2389-non-000,0,0.2505720853805542
evaluation-23988-tar-000,1,0.8282802104949951
evaluation-23988-non-000,0,-0.0036826562136411667
evaluation-2400-tar-000,1,0.6974470615386963
evaluation-2400-non-000,0,0.2242310345172882
evaluation-24035-tar-000,1,0.6859156489372253
evaluation-24035-non-000,0,-0.18918383121490479
evaluation-24054-tar-000,1,0.7215762734413147
evaluation-24054-non-000,0,0.16759905219078064
evaluation-24117-tar-000,1,0.6936469674110413
evaluation-24117-non-000,0,0.07997072488069534
evaluation-24158-tar-000,1,0.7121555805206299
evaluation-24158-non-000,0,-0.14992260932922363
evaluation-2421-tar-000,1,0.5949702858924866
evaluation-2421-non-000,0,-0.1871686577796936
evaluation-24241-tar-000,1,0.6314001679420471
evaluation-24241-non-000,0,-0.046463821083307266
evaluation-2427-tar-000,1,0.5991921424865723
evaluation-2427-non-000,0,-0.24610118567943573
evaluation-2451-tar-000,1,0.5811392068862915
evaluation-2451-non-000,0,-0.008419971913099289
evaluation-24512-tar-000,1,0.7314735651016235
evaluation-24512-non-000,0,0.16573618352413177
evaluation-24526-tar-000,1,0.7425157427787781
evaluation-24526-non-000,0,-0.1467421054840088
evaluation-24534-tar-000,1,0.7706950902938843
evaluation-24534-non-000,0,0.2252790629863739
evaluation-2454-tar-000,1,0.6111438274383545
evaluation-2454-non-000,0,-0.042577825486660004
evaluation-2455-tar-000,1,0.6683163642883301
evaluation-2455-non-000,0,0.12373355776071548
evaluation-24584-tar-000,1,0.4110022187232971
evaluation-24584-non-000,0,0.015746254473924637
evaluation-24620-tar-000,1,0.24488157033920288
evaluation-24620-non-000,0,0.20979875326156616
evaluation-2467-tar-000,1,0.24576997756958008
evaluation-2467-non-000,0,0.036376334726810455
evaluation-24688-tar-000,1,0.1681845337152481
evaluation-24688-non-000,0,0.006973325740545988
evaluation-24699-tar-000,1,0.7131506204605103
evaluation-24699-non-000,0,0.23054246604442596
evaluation-2473-tar-000,1,0.4591766595840454
evaluation-2473-non-000,0,0.004947025328874588
evaluation-2481-tar-000,1,0.3993763327598572
evaluation-2481-non-000,0,-0.007804499939084053
evaluation-2487-tar-000,1,0.7015601396560669
evaluation-2487-non-000,0,0.07374230027198792
evaluation-24872-tar-000,1,0.4832339286804199
evaluation-24872-non-000,0,-0.17316243052482605
evaluation-24875-tar-000,1,0.4869532585144043
evaluation-24875-non-000,0,0.25766080617904663
evaluation-24916-tar-000,1,0.5414773225784302
evaluation-24916-non-000,0,0.2142205685377121
evaluation-25070-tar-000,1,0.68928462266922
evaluation-25070-non-000,0,0.10532572865486145
evaluation-2509-tar-000,1,0.36768078804016113
evaluation-2509-non-000,0,0.15574651956558228
evaluation-2515-tar-000,1,0.5247790813446045
evaluation-2515-non-000,0,0.0970490574836731
evaluation-25185-tar-000,1,0.7234827876091003
evaluation-25185-non-000,0,-0.05717035010457039
evaluation-25284-tar-000,1,0.5775209665298462
evaluation-25284-non-000,0,0.022280894219875336
evaluation-25295-tar-000,1,0.7287483215332031
evaluation-25295-non-000,0,0.12074050307273865
evaluation-25323-tar-000,1,0.7605303525924683
evaluation-25323-non-000,0,-0.07019847631454468
evaluation-2544-tar-000,1,0.8123806715011597
evaluation-2544-non-000,0,-0.11295364797115326
evaluation-25485-tar-000,1,0.6891995072364807
evaluation-25485-non-000,0,0.24742406606674194
evaluation-25586-tar-000,1,0.5983827114105225
evaluation-25586-non-000,0,0.10280020534992218
evaluation-25619-tar-000,1,0.3785216808319092
evaluation-25619-non-000,0,0.17378568649291992
evaluation-2565-tar-000,1,0.4639165699481964
evaluation-2565-non-000,0,-0.15013530850410461
evaluation-25748-tar-000,1,0.5822362899780273
evaluation-25748-non-000,0,-0.10064458847045898
evaluation-25960-tar-000,1,0.7590742111206055
evaluation-25960-non-000,0,0.2567030191421509
evaluation-2602-tar-000,1,0.829688549041748
evaluation-2602-non-000,0,0.19840788841247559
evaluation-2610-tar-000,1,0.5410354137420654
evaluation-2610-non-000,0,0.15535300970077515
evaluation-26125-tar-000,1,0.5190146565437317
evaluation-26125-non-000,0,0.01805843412876129
evaluation-26138-tar-000,1,0.5336483716964722
evaluation-26138-non-000,0,0.04004605486989021
evaluation-26158-tar-000,1,0.6160947680473328
evaluation-26158-non-000,0,-0.15735170245170593
evaluation-2618-tar-000,1,0.7728356122970581
evaluation-2618-non-000,0,-0.05211088806390762
evaluation-26221-tar-000,1,0.3999307155609131
evaluation-26221-non-000,0,-0.0682462751865387
evaluation-26287-tar-000,1,0.6130257844924927
evaluation-26287-non-000,0,0.0801430344581604
evaluation-26435-tar-000,1,0.6736552715301514
evaluation-26435-non-000,0,-0.04227032884955406
evaluation-26443-tar-000,1,0.38194698095321655
evaluation-26443-non-000,0,0.15479245781898499
evaluation-26454-tar-000,1,0.3668788969516754
evaluation-26454-non-000,0,-0.04562367498874664
evaluation-26473-tar-000,1,0.6390070915222168
evaluation-26473-non-000,0,-0.13105982542037964
evaluation-26501-tar-000,1,0.7708068490028381
evaluation-26501-non-000,0,-0.00990891270339489
evaluation-26545-tar-000,1,0.17621943354606628
evaluation-26545-non-000,0,0.2683868408203125
evaluation-26666-tar-000,1,0.7735073566436768
evaluation-26666-non-000,0,-0.0871497169137001
evaluation-26679-tar-000,1,0.7793084979057312
evaluation-26679-non-000,0,-0.14165256917476654
evaluation-2674-tar-000,1,0.4675569534301758
evaluation-2674-non-000,0,-0.02411826327443123
evaluation-2689-tar-000,1,0.6673591136932373
evaluation-2689-non-000,0,-0.015953756868839264
evaluation-26894-tar-000,1,0.6412519216537476
evaluation-26894-non-000,0,0.2542956471443176
evaluation-2699-tar-000,1,0.7819550037384033
evaluation-2699-non-000,0,0.04262327775359154
evaluation-2707-tar-000,1,0.5954169631004333
evaluation-2707-non-000,0,-0.1019563153386116
evaluation-27124-tar-000,1,0.6860644817352295
evaluation-27124-non-000,0,-0.023696094751358032
evaluation-27135-tar-000,1,0.5017701387405396
evaluation-27135-non-000,0,0.3851753771305084
evaluation-2714-tar-000,1,0.8284388780593872
evaluation-2714-non-000,0,0.10718117654323578
evaluation-27199-tar-000,1,0.5929855108261108
evaluation-27199-non-000,0,0.04566958546638489
evaluation-2739-tar-000,1,0.4407503306865692
evaluation-2739-non-000,0,0.10647904872894287
evaluation-2752-tar-000,1,0.5380228757858276
evaluation-2752-non-000,0,0.060363419353961945
evaluation-2762-tar-000,1,0.6960831880569458
evaluation-2762-non-000,0,-0.09808991849422455
evaluation-2775-tar-000,1,0.5772141218185425
evaluation-2775-non-000,0,-0.13604636490345
evaluation-27811-tar-000,1,0.7928811311721802
evaluation-27811-non-000,0,0.019477922469377518
evaluation-27932-tar-000,1,0.6705100536346436
evaluation-27932-non-000,0,-0.2733154892921448
evaluation-27943-tar-000,1,0.5037441253662109
evaluation-27943-non-000,0,-0.04364350810647011
evaluation-27979-tar-000,1,0.26481664180755615
evaluation-27979-non-000,0,-0.15782099962234497
evaluation-28017-tar-000,1,0.5853495597839355
evaluation-28017-non-000,0,0.3996158838272095
evaluation-28028-tar-000,1,0.7186719179153442
evaluation-28028-non-000,0,-0.03966891020536423
evaluation-28053-tar-000,1,0.7285956144332886
evaluation-28053-non-000,0,-0.1275883913040161
evaluation-2806-tar-000,1,0.1505555361509323
evaluation-2806-non-000,0,0.10027749091386795
evaluation-28086-tar-000,1,0.2715577185153961
evaluation-28086-non-000,0,0.3308979868888855
evaluation-28105-tar-000,1,0.5977898836135864
evaluation-28105-non-000,0,-0.3049161732196808
evaluation-28152-tar-000,1,0.720630407333374
evaluation-28152-non-000,0,0.08874969184398651
evaluation-28182-tar-000,1,0.8864613771438599
evaluation-28182-non-000,0,-0.06322553008794785
evaluation-28248-tar-000,1,0.62762451171875
evaluation-28248-non-000,0,0.01729987934231758
evaluation-2831-tar-000,1,0.5725070238113403
evaluation-2831-non-000,0,-0.10956035554409027
evaluation-28338-tar-000,1,0.736173689365387
evaluation-28338-non-000,0,-0.013178134337067604
evaluation-28679-tar-000,1,0.28650349378585815
evaluation-28679-non-000,0,-0.09420762211084366
evaluation-28682-tar-000,1,0.7279399633407593
evaluation-28682-non-000,0,0.1830657571554184
evaluation-28750-tar-000,1,0.8145049214363098
evaluation-28750-non-000,0,-0.12114517390727997
evaluation-28781-tar-000,1,0.4817046523094177
evaluation-28781-non-000,0,0.31081581115722656
evaluation-28822-tar-000,1,0.4438565969467163
evaluation-28822-non-000,0,0.03911295160651207
evaluation-2892-tar-000,1,0.4166472554206848
evaluation-2892-non-000,0,0.12526026368141174
evaluation-2901-tar-000,1,0.8181886076927185
evaluation-2901-non-000,0,-0.20560117065906525
evaluation-2908-tar-000,1,0.40655791759490967
evaluation-2908-non-000,0,-0.06269678473472595
evaluation-29102-tar-000,1,0.5879939794540405
evaluation-29102-non-000,0,-0.09721830487251282
evaluation-29105-tar-000,1,0.870963454246521
evaluation-29105-non-000,0,-0.34430715441703796
evaluation-29237-tar-000,1,0.8499513864517212
evaluation-29237-non-000,0,-0.00844421237707138
evaluation-29278-tar-000,1,0.7623223066329956
evaluation-29278-non-000,0,0.010340139269828796
evaluation-29434-tar-000,1,0.3646338880062103
evaluation-29434-non-000,0,-0.05416010320186615
evaluation-2950-tar-000,1,0.7349122762680054
evaluation-2950-non-000,0,-0.1209566742181778
evaluation-29500-tar-000,1,0.774534285068512
evaluation-29500-non-000,0,0.03897910937666893
evaluation-2957-tar-000,1,0.6328555941581726
evaluation-2957-non-000,0,0.163364440202713
evaluation-29668-tar-000,1,0.5539533495903015
evaluation-29668-non-000,0,-0.00874282792210579
evaluation-29778-tar-000,1,0.4311228394508362
evaluation-29778-non-000,0,0.2825089693069458
evaluation-2984-tar-000,1,0.5108318328857422
evaluation-2984-non-000,0,0.060316260904073715
evaluation-2990-tar-000,1,0.5928427577018738
evaluation-2990-non-000,0,-0.037228263914585114
evaluation-29904-tar-000,1,0.32434552907943726
evaluation-29904-non-000,0,0.13763296604156494
evaluation-30085-tar-000,1,0.8604241609573364
evaluation-30085-non-000,0,-0.1668262481689453
evaluation-3015-tar-000,1,0.6921724677085876
evaluation-3015-non-000,0,0.03749753162264824
evaluation-3023-tar-000,1,0.6561919450759888
evaluation-3023-non-000,0,-0.14680567383766174
evaluation-30261-tar-000,1,0.34152334928512573
evaluation-30261-non-000,0,0.08354271948337555
evaluation-30302-tar-000,1,0.6619157791137695
evaluation-30302-non-000,0,-0.05629123002290726
evaluation-30316-tar-000,1,0.3758482336997986
evaluation-30316-non-000,0,-0.09823909401893616
evaluation-30610-tar-000,1,0.43545830249786377
evaluation-30610-non-000,0,-0.0026728883385658264
evaluation-3062-tar-000,1,-0.0712912529706955
evaluation-3062-non-000,0,0.18083055317401886
evaluation-30621-tar-000,1,0.5951639413833618
evaluation-30621-non-000,0,0.08916829526424408
evaluation-30659-tar-000,1,0.7205765843391418
evaluation-30659-non-000,0,-0.09968619793653488
evaluation-30824-tar-000,1,0.3016519546508789
evaluation-30824-non-000,0,-0.0001468602567911148
evaluation-30923-tar-000,1,0.5946912169456482
evaluation-30923-non-000,0,-0.13985556364059448
evaluation-30967-tar-000,1,0.8085451126098633
evaluation-30967-non-000,0,0.18031249940395355
evaluation-31008-tar-000,1,0.9027613401412964
evaluation-31008-non-000,0,0.06321100890636444
evaluation-3124-tar-000,1,0.5058321356773376
evaluation-3124-non-000,0,0.13108952343463898
evaluation-31280-tar-000,1,0.8231580257415771
evaluation-31280-non-000,0,0.08620341867208481
evaluation-31294-tar-000,1,0.5575792193412781
evaluation-31294-non-000,0,-0.09892502427101135
evaluation-31307-tar-000,1,0.6998244524002075
evaluation-31307-non-000,0,-0.06253228336572647
evaluation-31346-tar-000,1,0.06762051582336426
evaluation-31346-non-000,0,0.1947934329509735
evaluation-31360-tar-000,1,0.7477516531944275
evaluation-31360-non-000,0,0.03313133120536804
evaluation-31384-tar-000,1,0.6751725673675537
evaluation-31384-non-000,0,-0.06081192195415497
evaluation-3139-tar-000,1,0.5726135969161987
evaluation-3139-non-000,0,-0.048988282680511475
evaluation-31390-tar-000,1,0.8072672486305237
evaluation-31390-non-000,0,0.15799356997013092
evaluation-3145-tar-000,1,0.774063766002655
evaluation-3145-non-000,0,-0.09816436469554901
evaluation-31464-tar-000,1,0.703132688999176
evaluation-31464-non-000,0,0.00966399721801281
evaluation-3161-tar-000,1,0.13509291410446167
evaluation-3161-non-000,0,-0.2632846236228943
evaluation-31665-tar-000,1,0.6592508554458618
evaluation-31665-non-000,0,-0.25390729308128357
evaluation-3167-tar-000,1,0.8076174259185791
evaluation-3167-non-000,0,-0.09850412607192993
evaluation-31838-tar-000,1,0.7984032034873962
evaluation-31838-non-000,0,0.08489421755075455
evaluation-31947-tar-000,1,0.8551533222198486
evaluation-31947-non-000,0,-0.033774327486753464
evaluation-31950-tar-000,1,0.5600122213363647
evaluation-31950-non-000,0,-0.13500861823558807
evaluation-31964-tar-000,1,0.7478679418563843
evaluation-31964-non-000,0,0.087081179022789
evaluation-31986-tar-000,1,0.4162788987159729
evaluation-31986-non-000,0,0.002036508172750473
evaluation-32005-tar-000,1,0.7393519878387451
evaluation-32005-non-000,0,0.1497032642364502
evaluation-32046-tar-000,1,0.4719334840774536
evaluation-32046-non-000,0,0.2195853888988495
evaluation-32057-tar-000,1,0.6498715877532959
evaluation-32057-non-000,0,0.04361285641789436
evaluation-3215-tar-000,1,0.6826350092887878
evaluation-3215-non-000,0,-0.16518095135688782
evaluation-32285-tar-000,1,0.6028170585632324
evaluation-32285-non-000,0,-0.025781378149986267
evaluation-32368-tar-000,1,0.7354310750961304
evaluation-32368-non-000,0,0.1763537973165512
evaluation-32521-tar-000,1,0.6926285028457642
evaluation-32521-non-000,0,0.19524288177490234
evaluation-32620-tar-000,1,0.42333754897117615
evaluation-32620-non-000,0,-0.15195901691913605
evaluation-32730-tar-000,1,0.6790074110031128
evaluation-32730-non-000,0,-0.08494395017623901
evaluation-32785-tar-000,1,0.6517307162284851
evaluation-32785-non-000,0,-0.041177622973918915
evaluation-32810-tar-000,1,0.8048008680343628
evaluation-32810-non-000,0,-0.057916928082704544
evaluation-3292-tar-000,1,0.758309006690979
evaluation-3292-non-000,0,0.0023867711424827576
evaluation-3301-tar-000,1,0.43593424558639526
evaluation-3301-non-000,0,-0.03747565299272537
evaluation-33060-tar-000,1,0.7230020761489868
evaluation-33060-non-000,0,0.21482180058956146
evaluation-33096-tar-000,1,0.06200550124049187
evaluation-33096-non-000,0,0.23556897044181824
evaluation-33120-tar-000,1,0.7295447587966919
evaluation-33120-non-000,0,-0.08054837584495544
evaluation-3314-tar-000,1,0.5294093489646912
evaluation-3314-non-000,0,0.056680548936128616
evaluation-33255-tar-000,1,0.5971453189849854
evaluation-33255-non-000,0,-0.06940026581287384
evaluation-33258-tar-000,1,0.7719933986663818
evaluation-33258-non-000,0,0.07279381901025772
evaluation-33274-tar-000,1,0.8412024974822998
evaluation-33274-non-000,0,-0.3130962550640106
evaluation-33598-tar-000,1,0.6346214413642883
evaluation-33598-non-000,0,0.02777702361345291
evaluation-3361-tar-000,1,0.4995473623275757
evaluation-3361-non-000,0,-0.0034854263067245483
evaluation-33623-tar-000,1,0.29858124256134033
evaluation-33623-non-000,0,0.10435919463634491
evaluation-3365-tar-000,1,0.8803690671920776
evaluation-3365-non-000,0,-0.023148460313677788
evaluation-3369-tar-000,1,0.646074652671814
evaluation-3369-non-000,0,0.18894869089126587
evaluation-33711-tar-000,1,0.6082934737205505
evaluation-33711-non-000,0,-0.021962329745292664
evaluation-33790-tar-000,1,0.6499490737915039
evaluation-33790-non-000,0,0.02251625806093216
evaluation-3395-tar-000,1,0.6831248998641968
evaluation-3395-non-000,0,0.025260725989937782
evaluation-3407-tar-000,1,0.05585595965385437
evaluation-3407-non-000,0,-0.10046498477458954
evaluation-3409-tar-000,1,0.739722728729248
evaluation-3409-non-000,0,-0.021146448329091072
evaluation-34158-tar-000,1,0.7310609221458435
evaluation-34158-non-000,0,0.24213626980781555
evaluation-3417-tar-000,1,0.7606313228607178
evaluation-3417-non-000,0,0.07270492613315582
evaluation-3425-tar-000,1,0.7989645600318909
evaluation-3425-non-000,0,0.09976069629192352
evaluation-34257-tar-000,1,0.7689251899719238
evaluation-34257-non-000,0,-0.0446685254573822
evaluation-3427-tar-000,1,0.5603854656219482
evaluation-3427-non-000,0,0.09940801560878754
evaluation-34458-tar-000,1,0.44079843163490295
evaluation-34458-non-000,0,0.07007454335689545
evaluation-34485-tar-000,1,0.362064003944397
evaluation-34485-non-000,0,-0.1436079889535904
evaluation-34631-tar-000,1,0.5805596113204956
evaluation-34631-non-000,0,-0.09488511085510254
evaluation-34647-tar-000,1,0.772651195526123
evaluation-34647-non-000,0,-0.11316419392824173
evaluation-3471-tar-000,1,0.5931057333946228
evaluation-3471-non-000,0,0.005502989515662193
evaluation-34719-tar-000,1,0.4057319760322571
evaluation-34719-non-000,0,0.001489950343966484
evaluation-3473-tar-000,1,0.725366473197937
evaluation-3473-non-000,0,-0.09553124755620956
evaluation-34738-tar-000,1,0.33141618967056274
evaluation-34738-non-000,0,0.01852026954293251
evaluation-34771-tar-000,1,0.7537320256233215
evaluation-34771-non-000,0,-0.08772687613964081
evaluation-3479-tar-000,1,0.4554898142814636
evaluation-3479-non-000,0,-0.041208043694496155
evaluation-34807-tar-000,1,0.15896384418010712
evaluation-34807-non-000,0,0.16820326447486877
evaluation-3482-tar-000,1,0.6543316841125488
evaluation-3482-non-000,0,-0.12667956948280334
evaluation-34859-tar-000,1,0.5395950078964233
evaluation-34859-non-000,0,0.016993515193462372
evaluation-3497-tar-000,1,0.715219259262085
evaluation-3497-non-000,0,0.16842880845069885
evaluation-34996-tar-000,1,0.763511061668396
evaluation-34996-non-000,0,0.3625639081001282
evaluation-35043-tar-000,1,0.8221203088760376
evaluation-35043-non-000,0,-0.09294625371694565
evaluation-3507-tar-000,1,0.7427175641059875
evaluation-3507-non-000,0,0.004706420004367828
evaluation-35101-tar-000,1,0.7967977523803711
evaluation-35101-non-000,0,-0.11628802120685577
evaluation-3518-tar-000,1,0.7763341665267944
evaluation-3518-non-000,0,-0.1073090136051178
evaluation-3522-tar-000,1,0.18273064494132996
evaluation-3522-non-000,0,0.1999797821044922
evaluation-35293-tar-000,1,0.7134312391281128
evaluation-35293-non-000,0,-0.01954636722803116
evaluation-35359-tar-000,1,0.5692108869552612
evaluation-35359-non-000,0,0.0458500012755394
evaluation-3540-tar-000,1,0.462014377117157
evaluation-3540-non-000,0,-0.03772623836994171
evaluation-35416-tar-000,1,0.700364351272583
evaluation-35416-non-000,0,0.39515942335128784
evaluation-35449-tar-000,1,0.8513409495353699
evaluation-35449-non-000,0,0.016153747215867043
evaluation-35510-tar-000,1,0.8024013042449951
evaluation-35510-non-000,0,-0.015350189059972763
evaluation-35562-tar-000,1,0.8409256339073181
evaluation-35562-non-000,0,0.07953684031963348
evaluation-35587-tar-000,1,0.8232455253601074
evaluation-35587-non-000,0,-0.1293155550956726
evaluation-3564-tar-000,1,0.7529234886169434
evaluation-3564-non-000,0,0.28429004549980164
evaluation-35683-tar-000,1,0.5482357740402222
evaluation-35683-non-000,0,-0.26467740535736084
evaluation-35699-tar-000,1,0.6319578886032104
evaluation-35699-non-000,0,0.06353522092103958
evaluation-3571-tar-000,1,0.4065105617046356
evaluation-3571-non-000,0,0.37678155303001404
evaluation-3572-tar-000,1,0.7278844118118286
evaluation-3572-non-000,0,0.33491283655166626
evaluation-35793-tar-000,1,0.6724854111671448
evaluation-35793-non-000,0,-0.15845581889152527
evaluation-35823-tar-000,1,0.6325805187225342
evaluation-35823-non-000,0,0.20011965930461884
evaluation-35872-tar-000,1,0.7799619436264038
evaluation-35872-non-000,0,0.21185752749443054
evaluation-3597-tar-000,1,0.753868579864502
evaluation-3597-non-000,0,0.054679617285728455
evaluation-35996-tar-000,1,0.7636328935623169
evaluation-35996-non-000,0,-0.12312205880880356
evaluation-36004-tar-000,1,0.9033232927322388
evaluation-36004-non-000,0,0.09773238003253937
evaluation-36051-tar-000,1,0.46249932050704956
evaluation-36051-non-000,0,0.21712534129619598
evaluation-3619-tar-000,1,0.7280147671699524
evaluation-3619-non-000,0,0.38600289821624756
evaluation-36196-tar-000,1,0.5132806301116943
evaluation-36196-non-000,0,0.16769513487815857
evaluation-36298-tar-000,1,0.6991620063781738
evaluation-36298-non-000,0,0.12294633686542511
evaluation-36323-tar-000,1,0.6958044767379761
evaluation-36323-non-000,0,-0.07243184745311737
evaluation-36386-tar-000,1,0.7042869329452515
evaluation-36386-non-000,0,-0.24362637102603912
evaluation-36395-tar-000,1,0.711009681224823
evaluation-36395-non-000,0,-0.15989971160888672
evaluation-36460-tar-000,1,0.7432951927185059
evaluation-36460-non-000,0,-0.09095453470945358
evaluation-36499-tar-000,1,0.836012601852417
evaluation-36499-non-000,0,-0.11915872991085052
evaluation-3656-tar-000,1,0.6406800150871277
evaluation-3656-non-000,0,0.10343044996261597
evaluation-36611-tar-000,1,0.8635975122451782
evaluation-36611-non-000,0,0.24781067669391632
evaluation-36619-tar-000,1,0.6485185027122498
evaluation-36619-non-000,0,-0.09303474426269531
evaluation-36625-tar-000,1,0.41902124881744385
evaluation-36625-non-000,0,-0.03866354376077652
evaluation-36633-tar-000,1,0.8163388967514038
evaluation-36633-non-000,0,-0.05155991017818451
evaluation-36685-tar-000,1,0.6998786926269531
evaluation-36685-non-000,0,0.08355963230133057
evaluation-3669-tar-000,1,0.6175012588500977
evaluation-3669-non-000,0,0.10596738755702972
evaluation-36853-tar-000,1,0.7769662141799927
evaluation-36853-non-000,0,0.19766265153884888
evaluation-3693-tar-000,1,0.8042489886283875
evaluation-3693-non-000,0,-0.00011193379759788513
evaluation-3720-tar-000,1,0.7964003086090088
evaluation-3720-non-000,0,0.15384551882743835
evaluation-37259-tar-000,1,0.8120067119598389
evaluation-37259-non-000,0,0.1445605754852295
evaluation-37301-tar-000,1,0.4252854883670807
evaluation-37301-non-000,0,-0.017909711226820946
evaluation-37328-tar-000,1,0.6059920191764832
evaluation-37328-non-000,0,-0.07070211321115494
evaluation-37625-tar-000,1,0.5843663215637207
evaluation-37625-non-000,0,-0.01843893527984619
evaluation-37658-tar-000,1,0.5989118218421936
evaluation-37658-non-000,0,-0.10911805182695389
evaluation-3767-tar-000,1,0.5453394651412964
evaluation-3767-non-000,0,-0.1537104845046997
evaluation-37696-tar-000,1,0.6471182107925415
evaluation-37696-non-000,0,0.0636255145072937
evaluation-3770-tar-000,1,0.8728916049003601
evaluation-3770-non-000,0,-0.010321252048015594
evaluation-37740-tar-000,1,0.604060709476471
evaluation-37740-non-000,0,-0.05003970116376877
evaluation-3778-tar-000,1,0.5824604034423828
evaluation-3778-non-000,0,0.05983106046915054
evaluation-37844-tar-000,1,0.6502646803855896
evaluation-37844-non-000,0,-0.17669707536697388
evaluation-37921-tar-000,1,0.7270349860191345
evaluation-37921-non-000,0,0.23354890942573547
evaluation-37932-tar-000,1,0.763075590133667
evaluation-37932-non-000,0,-0.10740569233894348
evaluation-37946-tar-000,1,0.7541077733039856
evaluation-37946-non-000,0,-0.037132252007722855
evaluation-37965-tar-000,1,0.44390255212783813
evaluation-37965-non-000,0,-0.18072792887687683
evaluation-37971-tar-000,1,0.7325594425201416
evaluation-37971-non-000,0,0.07462865114212036
evaluation-3805-tar-000,1,0.6674550175666809
evaluation-3805-non-000,0,-0.15590082108974457
evaluation-38056-tar-000,1,0.6094710230827332
evaluation-38056-non-000,0,0.047068603336811066
evaluation-38083-tar-000,1,0.156134694814682
evaluation-38083-non-000,0,-0.012127443216741085
evaluation-3813-tar-000,1,0.7433338165283203
evaluation-3813-non-000,0,0.06496699154376984
evaluation-38157-tar-000,1,0.5274739265441895
evaluation-38157-non-000,0,0.07536911964416504
evaluation-38166-tar-000,1,0.5485697984695435
evaluation-38166-non-000,0,-0.06624659895896912
evaluation-38196-tar-000,1,0.4629150629043579
evaluation-38196-non-000,0,-0.056408438831567764
evaluation-3827-tar-000,1,0.2763688266277313
evaluation-3827-non-000,0,-0.15222206711769104
evaluation-38388-tar-000,1,0.678876519203186
evaluation-38388-non-000,0,0.00687754899263382
evaluation-3839-tar-000,1,0.8228044509887695
evaluation-3839-non-000,0,0.26856687664985657
evaluation-3840-tar-000,1,0.7306344509124756
evaluation-3840-non-000,0,0.09549173712730408
evaluation-38657-tar-000,1,0.5400741696357727
evaluation-38657-non-000,0,0.16768859326839447
evaluation-38792-tar-000,1,0.4048345685005188
evaluation-38792-non-000,0,-0.20264732837677002
evaluation-3888-tar-000,1,0.3996869623661041
evaluation-3888-non-000,0,0.032970380038022995
evaluation-3892-tar-000,1,0.6487836837768555
evaluation-3892-non-000,0,0.3546276390552521
evaluation-3901-tar-000,1,0.7836934328079224
evaluation-3901-non-000,0,0.020107872784137726
evaluation-39025-tar-000,1,0.7353451251983643
evaluation-39025-non-000,0,0.10000738501548767
evaluation-39031-tar-000,1,0.7987955808639526
evaluation-39031-non-000,0,-0.10959859192371368
evaluation-3911-tar-000,1,0.5962942838668823
evaluation-3911-non-000,0,-0.021076317876577377
evaluation-39163-tar-000,1,0.8236033916473389
evaluation-39163-non-000,0,0.25514569878578186
evaluation-39201-tar-000,1,0.7229649424552917
evaluation-39201-non-000,0,-0.05403899401426315
evaluation-3921-tar-000,1,0.7212195992469788
evaluation-3921-non-000,0,-0.04783211648464203
evaluation-3926-tar-000,1,0.2920435667037964
evaluation-3926-non-000,0,0.407511442899704
evaluation-3928-tar-000,1,0.7605969905853271
evaluation-3928-non-000,0,-0.007645426318049431
evaluation-3931-tar-000,1,0.4180322289466858
evaluation-3931-non-000,0,0.014988401904702187
evaluation-3939-tar-000,1,0.6733241081237793
evaluation-3939-non-000,0,-0.06168399751186371
evaluation-39421-tar-000,1,0.8018343448638916
evaluation-39421-non-000,0,-0.030361734330654144
evaluation-3954-tar-000,1,0.5236666798591614
evaluation-3954-non-000,0,0.017957095056772232
evaluation-39720-tar-000,1,0.8223270773887634
evaluation-39720-non-000,0,0.094766765832901
evaluation-39756-tar-000,1,0.7602492570877075
evaluation-39756-non-000,0,-0.07419625669717789
evaluation-39877-tar-000,1,0.5843262672424316
evaluation-39877-non-000,0,0.0050648897886276245
evaluation-3989-tar-000,1,0.8123000264167786
evaluation-3989-non-000,0,-0.1555156260728836
evaluation-40025-tar-000,1,0.800733208656311
evaluation-40025-non-000,0,-0.17126700282096863
evaluation-4004-tar-000,1,0.5406042337417603
evaluation-4004-non-000,0,-0.054424386471509933
evaluation-40064-tar-000,1,0.8566386699676514
evaluation-40064-non-000,0,0.1421535462141037
evaluation-40075-tar-000,1,0.7460575103759766
evaluation-40075-non-000,0,0.2850368618965149
evaluation-4013-tar-000,1,0.6573463678359985
evaluation-4013-non-000,0,0.12481898069381714
evaluation-40173-tar-000,1,0.8599710464477539
evaluation-40173-non-000,0,-0.15077970921993256
evaluation-40311-tar-000,1,0.6984411478042603
evaluation-40311-non-000,0,0.18364191055297852
evaluation-4044-tar-000,1,0.6838387250900269
evaluation-4044-non-000,0,-0.09155808389186859
evaluation-40525-tar-000,1,0.9064311385154724
evaluation-40525-non-000,0,-0.008606484159827232
evaluation-40577-tar-000,1,0.2690621316432953
evaluation-40577-non-000,0,0.09779627621173859
evaluation-40588-tar-000,1,0.7501581311225891
evaluation-40588-non-000,0,0.14423833787441254
evaluation-40676-tar-000,1,0.4915134906768799
evaluation-40676-non-000,0,-0.10860700905323029
evaluation-4068-tar-000,1,0.626331627368927
evaluation-4068-non-000,0,0.12649936974048615
evaluation-4077-tar-000,1,0.821790337562561
evaluation-4077-non-000,0,-0.03991458937525749
evaluation-40772-tar-000,1,0.33130812644958496
evaluation-40772-non-000,0,-0.02215726301074028
evaluation-40929-tar-000,1,0.6289646625518799
evaluation-40929-non-000,0,0.0981503501534462
evaluation-41000-tar-000,1,0.7731499671936035
evaluation-41000-non-000,0,0.08893927931785583
evaluation-41025-tar-000,1,0.6323790550231934
evaluation-41025-non-000,0,-0.29729601740837097
evaluation-4123-tar-000,1,0.6469907760620117
evaluation-4123-non-000,0,0.04581503942608833
evaluation-41278-tar-000,1,0.6668432950973511
evaluation-41278-non-000,0,-0.004707569256424904
evaluation-4134-tar-000,1,0.6201733350753784
evaluation-4134-non-000,0,-0.06323056668043137
evaluation-41357-tar-000,1,0.7777847051620483
evaluation-41357-non-000,0,0.036160554736852646
evaluation-41390-tar-000,1,0.37479037046432495
evaluation-41390-non-000,0,-0.06516958773136139
evaluation-41404-tar-000,1,0.8088274002075195
evaluation-41404-non-000,0,-0.0022117160260677338
evaluation-41492-tar-000,1,0.8059641122817993
evaluation-41492-non-000,0,-0.05016067251563072
evaluation-41536-tar-000,1,0.6327444911003113
evaluation-41536-non-000,0,-0.03604605048894882
evaluation-41706-tar-000,1,0.8542059063911438
evaluation-41706-non-000,0,-0.044242460280656815
evaluation-41750-tar-000,1,0.775950014591217
evaluation-41750-non-000,0,-0.08694051206111908
evaluation-41755-tar-000,1,0.6997370719909668
evaluation-41755-non-000,0,-0.017491668462753296
evaluation-41854-tar-000,1,0.83568274974823
evaluation-41854-non-000,0,0.07983580231666565
evaluation-41945-tar-000,1,0.6406488418579102
evaluation-41945-non-000,0,0.09851765632629395
evaluation-41994-tar-000,1,0.6401731967926025
evaluation-41994-non-000,0,0.26068341732025146
evaluation-4202-tar-000,1,0.742019772529602
evaluation-4202-non-000,0,-0.19818544387817383
evaluation-42025-tar-000,1,0.6129336357116699
evaluation-42025-non-000,0,0.029849546030163765
evaluation-4204-tar-000,1,0.4389535188674927
evaluation-4204-non-000,0,-0.20786330103874207
evaluation-42173-tar-000,1,0.8226075768470764
evaluation-42173-non-000,0,-0.0744706243276596
evaluation-42176-tar-000,1,0.8692057132720947
evaluation-42176-non-000,0,0.08970919251441956
evaluation-42209-tar-000,1,0.6976660490036011
evaluation-42209-non-000,0,0.16906538605690002
evaluation-42250-tar-000,1,0.7149062156677246
evaluation-42250-non-000,0,-0.09729372709989548
evaluation-4240-tar-000,1,0.3893275856971741
evaluation-4240-non-000,0,0.024261385202407837
evaluation-42401-tar-000,1,0.7218823432922363
evaluation-42401-non-000,0,0.1593126654624939
evaluation-4246-tar-000,1,0.5827495455741882
evaluation-4246-non-000,0,0.06404906511306763
evaluation-42505-tar-000,1,0.3645690083503723
evaluation-42505-non-000,0,0.09158638119697571
evaluation-4251-tar-000,1,0.6318128108978271
evaluation-4251-non-000,0,-0.12309828400611877
evaluation-42546-tar-000,1,0.6092817783355713
evaluation-42546-non-000,0,0.04206012934446335
evaluation-42648-tar-000,1,0.7852556705474854
evaluation-42648-non-000,0,-0.036803264170885086
evaluation-42681-tar-000,1,0.7922706007957458
evaluation-42681-non-000,0,0.02702559530735016
evaluation-42717-tar-000,1,0.8339781761169434
evaluation-42717-non-000,0,0.22399044036865234
evaluation-42728-tar-000,1,0.9155610799789429
evaluation-42728-non-000,0,-0.1945558339357376
evaluation-42744-tar-000,1,0.41325029730796814
evaluation-42744-non-000,0,0.19209478795528412
evaluation-42772-tar-000,1,0.2549089789390564
evaluation-42772-non-000,0,0.18133775889873505
evaluation-4288-tar-000,1,0.7006121873855591
evaluation-4288-non-000,0,-0.001663409173488617
evaluation-42904-tar-000,1,0.6659731864929199
evaluation-42904-non-000,0,-0.21342459321022034
evaluation-4295-tar-000,1,0.7622734904289246
evaluation-4295-non-000,0,0.012448713183403015
evaluation-43042-tar-000,1,0.8146083354949951
evaluation-43042-non-000,0,0.06304013729095459
evaluation-43063-tar-000,1,0.7661319971084595
evaluation-43063-non-000,0,0.07834715396165848
evaluation-4308-tar-000,1,0.7004666924476624
evaluation-4308-non-000,0,-0.1492776870727539
evaluation-4315-tar-000,1,0.5336587429046631
evaluation-4315-non-000,0,-0.09649715572595596
evaluation-43184-tar-000,1,0.5809881687164307
evaluation-43184-non-000,0,0.053342536091804504
evaluation-43225-tar-000,1,0.7175619602203369
evaluation-43225-non-000,0,-0.2628856897354126
evaluation-43269-tar-000,1,0.15804912149906158
evaluation-43269-non-000,0,-0.10190808773040771
evaluation-43288-tar-000,1,0.6123655438423157
evaluation-43288-non-000,0,-0.1330525428056717
evaluation-4341-tar-000,1,0.6467028856277466
evaluation-4341-non-000,0,0.02070113830268383
evaluation-43483-tar-000,1,0.8452262878417969
evaluation-43483-non-000,0,0.173762708902359
evaluation-43604-tar-000,1,0.6210184097290039
evaluation-43604-non-000,0,-0.058334484696388245
evaluation-43675-tar-000,1,0.6927041411399841
evaluation-43675-non-000,0,-0.09910029172897339
evaluation-4368-tar-000,1,0.4431648552417755
evaluation-4368-non-000,0,-0.09004472196102142
evaluation-43744-tar-000,1,0.7113770246505737
evaluation-43744-non-000,0,0.019578322768211365
evaluation-43818-tar-000,1,0.1835792064666748
evaluation-43818-non-000,0,-0.1353551745414734
evaluation-43865-tar-000,1,0.8659154176712036
evaluation-43865-non-000,0,0.013265436515212059
evaluation-43958-tar-000,1,0.6082377433776855
evaluation-43958-non-000,0,0.17908568680286407
evaluation-44085-tar-000,1,0.749505877494812
evaluation-44085-non-000,0,-0.1638907492160797
evaluation-44175-tar-000,1,0.6294924020767212
evaluation-44175-non-000,0,-0.11814450472593307
evaluation-44285-tar-000,1,0.8542512655258179
evaluation-44285-non-000,0,0.18663135170936584
evaluation-44392-tar-000,1,0.7686832547187805
evaluation-44392-non-000,0,-0.16052334010601044
evaluation-4440-tar-000,1,0.30727797746658325
evaluation-4440-non-000,0,0.23092372715473175
evaluation-44406-tar-000,1,0.3575146794319153
evaluation-44406-non-000,0,-0.05656103044748306
evaluation-4442-tar-000,1,0.3733636736869812
evaluation-4442-non-000,0,-0.10087712854146957
evaluation-4468-tar-000,1,0.3729146718978882
evaluation-4468-non-000,0,-0.13434679806232452
evaluation-44683-tar-000,1,0.22018392384052277
evaluation-44683-non-000,0,-0.1557723879814148
evaluation-44727-tar-000,1,0.728291392326355
evaluation-44727-non-000,0,-0.026506461203098297
evaluation-4477-tar-000,1,0.6697840690612793
evaluation-4477-non-000,0,-0.1079627126455307
evaluation-44829-tar-000,1,0.6487104296684265
evaluation-44829-non-000,0,-0.025847934186458588
evaluation-4506-tar-000,1,0.7490954399108887
evaluation-4506-non-000,0,0.2051163613796234
evaluation-45084-tar-000,1,0.6755383610725403
evaluation-45084-non-000,0,-0.008028332144021988
evaluation-45213-tar-000,1,0.7953083515167236
evaluation-45213-non-000,0,0.07277408242225647
evaluation-45252-tar-000,1,0.7002949714660645
evaluation-45252-non-000,0,0.04986318573355675
evaluation-4529-tar-000,1,0.7740604877471924
evaluation-4529-non-000,0,-0.2215423882007599
evaluation-45538-tar-000,1,0.41816017031669617
evaluation-45538-non-000,0,0.08072937279939651
evaluation-45617-tar-000,1,0.6839208602905273
evaluation-45617-non-000,0,0.03586907312273979
evaluation-45658-tar-000,1,0.7177469730377197
evaluation-45658-non-000,0,-0.0223388671875
evaluation-45744-tar-000,1,0.5778648257255554
evaluation-45744-non-000,0,0.05979093164205551
evaluation-45749-tar-000,1,0.459360808134079
evaluation-45749-non-000,0,0.2109019160270691
evaluation-45793-tar-000,1,0.6832566857337952
evaluation-45793-non-000,0,-0.10730160772800446
evaluation-4581-tar-000,1,0.6549967527389526
evaluation-4581-non-000,0,-0.0037450036033988
evaluation-45834-tar-000,1,0.27654439210891724
evaluation-45834-non-000,0,-0.013786502182483673
evaluation-45870-tar-000,1,0.15859253704547882
evaluation-45870-non-000,0,0.21439117193222046
evaluation-4591-tar-000,1,0.5087421536445618
evaluation-4591-non-000,0,0.34116265177726746
evaluation-45985-tar-000,1,0.31342631578445435
evaluation-45985-non-000,0,0.0007268711924552917
evaluation-46029-tar-000,1,0.6789147257804871
evaluation-46029-non-000,0,0.02923661656677723
evaluation-4603-tar-000,1,0.6073261499404907
evaluation-4603-non-000,0,0.27145251631736755
evaluation-4612-tar-000,1,0.7341626286506653
evaluation-4612-non-000,0,0.0032935403287410736
evaluation-4619-tar-000,1,0.6582872867584229
evaluation-4619-non-000,0,-0.007300092838704586
evaluation-46202-tar-000,1,0.7059533596038818
evaluation-46202-non-000,0,-0.02118568867444992
evaluation-46241-tar-000,1,0.5385293960571289
evaluation-46241-non-000,0,0.2912164330482483
evaluation-46298-tar-000,1,0.6875306367874146
evaluation-46298-non-000,0,-0.04657434672117233
evaluation-46466-tar-000,1,0.7163700461387634
evaluation-46466-non-000,0,0.21446236968040466
evaluation-4649-tar-000,1,0.8327629566192627
evaluation-4649-non-000,0,0.08122420310974121
evaluation-4664-tar-000,1,0.24515283107757568
evaluation-4664-non-000,0,0.0857628807425499
evaluation-46955-tar-000,1,0.23611676692962646
evaluation-46955-non-000,0,-0.18019624054431915
evaluation-4709-tar-000,1,0.731741726398468
evaluation-4709-non-000,0,0.1766294240951538
evaluation-4710-tar-000,1,0.5028223395347595
evaluation-4710-non-000,0,-0.1396263688802719
evaluation-47139-tar-000,1,0.7884734869003296
evaluation-47139-non-000,0,0.049989596009254456
evaluation-47142-tar-000,1,0.6626710891723633
evaluation-47142-non-000,0,-0.10769294202327728
evaluation-47169-tar-000,1,0.40030592679977417
evaluation-47169-non-000,0,0.02446715161204338
evaluation-47238-tar-000,1,0.4756264090538025
evaluation-47238-non-000,0,-0.09832373261451721
evaluation-4728-tar-000,1,0.6541539430618286
evaluation-4728-non-000,0,0.055981144309043884
evaluation-47342-tar-000,1,0.7527492046356201
evaluation-47342-non-000,0,-0.10294792056083679
evaluation-47504-tar-000,1,0.4751296639442444
evaluation-47504-non-000,0,-0.09260697662830353
evaluation-4763-tar-000,1,0.6974664926528931
evaluation-4763-non-000,0,-0.1196126937866211
evaluation-47650-tar-000,1,0.8257404565811157
evaluation-47650-non-000,0,-0.33436018228530884
evaluation-47658-tar-000,1,0.039360884577035904
evaluation-47658-non-000,0,-0.11536437273025513
evaluation-4773-tar-000,1,0.7906062602996826
evaluation-4773-non-000,0,0.11917769908905029
evaluation-4774-tar-000,1,0.8115573525428772
evaluation-4774-non-000,0,0.11073246598243713
evaluation-47913-tar-000,1,0.2624664604663849
evaluation-47913-non-000,0,-0.051271963864564896
evaluation-47998-tar-000,1,0.6101737022399902
evaluation-47998-non-000,0,-0.185218945145607
evaluation-4800-tar-000,1,0.34226974844932556
evaluation-4800-non-000,0,-0.08310402184724808
evaluation-48095-tar-000,1,0.6869385838508606
evaluation-48095-non-000,0,-0.017069503664970398
evaluation-48193-tar-000,1,0.7809606790542603
evaluation-48193-non-000,0,-0.22631077468395233
evaluation-4821-tar-000,1,0.5596965551376343
evaluation-4821-non-000,0,0.2683006525039673
evaluation-48232-tar-000,1,0.544522225856781
evaluation-48232-non-000,0,0.15722385048866272
evaluation-48262-tar-000,1,0.41255223751068115
evaluation-48262-non-000,0,-0.09862349927425385
evaluation-48388-tar-000,1,0.8250081539154053
evaluation-48388-non-000,0,-0.09340168535709381
evaluation-4841-tar-000,1,0.7207678556442261
evaluation-4841-non-000,0,-0.1313137412071228
evaluation-4842-tar-000,1,0.3975144624710083
evaluation-4842-non-000,0,0.1301412433385849
evaluation-48443-tar-000,1,0.7923929691314697
evaluation-48443-non-000,0,-0.033313579857349396
evaluation-48454-tar-000,1,0.3494052290916443
evaluation-48454-non-000,0,0.29230833053588867
evaluation-48575-tar-000,1,0.7164974808692932
evaluation-48575-non-000,0,-0.13881617784500122
evaluation-48578-tar-000,1,0.399803102016449
evaluation-48578-non-000,0,0.08491592109203339
evaluation-4867-tar-000,1,0.8002512454986572
evaluation-4867-non-000,0,0.044724445790052414
evaluation-48726-tar-000,1,0.8839498162269592
evaluation-48726-non-000,0,-0.09320124983787537
evaluation-48759-tar-000,1,0.22576892375946045
evaluation-48759-non-000,0,-0.17943760752677917
evaluation-48787-tar-000,1,0.8295556306838989
evaluation-48787-non-000,0,-0.10134477913379669
evaluation-48833-tar-000,1,0.6412276029586792
evaluation-48833-non-000,0,-0.12797431647777557
evaluation-48905-tar-000,1,0.751007080078125
evaluation-48905-non-000,0,-0.008170243352651596
evaluation-4891-tar-000,1,0.7290225625038147
evaluation-4891-non-000,0,-0.05815369263291359
evaluation-4894-tar-000,1,0.3253810405731201
evaluation-4894-non-000,0,0.12052806466817856
evaluation-48952-tar-000,1,0.8707178831100464
evaluation-48952-non-000,0,0.058485981076955795
evaluation-49004-tar-000,1,0.7540669441223145
evaluation-49004-non-000,0,0.05728188157081604
evaluation-49037-tar-000,1,0.6741921901702881
evaluation-49037-non-000,0,0.1505718231201172
evaluation-49045-tar-000,1,0.8069681525230408
evaluation-49045-non-000,0,0.4844016432762146
evaluation-49097-tar-000,1,0.1439189612865448
evaluation-49097-non-000,0,-0.042753901332616806
evaluation-49116-tar-000,1,0.722435712814331
evaluation-49116-non-000,0,0.0508648045361042
evaluation-49196-tar-000,1,0.44812679290771484
evaluation-49196-non-000,0,0.043401721864938736
evaluation-49207-tar-000,1,0.582088828086853
evaluation-49207-non-000,0,0.03456481546163559
evaluation-4921-tar-000,1,0.7974134683609009
evaluation-4921-non-000,0,0.24230249226093292
evaluation-49215-tar-000,1,0.6855809688568115
evaluation-49215-non-000,0,-0.05832035467028618
evaluation-4934-tar-000,1,0.5060434341430664
evaluation-4934-non-000,0,0.13405270874500275
evaluation-49446-tar-000,1,0.6946530342102051
evaluation-49446-non-000,0,-0.0773983895778656
evaluation-49476-tar-000,1,0.7444323301315308
evaluation-49476-non-000,0,0.10120736807584763
evaluation-49484-tar-000,1,0.8126696348190308
evaluation-49484-non-000,0,-0.16505417227745056
evaluation-49520-tar-000,1,0.788345456123352
evaluation-49520-non-000,0,-0.17632663249969482
evaluation-49539-tar-000,1,0.7437281608581543
evaluation-49539-non-000,0,0.05553923547267914
evaluation-4958-tar-000,1,0.6604401469230652
evaluation-4958-non-000,0,0.016530267894268036
evaluation-4961-tar-000,1,0.665048360824585
evaluation-4961-non-000,0,-0.0718311220407486
evaluation-49677-tar-000,1,0.5332776308059692
evaluation-49677-non-000,0,-0.08661456406116486
evaluation-49792-tar-000,1,0.5019086003303528
evaluation-49792-non-000,0,0.0062684714794158936
evaluation-49808-tar-000,1,0.8008718490600586
evaluation-49808-non-000,0,-0.16741853952407837
evaluation-49872-tar-000,1,0.32487010955810547
evaluation-49872-non-000,0,0.06412576884031296
evaluation-50056-tar-000,1,0.6774293780326843
evaluation-50056-non-000,0,-0.07078953087329865
evaluation-5008-tar-000,1,0.8516795635223389
evaluation-5008-non-000,0,0.06617504358291626
evaluation-5010-tar-000,1,0.6033639311790466
evaluation-5010-non-000,0,-0.16436034440994263
evaluation-50138-tar-000,1,0.7018533945083618
evaluation-50138-non-000,0,0.1743408739566803
evaluation-5018-tar-000,1,0.7171177864074707
evaluation-5018-non-000,0,0.054655272513628006
evaluation-5021-tar-000,1,0.6927485466003418
evaluation-5021-non-000,0,0.09796846657991409
evaluation-5024-tar-000,1,0.8000175952911377
evaluation-5024-non-000,0,-0.1981619894504547
evaluation-50374-tar-000,1,0.5879554152488708
evaluation-50374-non-000,0,0.016518257558345795
evaluation-5042-tar-000,1,0.8059406280517578
evaluation-5042-non-000,0,-0.024531634524464607
evaluation-50440-tar-000,1,0.7633391618728638
evaluation-50440-non-000,0,0.11211541295051575
evaluation-50490-tar-000,1,0.5219132900238037
evaluation-50490-non-000,0,0.23206207156181335
evaluation-50591-tar-000,1,0.8241732120513916
evaluation-50591-non-000,0,0.2433459460735321
evaluation-50608-tar-000,1,0.757100522518158
evaluation-50608-non-000,0,-0.03195236623287201
evaluation-50613-tar-000,1,0.7979333400726318
evaluation-50613-non-000,0,0.11105840653181076
evaluation-50643-tar-000,1,0.676200270652771
evaluation-50643-non-000,0,-0.13677655160427094
evaluation-50652-tar-000,1,0.49275773763656616
evaluation-50652-non-000,0,0.0354757234454155
evaluation-50676-tar-000,1,0.8358729481697083
evaluation-50676-non-000,0,0.1604914516210556
evaluation-50679-tar-000,1,0.7680578827857971
evaluation-50679-non-000,0,0.038820669054985046
evaluation-50723-tar-000,1,0.7855380773544312
evaluation-50723-non-000,0,-0.15098917484283447
evaluation-50786-tar-000,1,0.5209356546401978
evaluation-50786-non-000,0,-0.22338278591632843
evaluation-51050-tar-000,1,0.7370115518569946
evaluation-51050-non-000,0,-0.029273562133312225
evaluation-51080-tar-000,1,0.7068803906440735
evaluation-51080-non-000,0,-0.040522996336221695
evaluation-51099-tar-000,1,0.7360743284225464
evaluation-51099-non-000,0,0.052936483174562454
evaluation-5135-tar-000,1,0.36403828859329224
evaluation-5135-non-000,0,0.10589207708835602
evaluation-51399-tar-000,1,0.7589942216873169
evaluation-51399-non-000,0,-0.003640569746494293
evaluation-51459-tar-000,1,0.6329914331436157
evaluation-51459-non-000,0,-0.1871190369129181
evaluation-5148-tar-000,1,0.8148300051689148
evaluation-5148-non-000,0,0.17643585801124573
evaluation-5149-tar-000,1,0.6174282431602478
evaluation-5149-non-000,0,0.09469780325889587
evaluation-51506-tar-000,1,0.7138185501098633
evaluation-51506-non-000,0,0.004435775801539421
evaluation-51525-tar-000,1,0.7955114841461182
evaluation-51525-non-000,0,-0.02406001091003418
evaluation-5153-tar-000,1,0.7533097863197327
evaluation-5153-non-000,0,-0.16513808071613312
evaluation-51531-tar-000,1,0.7451744079589844
evaluation-51531-non-000,0,0.17694921791553497
evaluation-51544-tar-000,1,0.8546591401100159
evaluation-51544-non-000,0,0.038652170449495316
evaluation-51624-tar-000,1,0.7108908891677856
evaluation-51624-non-000,0,0.040616825222969055
evaluation-51629-tar-000,1,0.741186261177063
evaluation-51629-non-000,0,0.029098384082317352
evaluation-5167-tar-000,1,0.7177905440330505
evaluation-5167-non-000,0,-0.0395604632794857
evaluation-5171-tar-000,1,0.5583018064498901
evaluation-5171-non-000,0,0.0039175935089588165
evaluation-51899-tar-000,1,0.5571974515914917
evaluation-51899-non-000,0,0.24942882359027863
evaluation-51940-tar-000,1,0.7726389169692993
evaluation-51940-non-000,0,0.1351623386144638
evaluation-51962-tar-000,1,0.777545154094696
evaluation-51962-non-000,0,-0.12964750826358795
evaluation-5203-tar-000,1,0.7600408792495728
evaluation-5203-non-000,0,0.049250684678554535
evaluation-5215-tar-000,1,0.8625495433807373
evaluation-5215-non-000,0,0.2420569211244583
evaluation-52213-tar-000,1,0.4178026616573334
evaluation-52213-non-000,0,0.04673048481345177
evaluation-5225-tar-000,1,0.7694494724273682
evaluation-5225-non-000,0,-0.1270969659090042
evaluation-52371-tar-000,1,0.7530496120452881
evaluation-52371-non-000,0,0.2462954819202423
evaluation-52374-tar-000,1,0.5821702480316162
evaluation-52374-non-000,0,0.20214806497097015
evaluation-5246-tar-000,1,0.4961358606815338
evaluation-5246-non-000,0,-0.3218911290168762
evaluation-52486-tar-000,1,0.6232321858406067
evaluation-52486-non-000,0,0.21498994529247284
evaluation-5253-tar-000,1,0.8241497874259949
evaluation-5253-non-000,0,0.22376161813735962
evaluation-52530-tar-000,1,0.9037476778030396
evaluation-52530-non-000,0,-0.008356809616088867
evaluation-5256-tar-000,1,0.726479172706604
evaluation-5256-non-000,0,0.13785919547080994
evaluation-5261-tar-000,1,0.7034343481063843
evaluation-5261-non-000,0,-0.27016234397888184
evaluation-52651-tar-000,1,0.7395985126495361
evaluation-52651-non-000,0,-0.1269865334033966
evaluation-52709-tar-000,1,0.6227633953094482
evaluation-52709-non-000,0,0.1299036294221878
evaluation-5289-tar-000,1,0.6758718490600586
evaluation-5289-non-000,0,0.09545684605836868
evaluation-52912-tar-000,1,0.6800217628479004
evaluation-52912-non-000,0,-0.20458687841892242
evaluation-52929-tar-000,1,-0.1315135955810547
evaluation-52929-non-000,0,-0.17307311296463013
evaluation-5309-tar-000,1,0.7256937026977539
evaluation-5309-non-000,0,-0.019939284771680832
evaluation-53170-tar-000,1,0.6969921588897705
evaluation-53170-non-000,0,0.05225636810064316
evaluation-5322-tar-000,1,0.5825871825218201
evaluation-5322-non-000,0,-0.03494134545326233
evaluation-5325-tar-000,1,0.3597266674041748
evaluation-5325-non-000,0,0.04029115289449692
evaluation-53266-tar-000,1,0.843157947063446
evaluation-53266-non-000,0,0.04418034479022026
evaluation-53269-tar-000,1,0.4602157473564148
evaluation-53269-non-000,0,0.1149841696023941
evaluation-53272-tar-000,1,0.747128427028656
evaluation-53272-non-000,0,-0.14977851510047913
evaluation-5334-tar-000,1,0.8549214601516724
evaluation-5334-non-000,0,-0.0034536421298980713
evaluation-53354-tar-000,1,0.8350625038146973
evaluation-53354-non-000,0,-0.05228156968951225
evaluation-5336-tar-000,1,0.8887807726860046
evaluation-5336-non-000,0,-0.17989778518676758
evaluation-5339-tar-000,1,0.588764488697052
evaluation-5339-non-000,0,0.2279142141342163
evaluation-53390-tar-000,1,0.7338107824325562
evaluation-53390-non-000,0,0.06863833963871002
evaluation-53434-tar-000,1,0.8053467273712158
evaluation-53434-non-000,0,-0.047825995832681656
evaluation-53544-tar-000,1,0.43942877650260925
evaluation-53544-non-000,0,-0.27125295996665955
evaluation-53588-tar-000,1,0.7510238289833069
evaluation-53588-non-000,0,0.13532832264900208
evaluation-53755-tar-000,1,0.5615209341049194
evaluation-53755-non-000,0,-0.00925624929368496
evaluation-53972-tar-000,1,0.7238936424255371
evaluation-53972-non-000,0,0.14031699299812317
evaluation-5399-tar-000,1,0.7635721564292908
evaluation-5399-non-000,0,-0.24792328476905823
evaluation-54035-tar-000,1,0.535293459892273
evaluation-54035-non-000,0,0.046863771975040436
evaluation-54085-tar-000,1,0.5825852155685425
evaluation-54085-non-000,0,-0.13037782907485962
evaluation-5413-tar-000,1,0.6692019701004028
evaluation-5413-non-000,0,0.0595790259540081
evaluation-54197-tar-000,1,0.5211485624313354
evaluation-54197-non-000,0,-0.2599737048149109
evaluation-54250-tar-000,1,0.8081082105636597
evaluation-54250-non-000,0,-0.07811244577169418
evaluation-54261-tar-000,1,0.6135174036026001
evaluation-54261-non-000,0,-0.09545310586690903
evaluation-5437-tar-000,1,0.45666182041168213
evaluation-5437-non-000,0,0.2951967716217041
evaluation-54376-tar-000,1,0.25567105412483215
evaluation-54376-non-000,0,0.02710682712495327
evaluation-5438-tar-000,1,0.6315001249313354
evaluation-5438-non-000,0,0.09011470526456833
evaluation-54568-tar-000,1,0.424571692943573
evaluation-54568-non-000,0,-0.18944492936134338
evaluation-54596-tar-000,1,0.8618465065956116
evaluation-54596-non-000,0,0.22360782325267792
evaluation-54637-tar-000,1,0.8309776782989502
evaluation-54637-non-000,0,-0.023294849321246147
evaluation-54725-tar-000,1,0.4071277678012848
evaluation-54725-non-000,0,-0.12444711476564407
evaluation-5490-tar-000,1,0.04186224192380905
evaluation-5490-non-000,0,0.040017180144786835
evaluation-55027-tar-000,1,0.7595602869987488
evaluation-55027-non-000,0,-0.12651771306991577
evaluation-55052-tar-000,1,0.48371386528015137
evaluation-55052-non-000,0,-0.06661982834339142
evaluation-55225-tar-000,1,0.7152155041694641
evaluation-55225-non-000,0,0.06506216526031494
evaluation-5532-tar-000,1,0.5642197132110596
evaluation-5532-non-000,0,0.03701555356383324
evaluation-55354-tar-000,1,0.8222119808197021
evaluation-55354-non-000,0,-0.2587164044380188
evaluation-55362-tar-000,1,0.6553735733032227
evaluation-55362-non-000,0,0.03168931603431702
evaluation-5542-tar-000,1,0.542710542678833
evaluation-5542-non-000,0,-0.05658292397856712
evaluation-55488-tar-000,1,0.582139253616333
evaluation-55488-non-000,0,-0.07661879062652588
evaluation-55656-tar-000,1,0.6912938356399536
evaluation-55656-non-000,0,0.0402020663022995
evaluation-55681-tar-000,1,0.7343316674232483
evaluation-55681-non-000,0,0.000699266791343689
evaluation-55807-tar-000,1,0.6752864122390747
evaluation-55807-non-000,0,0.22684752941131592
evaluation-55810-tar-000,1,0.6727471351623535
evaluation-55810-non-000,0,-0.015401998534798622
evaluation-55870-tar-000,1,0.677507221698761
evaluation-55870-non-000,0,0.0707143247127533
evaluation-55928-tar-000,1,0.7696465253829956
evaluation-55928-non-000,0,0.05923151969909668
evaluation-5594-tar-000,1,0.3941947817802429
evaluation-5594-non-000,0,0.018125418573617935
evaluation-55953-tar-000,1,0.6767041683197021
evaluation-55953-non-000,0,0.08031903207302094
evaluation-55966-tar-000,1,0.8292410373687744
evaluation-55966-non-000,0,0.19661492109298706
evaluation-5599-tar-000,1,0.15867681801319122
evaluation-5599-non-000,0,0.16006940603256226
evaluation-56043-tar-000,1,0.6174300909042358
evaluation-56043-non-000,0,-0.0320308543741703
evaluation-5605-tar-000,1,0.7067493200302124
evaluation-5605-non-000,0,0.20262275636196136
evaluation-56073-tar-000,1,0.45912396907806396
evaluation-56073-non-000,0,0.09391289949417114
evaluation-56098-tar-000,1,0.7374982833862305
evaluation-56098-non-000,0,-0.01970653608441353
evaluation-56112-tar-000,1,0.7328599691390991
evaluation-56112-non-000,0,-0.043493710458278656
evaluation-56170-tar-000,1,0.7702971696853638
evaluation-56170-non-000,0,0.24160680174827576
evaluation-56181-tar-000,1,0.8072401285171509
evaluation-56181-non-000,0,0.13391800224781036
evaluation-56293-tar-000,1,0.8164883852005005
evaluation-56293-non-000,0,0.3227732181549072
evaluation-5631-tar-000,1,0.5701141357421875
evaluation-5631-non-000,0,-0.17685942351818085
evaluation-5645-tar-000,1,0.7011383175849915
evaluation-5645-non-000,0,0.28308719396591187
evaluation-5648-tar-000,1,0.6507763266563416
evaluation-5648-non-000,0,0.11295706033706665
evaluation-5653-tar-000,1,0.18835224211215973
evaluation-5653-non-000,0,0.03931467607617378
evaluation-56568-tar-000,1,0.3625621795654297
evaluation-56568-non-000,0,-0.07673008739948273
evaluation-5671-tar-000,1,0.5537704229354858
evaluation-5671-non-000,0,-0.18949982523918152
evaluation-56722-tar-000,1,0.7810239195823669
evaluation-56722-non-000,0,-0.18802528083324432
evaluation-56771-tar-000,1,0.6278946399688721
evaluation-56771-non-000,0,-0.03188135474920273
evaluation-56829-tar-000,1,0.5357239246368408
evaluation-56829-non-000,0,0.04209025204181671
evaluation-56853-tar-000,1,0.666717529296875
evaluation-56853-non-000,0,0.09262347966432571
evaluation-56939-tar-000,1,0.30322787165641785
evaluation-56939-non-000,0,0.02824530377984047
evaluation-5706-tar-000,1,0.7218016386032104
evaluation-5706-non-000,0,-0.3487291932106018
evaluation-57103-tar-000,1,0.40935418009757996
evaluation-57103-non-000,0,-0.20979902148246765
evaluation-57208-tar-000,1,0.4292157292366028
evaluation-57208-non-000,0,-0.09737774729728699
evaluation-57246-tar-000,1,0.532132625579834
evaluation-57246-non-000,0,0.04780060797929764
evaluation-57263-tar-000,1,0.45512259006500244
evaluation-57263-non-000,0,-0.060085974633693695
evaluation-5734-tar-000,1,0.5322924852371216
evaluation-5734-non-000,0,0.07819147408008575
evaluation-57364-tar-000,1,0.7210488319396973
evaluation-57364-non-000,0,-0.0038828132674098015
evaluation-57384-tar-000,1,0.6722534894943237
evaluation-57384-non-000,0,-0.160589337348938
evaluation-57413-tar-000,1,0.7405515909194946
evaluation-57413-non-000,0,-0.031877320259809494
evaluation-5745-tar-000,1,0.819537878036499
evaluation-5745-non-000,0,-0.06544437259435654
evaluation-57502-tar-000,1,0.6650963425636292
evaluation-57502-non-000,0,0.12114274501800537
evaluation-57587-tar-000,1,0.8230712413787842
evaluation-57587-non-000,0,0.2441394329071045
evaluation-5763-tar-000,1,0.24459269642829895
evaluation-5763-non-000,0,-0.11710458993911743
evaluation-57661-tar-000,1,0.7695383429527283
evaluation-57661-non-000,0,0.0391632542014122
evaluation-57710-tar-000,1,0.35959333181381226
evaluation-57710-non-000,0,0.058529265224933624
evaluation-57719-tar-000,1,0.808628261089325
evaluation-57719-non-000,0,-0.2576446235179901
evaluation-5773-tar-000,1,0.7798793315887451
evaluation-5773-non-000,0,0.10345698148012161
evaluation-57944-tar-000,1,0.8252858519554138
evaluation-57944-non-000,0,0.15401490032672882
evaluation-57980-tar-000,1,0.6477539539337158
evaluation-57980-non-000,0,-0.010882287286221981
evaluation-58059-tar-000,1,0.49652618169784546
evaluation-58059-non-000,0,0.1114124208688736
evaluation-58067-tar-000,1,0.8022372722625732
evaluation-58067-non-000,0,0.09567643702030182
evaluation-58081-tar-000,1,0.6680716276168823
evaluation-58081-non-000,0,0.03695892170071602
evaluation-58087-tar-000,1,0.4618590474128723
evaluation-58087-non-000,0,0.3253137171268463
evaluation-58098-tar-000,1,0.3891630172729492
evaluation-58098-non-000,0,-0.03462333604693413
evaluation-5814-tar-000,1,0.6730930805206299
evaluation-5814-non-000,0,-0.1680278778076172
evaluation-58144-tar-000,1,0.6970776915550232
evaluation-58144-non-000,0,0.1321890950202942
evaluation-5832-tar-000,1,0.4547586441040039
evaluation-5832-non-000,0,-0.014455612748861313
evaluation-5836-tar-000,1,0.6996023654937744
evaluation-5836-non-000,0,-0.23058313131332397
evaluation-5841-tar-000,1,0.7021348476409912
evaluation-5841-non-000,0,0.09730006754398346
evaluation-58430-tar-000,1,0.5353135466575623
evaluation-58430-non-000,0,-0.1942211091518402
evaluation-58587-tar-000,1,0.7683545351028442
evaluation-58587-non-000,0,0.220254048705101
evaluation-5861-tar-000,1,0.8163923621177673
evaluation-5861-non-000,0,0.01965484395623207
evaluation-5868-tar-000,1,0.7864590287208557
evaluation-5868-non-000,0,0.14904038608074188
evaluation-58694-tar-000,1,0.7908542156219482
evaluation-58694-non-000,0,0.021214831620454788
evaluation-58724-tar-000,1,0.6121928691864014
evaluation-58724-non-000,0,-0.11831587553024292
evaluation-58771-tar-000,1,0.0775279551744461
evaluation-58771-non-000,0,-0.060291171073913574
evaluation-5884-tar-000,1,0.6894227266311646
evaluation-5884-non-000,0,0.029606295749545097
evaluation-58968-tar-000,1,0.728111743927002
evaluation-58968-non-000,0,0.18509921431541443
evaluation-5900-tar-000,1,0.6197253465652466
evaluation-5900-non-000,0,0.05362612009048462
evaluation-59029-tar-000,1,0.7533780336380005
evaluation-59029-non-000,0,-0.03692026436328888
evaluation-59235-tar-000,1,0.8271854519844055
evaluation-59235-non-000,0,0.09271196275949478
evaluation-59284-tar-000,1,0.6686241626739502
evaluation-59284-non-000,0,0.013073693960905075
evaluation-59443-tar-000,1,0.2948121428489685
evaluation-59443-non-000,0,0.19725677371025085
evaluation-5946-tar-000,1,0.6441236734390259
evaluation-5946-non-000,0,0.08759438246488571
evaluation-5949-tar-000,1,0.8036199808120728
evaluation-5949-non-000,0,0.1357257068157196
evaluation-59496-tar-000,1,0.7939510345458984
evaluation-59496-non-000,0,0.08818410336971283
evaluation-59564-tar-000,1,0.7287551164627075
evaluation-59564-non-000,0,0.0648384615778923
evaluation-59663-tar-000,1,0.6773722171783447
evaluation-59663-non-000,0,-0.04161903262138367
evaluation-59779-tar-000,1,0.5377769470214844
evaluation-59779-non-000,0,-0.08568382263183594
evaluation-59820-tar-000,1,0.8175415992736816
evaluation-59820-non-000,0,0.11768490821123123
evaluation-59963-tar-000,1,0.48788249492645264
evaluation-59963-non-000,0,-0.052316680550575256
evaluation-59971-tar-000,1,0.4933975338935852
evaluation-59971-non-000,0,0.25003305077552795
evaluation-6006-tar-000,1,0.7729637622833252
evaluation-6006-non-000,0,-0.21815238893032074
evaluation-6010-tar-000,1,0.7900754809379578
evaluation-6010-non-000,0,-0.04620974138379097
evaluation-60240-tar-000,1,0.7099076509475708
evaluation-60240-non-000,0,-0.27801504731178284
evaluation-60627-tar-000,1,0.6507244110107422
evaluation-60627-non-000,0,-0.061371929943561554
evaluation-60646-tar-000,1,0.6792842149734497
evaluation-60646-non-000,0,0.028889769688248634
evaluation-60699-tar-000,1,0.7836488485336304
evaluation-60699-non-000,0,0.07282222807407379
evaluation-60748-tar-000,1,0.6379324197769165
evaluation-60748-non-000,0,0.11320455372333527
evaluation-60803-tar-000,1,0.7840327620506287
evaluation-60803-non-000,0,-0.17293351888656616
evaluation-6081-tar-000,1,0.7573896646499634
evaluation-6081-non-000,0,0.2609376013278961
evaluation-6086-tar-000,1,0.6414152383804321
evaluation-6086-non-000,0,0.27073338627815247
evaluation-6089-tar-000,1,0.12544047832489014
evaluation-6089-non-000,0,-0.21263805031776428
evaluation-6097-tar-000,1,0.4130932092666626
evaluation-6097-non-000,0,0.07305002212524414
evaluation-61015-tar-000,1,0.8415025472640991
evaluation-61015-non-000,0,0.012563005089759827
evaluation-61078-tar-000,1,0.7564921379089355
evaluation-61078-non-000,0,0.042947616428136826
evaluation-6108-tar-000,1,0.8333688974380493
evaluation-6108-non-000,0,-0.010739278048276901
evaluation-61119-tar-000,1,0.6804732084274292
evaluation-61119-non-000,0,0.08316213637590408
evaluation-61122-tar-000,1,0.7921802997589111
evaluation-61122-non-000,0,0.09380659461021423
evaluation-61133-tar-000,1,0.783115029335022
evaluation-61133-non-000,0,0.07313339412212372
evaluation-61174-tar-000,1,0.6632773876190186
evaluation-61174-non-000,0,0.10267011821269989
evaluation-61207-tar-000,1,0.6119164824485779
evaluation-61207-non-000,0,0.04500707983970642
evaluation-61292-tar-000,1,0.28131547570228577
evaluation-61292-non-000,0,-0.151101753115654
evaluation-61410-tar-000,1,0.8216938972473145
evaluation-61410-non-000,0,0.06554345786571503
evaluation-61421-tar-000,1,0.7720130085945129
evaluation-61421-non-000,0,0.27507779002189636
evaluation-6163-tar-000,1,0.4755714237689972
evaluation-6163-non-000,0,0.10890743136405945
evaluation-61663-tar-000,1,0.6072893142700195
evaluation-61663-non-000,0,0.2127048224210739
evaluation-61712-tar-000,1,0.22996172308921814
evaluation-61712-non-000,0,0.1984395980834961
evaluation-61775-tar-000,1,0.5678445100784302
evaluation-61775-non-000,0,0.07585741579532623
evaluation-61800-tar-000,1,0.5782792568206787
evaluation-61800-non-000,0,0.2194509506225586
evaluation-6186-tar-000,1,0.3949868977069855
evaluation-6186-non-000,0,0.020123496651649475
evaluation-6194-tar-000,1,0.34497642517089844
evaluation-6194-non-000,0,-0.056914106011390686
evaluation-61979-tar-000,1,0.602167010307312
evaluation-61979-non-000,0,0.1347503811120987
evaluation-62012-tar-000,1,0.907112717628479
evaluation-62012-non-000,0,0.09239719808101654
evaluation-6202-tar-000,1,0.5186920762062073
evaluation-6202-non-000,0,0.0011111870408058167
evaluation-62066-tar-000,1,0.4007679224014282
evaluation-62066-non-000,0,-0.16721946001052856
evaluation-62086-tar-000,1,0.5116451978683472
evaluation-62086-non-000,0,0.23220795392990112
evaluation-6209-tar-000,1,0.22446376085281372
evaluation-6209-non-000,0,0.04182811081409454
evaluation-62138-tar-000,1,0.6923478841781616
evaluation-62138-non-000,0,-0.15002226829528809
evaluation-62179-tar-000,1,0.7077093124389648
evaluation-62179-non-000,0,-0.07897437363862991
evaluation-62223-tar-000,1,0.874200701713562
evaluation-62223-non-000,0,0.22869689762592316
evaluation-62292-tar-000,1,0.512958288192749
evaluation-62292-non-000,0,-0.047755952924489975
evaluation-6231-tar-000,1,0.13743922114372253
evaluation-6231-non-000,0,-0.16705143451690674
evaluation-62325-tar-000,1,0.4892442524433136
evaluation-62325-non-000,0,0.29307782649993896
evaluation-62404-tar-000,1,0.6548645496368408
evaluation-62404-non-000,0,0.07805980741977692
evaluation-6246-tar-000,1,0.6291002035140991
evaluation-6246-non-000,0,-0.05240357667207718
evaluation-62544-tar-000,1,0.3338777720928192
evaluation-62544-non-000,0,-0.017594700679183006
evaluation-6257-tar-000,1,0.7845178842544556
evaluation-6257-non-000,0,-0.16777455806732178
evaluation-62572-tar-000,1,0.8137965202331543
evaluation-62572-non-000,0,0.1200842335820198
evaluation-62660-tar-000,1,0.808862566947937
evaluation-62660-non-000,0,0.11767560988664627
evaluation-62748-tar-000,1,0.5865697860717773
evaluation-62748-non-000,0,-0.05308707058429718
evaluation-6287-tar-000,1,0.4125003516674042
evaluation-6287-non-000,0,-0.1447310447692871
evaluation-6292-tar-000,1,0.5824809670448303
evaluation-6292-non-000,0,-0.021068580448627472
evaluation-6296-tar-000,1,-0.08104535937309265
evaluation-6296-non-000,0,0.07813786715269089
evaluation-63077-tar-000,1,0.702908992767334
evaluation-63077-non-000,0,-0.036030419170856476
evaluation-6310-tar-000,1,0.4982661008834839
evaluation-6310-non-000,0,0.07932406663894653
evaluation-63132-tar-000,1,0.7714424133300781
evaluation-63132-non-000,0,-0.09762697666883469
evaluation-63138-tar-000,1,0.5200899839401245
evaluation-63138-non-000,0,-0.10863403975963593
evaluation-63415-tar-000,1,0.5500072240829468
evaluation-63415-non-000,0,-0.2037876546382904
evaluation-63478-tar-000,1,0.5239964723587036
evaluation-63478-non-000,0,0.1671619713306427
evaluation-63536-tar-000,1,0.728449821472168
evaluation-63536-non-000,0,0.14925505220890045
evaluation-6358-tar-000,1,0.7434079647064209
evaluation-6358-non-000,0,0.14575427770614624
evaluation-6359-tar-000,1,0.8548272848129272
evaluation-6359-non-000,0,-0.04784989729523659
evaluation-63627-tar-000,1,0.28518226742744446
evaluation-63627-non-000,0,0.6185958981513977
evaluation-63629-tar-000,1,0.711679220199585
evaluation-63629-non-000,0,0.019309351220726967
evaluation-63714-tar-000,1,0.7365796566009521
evaluation-63714-non-000,0,0.11083675920963287
evaluation-63739-tar-000,1,0.5195895433425903
evaluation-63739-non-000,0,0.11703996360301971
evaluation-63805-tar-000,1,0.8095356225967407
evaluation-63805-non-000,0,-0.03285845369100571
evaluation-63838-tar-000,1,0.8630733489990234
evaluation-63838-non-000,0,0.06368006765842438
evaluation-63852-tar-000,1,0.6329399347305298
evaluation-63852-non-000,0,-0.006339028477668762
evaluation-63984-tar-000,1,0.6284575462341309
evaluation-63984-non-000,0,-0.059935443103313446
evaluation-6401-tar-000,1,0.7302600145339966
evaluation-6401-non-000,0,0.18193675577640533
evaluation-64082-tar-000,1,0.7109380960464478
evaluation-64082-non-000,0,0.02137865126132965
evaluation-6410-tar-000,1,0.5754177570343018
evaluation-6410-non-000,0,-0.01159639097750187
evaluation-64291-tar-000,1,0.4819597601890564
evaluation-64291-non-000,0,0.12447620928287506
evaluation-64354-tar-000,1,0.6385449171066284
evaluation-64354-non-000,0,0.026975784450769424
evaluation-64431-tar-000,1,0.7822660207748413
evaluation-64431-non-000,0,0.056191325187683105
evaluation-64456-tar-000,1,0.6061621904373169
evaluation-64456-non-000,0,-0.023175954818725586
evaluation-64489-tar-000,1,0.6591646671295166
evaluation-64489-non-000,0,-0.02338629961013794
evaluation-64494-tar-000,1,0.8203144669532776
evaluation-64494-non-000,0,0.17181843519210815
evaluation-64541-tar-000,1,0.35486024618148804
evaluation-64541-non-000,0,-0.014892227947711945
evaluation-64593-tar-000,1,0.34780365228652954
evaluation-64593-non-000,0,-0.12695904076099396
evaluation-64626-tar-000,1,0.6621757745742798
evaluation-64626-non-000,0,-0.02231418713927269
evaluation-64747-tar-000,1,0.78514164686203
evaluation-64747-non-000,0,0.014316679909825325
evaluation-6478-tar-000,1,0.5789706707000732
evaluation-6478-non-000,0,-0.0061629340052604675
evaluation-6494-tar-000,1,0.13241657614707947
evaluation-6494-non-000,0,-0.03650074452161789
evaluation-64961-tar-000,1,0.8646624088287354
evaluation-64961-non-000,0,-0.11755646765232086
evaluation-64967-tar-000,1,0.3955622911453247
evaluation-64967-non-000,0,-0.24938537180423737
evaluation-65079-tar-000,1,0.7903127074241638
evaluation-65079-non-000,0,0.0760357677936554
evaluation-65159-tar-000,1,0.6941208839416504
evaluation-65159-non-000,0,-0.27936720848083496
evaluation-6527-tar-000,1,0.6592071652412415
evaluation-6527-non-000,0,-0.14647357165813446
evaluation-65368-tar-000,1,0.7044737339019775
evaluation-65368-non-000,0,0.0356220081448555
evaluation-65404-tar-000,1,0.7913779020309448
evaluation-65404-non-000,0,-0.10906647145748138
evaluation-65423-tar-000,1,0.6889079809188843
evaluation-65423-non-000,0,0.03666538745164871
evaluation-65511-tar-000,1,0.7872359752655029
evaluation-65511-non-000,0,-0.09875606000423431
evaluation-65513-tar-000,1,0.4863739311695099
evaluation-65513-non-000,0,-0.021865971386432648
evaluation-6552-tar-000,1,0.7425312995910645
evaluation-6552-non-000,0,-0.016779914498329163
evaluation-65538-tar-000,1,0.6220704317092896
evaluation-65538-non-000,0,0.3031817078590393
evaluation-65541-tar-000,1,0.8164653182029724
evaluation-65541-non-000,0,-0.07120285928249359
evaluation-65761-tar-000,1,0.6883238554000854
evaluation-65761-non-000,0,-0.10471156239509583
evaluation-65807-tar-000,1,0.6777768135070801
evaluation-65807-non-000,0,-0.12961839139461517
evaluation-65868-tar-000,1,0.4863847494125366
evaluation-65868-non-000,0,-0.10871195793151855
evaluation-65945-tar-000,1,0.5358284711837769
evaluation-65945-non-000,0,0.10772718489170074
evaluation-6595-tar-000,1,0.8095005750656128
evaluation-6595-non-000,0,-0.049734923988580704
evaluation-65986-tar-000,1,0.6189007759094238
evaluation-65986-non-000,0,0.2627032995223999
evaluation-66002-tar-000,1,0.8156850337982178
evaluation-66002-non-000,0,0.14549578726291656
evaluation-66030-tar-000,1,0.7899342179298401
evaluation-66030-non-000,0,-0.02356790006160736
evaluation-66230-tar-000,1,0.6439239978790283
evaluation-66230-non-000,0,-0.11999230086803436
evaluation-6625-tar-000,1,0.3843701183795929
evaluation-6625-non-000,0,0.09817997366189957
evaluation-6634-tar-000,1,0.7151088714599609
evaluation-6634-non-000,0,0.22936975955963135
evaluation-66436-tar-000,1,0.8888521194458008
evaluation-66436-non-000,0,-0.13869760930538177
evaluation-66466-tar-000,1,0.4232363700866699
evaluation-66466-non-000,0,0.014277001842856407
evaluation-66508-tar-000,1,0.7657625675201416
evaluation-66508-non-000,0,-0.27538976073265076
evaluation-6661-tar-000,1,0.6555993556976318
evaluation-6661-non-000,0,0.08551417291164398
evaluation-66749-tar-000,1,0.7242282629013062
evaluation-66749-non-000,0,-0.06047854572534561
evaluation-66782-tar-000,1,0.6598166227340698
evaluation-66782-non-000,0,-0.10098598152399063
evaluation-6682-tar-000,1,0.7516723871231079
evaluation-6682-non-000,0,0.08013565093278885
evaluation-66944-tar-000,1,0.5183661580085754
evaluation-66944-non-000,0,0.11517077684402466
evaluation-67057-tar-000,1,0.8580961227416992
evaluation-67057-non-000,0,0.07921934127807617
evaluation-67087-tar-000,1,0.8213890790939331
evaluation-67087-non-000,0,-0.14845502376556396
evaluation-67137-tar-000,1,0.6679052114486694
evaluation-67137-non-000,0,-0.05696338415145874
evaluation-67288-tar-000,1,0.6541891098022461
evaluation-67288-non-000,0,-0.05211130529642105
evaluation-6731-tar-000,1,0.7817161083221436
evaluation-6731-non-000,0,0.0008443091064691544
evaluation-67370-tar-000,1,0.5809104442596436
evaluation-67370-non-000,0,-0.2544795274734497
evaluation-67488-tar-000,1,0.726657509803772
evaluation-67488-non-000,0,0.20423975586891174
evaluation-6749-tar-000,1,0.5957552194595337
evaluation-6749-non-000,0,-0.11895997077226639
evaluation-67521-tar-000,1,0.415465384721756
evaluation-67521-non-000,0,0.19084088504314423
evaluation-67529-tar-000,1,0.4702553153038025
evaluation-67529-non-000,0,0.1380661427974701
evaluation-67538-tar-000,1,0.7784954905509949
evaluation-67538-non-000,0,0.0016361474990844727
evaluation-67686-tar-000,1,0.8043586015701294
evaluation-67686-non-000,0,0.0674646720290184
evaluation-67697-tar-000,1,0.7587215900421143
evaluation-67697-non-000,0,0.15396293997764587
evaluation-67859-tar-000,1,0.8065869808197021
evaluation-67859-non-000,0,-0.00663408637046814
evaluation-6789-tar-000,1,0.828635573387146
evaluation-6789-non-000,0,-0.09603813290596008
evaluation-67991-tar-000,1,0.4262826144695282
evaluation-67991-non-000,0,-0.21707245707511902
evaluation-68068-tar-000,1,0.5522560477256775
evaluation-68068-non-000,0,0.08626441657543182
evaluation-68131-tar-000,1,0.8572595119476318
evaluation-68131-non-000,0,0.12679369747638702
evaluation-6818-tar-000,1,0.6937904357910156
evaluation-6818-non-000,0,0.1120939776301384
evaluation-68227-tar-000,1,0.47754931449890137
evaluation-68227-non-000,0,-0.0407378226518631
evaluation-68268-tar-000,1,0.7848090529441833
evaluation-68268-non-000,0,0.09523151814937592
evaluation-68334-tar-000,1,0.5938106775283813
evaluation-68334-non-000,0,-0.054120179265737534
evaluation-68378-tar-000,1,0.625484824180603
evaluation-68378-non-000,0,0.08244029432535172
evaluation-68430-tar-000,1,0.7163914442062378
evaluation-68430-non-000,0,0.09716156870126724
evaluation-68785-tar-000,1,0.41630226373672485
evaluation-68785-non-000,0,-0.14199241995811462
evaluation-68886-tar-000,1,0.6217823028564453
evaluation-68886-non-000,0,-0.23212316632270813
evaluation-68908-tar-000,1,0.21728405356407166
evaluation-68908-non-000,0,-0.0644335076212883
evaluation-6898-tar-000,1,0.6915698051452637
evaluation-6898-non-000,0,-0.1377207636833191
evaluation-69035-tar-000,1,0.7308880090713501
evaluation-69035-non-000,0,0.11684194207191467
evaluation-69087-tar-000,1,0.6227643489837646
evaluation-69087-non-000,0,-0.12286114692687988
evaluation-69155-tar-000,1,0.7841506600379944
evaluation-69155-non-000,0,0.22537268698215485
evaluation-69166-tar-000,1,0.7712563276290894
evaluation-69166-non-000,0,-0.04078167304396629
evaluation-69169-tar-000,1,0.5428879261016846
evaluation-69169-non-000,0,-0.03276392072439194
evaluation-69235-tar-000,1,0.5626728534698486
evaluation-69235-non-000,0,-0.07319711148738861
evaluation-69279-tar-000,1,0.3260057270526886
evaluation-69279-non-000,0,0.04392668977379799
evaluation-69315-tar-000,1,0.4409976005554199
evaluation-69315-non-000,0,-0.17765307426452637
evaluation-6932-tar-000,1,0.18735012412071228
evaluation-6932-non-000,0,-0.04155909642577171
evaluation-69361-tar-000,1,0.5139778852462769
evaluation-69361-non-000,0,-0.1379104107618332
evaluation-69425-tar-000,1,0.5757454633712769
evaluation-69425-non-000,0,0.016210239380598068
evaluation-69526-tar-000,1,0.7720231413841248
evaluation-69526-non-000,0,0.05080079659819603
evaluation-69529-tar-000,1,0.582183837890625
evaluation-69529-non-000,0,-0.061935193836688995
evaluation-6957-tar-000,1,0.6905913352966309
evaluation-6957-non-000,0,-0.1634238213300705
evaluation-69573-tar-000,1,0.46802791953086853
evaluation-69573-non-000,0,-0.14276190102100372
evaluation-69617-tar-000,1,0.7985998392105103
evaluation-69617-non-000,0,-0.08326271921396255
evaluation-69672-tar-000,1,0.45540809631347656
evaluation-69672-non-000,0,-0.20115748047828674
evaluation-69724-tar-000,1,0.5385106801986694
evaluation-69724-non-000,0,-0.1669723391532898
evaluation-69848-tar-000,1,0.7169784307479858
evaluation-69848-non-000,0,0.1644524484872818
evaluation-69927-tar-000,1,0.5232577323913574
evaluation-69927-non-000,0,-0.025004569441080093
evaluation-6993-tar-000,1,0.7060726881027222
evaluation-6993-non-000,0,0.11164125800132751
evaluation-6994-tar-000,1,0.5586475133895874
evaluation-6994-non-000,0,-0.15141111612319946
evaluation-7006-tar-000,1,0.6132013201713562
evaluation-7006-non-000,0,-0.09272140264511108
evaluation-70130-tar-000,1,0.705288290977478
evaluation-70130-non-000,0,0.15750961005687714
evaluation-70169-tar-000,1,0.7277151346206665
evaluation-70169-non-000,0,-0.057057544589042664
evaluation-70191-tar-000,1,0.7886141538619995
evaluation-70191-non-000,0,-0.0844307616353035
evaluation-7029-tar-000,1,0.3562038242816925
evaluation-7029-non-000,0,-0.018545180559158325
evaluation-70290-tar-000,1,0.8830204010009766
evaluation-70290-non-000,0,0.009016435593366623
evaluation-70320-tar-000,1,0.6490440368652344
evaluation-70320-non-000,0,-0.16467595100402832
evaluation-70347-tar-000,1,0.6371595859527588
evaluation-70347-non-000,0,0.24779728055000305
evaluation-7036-tar-000,1,0.6034696102142334
evaluation-7036-non-000,0,0.010687096044421196
evaluation-70501-tar-000,1,0.5962231159210205
evaluation-70501-non-000,0,-0.06567932665348053
evaluation-7055-tar-000,1,0.45173898339271545
evaluation-7055-non-000,0,0.11374394595623016
evaluation-70592-tar-000,1,0.6956995725631714
evaluation-70592-non-000,0,0.04113481193780899
evaluation-70641-tar-000,1,0.7106502056121826
evaluation-70641-non-000,0,-0.12499675154685974
evaluation-70671-tar-000,1,0.5621883273124695
evaluation-70671-non-000,0,0.01299444492906332
evaluation-7077-tar-000,1,0.6710243225097656
evaluation-7077-non-000,0,0.30875447392463684
evaluation-7078-tar-000,1,0.7338244915008545
evaluation-7078-non-000,0,-0.004027433693408966
evaluation-70781-tar-000,1,0.3155914545059204
evaluation-70781-non-000,0,0.38818737864494324
evaluation-70801-tar-000,1,0.6889402270317078
evaluation-70801-non-000,0,-0.22958070039749146
evaluation-7092-tar-000,1,0.7145763635635376
evaluation-7092-non-000,0,-0.04563974216580391
evaluation-70952-tar-000,1,0.6283104419708252
evaluation-70952-non-000,0,0.15275287628173828
evaluation-71001-tar-000,1,0.702033281326294
evaluation-71001-non-000,0,-0.04770318418741226
evaluation-71015-tar-000,1,0.5981835126876831
evaluation-71015-non-000,0,0.24241772294044495
evaluation-71042-tar-000,1,0.37928590178489685
evaluation-71042-non-000,0,0.17665094137191772
evaluation-7108-tar-000,1,0.3651696443557739
evaluation-7108-non-000,0,0.21355365216732025
evaluation-7123-tar-000,1,0.45303863286972046
evaluation-7123-non-000,0,-0.017956096678972244
evaluation-71300-tar-000,1,0.5808495879173279
evaluation-71300-non-000,0,-0.05960893630981445
evaluation-7131-tar-000,1,0.5220653414726257
evaluation-7131-non-000,0,-0.06870724260807037
evaluation-7140-tar-000,1,0.7371472120285034
evaluation-7140-non-000,0,-0.06245078146457672
evaluation-71402-tar-000,1,0.7299320697784424
evaluation-71402-non-000,0,0.134778693318367
evaluation-71441-tar-000,1,0.7605520486831665
evaluation-71441-non-000,0,-0.09022044390439987
evaluation-71457-tar-000,1,0.5543889999389648
evaluation-71457-non-000,0,0.01626555062830448
evaluation-7149-tar-000,1,0.7528729438781738
evaluation-7149-non-000,0,-0.18452557921409607
evaluation-71528-tar-000,1,0.43052348494529724
evaluation-71528-non-000,0,0.1636596918106079
evaluation-71594-tar-000,1,0.6554607152938843
evaluation-71594-non-000,0,-0.035035088658332825
evaluation-7174-tar-000,1,0.809506356716156
evaluation-7174-non-000,0,-0.1459936797618866
evaluation-7177-tar-000,1,0.6169418096542358
evaluation-7177-non-000,0,-0.09816311299800873
evaluation-71798-tar-000,1,0.7892902493476868
evaluation-71798-non-000,0,0.2826635539531708
evaluation-71839-tar-000,1,0.5186315774917603
evaluation-71839-non-000,0,0.04929271712899208
evaluation-71924-tar-000,1,0.4816219210624695
evaluation-71924-non-000,0,-0.21191804111003876
evaluation-72009-tar-000,1,0.6305837035179138
evaluation-72009-non-000,0,0.15019634366035461
evaluation-72017-tar-000,1,0.6781797409057617
evaluation-72017-non-000,0,-0.11576557159423828
evaluation-72078-tar-000,1,0.8008551597595215
evaluation-72078-non-000,0,-0.15770098567008972
evaluation-7211-tar-000,1,0.47311824560165405
evaluation-7211-non-000,0,-0.2754945456981659
evaluation-7214-tar-000,1,0.5030503273010254
evaluation-7214-non-000,0,-0.04367382824420929
evaluation-72182-tar-000,1,0.35606130957603455
evaluation-72182-non-000,0,-0.22640249133110046
evaluation-72221-tar-000,1,0.714690089225769
evaluation-72221-non-000,0,0.1623961627483368
evaluation-7225-tar-000,1,0.5302226543426514
evaluation-7225-non-000,0,0.0005608387291431427
evaluation-72267-tar-000,1,0.8250336647033691
evaluation-72267-non-000,0,-0.15224304795265198
evaluation-7228-tar-000,1,0.7868174314498901
evaluation-7228-non-000,0,0.09704293310642242
evaluation-72328-tar-000,1,0.8232907652854919
evaluation-72328-non-000,0,0.27716749906539917
evaluation-72355-tar-000,1,0.7331060171127319
evaluation-72355-non-000,0,0.05176632106304169
evaluation-72531-tar-000,1,0.6972784996032715
evaluation-72531-non-000,0,-0.1012173444032669
evaluation-7259-tar-000,1,0.4999821186065674
evaluation-7259-non-000,0,0.051917802542448044
evaluation-72646-tar-000,1,0.9205624461174011
evaluation-72646-non-000,0,-0.199539914727211
evaluation-72685-tar-000,1,0.7025902271270752
evaluation-72685-non-000,0,-0.11192194372415543
evaluation-72718-tar-000,1,0.6785080432891846
evaluation-72718-non-000,0,-0.028374414891004562
evaluation-72731-tar-000,1,0.5639127492904663
evaluation-72731-non-000,0,0.05603422224521637
evaluation-72800-tar-000,1,0.49194014072418213
evaluation-72800-non-000,0,-0.037975385785102844
evaluation-7285-tar-000,1,0.726994514465332
evaluation-7285-non-000,0,0.15780490636825562
evaluation-7290-tar-000,1,0.7692292928695679
evaluation-7290-non-000,0,-0.14031101763248444
evaluation-7302-tar-000,1,0.7851295471191406
evaluation-7302-non-000,0,0.019900739192962646
evaluation-73086-tar-000,1,0.7590532898902893
evaluation-73086-non-000,0,-0.15669889748096466
evaluation-7314-tar-000,1,0.5260332822799683
evaluation-7314-non-000,0,-0.07228916883468628
evaluation-73366-tar-000,1,0.6474806666374207
evaluation-73366-non-000,0,0.03174436464905739
evaluation-73396-tar-000,1,0.7743669152259827
evaluation-73396-non-000,0,-0.13411825895309448
evaluation-7343-tar-000,1,0.7373435497283936
evaluation-7343-non-000,0,0.11344929039478302
evaluation-73465-tar-000,1,0.7898566126823425
evaluation-73465-non-000,0,0.14340846240520477
evaluation-7350-tar-000,1,0.6008771657943726
evaluation-7350-non-000,0,-0.25327610969543457
evaluation-7353-tar-000,1,0.8086013197898865
evaluation-7353-non-000,0,-0.15341205894947052
evaluation-7354-tar-000,1,0.6870412826538086
evaluation-7354-non-000,0,0.0035556135699152946
evaluation-73660-tar-000,1,0.8392881155014038
evaluation-73660-non-000,0,0.46517881751060486
evaluation-73814-tar-000,1,0.7424584627151489
evaluation-73814-non-000,0,0.09682612121105194
evaluation-73858-tar-000,1,0.338662713766098
evaluation-73858-non-000,0,0.11689813435077667
evaluation-73923-tar-000,1,0.5105106234550476
evaluation-73923-non-000,0,-0.06021250784397125
evaluation-73995-tar-000,1,0.7524694800376892
evaluation-73995-non-000,0,0.21078136563301086
evaluation-74014-tar-000,1,0.7413687705993652
evaluation-74014-non-000,0,-0.035758160054683685
evaluation-74028-tar-000,1,0.42290598154067993
evaluation-74028-non-000,0,0.2085369974374771
evaluation-74033-tar-000,1,0.7457929849624634
evaluation-74033-non-000,0,-0.061135198920965195
evaluation-7406-tar-000,1,0.7545191049575806
evaluation-7406-non-000,0,0.14242064952850342
evaluation-7408-tar-000,1,0.49194976687431335
evaluation-7408-non-000,0,0.319216251373291
evaluation-74110-tar-000,1,0.6918579339981079
evaluation-74110-non-000,0,0.06737133860588074
evaluation-74179-tar-000,1,0.7391403317451477
evaluation-74179-non-000,0,0.2961893081665039
evaluation-74195-tar-000,1,0.6679937839508057
evaluation-74195-non-000,0,-0.20746399462223053
evaluation-74234-tar-000,1,0.46168580651283264
evaluation-74234-non-000,0,-0.09003528952598572
evaluation-74250-tar-000,1,0.6181492805480957
evaluation-74250-non-000,0,0.10194095224142075
evaluation-7428-tar-000,1,0.765182375907898
evaluation-7428-non-000,0,-0.11473077535629272
evaluation-74324-tar-000,1,0.4773353636264801
evaluation-74324-non-000,0,0.0029073935002088547
evaluation-74335-tar-000,1,0.3402140140533447
evaluation-74335-non-000,0,0.07956504821777344
evaluation-74357-tar-000,1,0.7367510199546814
evaluation-74357-non-000,0,0.06618959456682205
evaluation-7438-tar-000,1,0.8393902778625488
evaluation-7438-non-000,0,0.13604529201984406
evaluation-74388-tar-000,1,0.38111335039138794
evaluation-74388-non-000,0,-0.1895928978919983
evaluation-74481-tar-000,1,0.47691869735717773
evaluation-74481-non-000,0,0.2696893811225891
evaluation-74599-tar-000,1,0.5975552201271057
evaluation-74599-non-000,0,0.19557052850723267
evaluation-74720-tar-000,1,0.729029655456543
evaluation-74720-non-000,0,-0.2104538083076477
evaluation-74745-tar-000,1,0.7116818428039551
evaluation-74745-non-000,0,0.30763331055641174
evaluation-74783-tar-000,1,0.5668092370033264
evaluation-74783-non-000,0,-0.05648088455200195
evaluation-74953-tar-000,1,0.7473665475845337
evaluation-74953-non-000,0,0.026336001232266426
evaluation-7500-tar-000,1,0.2930203676223755
evaluation-7500-non-000,0,0.014964102767407894
evaluation-75011-tar-000,1,0.7049553394317627
evaluation-75011-non-000,0,0.15292640030384064
evaluation-7511-tar-000,1,0.3606210947036743
evaluation-7511-non-000,0,-0.09291394054889679
evaluation-75157-tar-000,1,0.6334563493728638
evaluation-75157-non-000,0,-0.02021208219230175
evaluation-7516-tar-000,1,0.682637095451355
evaluation-7516-non-000,0,0.03034794330596924
evaluation-75176-tar-000,1,0.7423111796379089
evaluation-75176-non-000,0,0.1961376667022705
evaluation-75192-tar-000,1,0.4416348934173584
evaluation-75192-non-000,0,0.16255179047584534
evaluation-7536-tar-000,1,0.7594015002250671
evaluation-7536-non-000,0,0.04832131788134575
evaluation-7544-tar-000,1,0.8841240406036377
evaluation-7544-non-000,0,-0.01032768189907074
evaluation-75442-tar-000,1,0.3847874402999878
evaluation-75442-non-000,0,-0.17205220460891724
evaluation-75448-tar-000,1,0.5876280069351196
evaluation-75448-non-000,0,0.004317808896303177
evaluation-75451-tar-000,1,0.7857410311698914
evaluation-75451-non-000,0,0.18618854880332947
evaluation-75555-tar-000,1,0.6867221593856812
evaluation-75555-non-000,0,0.04060991480946541
evaluation-75690-tar-000,1,0.613227128982544
evaluation-75690-non-000,0,-0.1755014955997467
evaluation-75753-tar-000,1,0.5333442091941833
evaluation-75753-non-000,0,0.14402087032794952
evaluation-75802-tar-000,1,0.7514173984527588
evaluation-75802-non-000,0,0.06756225973367691
evaluation-75849-tar-000,1,0.5317906141281128
evaluation-75849-non-000,0,0.16188770532608032
evaluation-75860-tar-000,1,0.8321282267570496
evaluation-75860-non-000,0,-0.0560358464717865
evaluation-75874-tar-000,1,0.7540748119354248
evaluation-75874-non-000,0,0.2981052100658417
evaluation-75945-tar-000,1,0.7745745182037354
evaluation-75945-non-000,0,0.09332507848739624
evaluation-7604-tar-000,1,0.6505734324455261
evaluation-7604-non-000,0,-0.11465570330619812
evaluation-76085-tar-000,1,0.7582635879516602
evaluation-76085-non-000,0,-0.09541741758584976
evaluation-76101-tar-000,1,0.6706702709197998
evaluation-76101-non-000,0,0.08433438837528229
evaluation-7617-tar-000,1,0.6146310567855835
evaluation-7617-non-000,0,0.05733936280012131
evaluation-76192-tar-000,1,0.8514518141746521
evaluation-76192-non-000,0,-0.1286918669939041
evaluation-76247-tar-000,1,0.5062388181686401
evaluation-76247-non-000,0,0.22774110734462738
evaluation-76299-tar-000,1,0.7872799634933472
evaluation-76299-non-000,0,0.11879892647266388
evaluation-76420-tar-000,1,0.6779006123542786
evaluation-76420-non-000,0,0.04168097674846649
evaluation-7645-tar-000,1,0.8007840514183044
evaluation-7645-non-000,0,0.19432209432125092
evaluation-76453-tar-000,1,0.4350162744522095
evaluation-76453-non-000,0,0.10863013565540314
evaluation-7646-tar-000,1,0.6856570243835449
evaluation-7646-non-000,0,0.03345540910959244
evaluation-7654-tar-000,1,0.8161518573760986
evaluation-7654-non-000,0,0.17473721504211426
evaluation-7655-tar-000,1,0.765170693397522
evaluation-7655-non-000,0,0.07980901002883911
evaluation-76585-tar-000,1,0.8034803867340088
evaluation-76585-non-000,0,0.07047846168279648
evaluation-76695-tar-000,1,0.7832252383232117
evaluation-76695-non-000,0,0.10599949210882187
evaluation-76719-tar-000,1,0.8206237554550171
evaluation-76719-non-000,0,-0.102703757584095
evaluation-76725-tar-000,1,0.658687949180603
evaluation-76725-non-000,0,0.07314050942659378
evaluation-7679-tar-000,1,0.45778509974479675
evaluation-7679-non-000,0,0.08453585207462311
evaluation-76862-tar-000,1,0.35594797134399414
evaluation-76862-non-000,0,-0.1043824553489685
evaluation-77101-tar-000,1,0.6977025270462036
evaluation-77101-non-000,0,-0.008237216621637344
evaluation-7712-tar-000,1,0.7266049385070801
evaluation-7712-non-000,0,0.5375446081161499
evaluation-77175-tar-000,1,0.6076593399047852
evaluation-77175-non-000,0,0.1385713517665863
evaluation-7721-tar-000,1,0.7498794794082642
evaluation-7721-non-000,0,0.11202910542488098
evaluation-7726-tar-000,1,0.6857515573501587
evaluation-7726-non-000,0,-0.031217947602272034
evaluation-7728-tar-000,1,0.76882404088974
evaluation-7728-non-000,0,0.004381533712148666
evaluation-7735-tar-000,1,0.7929788827896118
evaluation-7735-non-000,0,-0.011241015046834946
evaluation-77351-tar-000,1,0.44520798325538635
evaluation-77351-non-000,0,0.0049432553350925446
evaluation-77376-tar-000,1,0.7727563381195068
evaluation-77376-non-000,0,0.008575517684221268
evaluation-77486-tar-000,1,0.8186602592468262
evaluation-77486-non-000,0,-0.12690597772598267
evaluation-7750-tar-000,1,0.6033477187156677
evaluation-7750-non-000,0,-0.04376893490552902
evaluation-77571-tar-000,1,0.7694103121757507
evaluation-77571-non-000,0,-0.00782877765595913
evaluation-77656-tar-000,1,0.6133278012275696
evaluation-77656-non-000,0,0.31574857234954834
evaluation-77851-tar-000,1,0.9170002341270447
evaluation-77851-non-000,0,0.006410323083400726
evaluation-77854-tar-000,1,0.8029515743255615
evaluation-77854-non-000,0,0.013093411922454834
evaluation-77879-tar-000,1,0.6030186414718628
evaluation-77879-non-000,0,0.0613572895526886
evaluation-7789-tar-000,1,0.42283061146736145
evaluation-7789-non-000,0,-0.0362505167722702
evaluation-7790-tar-000,1,0.552289605140686
evaluation-7790-non-000,0,0.1995895802974701
evaluation-7810-tar-000,1,0.6870017051696777
evaluation-7810-non-000,0,-0.09803353250026703
evaluation-78247-tar-000,1,0.5966987013816833
evaluation-78247-non-000,0,-0.1182936355471611
evaluation-78249-tar-000,1,0.6396132707595825
evaluation-78249-non-000,0,0.23252058029174805
evaluation-7827-tar-000,1,0.7671191692352295
evaluation-7827-non-000,0,0.029512669891119003
evaluation-78370-tar-000,1,0.43636107444763184
evaluation-78370-non-000,0,0.02788732573390007
evaluation-78400-tar-000,1,0.30207157135009766
evaluation-78400-non-000,0,0.09515625238418579
evaluation-78436-tar-000,1,0.7060514092445374
evaluation-78436-non-000,0,0.2279035449028015
evaluation-78444-tar-000,1,0.689830482006073
evaluation-78444-non-000,0,0.2725442051887512
evaluation-7846-tar-000,1,0.6294870376586914
evaluation-7846-non-000,0,-0.07494203746318817
evaluation-7848-tar-000,1,0.7909630537033081
evaluation-7848-non-000,0,0.1018940880894661
evaluation-7849-tar-000,1,0.6277263164520264
evaluation-7849-non-000,0,-0.11849352717399597
evaluation-78540-tar-000,1,0.21486076712608337
evaluation-78540-non-000,0,0.05782867223024368
evaluation-78571-tar-000,1,0.4177483916282654
evaluation-78571-non-000,0,-0.12294638156890869
evaluation-78576-tar-000,1,0.4548105299472809
evaluation-78576-non-000,0,0.23226460814476013
evaluation-78584-tar-000,1,0.6913637518882751
evaluation-78584-non-000,0,0.00935744121670723
evaluation-78615-tar-000,1,0.7090490460395813
evaluation-78615-non-000,0,-0.19495907425880432
evaluation-78675-tar-000,1,0.863913893699646
evaluation-78675-non-000,0,-0.2044789046049118
evaluation-78752-tar-000,1,0.7833741903305054
evaluation-78752-non-000,0,-0.04716361314058304
evaluation-7878-tar-000,1,0.4850095510482788
evaluation-7878-non-000,0,0.0058413296937942505
evaluation-78782-tar-000,1,0.710586428642273
evaluation-78782-non-000,0,-0.03340151906013489
evaluation-78815-tar-000,1,0.7739936113357544
evaluation-78815-non-000,0,0.03922084718942642
evaluation-78826-tar-000,1,0.4455987811088562
evaluation-78826-non-000,0,0.19598570466041565
evaluation-78887-tar-000,1,0.6851663589477539
evaluation-78887-non-000,0,-0.006289240904152393
evaluation-78963-tar-000,1,0.7590526938438416
evaluation-78963-non-000,0,-0.058509014546871185
evaluation-78972-tar-000,1,0.7167081236839294
evaluation-78972-non-000,0,0.1483088880777359
evaluation-79095-tar-000,1,0.6699033379554749
evaluation-79095-non-000,0,-0.01614227518439293
evaluation-79255-tar-000,1,0.21839895844459534
evaluation-79255-non-000,0,0.05807211622595787
evaluation-79474-tar-000,1,0.529224157333374
evaluation-79474-non-000,0,-0.008461784571409225
evaluation-79521-tar-000,1,0.34398072957992554
evaluation-79521-non-000,0,-0.1336875706911087
evaluation-79581-tar-000,1,0.4717649817466736
evaluation-79581-non-000,0,-0.08837901055812836
evaluation-7964-tar-000,1,0.7109924554824829
evaluation-7964-non-000,0,0.24959473311901093
evaluation-7972-tar-000,1,0.3890840709209442
evaluation-7972-non-000,0,-0.244085431098938
evaluation-79776-tar-000,1,0.8137667179107666
evaluation-79776-non-000,0,-0.3211246430873871
evaluation-79798-tar-000,1,0.7076945900917053
evaluation-79798-non-000,0,0.06130186840891838
evaluation-79807-tar-000,1,0.7111541032791138
evaluation-79807-non-000,0,0.12200117856264114
evaluation-7983-tar-000,1,0.6223508715629578
evaluation-7983-non-000,0,-0.17480765283107758
evaluation-79843-tar-000,1,0.7355587482452393
evaluation-79843-non-000,0,0.11417178809642792
evaluation-7989-tar-000,1,0.5648844242095947
evaluation-7989-non-000,0,0.2108219563961029
evaluation-79980-tar-000,1,0.31928080320358276
evaluation-79980-non-000,0,0.1324244737625122
evaluation-79991-tar-000,1,0.8484913110733032
evaluation-79991-non-000,0,-0.13136456906795502
evaluation-80153-tar-000,1,0.8054476380348206
evaluation-80153-non-000,0,0.22778910398483276
evaluation-80180-tar-000,1,0.7240010499954224
evaluation-80180-non-000,0,-0.105208620429039
evaluation-8019-tar-000,1,0.8495429754257202
evaluation-8019-non-000,0,-0.03772547096014023
evaluation-80210-tar-000,1,0.4236067533493042
evaluation-80210-non-000,0,0.19807380437850952
evaluation-80221-tar-000,1,0.6520377993583679
evaluation-80221-non-000,0,0.0709870308637619
evaluation-8023-tar-000,1,0.8056854009628296
evaluation-8023-non-000,0,0.09940595924854279
evaluation-8027-tar-000,1,0.8068960905075073
evaluation-8027-non-000,0,0.13554885983467102
evaluation-8028-tar-000,1,0.6434682011604309
evaluation-8028-non-000,0,0.057809434831142426
evaluation-80353-tar-000,1,0.8742237687110901
evaluation-80353-non-000,0,0.23857781291007996
evaluation-8041-tar-000,1,0.6723283529281616
evaluation-8041-non-000,0,0.05978871509432793
evaluation-80449-tar-000,1,0.7657908201217651
evaluation-80449-non-000,0,0.019391287118196487
evaluation-80504-tar-000,1,0.8533568978309631
evaluation-80504-non-000,0,0.10989215224981308
evaluation-8068-tar-000,1,0.7820591330528259
evaluation-8068-non-000,0,-0.10582998394966125
evaluation-80710-tar-000,1,0.6296705603599548
evaluation-80710-non-000,0,0.016457470133900642
evaluation-80773-tar-000,1,0.6025795340538025
evaluation-80773-non-000,0,-0.0722726434469223
evaluation-80793-tar-000,1,0.7447089552879333
evaluation-80793-non-000,0,0.1701854169368744
evaluation-80798-tar-000,1,0.6594321727752686
evaluation-80798-non-000,0,-0.004681192338466644
evaluation-80806-tar-000,1,0.5372403860092163
evaluation-80806-non-000,0,0.04492183029651642
evaluation-80900-tar-000,1,0.772597074508667
evaluation-80900-non-000,0,-0.28870299458503723
evaluation-80935-tar-000,1,0.5904853343963623
evaluation-80935-non-000,0,0.11342120170593262
evaluation-80938-tar-000,1,0.5680568218231201
evaluation-80938-non-000,0,0.05065954476594925
evaluation-8097-tar-000,1,0.5300655961036682
evaluation-8097-non-000,0,-0.05520642548799515
evaluation-81034-tar-000,1,0.20508097112178802
evaluation-81034-non-000,0,0.1761966347694397
evaluation-81103-tar-000,1,0.7581748962402344
evaluation-81103-non-000,0,0.09469197690486908
evaluation-81106-tar-000,1,0.728687584400177
evaluation-81106-non-000,0,-0.05283704027533531
evaluation-81111-tar-000,1,0.8242813348770142
evaluation-81111-non-000,0,0.23373252153396606
evaluation-81119-tar-000,1,0.48820576071739197
evaluation-81119-non-000,0,0.06518203020095825
evaluation-81128-tar-000,1,0.7171847820281982
evaluation-81128-non-000,0,0.1913585215806961
evaluation-81174-tar-000,1,0.7974466681480408
evaluation-81174-non-000,0,-0.19984708726406097
evaluation-81271-tar-000,1,0.4818754196166992
evaluation-81271-non-000,0,-0.03537687659263611
evaluation-81276-tar-000,1,0.5873740315437317
evaluation-81276-non-000,0,-0.15147237479686737
evaluation-81309-tar-000,1,0.7428735494613647
evaluation-81309-non-000,0,0.044504180550575256
evaluation-8143-tar-000,1,0.748652458190918
evaluation-8143-non-000,0,-0.09700137376785278
evaluation-81441-tar-000,1,0.4690115451812744
evaluation-81441-non-000,0,-0.06447549164295197
evaluation-81455-tar-000,1,0.8900493383407593
evaluation-81455-non-000,0,-0.10702710598707199
evaluation-81823-tar-000,1,0.7292713522911072
evaluation-81823-non-000,0,0.11942753195762634
evaluation-8185-tar-000,1,0.43753230571746826
evaluation-8185-non-000,0,-0.09775616228580475
evaluation-81858-tar-000,1,0.7399442195892334
evaluation-81858-non-000,0,0.11338641494512558
evaluation-8191-tar-000,1,0.6034006476402283
evaluation-8191-non-000,0,0.03732677176594734
evaluation-81913-tar-000,1,0.853769063949585
evaluation-81913-non-000,0,0.055883027613162994
evaluation-81963-tar-000,1,0.5655117630958557
evaluation-81963-non-000,0,0.09800660610198975
evaluation-8203-tar-000,1,0.6051731109619141
evaluation-8203-non-000,0,0.020424842834472656
evaluation-82040-tar-000,1,0.7882312536239624
evaluation-82040-non-000,0,-0.08629316836595535
evaluation-8210-tar-000,1,0.7030767798423767
evaluation-8210-non-000,0,0.037215083837509155
evaluation-8215-tar-000,1,0.6061044931411743
evaluation-8215-non-000,0,0.03344143182039261
evaluation-8216-tar-000,1,0.7621939182281494
evaluation-8216-non-000,0,-0.03916707634925842
evaluation-8219-tar-000,1,0.7843211889266968
evaluation-8219-non-000,0,0.03743072226643562
evaluation-82273-tar-000,1,0.6555691361427307
evaluation-82273-non-000,0,-0.009590579196810722
evaluation-82342-tar-000,1,0.6792389750480652
evaluation-82342-non-000,0,0.12199654430150986
evaluation-8236-tar-000,1,0.5709657073020935
evaluation-8236-non-000,0,0.04579262435436249
evaluation-82421-tar-000,1,0.8513282537460327
evaluation-82421-non-000,0,-0.017250962555408478
evaluation-82603-tar-000,1,0.5754013061523438
evaluation-82603-non-000,0,0.12302318215370178
evaluation-82641-tar-000,1,0.7552409768104553
evaluation-82641-non-000,0,-0.008911292999982834
evaluation-82842-tar-000,1,0.21743987500667572
evaluation-82842-non-000,0,0.04577890783548355
evaluation-82847-tar-000,1,0.7785433530807495
evaluation-82847-non-000,0,-0.1378583461046219
evaluation-8299-tar-000,1,0.5902940034866333
evaluation-8299-non-000,0,-0.19899548590183258
evaluation-83006-tar-000,1,0.3673374056816101
evaluation-83006-non-000,0,0.09652788937091827
evaluation-83028-tar-000,1,0.5771162509918213
evaluation-83028-non-000,0,-0.08372028917074203
evaluation-83094-tar-000,1,0.6078054904937744
evaluation-83094-non-000,0,-0.04655051976442337
evaluation-83204-tar-000,1,0.8314939141273499
evaluation-83204-non-000,0,-0.014204360544681549
evaluation-8328-tar-000,1,0.3444230258464813
evaluation-8328-non-000,0,0.11905843019485474
evaluation-8335-tar-000,1,0.636186420917511
evaluation-8335-non-000,0,0.12006519734859467
evaluation-83355-tar-000,1,0.6091827154159546
evaluation-83355-non-000,0,-0.10546492040157318
evaluation-83674-tar-000,1,0.6803661584854126
evaluation-83674-non-000,0,0.02195691503584385
evaluation-83696-tar-000,1,0.8695186376571655
evaluation-83696-non-000,0,0.17322036623954773
evaluation-8383-tar-000,1,0.5850803852081299
evaluation-8383-non-000,0,-0.11699721217155457
evaluation-83839-tar-000,1,0.618879497051239
evaluation-83839-non-000,0,-0.22654417157173157
evaluation-83905-tar-000,1,0.7362060546875
evaluation-83905-non-000,0,-0.283031165599823
evaluation-83918-tar-000,1,0.4935639500617981
evaluation-83918-non-000,0,-0.07631480693817139
evaluation-83927-tar-000,1,0.47388219833374023
evaluation-83927-non-000,0,-0.0677950456738472
evaluation-83995-tar-000,1,0.8682319521903992
evaluation-83995-non-000,0,-0.1587643325328827
evaluation-8407-tar-000,1,0.4276459813117981
evaluation-8407-non-000,0,0.003811262547969818
evaluation-84075-tar-000,1,0.24008533358573914
evaluation-84075-non-000,0,-0.10840212553739548
evaluation-84160-tar-000,1,0.5627583265304565
evaluation-84160-non-000,0,-0.17550459504127502
evaluation-84187-tar-000,1,0.7317182421684265
evaluation-84187-non-000,0,-0.13208498060703278
evaluation-84300-tar-000,1,0.6070563793182373
evaluation-84300-non-000,0,-0.1136941909790039
evaluation-84457-tar-000,1,0.5045770406723022
evaluation-84457-non-000,0,0.2197059690952301
evaluation-84512-tar-000,1,0.32917487621307373
evaluation-84512-non-000,0,0.055585846304893494
evaluation-8452-tar-000,1,0.712024450302124
evaluation-8452-non-000,0,-0.1750260889530182
evaluation-8453-tar-000,1,0.5579825639724731
evaluation-8453-non-000,0,0.033432167023420334
evaluation-84544-tar-000,1,0.6493534445762634
evaluation-84544-non-000,0,0.22481457889080048
evaluation-84547-tar-000,1,0.7715263366699219
evaluation-84547-non-000,0,-0.11953440308570862
evaluation-84649-tar-000,1,0.7079859375953674
evaluation-84649-non-000,0,-0.16054630279541016
evaluation-84693-tar-000,1,0.8438446521759033
evaluation-84693-non-000,0,-0.026384254917502403
evaluation-84704-tar-000,1,0.6395966410636902
evaluation-84704-non-000,0,0.19313234090805054
evaluation-84753-tar-000,1,0.7216508388519287
evaluation-84753-non-000,0,0.09985184669494629
evaluation-84929-tar-000,1,0.7421029210090637
evaluation-84929-non-000,0,0.2582869529724121
evaluation-8494-tar-000,1,0.7553017139434814
evaluation-8494-non-000,0,-0.10873749852180481
evaluation-8502-tar-000,1,0.8050523996353149
evaluation-8502-non-000,0,0.18108637630939484
evaluation-85201-tar-000,1,0.696875810623169
evaluation-85201-non-000,0,0.340828537940979
evaluation-8522-tar-000,1,0.7521929740905762
evaluation-8522-non-000,0,0.1893237978219986
evaluation-8527-tar-000,1,0.5885456800460815
evaluation-8527-non-000,0,-0.005196506157517433
evaluation-85286-tar-000,1,0.5242766737937927
evaluation-85286-non-000,0,0.14137639105319977
evaluation-85319-tar-000,1,0.783536970615387
evaluation-85319-non-000,0,0.020542988553643227
evaluation-85396-tar-000,1,0.5554011464118958
evaluation-85396-non-000,0,-0.03314156085252762
evaluation-85421-tar-000,1,0.8216109275817871
evaluation-85421-non-000,0,0.029910858720541
evaluation-8557-tar-000,1,0.32907363772392273
evaluation-8557-non-000,0,-0.09111462533473969
evaluation-85676-tar-000,1,0.2900927662849426
evaluation-85676-non-000,0,0.13387370109558105
evaluation-85750-tar-000,1,0.41101643443107605
evaluation-85750-non-000,0,0.32801318168640137
evaluation-85778-tar-000,1,0.6281068325042725
evaluation-85778-non-000,0,0.18486139178276062
evaluation-85871-tar-000,1,0.6149340867996216
evaluation-85871-non-000,0,0.08213557302951813
evaluation-8602-tar-000,1,0.3907621502876282
evaluation-8602-non-000,0,0.13164235651493073
evaluation-86107-tar-000,1,0.7126815319061279
evaluation-86107-non-000,0,-0.19042488932609558
evaluation-8614-tar-000,1,0.7696725130081177
evaluation-8614-non-000,0,-0.011423401534557343
evaluation-86151-tar-000,1,0.5925197601318359
evaluation-86151-non-000,0,-0.2038555145263672
evaluation-86198-tar-000,1,0.6972988843917847
evaluation-86198-non-000,0,0.035187385976314545
evaluation-86245-tar-000,1,0.5566554069519043
evaluation-86245-non-000,0,0.038012418895959854
evaluation-8628-tar-000,1,0.7821989059448242
evaluation-8628-non-000,0,0.11281868815422058
evaluation-8630-tar-000,1,0.7818626165390015
evaluation-8630-non-000,0,0.13511888682842255
evaluation-86376-tar-000,1,0.6589981913566589
evaluation-86376-non-000,0,0.054768919944763184
evaluation-8639-tar-000,1,0.5923011302947998
evaluation-8639-non-000,0,0.1247042715549469
evaluation-8640-tar-000,1,0.7124478816986084
evaluation-8640-non-000,0,0.31063297390937805
evaluation-86470-tar-000,1,0.40638577938079834
evaluation-86470-non-000,0,-0.1303543746471405
evaluation-86478-tar-000,1,0.5205627679824829
evaluation-86478-non-000,0,0.1038801372051239
evaluation-86519-tar-000,1,0.5709912776947021
evaluation-86519-non-000,0,0.0512896329164505
evaluation-86577-tar-000,1,0.21747496724128723
evaluation-86577-non-000,0,0.07846881449222565
evaluation-86591-tar-000,1,0.6659739017486572
evaluation-86591-non-000,0,0.05197259411215782
evaluation-86799-tar-000,1,0.782794177532196
evaluation-86799-non-000,0,-0.07993078231811523
evaluation-86926-tar-000,1,0.4880794882774353
evaluation-86926-non-000,0,0.12942273914813995
evaluation-86945-tar-000,1,0.7114145755767822
evaluation-86945-non-000,0,-0.09713587164878845
evaluation-8697-tar-000,1,0.521117627620697
evaluation-8697-non-000,0,0.015730375424027443
evaluation-87016-tar-000,1,0.6065897941589355
evaluation-87016-non-000,0,-0.019089333713054657
evaluation-87176-tar-000,1,0.6977545022964478
evaluation-87176-non-000,0,0.07055285573005676
evaluation-8724-tar-000,1,0.8189200758934021
evaluation-8724-non-000,0,-0.036556996405124664
evaluation-87313-tar-000,1,0.42956799268722534
evaluation-87313-non-000,0,0.1777445673942566
evaluation-87338-tar-000,1,0.8395740985870361
evaluation-87338-non-000,0,0.03183814138174057
evaluation-87362-tar-000,1,0.8464508056640625
evaluation-87362-non-000,0,-0.031110510230064392
evaluation-87450-tar-000,1,0.8207975625991821
evaluation-87450-non-000,0,-0.09856066852807999
evaluation-8746-tar-000,1,0.7204444408416748
evaluation-8746-non-000,0,-0.10880250483751297
evaluation-8756-tar-000,1,0.6178818941116333
evaluation-8756-non-000,0,-0.04017657786607742
evaluation-87577-tar-000,1,0.5105348825454712
evaluation-87577-non-000,0,0.03242112696170807
evaluation-87601-tar-000,1,0.7863684296607971
evaluation-87601-non-000,0,0.0923500508069992
evaluation-8765-tar-000,1,0.7098044157028198
evaluation-8765-non-000,0,0.10178899019956589
evaluation-87711-tar-000,1,0.6929506659507751
evaluation-87711-non-000,0,0.06542549282312393
evaluation-87720-tar-000,1,0.5093816518783569
evaluation-87720-non-000,0,0.27476954460144043
evaluation-87722-tar-000,1,0.741597056388855
evaluation-87722-non-000,0,0.057024095207452774
evaluation-87876-tar-000,1,0.6241993308067322
evaluation-87876-non-000,0,0.0757429301738739
evaluation-87923-tar-000,1,0.8014439940452576
evaluation-87923-non-000,0,0.05853130668401718
evaluation-8796-tar-000,1,0.7423403263092041
evaluation-8796-non-000,0,-0.10420605540275574
evaluation-8804-tar-000,1,0.622597873210907
evaluation-8804-non-000,0,-0.03149641305208206
evaluation-88060-tar-000,1,0.6673673391342163
evaluation-88060-non-000,0,-0.09333112090826035
evaluation-8814-tar-000,1,0.6379938125610352
evaluation-8814-non-000,0,0.2548838257789612
evaluation-88156-tar-000,1,0.7725452184677124
evaluation-88156-non-000,0,0.17086414992809296
evaluation-88170-tar-000,1,0.6421321630477905
evaluation-88170-non-000,0,-0.056939199566841125
evaluation-88313-tar-000,1,0.6932945847511292
evaluation-88313-non-000,0,-0.31602710485458374
evaluation-8836-tar-000,1,0.7400437593460083
evaluation-8836-non-000,0,0.04965846985578537
evaluation-88458-tar-000,1,0.4969070255756378
evaluation-88458-non-000,0,0.1536175012588501
evaluation-88524-tar-000,1,0.7070759534835815
evaluation-88524-non-000,0,-0.030962225049734116
evaluation-88576-tar-000,1,0.7330005764961243
evaluation-88576-non-000,0,0.013707399368286133
evaluation-88582-tar-000,1,0.5165222883224487
evaluation-88582-non-000,0,0.023061752319335938
evaluation-88689-tar-000,1,0.45131397247314453
evaluation-88689-non-000,0,0.0010088272392749786
evaluation-88747-tar-000,1,0.4011222720146179
evaluation-88747-non-000,0,0.13400334119796753
evaluation-88780-tar-000,1,0.547147274017334
evaluation-88780-non-000,0,-0.09792520850896835
evaluation-88791-tar-000,1,0.7133921384811401
evaluation-88791-non-000,0,0.23326599597930908
evaluation-8896-tar-000,1,0.8643811345100403
evaluation-8896-non-000,0,-0.14592038094997406
evaluation-89005-tar-000,1,0.6878513693809509
evaluation-89005-non-000,0,-0.41310909390449524
evaluation-89027-tar-000,1,0.7115780115127563
evaluation-89027-non-000,0,-0.04049910232424736
evaluation-89054-tar-000,1,0.5680187940597534
evaluation-89054-non-000,0,-0.10616660863161087
evaluation-89120-tar-000,1,0.691135048866272
evaluation-89120-non-000,0,-0.014009902253746986
evaluation-89255-tar-000,1,0.4780321419239044
evaluation-89255-non-000,0,0.030841540545225143
evaluation-89335-tar-000,1,0.525011420249939
evaluation-89335-non-000,0,0.08957882970571518
evaluation-89340-tar-000,1,0.718124508857727
evaluation-89340-non-000,0,0.03908509016036987
evaluation-89346-tar-000,1,0.5517589449882507
evaluation-89346-non-000,0,-0.10640562325716019
evaluation-89381-tar-000,1,0.5312705039978027
evaluation-89381-non-000,0,-0.00018217787146568298
evaluation-89557-tar-000,1,0.49346551299095154
evaluation-89557-non-000,0,0.16351866722106934
evaluation-89604-tar-000,1,0.5926876068115234
evaluation-89604-non-000,0,-0.049514178186655045
evaluation-89615-tar-000,1,0.7056578397750854
evaluation-89615-non-000,0,-0.19571171700954437
evaluation-89631-tar-000,1,0.6960166692733765
evaluation-89631-non-000,0,0.021593168377876282
evaluation-89757-tar-000,1,0.7677744626998901
evaluation-89757-non-000,0,-0.16367578506469727
evaluation-89766-tar-000,1,0.7850921154022217
evaluation-89766-non-000,0,-0.00027957744896411896
evaluation-89782-tar-000,1,0.8843812942504883
evaluation-89782-non-000,0,-0.17416086792945862
evaluation-89818-tar-000,1,0.5157163143157959
evaluation-89818-non-000,0,0.06613010913133621
evaluation-89822-tar-000,1,0.5682935118675232
evaluation-89822-non-000,0,-0.2023947685956955
evaluation-8983-tar-000,1,0.8123129606246948
evaluation-8983-non-000,0,0.0705268457531929
evaluation-90024-tar-000,1,0.8004325032234192
evaluation-90024-non-000,0,0.005460349842905998
evaluation-90032-tar-000,1,0.7876341342926025
evaluation-90032-non-000,0,0.1505027711391449
evaluation-90038-tar-000,1,0.7413088083267212
evaluation-90038-non-000,0,0.04338018596172333
evaluation-90117-tar-000,1,0.5579168796539307
evaluation-90117-non-000,0,0.09662720561027527
evaluation-90145-tar-000,1,0.010284323245286942
evaluation-90145-non-000,0,0.07122817635536194
evaluation-90148-tar-000,1,0.672186553478241
evaluation-90148-non-000,0,-0.09164810925722122
evaluation-90169-tar-000,1,0.6547637581825256
evaluation-90169-non-000,0,0.046715784817934036
evaluation-90257-tar-000,1,0.5413724780082703
evaluation-90257-non-000,0,-0.03767908364534378
evaluation-90301-tar-000,1,0.6650744080543518
evaluation-90301-non-000,0,-0.2014814019203186
evaluation-90304-tar-000,1,0.6372882127761841
evaluation-90304-non-000,0,-0.14216944575309753
evaluation-90381-tar-000,1,0.45862260460853577
evaluation-90381-non-000,0,0.1476108580827713
evaluation-90414-tar-000,1,0.6791656613349915
evaluation-90414-non-000,0,-0.1257406622171402
evaluation-90469-tar-000,1,0.699467658996582
evaluation-90469-non-000,0,-0.10509791225194931
evaluation-90562-tar-000,1,0.7834370136260986
evaluation-90562-non-000,0,0.16262882947921753
evaluation-90631-tar-000,1,0.7593879699707031
evaluation-90631-non-000,0,-0.15082037448883057
evaluation-90862-tar-000,1,0.569461464881897
evaluation-90862-non-000,0,-0.17929121851921082
evaluation-90875-tar-000,1,0.4777718186378479
evaluation-90875-non-000,0,0.2059408724308014
evaluation-90939-tar-000,1,0.7387449145317078
evaluation-90939-non-000,0,0.0807955414056778
evaluation-9109-tar-000,1,0.5011037588119507
evaluation-9109-non-000,0,-0.197778582572937
evaluation-91106-tar-000,1,0.6697745323181152
evaluation-91106-non-000,0,0.2182922214269638
evaluation-91166-tar-000,1,0.676561176776886
evaluation-91166-non-000,0,-0.2122974544763565
evaluation-91205-tar-000,1,0.6938077211380005
evaluation-91205-non-000,0,0.08634237200021744
evaluation-9125-tar-000,1,0.7887591123580933
evaluation-9125-non-000,0,-0.037950385361909866
evaluation-91433-tar-000,1,0.879782497882843
evaluation-91433-non-000,0,-0.15828323364257812
evaluation-91441-tar-000,1,0.23346270620822906
evaluation-91441-non-000,0,0.1337966024875641
evaluation-91466-tar-000,1,0.5078895688056946
evaluation-91466-non-000,0,-0.2123098522424698
evaluation-9148-tar-000,1,0.6664645671844482
evaluation-9148-non-000,0,0.08369480073451996
evaluation-91496-tar-000,1,0.7182419300079346
evaluation-91496-non-000,0,0.177620992064476
evaluation-91543-tar-000,1,0.6904404759407043
evaluation-91543-non-000,0,-0.1449260264635086
evaluation-91642-tar-000,1,0.8948655128479004
evaluation-91642-non-000,0,0.24661269783973694
evaluation-9165-tar-000,1,0.6596769094467163
evaluation-9165-non-000,0,-0.06258697062730789
evaluation-91719-tar-000,1,0.6857540607452393
evaluation-91719-non-000,0,-0.1675751507282257
evaluation-9179-tar-000,1,0.7199891805648804
evaluation-9179-non-000,0,-0.20648138225078583
evaluation-91798-tar-000,1,0.2288234829902649
evaluation-91798-non-000,0,-0.03984489664435387
evaluation-91823-tar-000,1,0.3788764178752899
evaluation-91823-non-000,0,0.28993740677833557
evaluation-91886-tar-000,1,0.6743829846382141
evaluation-91886-non-000,0,-0.10487201064825058
evaluation-9195-tar-000,1,0.8023543357849121
evaluation-9195-non-000,0,0.08848247677087784
evaluation-9197-tar-000,1,0.5203174352645874
evaluation-9197-non-000,0,-0.12812024354934692
evaluation-91974-tar-000,1,0.7989345192909241
evaluation-91974-non-000,0,-0.10695836693048477
evaluation-92007-tar-000,1,0.751777708530426
evaluation-92007-non-000,0,-0.05281566083431244
evaluation-9210-tar-000,1,0.8074512481689453
evaluation-9210-non-000,0,0.1357964277267456
evaluation-92133-tar-000,1,0.6407451629638672
evaluation-92133-non-000,0,0.10116855800151825
evaluation-92260-tar-000,1,0.7777868509292603
evaluation-92260-non-000,0,-0.14466935396194458
evaluation-9229-tar-000,1,0.730761706829071
evaluation-9229-non-000,0,-0.08720247447490692
evaluation-9240-tar-000,1,0.4813007414340973
evaluation-9240-non-000,0,-0.1589801013469696
evaluation-9241-tar-000,1,0.2586382329463959
evaluation-9241-non-000,0,0.12239876389503479
evaluation-92438-tar-000,1,0.6327414512634277
evaluation-92438-non-000,0,-0.19863036274909973
evaluation-92488-tar-000,1,0.9073679447174072
evaluation-92488-non-000,0,0.02774018421769142
evaluation-92630-tar-000,1,0.660527229309082
evaluation-92630-non-000,0,-0.1618078500032425
evaluation-92652-tar-000,1,0.7994435429573059
evaluation-92652-non-000,0,-0.15589849650859833
evaluation-92787-tar-000,1,0.5116899013519287
evaluation-92787-non-000,0,-0.09126674383878708
evaluation-92825-tar-000,1,0.7093411087989807
evaluation-92825-non-000,0,0.13649505376815796
evaluation-92845-tar-000,1,0.6844710111618042
evaluation-92845-non-000,0,0.05994770675897598
evaluation-92853-tar-000,1,0.7151645421981812
evaluation-92853-non-000,0,-0.1431400179862976
evaluation-9286-tar-000,1,0.754503607749939
evaluation-9286-non-000,0,-0.013878725469112396
evaluation-9291-tar-000,1,0.6142772436141968
evaluation-9291-non-000,0,0.020981337875127792
evaluation-9303-tar-000,1,0.49544310569763184
evaluation-9303-non-000,0,0.1537085324525833
evaluation-93034-tar-000,1,0.6655677556991577
evaluation-93034-non-000,0,0.1881776601076126
evaluation-93042-tar-000,1,0.3709498941898346
evaluation-93042-non-000,0,0.047301340848207474
evaluation-93169-tar-000,1,0.5122642517089844
evaluation-93169-non-000,0,0.07681073993444443
evaluation-93210-tar-000,1,0.705312967300415
evaluation-93210-non-000,0,0.08891703188419342
evaluation-93279-tar-000,1,0.6781830191612244
evaluation-93279-non-000,0,0.0046811699867248535
evaluation-93375-tar-000,1,0.6730092763900757
evaluation-93375-non-000,0,0.00974302738904953
evaluation-93449-tar-000,1,0.6915943622589111
evaluation-93449-non-000,0,-0.06888008862733841
evaluation-9355-tar-000,1,0.8099283576011658
evaluation-9355-non-000,0,-0.24176155030727386
evaluation-93660-tar-000,1,0.7267721891403198
evaluation-93660-non-000,0,0.06915684044361115
evaluation-93718-tar-000,1,0.7098801136016846
evaluation-93718-non-000,0,0.07663165032863617
evaluation-93735-tar-000,1,0.7563426494598389
evaluation-93735-non-000,0,0.0899294763803482
evaluation-93740-tar-000,1,0.2905694842338562
evaluation-93740-non-000,0,0.11751499772071838
evaluation-93811-tar-000,1,0.6234074831008911
evaluation-93811-non-000,0,0.04175925254821777
evaluation-93853-tar-000,1,0.4737147092819214
evaluation-93853-non-000,0,0.006383759900927544
evaluation-93886-tar-000,1,0.7103654146194458
evaluation-93886-non-000,0,0.16484735906124115
evaluation-93930-tar-000,1,0.5499499440193176
evaluation-93930-non-000,0,0.1360129714012146
evaluation-9403-tar-000,1,0.6530591249465942
evaluation-9403-non-000,0,-0.06474750488996506
evaluation-9410-tar-000,1,0.5573019981384277
evaluation-9410-non-000,0,0.14578409492969513
evaluation-94105-tar-000,1,0.4553687572479248
evaluation-94105-non-000,0,-0.042033664882183075
evaluation-94125-tar-000,1,0.40921837091445923
evaluation-94125-non-000,0,-0.1403941810131073
evaluation-94226-tar-000,1,0.6754282712936401
evaluation-94226-non-000,0,-0.039270270615816116
evaluation-94267-tar-000,1,0.32936549186706543
evaluation-94267-non-000,0,0.5119373798370361
evaluation-94270-tar-000,1,0.8145167827606201
evaluation-94270-non-000,0,0.17474108934402466
evaluation-94314-tar-000,1,0.7324711084365845
evaluation-94314-non-000,0,-0.12002865970134735
evaluation-94421-tar-000,1,0.5894789695739746
evaluation-94421-non-000,0,-0.03491659462451935
evaluation-94528-tar-000,1,0.5518511533737183
evaluation-94528-non-000,0,-0.04497143626213074
evaluation-94550-tar-000,1,0.6144910454750061
evaluation-94550-non-000,0,0.11441466212272644
evaluation-94586-tar-000,1,0.8528469800949097
evaluation-94586-non-000,0,-0.11442391574382782
evaluation-94633-tar-000,1,0.7703550457954407
evaluation-94633-non-000,0,-0.009562361054122448
evaluation-94663-tar-000,1,0.2563575506210327
evaluation-94663-non-000,0,0.17315837740898132
evaluation-94668-tar-000,1,0.8603647351264954
evaluation-94668-non-000,0,-0.1285480558872223
evaluation-9469-tar-000,1,0.0732540562748909
evaluation-9469-non-000,0,0.13940715789794922
evaluation-94740-tar-000,1,0.7943491339683533
evaluation-94740-non-000,0,0.07430315017700195
evaluation-94828-tar-000,1,0.6688671112060547
evaluation-94828-non-000,0,-0.0980803444981575
evaluation-9485-tar-000,1,0.12953908741474152
evaluation-9485-non-000,0,-0.08923124521970749
evaluation-94855-tar-000,1,0.5530427098274231
evaluation-94855-non-000,0,-0.046436481177806854
evaluation-94971-tar-000,1,0.6256186962127686
evaluation-94971-non-000,0,-0.06575486063957214
evaluation-95006-tar-000,1,0.5536381602287292
evaluation-95006-non-000,0,0.06554858386516571
evaluation-95020-tar-000,1,0.506862998008728
evaluation-95020-non-000,0,0.03276009112596512
evaluation-95031-tar-000,1,0.6565086841583252
evaluation-95031-non-000,0,-0.05803246051073074
evaluation-95045-tar-000,1,0.7002650499343872
evaluation-95045-non-000,0,-0.050813641399145126
evaluation-95072-tar-000,1,0.7263302803039551
evaluation-95072-non-000,0,0.117865189909935
evaluation-9512-tar-000,1,0.07007694244384766
evaluation-9512-non-000,0,-0.029905270785093307
evaluation-95166-tar-000,1,0.7388445138931274
evaluation-95166-non-000,0,0.1225256621837616
evaluation-95174-tar-000,1,0.7813755869865417
evaluation-95174-non-000,0,-0.02208676189184189
evaluation-95198-tar-000,1,0.7082870602607727
evaluation-95198-non-000,0,0.22885683178901672
evaluation-9522-tar-000,1,0.4972783923149109
evaluation-9522-non-000,0,-0.11616189777851105
evaluation-95229-tar-000,1,0.6437827348709106
evaluation-95229-non-000,0,-0.04380035772919655
evaluation-95295-tar-000,1,0.856695294380188
evaluation-95295-non-000,0,0.08925262838602066
evaluation-95300-tar-000,1,0.8112988471984863
evaluation-95300-non-000,0,0.0641983151435852
evaluation-95303-tar-000,1,0.4904216229915619
evaluation-95303-non-000,0,-0.2654920816421509
evaluation-95328-tar-000,1,0.6883300542831421
evaluation-95328-non-000,0,-0.12266603857278824
evaluation-95388-tar-000,1,0.6948550939559937
evaluation-95388-non-000,0,0.1315661370754242
evaluation-9539-tar-000,1,0.7165622711181641
evaluation-9539-non-000,0,0.1397962123155594
evaluation-95424-tar-000,1,0.4025101959705353
evaluation-95424-non-000,0,0.12805107235908508
evaluation-95459-tar-000,1,0.7305083870887756
evaluation-95459-non-000,0,0.1287660449743271
evaluation-9549-tar-000,1,0.45511314272880554
evaluation-9549-non-000,0,-0.1135045513510704
evaluation-95789-tar-000,1,0.5750157833099365
evaluation-95789-non-000,0,0.15641070902347565
evaluation-95962-tar-000,1,0.7598191499710083
evaluation-95962-non-000,0,0.025469232350587845
evaluation-96017-tar-000,1,0.7956533432006836
evaluation-96017-non-000,0,0.21538080275058746
evaluation-96130-tar-000,1,0.7792556285858154
evaluation-96130-non-000,0,0.009375941939651966
evaluation-9620-tar-000,1,0.7796391844749451
evaluation-9620-non-000,0,0.13686421513557434
evaluation-96371-tar-000,1,0.514512300491333
evaluation-96371-non-000,0,-0.05662572383880615
evaluation-96418-tar-000,1,0.6837656497955322
evaluation-96418-non-000,0,-0.14265432953834534
evaluation-96443-tar-000,1,0.7949379682540894
evaluation-96443-non-000,0,-0.04931286722421646
evaluation-96577-tar-000,1,0.5910345315933228
evaluation-96577-non-000,0,0.08437396585941315
evaluation-96613-tar-000,1,0.39733773469924927
evaluation-96613-non-000,0,0.04950839281082153
evaluation-96643-tar-000,1,0.7254296541213989
evaluation-96643-non-000,0,0.38485217094421387
evaluation-9666-tar-000,1,0.7535313963890076
evaluation-9666-non-000,0,0.20855173468589783
evaluation-96665-tar-000,1,0.7287896275520325
evaluation-96665-non-000,0,-0.05935301631689072
evaluation-96676-tar-000,1,0.24587199091911316
evaluation-96676-non-000,0,-0.1532672941684723
evaluation-96701-tar-000,1,0.7154836654663086
evaluation-96701-non-000,0,0.06259938329458237
evaluation-96706-tar-000,1,0.7579085826873779
evaluation-96706-non-000,0,0.13448984920978546
evaluation-96712-tar-000,1,0.7519122958183289
evaluation-96712-non-000,0,0.17668494582176208
evaluation-96767-tar-000,1,0.720268726348877
evaluation-96767-non-000,0,-0.12187440693378448
evaluation-96844-tar-000,1,0.7254033088684082
evaluation-96844-non-000,0,0.11542094498872757
evaluation-9696-tar-000,1,0.28210148215293884
evaluation-9696-non-000,0,0.06221660599112511
evaluation-96984-tar-000,1,0.8146109580993652
evaluation-96984-non-000,0,-0.24810539186000824
evaluation-9705-tar-000,1,0.3840048313140869
evaluation-9705-non-000,0,0.35282742977142334
evaluation-9706-tar-000,1,0.7148178219795227
evaluation-9706-non-000,0,0.04347774758934975
evaluation-97072-tar-000,1,0.5593150854110718
evaluation-97072-non-000,0,0.3749266266822815
evaluation-9737-tar-000,1,0.5513125658035278
evaluation-9737-non-000,0,0.21075701713562012
evaluation-97434-tar-000,1,0.39848607778549194
evaluation-97434-non-000,0,-0.0754404291510582
evaluation-9752-tar-000,1,0.6316949725151062
evaluation-9752-non-000,0,-0.07270769774913788
evaluation-97550-tar-000,1,0.6464195847511292
evaluation-97550-non-000,0,-0.15341269969940186
evaluation-97588-tar-000,1,0.8316660523414612
evaluation-97588-non-000,0,0.04453832656145096
evaluation-97624-tar-000,1,0.6097552180290222
evaluation-97624-non-000,0,-0.07553234696388245
evaluation-9767-tar-000,1,0.8375881910324097
evaluation-9767-non-000,0,0.0731157585978508
evaluation-97695-tar-000,1,0.7869623899459839
evaluation-97695-non-000,0,0.14288218319416046
evaluation-97860-tar-000,1,0.7386241555213928
evaluation-97860-non-000,0,-0.04454701021313667
evaluation-97937-tar-000,1,0.729448139667511
evaluation-97937-non-000,0,0.026780270040035248
evaluation-97953-tar-000,1,0.917525053024292
evaluation-97953-non-000,0,0.2171095609664917
evaluation-9817-tar-000,1,0.6775579452514648
evaluation-9817-non-000,0,0.23626765608787537
evaluation-9830-tar-000,1,0.5792161226272583
evaluation-9830-non-000,0,-0.04331594333052635
evaluation-98327-tar-000,1,0.7814528346061707
evaluation-98327-non-000,0,0.2369178980588913
evaluation-9835-tar-000,1,0.655383288860321
evaluation-9835-non-000,0,0.17360526323318481
evaluation-98459-tar-000,1,0.445666640996933
evaluation-98459-non-000,0,0.011358644813299179
evaluation-98514-tar-000,1,0.7724435329437256
evaluation-98514-non-000,0,-0.051463495939970016
evaluation-98588-tar-000,1,0.7323669195175171
evaluation-98588-non-000,0,0.05233469605445862
evaluation-9859-tar-000,1,0.31435447931289673
evaluation-9859-non-000,0,-0.1700943410396576
evaluation-9863-tar-000,1,0.5696614980697632
evaluation-9863-non-000,0,-0.029297899454832077
evaluation-9871-tar-000,1,0.6001371145248413
evaluation-9871-non-000,0,0.054601725190877914
evaluation-9872-tar-000,1,0.8079401254653931
evaluation-9872-non-000,0,0.11394456028938293
evaluation-98731-tar-000,1,0.6885797381401062
evaluation-98731-non-000,0,-0.10687680542469025
evaluation-98744-tar-000,1,0.5582167506217957
evaluation-98744-non-000,0,0.1235768049955368
evaluation-98821-tar-000,1,0.4357389211654663
evaluation-98821-non-000,0,0.05363297089934349
evaluation-99038-tar-000,1,0.5255202651023865
evaluation-99038-non-000,0,0.0066596828401088715
evaluation-9904-tar-000,1,0.6498222351074219
evaluation-9904-non-000,0,-0.14287610352039337
evaluation-99123-tar-000,1,0.7233035564422607
evaluation-99123-non-000,0,-0.12403041124343872
evaluation-99148-tar-000,1,0.6458297967910767
evaluation-99148-non-000,0,0.14302682876586914
evaluation-9915-tar-000,1,0.5284554362297058
evaluation-9915-non-000,0,-0.12768112123012543
evaluation-99195-tar-000,1,0.3833116888999939
evaluation-99195-non-000,0,0.1836666464805603
evaluation-99206-tar-000,1,0.29279589653015137
evaluation-99206-non-000,0,0.25092947483062744
evaluation-99230-tar-000,1,0.6672497987747192
evaluation-99230-non-000,0,0.11168079823255539
evaluation-99241-tar-000,1,0.5392065048217773
evaluation-99241-non-000,0,-0.1844983696937561
evaluation-9928-tar-000,1,0.5455302000045776
evaluation-9928-non-000,0,0.06527098268270493
evaluation-9932-tar-000,1,0.5758224725723267
evaluation-9932-non-000,0,0.03510182350873947
evaluation-99321-tar-000,1,0.8864565491676331
evaluation-99321-non-000,0,0.11151539534330368
evaluation-99349-tar-000,1,0.8282657265663147
evaluation-99349-non-000,0,0.17439979314804077
evaluation-9946-tar-000,1,0.710567831993103
evaluation-9946-non-000,0,0.1589779108762741
evaluation-99461-tar-000,1,0.7493407726287842
evaluation-99461-non-000,0,-0.015177914872765541
evaluation-9948-tar-000,1,0.8447425365447998
evaluation-9948-non-000,0,0.26043272018432617
evaluation-9949-tar-000,1,0.8055832982063293
evaluation-9949-non-000,0,-0.06099143996834755
evaluation-99497-tar-000,1,0.7544736266136169
evaluation-99497-non-000,0,0.0781606137752533
evaluation-99640-tar-000,1,0.7174087166786194
evaluation-99640-non-000,0,0.1073039248585701
evaluation-99692-tar-000,1,0.8459652662277222
evaluation-99692-non-000,0,0.04226035624742508
evaluation-9971-tar-000,1,0.1633634865283966
evaluation-9971-non-000,0,0.11603798717260361
evaluation-9972-tar-000,1,0.7565666437149048
evaluation-9972-non-000,0,0.0221001785248518
evaluation-9979-tar-000,1,0.6823091506958008
evaluation-9979-non-000,0,0.3645158112049103
evaluation-9985-tar-000,1,0.2250906527042389
evaluation-9985-non-000,0,0.06037255749106407
evaluation-9993-tar-000,1,0.586391806602478
evaluation-9993-non-000,0,0.07774072885513306
evaluation-9994-tar-000,1,0.7683870792388916
evaluation-9994-non-000,0,0.23005785048007965
evaluation-99945-tar-000,1,0.880318284034729
evaluation-99945-non-000,0,-0.05819561332464218
evaluation-99967-tar-000,1,0.7332394123077393
evaluation-99967-non-000,0,0.16053345799446106
evaluation-9997-tar-000,1,0.5137072801589966
evaluation-9997-non-000,0,0.06899133324623108
