trial_id,label,score
evaluation-1007-tar-000,1,0.7379350662231445
evaluation-1007-non-000,0,0.24691171944141388
evaluation-1008-tar-000,1,0.7519435286521912
evaluation-1008-non-000,0,-0.0798478052020073
evaluation-1013-tar-000,1,0.8685441017150879
evaluation-1013-non-000,0,-0.08944061398506165
evaluation-10178-tar-000,1,0.9241854548454285
evaluation-10178-non-000,0,-0.02588677778840065
evaluation-1024-tar-000,1,0.8264574408531189
evaluation-1024-non-000,0,0.10710704326629639
evaluation-10282-tar-000,1,0.8752890825271606
evaluation-10282-non-000,0,-0.049709469079971313
evaluation-10346-tar-000,1,0.8130935430526733
evaluation-10346-non-000,0,0.08010466396808624
evaluation-10406-tar-000,1,0.6956400871276855
evaluation-10406-non-000,0,-0.10228588432073593
evaluation-10428-tar-000,1,0.8652325868606567
evaluation-10428-non-000,0,0.1596839427947998
evaluation-10444-tar-000,1,0.8376538753509521
evaluation-10444-non-000,0,0.011826800182461739
evaluation-10538-tar-000,1,0.8480274081230164
evaluation-10538-non-000,0,0.1751607209444046
evaluation-1055-tar-000,1,0.4047996401786804
evaluation-1055-non-000,0,-0.1447603404521942
evaluation-1056-tar-000,1,0.2242906093597412
evaluation-1056-non-000,0,0.2512062191963196
evaluation-10606-tar-000,1,0.7150806784629822
evaluation-10606-non-000,0,0.24135886132717133
evaluation-1063-tar-000,1,0.8587058186531067
evaluation-1063-non-000,0,-0.06981577724218369
evaluation-10642-tar-000,1,0.8192723989486694
evaluation-10642-non-000,0,0.05595329776406288
evaluation-10689-tar-000,1,0.6150903701782227
evaluation-10689-non-000,0,-0.21200120449066162
evaluation-10711-tar-000,1,0.10061100870370865
evaluation-10711-non-000,0,-0.11640118807554245
evaluation-10738-tar-000,1,0.6636590361595154
evaluation-10738-non-000,0,-0.10145953297615051
evaluation-10802-tar-000,1,0.7183223366737366
evaluation-10802-non-000,0,0.13071130216121674
evaluation-10862-tar-000,1,0.8296096920967102
evaluation-10862-non-000,0,-0.21129430830478668
evaluation-10966-tar-000,1,0.7923216819763184
evaluation-10966-non-000,0,0.21777260303497314
evaluation-1100-tar-000,1,0.6071074604988098
evaluation-1100-non-000,0,-0.03156207501888275
evaluation-11060-tar-000,1,0.7081643342971802
evaluation-11060-non-000,0,0.01434548944234848
evaluation-11126-tar-000,1,0.8683062791824341
evaluation-11126-non-000,0,0.03259509801864624
evaluation-11189-tar-000,1,0.917414128780365
evaluation-11189-non-000,0,-0.002209991216659546
evaluation-1122-tar-000,1,0.7367144823074341
evaluation-1122-non-000,0,-0.022115111351013184
evaluation-1130-tar-000,1,0.8932641744613647
evaluation-1130-non-000,0,-0.07755017280578613
evaluation-11392-tar-000,1,0.6150826215744019
evaluation-11392-non-000,0,0.11665894091129303
evaluation-11485-tar-000,1,0.8459677696228027
evaluation-11485-non-000,0,-0.012052316218614578
evaluation-11513-tar-000,1,0.8869944214820862
evaluation-11513-non-000,0,0.03355390578508377
evaluation-1162-tar-000,1,0.8055269718170166
evaluation-1162-non-000,0,0.12261992692947388
evaluation-11647-tar-000,1,0.756109893321991
evaluation-11647-non-000,0,0.057898737490177155
evaluation-1165-tar-000,1,0.8277257680892944
evaluation-1165-non-000,0,-0.08282019197940826
evaluation-11664-tar-000,1,0.8000327348709106
evaluation-11664-non-000,0,0.4041544198989868
evaluation-1169-tar-000,1,0.8090560436248779
evaluation-1169-non-000,0,0.132157564163208
evaluation-11757-tar-000,1,0.8931376934051514
evaluation-11757-non-000,0,0.2132813185453415
evaluation-11845-tar-000,1,0.8659433126449585
evaluation-11845-non-000,0,-0.08467457443475723
evaluation-1198-tar-000,1,0.9088890552520752
evaluation-1198-non-000,0,0.016502849757671356
evaluation-1203-tar-000,1,0.5431584715843201
evaluation-1203-non-000,0,-0.026661409065127373
evaluation-12106-tar-000,1,0.6888971328735352
evaluation-12106-non-000,0,-0.17329224944114685
evaluation-12112-tar-000,1,0.8033015727996826
evaluation-12112-non-000,0,0.28637611865997314
evaluation-12156-tar-000,1,0.9211456775665283
evaluation-12156-non-000,0,0.25167790055274963
evaluation-12197-tar-000,1,0.6691879630088806
evaluation-12197-non-000,0,-0.01224532350897789
evaluation-12210-tar-000,1,0.7021886706352234
evaluation-12210-non-000,0,0.015137270092964172
evaluation-12224-tar-000,1,0.46368682384490967
evaluation-12224-non-000,0,0.2066202014684677
evaluation-12323-tar-000,1,0.9412015676498413
evaluation-12323-non-000,0,-0.12190476059913635
evaluation-1235-tar-000,1,0.6851891875267029
evaluation-1235-non-000,0,-0.18786990642547607
evaluation-1238-tar-000,1,0.7999617457389832
evaluation-1238-non-000,0,-0.15337353944778442
evaluation-12395-tar-000,1,0.8675263524055481
evaluation-12395-non-000,0,-0.11393029242753983
evaluation-12408-tar-000,1,0.8410015106201172
evaluation-12408-non-000,0,0.13117530941963196
evaluation-12414-tar-000,1,0.915236234664917
evaluation-12414-non-000,0,0.11602853238582611
evaluation-12661-tar-000,1,0.8430943489074707
evaluation-12661-non-000,0,-0.12993289530277252
evaluation-12666-tar-000,1,0.5079731941223145
evaluation-12666-non-000,0,-0.04959495738148689
evaluation-12669-tar-000,1,0.9067091941833496
evaluation-12669-non-000,0,-0.1071956604719162
evaluation-1270-tar-000,1,0.6525906920433044
evaluation-1270-non-000,0,-0.25583919882774353
evaluation-1274-tar-000,1,0.7639902234077454
evaluation-1274-non-000,0,-0.27091556787490845
evaluation-12796-tar-000,1,0.8353313207626343
evaluation-12796-non-000,0,-0.052654847502708435
evaluation-12807-tar-000,1,0.7684422731399536
evaluation-12807-non-000,0,0.019465848803520203
evaluation-12828-tar-000,1,0.8605062961578369
evaluation-12828-non-000,0,0.15744054317474365
evaluation-12919-tar-000,1,0.5853905081748962
evaluation-12919-non-000,0,0.14269302785396576
evaluation-1297-tar-000,1,0.8625868558883667
evaluation-1297-non-000,0,0.17225351929664612
evaluation-1303-tar-000,1,0.7575280666351318
evaluation-1303-non-000,0,-0.1129007637500763
evaluation-13194-tar-000,1,0.6434794664382935
evaluation-13194-non-000,0,0.11003545671701431
evaluation-1320-tar-000,1,0.6811055541038513
evaluation-1320-non-000,0,-0.09828917682170868
evaluation-13298-tar-000,1,0.6771630048751831
evaluation-13298-non-000,0,0.03662022203207016
evaluation-1334-tar-000,1,0.6097841262817383
evaluation-1334-non-000,0,0.054697323590517044
evaluation-13663-tar-000,1,0.8239750266075134
evaluation-13663-non-000,0,-0.006667475216090679
evaluation-13666-tar-000,1,0.8985376954078674
evaluation-13666-non-000,0,-0.08954545110464096
evaluation-13707-tar-000,1,0.7906238436698914
evaluation-13707-non-000,0,0.2601858973503113
evaluation-1372-tar-000,1,0.6522926688194275
evaluation-1372-non-000,0,-0.14901909232139587
evaluation-13754-tar-000,1,0.6915290951728821
evaluation-13754-non-000,0,0.048729244619607925
evaluation-13806-tar-000,1,0.9357094764709473
evaluation-13806-non-000,0,0.1055353581905365
evaluation-13839-tar-000,1,0.7572684288024902
evaluation-13839-non-000,0,-0.15397077798843384
evaluation-13985-tar-000,1,0.4601775109767914
evaluation-13985-non-000,0,-0.0444357804954052
evaluation-14001-tar-000,1,0.7981064319610596
evaluation-14001-non-000,0,0.03137696534395218
evaluation-1401-tar-000,1,0.5346717834472656
evaluation-1401-non-000,0,0.07226810604333878
evaluation-14075-tar-000,1,0.8696979284286499
evaluation-14075-non-000,0,-0.015138007700443268
evaluation-1409-tar-000,1,0.8669604659080505
evaluation-1409-non-000,0,0.07285390794277191
evaluation-14106-tar-000,1,0.7588295936584473
evaluation-14106-non-000,0,-0.027372919023036957
evaluation-1414-tar-000,1,0.888329029083252
evaluation-1414-non-000,0,-0.09351358562707901
evaluation-14259-tar-000,1,0.6748476028442383
evaluation-14259-non-000,0,0.03463858366012573
evaluation-14430-tar-000,1,0.8520439863204956
evaluation-14430-non-000,0,0.03976038843393326
evaluation-14737-tar-000,1,0.8919798731803894
evaluation-14737-non-000,0,-0.09664026647806168
evaluation-1475-tar-000,1,0.666326642036438
evaluation-1475-non-000,0,0.6431493759155273
evaluation-14790-tar-000,1,0.5877432227134705
evaluation-14790-non-000,0,0.17694582045078278
evaluation-1480-tar-000,1,0.6882176399230957
evaluation-1480-non-000,0,0.044928647577762604
evaluation-14869-tar-000,1,0.596142053604126
evaluation-14869-non-000,0,0.1267315298318863
evaluation-14875-tar-000,1,0.5451231002807617
evaluation-14875-non-000,0,0.09529407322406769
evaluation-14877-tar-000,1,0.6549264192581177
evaluation-14877-non-000,0,0.015832439064979553
evaluation-14888-tar-000,1,0.8905109167098999
evaluation-14888-non-000,0,0.08582979440689087
evaluation-14987-tar-000,1,0.8436119556427002
evaluation-14987-non-000,0,0.09349016845226288
evaluation-1507-tar-000,1,0.5781363248825073
evaluation-1507-non-000,0,-0.03849681466817856
evaluation-15073-tar-000,1,0.8590008020401001
evaluation-15073-non-000,0,-0.09848715364933014
evaluation-15133-tar-000,1,0.6692275404930115
evaluation-15133-non-000,0,-0.06678538024425507
evaluation-15169-tar-000,1,0.7819478511810303
evaluation-15169-non-000,0,-0.12717337906360626
evaluation-15180-tar-000,1,0.6687915325164795
evaluation-15180-non-000,0,-0.16068318486213684
evaluation-1522-tar-000,1,0.9096176624298096
evaluation-1522-non-000,0,-0.05097850039601326
evaluation-1524-tar-000,1,0.8099530935287476
evaluation-1524-non-000,0,0.01189926266670227
evaluation-15243-tar-000,1,0.8254014849662781
evaluation-15243-non-000,0,0.0027628429234027863
evaluation-15298-tar-000,1,0.8478756546974182
evaluation-15298-non-000,0,-0.0048274509608745575
evaluation-1539-tar-000,1,0.6248376965522766
evaluation-1539-non-000,0,0.11154969036579132
evaluation-15462-tar-000,1,0.48493584990501404
evaluation-15462-non-000,0,-0.0107220858335495
evaluation-1548-tar-000,1,0.8874529600143433
evaluation-1548-non-000,0,-0.09798473864793777
evaluation-15501-tar-000,1,0.9004363417625427
evaluation-15501-non-000,0,-0.049840424209833145
evaluation-15515-tar-000,1,0.3725346624851227
evaluation-15515-non-000,0,-0.15294498205184937
evaluation-1554-tar-000,1,0.8978046774864197
evaluation-1554-non-000,0,-0.05862584337592125
evaluation-15570-tar-000,1,0.9048134088516235
evaluation-15570-non-000,0,0.17164218425750732
evaluation-15581-tar-000,1,0.3986973166465759
evaluation-15581-non-000,0,-0.016492746770381927
evaluation-15600-tar-000,1,0.580763578414917
evaluation-15600-non-000,0,-0.1518525928258896
evaluation-15699-tar-000,1,0.8526257276535034
evaluation-15699-non-000,0,0.13119414448738098
evaluation-15817-tar-000,1,0.8472568988800049
evaluation-15817-non-000,0,0.112152099609375
evaluation-15839-tar-000,1,0.8231250047683716
evaluation-15839-non-000,0,-0.050719253718853
evaluation-15855-tar-000,1,0.8536766767501831
evaluation-15855-non-000,0,-0.13415342569351196
evaluation-15866-tar-000,1,0.9480262994766235
evaluation-15866-non-000,0,0.0993506982922554
evaluation-15885-tar-000,1,0.7380019426345825
evaluation-15885-non-000,0,0.07523462176322937
evaluation-15993-tar-000,1,0.9182635545730591
evaluation-15993-non-000,0,0.012624751776456833
evaluation-1603-tar-000,1,0.7732015252113342
evaluation-1603-non-000,0,-0.22849854826927185
evaluation-16223-tar-000,1,0.6712987422943115
evaluation-16223-non-000,0,0.19789496064186096
evaluation-1631-tar-000,1,0.8897931575775146
evaluation-1631-non-000,0,-0.25343549251556396
evaluation-1632-tar-000,1,0.7771622538566589
evaluation-1632-non-000,0,0.2276756316423416
evaluation-1633-tar-000,1,0.9170413613319397
evaluation-1633-non-000,0,-0.017324816435575485
evaluation-1646-tar-000,1,0.9209693670272827
evaluation-1646-non-000,0,-0.030864067375659943
evaluation-16473-tar-000,1,0.8221092224121094
evaluation-16473-non-000,0,0.19431325793266296
evaluation-16490-tar-000,1,0.8866218328475952
evaluation-16490-non-000,0,-0.009516526944935322
evaluation-1650-tar-000,1,0.8463417291641235
evaluation-1650-non-000,0,0.12512753903865814
evaluation-16520-tar-000,1,0.8689485788345337
evaluation-16520-non-000,0,0.23745179176330566
evaluation-16608-tar-000,1,0.7613548040390015
evaluation-16608-non-000,0,0.0009201355278491974
evaluation-16635-tar-000,1,0.8779124021530151
evaluation-16635-non-000,0,-0.07217144966125488
evaluation-16665-tar-000,1,0.8459213972091675
evaluation-16665-non-000,0,0.0009276829659938812
evaluation-1681-tar-000,1,0.9063999056816101
evaluation-1681-non-000,0,-0.1498764008283615
evaluation-16849-tar-000,1,0.8060028553009033
evaluation-16849-non-000,0,-0.06583932787179947
evaluation-16855-tar-000,1,0.9171931743621826
evaluation-16855-non-000,0,-0.037774279713630676
evaluation-16976-tar-000,1,0.8636782765388489
evaluation-16976-non-000,0,0.00938897579908371
evaluation-1707-tar-000,1,0.891459584236145
evaluation-1707-non-000,0,0.2873518764972687
evaluation-17121-tar-000,1,0.842843770980835
evaluation-17121-non-000,0,0.3750714063644409
evaluation-17163-tar-000,1,0.8590258359909058
evaluation-17163-non-000,0,0.33771783113479614
evaluation-17165-tar-000,1,0.5988615155220032
evaluation-17165-non-000,0,0.09360087662935257
evaluation-17182-tar-000,1,0.5964578986167908
evaluation-17182-non-000,0,0.130647212266922
evaluation-17717-tar-000,1,0.8912394046783447
evaluation-17717-non-000,0,0.09898730367422104
evaluation-1777-tar-000,1,0.8498672246932983
evaluation-1777-non-000,0,-0.07757438719272614
evaluation-1778-tar-000,1,0.7908385992050171
evaluation-1778-non-000,0,0.009739663451910019
evaluation-1780-tar-000,1,0.8506970405578613
evaluation-1780-non-000,0,0.02087758108973503
evaluation-17805-tar-000,1,0.5299431085586548
evaluation-17805-non-000,0,0.12126806378364563
evaluation-1781-tar-000,1,0.770857036113739
evaluation-1781-non-000,0,-0.05359397456049919
evaluation-17871-tar-000,1,0.8539862632751465
evaluation-17871-non-000,0,-0.01493514608591795
evaluation-1790-tar-000,1,0.9122246503829956
evaluation-1790-non-000,0,0.201980859041214
evaluation-17918-tar-000,1,0.8266958594322205
evaluation-17918-non-000,0,0.2072879821062088
evaluation-17970-tar-000,1,0.49442508816719055
evaluation-17970-non-000,0,0.12876825034618378
evaluation-1800-tar-000,1,0.8837355375289917
evaluation-1800-non-000,0,0.07174147665500641
evaluation-18041-tar-000,1,0.4551028907299042
evaluation-18041-non-000,0,-0.1927032470703125
evaluation-1812-tar-000,1,0.6280566453933716
evaluation-1812-non-000,0,0.05642443150281906
evaluation-18146-tar-000,1,0.8692026138305664
evaluation-18146-non-000,0,-0.03703729063272476
evaluation-18176-tar-000,1,0.8534532189369202
evaluation-18176-non-000,0,0.31323111057281494
evaluation-1818-tar-000,1,0.713297963142395
evaluation-1818-non-000,0,-0.15548890829086304
evaluation-18245-tar-000,1,0.8874528408050537
evaluation-18245-non-000,0,0.036485813558101654
evaluation-18286-tar-000,1,0.8031176328659058
evaluation-18286-non-000,0,-0.1831360012292862
evaluation-18294-tar-000,1,0.7862777709960938
evaluation-18294-non-000,0,-0.17872662842273712
evaluation-18390-tar-000,1,0.8540962934494019
evaluation-18390-non-000,0,0.1410081833600998
evaluation-18407-tar-000,1,0.866649866104126
evaluation-18407-non-000,0,0.03803878277540207
evaluation-1845-tar-000,1,0.4709889888763428
evaluation-1845-non-000,0,-0.3175460994243622
evaluation-1847-tar-000,1,0.31175732612609863
evaluation-1847-non-000,0,-0.0702594518661499
evaluation-1859-tar-000,1,0.5354002118110657
evaluation-1859-non-000,0,0.2743971347808838
evaluation-1868-tar-000,1,0.8333041667938232
evaluation-1868-non-000,0,0.18919067084789276
evaluation-18708-tar-000,1,0.1564140021800995
evaluation-18708-non-000,0,-0.07188727706670761
evaluation-18835-tar-000,1,0.8281779289245605
evaluation-18835-non-000,0,0.10041150450706482
evaluation-1896-tar-000,1,0.8724324703216553
evaluation-1896-non-000,0,0.16895949840545654
evaluation-1904-tar-000,1,0.82607102394104
evaluation-1904-non-000,0,0.07178805768489838
evaluation-19077-tar-000,1,0.46691596508026123
evaluation-19077-non-000,0,-0.05663718283176422
evaluation-19288-tar-000,1,0.6943297386169434
evaluation-19288-non-000,0,-0.10091623663902283
evaluation-19371-tar-000,1,0.9094394445419312
evaluation-19371-non-000,0,0.15372782945632935
evaluation-19407-tar-000,1,0.7593661546707153
evaluation-19407-non-000,0,-0.0728609561920166
evaluation-19549-tar-000,1,0.9191385507583618
evaluation-19549-non-000,0,0.023991312831640244
evaluation-1958-tar-000,1,0.8662207722663879
evaluation-1958-non-000,0,0.028108693659305573
evaluation-1960-tar-000,1,0.697771430015564
evaluation-1960-non-000,0,0.06912665069103241
evaluation-19659-tar-000,1,0.877729058265686
evaluation-19659-non-000,0,-0.09877622127532959
evaluation-19714-tar-000,1,0.8721106052398682
evaluation-19714-non-000,0,0.13618876039981842
evaluation-19761-tar-000,1,0.8226311802864075
evaluation-19761-non-000,0,-0.048548728227615356
evaluation-19819-tar-000,1,0.8653771877288818
evaluation-19819-non-000,0,-0.0240340456366539
evaluation-19865-tar-000,1,0.729877233505249
evaluation-19865-non-000,0,-0.02958715707063675
evaluation-1994-tar-000,1,0.5234781503677368
evaluation-1994-non-000,0,-0.07772227376699448
evaluation-20000-tar-000,1,0.8881840705871582
evaluation-20000-non-000,0,-0.001961616799235344
evaluation-2020-tar-000,1,0.8651564121246338
evaluation-2020-non-000,0,0.003915425390005112
evaluation-20244-tar-000,1,0.8415977954864502
evaluation-20244-non-000,0,0.24540792405605316
evaluation-2037-tar-000,1,0.8102481961250305
evaluation-2037-non-000,0,0.04959862679243088
evaluation-20458-tar-000,1,0.725877046585083
evaluation-20458-non-000,0,0.1724359095096588
evaluation-20461-tar-000,1,0.8235851526260376
evaluation-20461-non-000,0,-0.05454012006521225
evaluation-2059-tar-000,1,0.2068040817975998
evaluation-2059-non-000,0,0.042389705777168274
evaluation-20667-tar-000,1,0.8075975179672241
evaluation-20667-non-000,0,0.08680897206068039
evaluation-20673-tar-000,1,0.006903769448399544
evaluation-20673-non-000,0,-0.04352401942014694
evaluation-2077-tar-000,1,0.8899514675140381
evaluation-2077-non-000,0,-0.05646605044603348
evaluation-20870-tar-000,1,0.8993900418281555
evaluation-20870-non-000,0,-0.16357392072677612
evaluation-20881-tar-000,1,0.92052161693573
evaluation-20881-non-000,0,0.26046350598335266
evaluation-2090-tar-000,1,0.5090265870094299
evaluation-2090-non-000,0,0.09820713102817535
evaluation-2092-tar-000,1,0.7368590831756592
evaluation-2092-non-000,0,0.10749292373657227
evaluation-2093-tar-000,1,0.7671384215354919
evaluation-2093-non-000,0,-0.1018117219209671
evaluation-2094-tar-000,1,0.798304557800293
evaluation-2094-non-000,0,-0.14269711077213287
evaluation-20947-tar-000,1,0.7867778539657593
evaluation-20947-non-000,0,-0.04195212572813034
evaluation-21041-tar-000,1,0.8780043125152588
evaluation-21041-non-000,0,-0.2419922649860382
evaluation-21082-tar-000,1,0.9228476285934448
evaluation-21082-non-000,0,0.0685686245560646
evaluation-21120-tar-000,1,0.8374466300010681
evaluation-21120-non-000,0,-0.21858453750610352
evaluation-21181-tar-000,1,0.8218367099761963
evaluation-21181-non-000,0,0.17020785808563232
evaluation-2124-tar-000,1,0.9095779657363892
evaluation-2124-non-000,0,0.06553376466035843
evaluation-21258-tar-000,1,0.6291489005088806
evaluation-21258-non-000,0,-0.06151679903268814
evaluation-21280-tar-000,1,0.1436772346496582
evaluation-21280-non-000,0,0.15323473513126373
evaluation-2130-tar-000,1,0.7279602289199829
evaluation-2130-non-000,0,0.269972562789917
evaluation-21403-tar-000,1,0.257494181394577
evaluation-21403-non-000,0,0.012643510475754738
evaluation-2159-tar-000,1,0.8331037759780884
evaluation-2159-non-000,0,0.15359437465667725
evaluation-21629-tar-000,1,0.49064093828201294
evaluation-21629-non-000,0,-0.31575289368629456
evaluation-2168-tar-000,1,0.7819774150848389
evaluation-2168-non-000,0,-0.030513199046254158
evaluation-2171-tar-000,1,0.5753755569458008
evaluation-2171-non-000,0,-0.16299955546855927
evaluation-2181-tar-000,1,0.7517724633216858
evaluation-2181-non-000,0,0.1914503425359726
evaluation-2186-tar-000,1,0.5498586297035217
evaluation-2186-non-000,0,-0.007395545020699501
evaluation-21928-tar-000,1,0.9068231582641602
evaluation-21928-non-000,0,0.018707958981394768
evaluation-2196-tar-000,1,0.8697066903114319
evaluation-2196-non-000,0,-0.09148607403039932
evaluation-21969-tar-000,1,0.842004120349884
evaluation-21969-non-000,0,0.23302242159843445
evaluation-2199-tar-000,1,0.6171197295188904
evaluation-2199-non-000,0,-0.009896903298795223
evaluation-21991-tar-000,1,0.7821009159088135
evaluation-21991-non-000,0,0.22676166892051697
evaluation-2200-tar-000,1,0.4978380799293518
evaluation-2200-non-000,0,0.002590823918581009
evaluation-22062-tar-000,1,0.5797403454780579
evaluation-22062-non-000,0,0.002162966877222061
evaluation-22090-tar-000,1,0.890758216381073
evaluation-22090-non-000,0,-0.15310844779014587
evaluation-22134-tar-000,1,0.9021391868591309
evaluation-22134-non-000,0,0.11175265163183212
evaluation-22142-tar-000,1,0.8471261262893677
evaluation-22142-non-000,0,0.016840331256389618
evaluation-22290-tar-000,1,0.7721101641654968
evaluation-22290-non-000,0,-0.1581944078207016
evaluation-2233-tar-000,1,0.8579716682434082
evaluation-2233-non-000,0,-0.16950353980064392
evaluation-22345-tar-000,1,0.28765541315078735
evaluation-22345-non-000,0,0.09208321571350098
evaluation-22365-tar-000,1,0.8274684548377991
evaluation-22365-non-000,0,-0.021686138585209846
evaluation-22483-tar-000,1,0.8053925037384033
evaluation-22483-non-000,0,-0.057437390089035034
evaluation-22521-tar-000,1,0.7377232313156128
evaluation-22521-non-000,0,-0.033148445188999176
evaluation-22595-tar-000,1,0.9304355382919312
evaluation-22595-non-000,0,0.15237674117088318
evaluation-22738-tar-000,1,0.8206954598426819
evaluation-22738-non-000,0,-0.24069204926490784
evaluation-22760-tar-000,1,0.8718988299369812
evaluation-22760-non-000,0,-0.12883809208869934
evaluation-2290-tar-000,1,0.7918211817741394
evaluation-2290-non-000,0,-0.10198387503623962
evaluation-2291-tar-000,1,0.8562434911727905
evaluation-2291-non-000,0,0.16026446223258972
evaluation-22988-tar-000,1,0.8887497186660767
evaluation-22988-non-000,0,-0.21689200401306152
evaluation-2305-tar-000,1,0.8931056261062622
evaluation-2305-non-000,0,0.20253264904022217
evaluation-23051-tar-000,1,0.5024271011352539
evaluation-23051-non-000,0,0.03755886107683182
evaluation-23200-tar-000,1,0.7764471769332886
evaluation-23200-non-000,0,-0.1405293345451355
evaluation-23224-tar-000,1,0.8572558164596558
evaluation-23224-non-000,0,-0.22286394238471985
evaluation-23246-tar-000,1,0.8377231359481812
evaluation-23246-non-000,0,-0.03500448539853096
evaluation-2327-tar-000,1,0.8381495475769043
evaluation-2327-non-000,0,-0.04303934425115585
evaluation-23406-tar-000,1,0.6429765224456787
evaluation-23406-non-000,0,0.024998106062412262
evaluation-23422-tar-000,1,0.7666752338409424
evaluation-23422-non-000,0,-0.1785885989665985
evaluation-2346-tar-000,1,0.3267446756362915
evaluation-2346-non-000,0,-0.3489164412021637
evaluation-23482-tar-000,1,0.6607787609100342
evaluation-23482-non-000,0,-0.05627948045730591
evaluation-2349-tar-000,1,0.5746414065361023
evaluation-2349-non-000,0,0.056662850081920624
evaluation-23510-tar-000,1,0.6745734214782715
evaluation-23510-non-000,0,0.2022838592529297
evaluation-23623-tar-000,1,0.8617290258407593
evaluation-23623-non-000,0,-0.024564018473029137
evaluation-2363-tar-000,1,0.6707040071487427
evaluation-2363-non-000,0,0.2360585778951645
evaluation-23721-tar-000,1,0.791846513748169
evaluation-23721-non-000,0,0.18690380454063416
evaluation-23743-tar-000,1,0.3353167176246643
evaluation-23743-non-000,0,0.15946678817272186
evaluation-23845-tar-000,1,0.6562237739562988
evaluation-23845-non-000,0,-0.08222106844186783
evaluation-23878-tar-000,1,0.7023217082023621
evaluation-23878-non-000,0,0.06892535835504532
evaluation-2389-tar-000,1,0.8975861072540283
evaluation-2389-non-000,0,0.2231600284576416
evaluation-23988-tar-000,1,0.9329022169113159
evaluation-23988-non-000,0,-0.09209872782230377
evaluation-2400-tar-000,1,0.8657110333442688
evaluation-2400-non-000,0,0.25236499309539795
evaluation-24035-tar-000,1,0.7773850560188293
evaluation-24035-non-000,0,-0.16117534041404724
evaluation-24054-tar-000,1,0.8617706894874573
evaluation-24054-non-000,0,0.1895972341299057
evaluation-24117-tar-000,1,0.8233234286308289
evaluation-24117-non-000,0,0.033753518015146255
evaluation-24158-tar-000,1,0.8629816770553589
evaluation-24158-non-000,0,-0.14587894082069397
evaluation-2421-tar-000,1,0.7542141675949097
evaluation-2421-non-000,0,-0.21964091062545776
evaluation-24241-tar-000,1,0.8258209228515625
evaluation-24241-non-000,0,-0.09634077548980713
evaluation-2427-tar-000,1,0.810720682144165
evaluation-2427-non-000,0,-0.24376180768013
evaluation-2451-tar-000,1,0.6768256425857544
evaluation-2451-non-000,0,-0.09982894361019135
evaluation-24512-tar-000,1,0.869560956954956
evaluation-24512-non-000,0,0.1406555026769638
evaluation-24526-tar-000,1,0.8863904476165771
evaluation-24526-non-000,0,-0.05762941762804985
evaluation-24534-tar-000,1,0.8498414754867554
evaluation-24534-non-000,0,0.19614557921886444
evaluation-2454-tar-000,1,0.6917349100112915
evaluation-2454-non-000,0,-0.023715898394584656
evaluation-2455-tar-000,1,0.841666579246521
evaluation-2455-non-000,0,0.11720523983240128
evaluation-24584-tar-000,1,0.5306446552276611
evaluation-24584-non-000,0,0.037658777087926865
evaluation-24620-tar-000,1,0.3078688979148865
evaluation-24620-non-000,0,0.19340209662914276
evaluation-2467-tar-000,1,0.26089566946029663
evaluation-2467-non-000,0,0.07812146842479706
evaluation-24688-tar-000,1,0.3013228178024292
evaluation-24688-non-000,0,0.08388085663318634
evaluation-24699-tar-000,1,0.865364134311676
evaluation-24699-non-000,0,0.2018231749534607
evaluation-2473-tar-000,1,0.7133080363273621
evaluation-2473-non-000,0,0.07319866120815277
evaluation-2481-tar-000,1,0.48899054527282715
evaluation-2481-non-000,0,-0.009660357609391212
evaluation-2487-tar-000,1,0.7384907007217407
evaluation-2487-non-000,0,0.09854166954755783
evaluation-24872-tar-000,1,0.682005763053894
evaluation-24872-non-000,0,-0.22939622402191162
evaluation-24875-tar-000,1,0.7530984282493591
evaluation-24875-non-000,0,0.17374908924102783
evaluation-24916-tar-000,1,0.7404170036315918
evaluation-24916-non-000,0,0.05512584000825882
evaluation-25070-tar-000,1,0.7013174295425415
evaluation-25070-non-000,0,0.051698192954063416
evaluation-2509-tar-000,1,0.34495002031326294
evaluation-2509-non-000,0,0.10085229575634003
evaluation-2515-tar-000,1,0.5241498947143555
evaluation-2515-non-000,0,-0.02589564397931099
evaluation-25185-tar-000,1,0.798820436000824
evaluation-25185-non-000,0,0.03774571791291237
evaluation-25284-tar-000,1,0.49619144201278687
evaluation-25284-non-000,0,0.016279902309179306
evaluation-25295-tar-000,1,0.7725514769554138
evaluation-25295-non-000,0,0.1234108954668045
evaluation-25323-tar-000,1,0.8780956864356995
evaluation-25323-non-000,0,-0.0835801437497139
evaluation-2544-tar-000,1,0.8260729908943176
evaluation-2544-non-000,0,-0.026912719011306763
evaluation-25485-tar-000,1,0.8114383220672607
evaluation-25485-non-000,0,0.3554414212703705
evaluation-25586-tar-000,1,0.6698592901229858
evaluation-25586-non-000,0,0.06228678673505783
evaluation-25619-tar-000,1,0.47373318672180176
evaluation-25619-non-000,0,0.19692718982696533
evaluation-2565-tar-000,1,0.5428469777107239
evaluation-2565-non-000,0,-0.027951285243034363
evaluation-25748-tar-000,1,0.7802372574806213
evaluation-25748-non-000,0,-0.01967916637659073
evaluation-25960-tar-000,1,0.8690813779830933
evaluation-25960-non-000,0,0.06437646597623825
evaluation-2602-tar-000,1,0.8880517482757568
evaluation-2602-non-000,0,0.2623036801815033
evaluation-2610-tar-000,1,0.7730278968811035
evaluation-2610-non-000,0,0.11829928308725357
evaluation-26125-tar-000,1,0.5492151975631714
evaluation-26125-non-000,0,0.052929867058992386
evaluation-26138-tar-000,1,0.567094087600708
evaluation-26138-non-000,0,0.03684604540467262
evaluation-26158-tar-000,1,0.9074744582176208
evaluation-26158-non-000,0,-0.1845397800207138
evaluation-2618-tar-000,1,0.8355066776275635
evaluation-2618-non-000,0,-0.12474959343671799
evaluation-26221-tar-000,1,0.5233038663864136
evaluation-26221-non-000,0,0.12921641767024994
evaluation-26287-tar-000,1,0.8250758647918701
evaluation-26287-non-000,0,0.03338278830051422
evaluation-26435-tar-000,1,0.8342474699020386
evaluation-26435-non-000,0,-0.007772862911224365
evaluation-26443-tar-000,1,0.42272326350212097
evaluation-26443-non-000,0,0.11252430826425552
evaluation-26454-tar-000,1,0.5701255798339844
evaluation-26454-non-000,0,-0.10238731652498245
evaluation-26473-tar-000,1,0.8532856106758118
evaluation-26473-non-000,0,-0.23638463020324707
evaluation-26501-tar-000,1,0.9084290266036987
evaluation-26501-non-000,0,0.057009804993867874
evaluation-26545-tar-000,1,0.1929437518119812
evaluation-26545-non-000,0,0.18604923784732819
evaluation-26666-tar-000,1,0.8972041606903076
evaluation-26666-non-000,0,-0.09722522646188736
evaluation-26679-tar-000,1,0.9064756631851196
evaluation-26679-non-000,0,-0.11170884966850281
evaluation-2674-tar-000,1,0.5850862264633179
evaluation-2674-non-000,0,0.1619883030653
evaluation-2689-tar-000,1,0.7086670398712158
evaluation-2689-non-000,0,-0.0666324645280838
evaluation-26894-tar-000,1,0.8232526779174805
evaluation-26894-non-000,0,0.17904499173164368
evaluation-2699-tar-000,1,0.9190286993980408
evaluation-2699-non-000,0,0.03570792078971863
evaluation-2707-tar-000,1,0.6397988200187683
evaluation-2707-non-000,0,-0.16373038291931152
evaluation-27124-tar-000,1,0.8565917015075684
evaluation-27124-non-000,0,-0.006904739886522293
evaluation-27135-tar-000,1,0.5874404311180115
evaluation-27135-non-000,0,0.40611588954925537
evaluation-2714-tar-000,1,0.8800475001335144
evaluation-2714-non-000,0,0.057670049369335175
evaluation-27199-tar-000,1,0.6388546824455261
evaluation-27199-non-000,0,0.0239638090133667
evaluation-2739-tar-000,1,0.47262489795684814
evaluation-2739-non-000,0,0.11464489996433258
evaluation-2752-tar-000,1,0.7229304313659668
evaluation-2752-non-000,0,0.09063494205474854
evaluation-2762-tar-000,1,0.9100997447967529
evaluation-2762-non-000,0,-0.04861960560083389
evaluation-2775-tar-000,1,0.7055295705795288
evaluation-2775-non-000,0,-0.10646677017211914
evaluation-27811-tar-000,1,0.8366926908493042
evaluation-27811-non-000,0,-0.017382603138685226
evaluation-27932-tar-000,1,0.8321040272712708
evaluation-27932-non-000,0,-0.15592515468597412
evaluation-27943-tar-000,1,0.5264343619346619
evaluation-27943-non-000,0,0.02505066990852356
evaluation-27979-tar-000,1,0.3640807867050171
evaluation-27979-non-000,0,-0.11915507167577744
evaluation-28017-tar-000,1,0.7007999420166016
evaluation-28017-non-000,0,0.4550953507423401
evaluation-28028-tar-000,1,0.8823108673095703
evaluation-28028-non-000,0,-0.09022071957588196
evaluation-28053-tar-000,1,0.8742715120315552
evaluation-28053-non-000,0,-0.1565602719783783
evaluation-2806-tar-000,1,0.1872200071811676
evaluation-2806-non-000,0,-0.05350979417562485
evaluation-28086-tar-000,1,0.5791856050491333
evaluation-28086-non-000,0,0.3672492206096649
evaluation-28105-tar-000,1,0.7440241575241089
evaluation-28105-non-000,0,-0.3370928168296814
evaluation-28152-tar-000,1,0.8689458966255188
evaluation-28152-non-000,0,0.10017617046833038
evaluation-28182-tar-000,1,0.9419997930526733
evaluation-28182-non-000,0,0.004977282136678696
evaluation-28248-tar-000,1,0.8103228211402893
evaluation-28248-non-000,0,-0.010680444538593292
evaluation-2831-tar-000,1,0.6866968274116516
evaluation-2831-non-000,0,-0.0994696170091629
evaluation-28338-tar-000,1,0.7555230259895325
evaluation-28338-non-000,0,-0.011446814984083176
evaluation-28679-tar-000,1,0.34370580315589905
evaluation-28679-non-000,0,-0.09856684505939484
evaluation-28682-tar-000,1,0.6317256689071655
evaluation-28682-non-000,0,0.2900424599647522
evaluation-28750-tar-000,1,0.9106631875038147
evaluation-28750-non-000,0,-0.0945313423871994
evaluation-28781-tar-000,1,0.5172224044799805
evaluation-28781-non-000,0,0.2229488492012024
evaluation-28822-tar-000,1,0.5163085460662842
evaluation-28822-non-000,0,-0.06045295298099518
evaluation-2892-tar-000,1,0.5194939970970154
evaluation-2892-non-000,0,0.10145124793052673
evaluation-2901-tar-000,1,0.9011346697807312
evaluation-2901-non-000,0,-0.1900831162929535
evaluation-2908-tar-000,1,0.7403579950332642
evaluation-2908-non-000,0,-0.09891141951084137
evaluation-29102-tar-000,1,0.7576236724853516
evaluation-29102-non-000,0,0.018416382372379303
evaluation-29105-tar-000,1,0.833108127117157
evaluation-29105-non-000,0,-0.2921735644340515
evaluation-29237-tar-000,1,0.9211071133613586
evaluation-29237-non-000,0,-0.10315316915512085
evaluation-29278-tar-000,1,0.8470228910446167
evaluation-29278-non-000,0,0.07589808106422424
evaluation-29434-tar-000,1,0.3497268855571747
evaluation-29434-non-000,0,-0.04221641272306442
evaluation-2950-tar-000,1,0.8691277503967285
evaluation-2950-non-000,0,-0.14610923826694489
evaluation-29500-tar-000,1,0.7955161333084106
evaluation-29500-non-000,0,-0.10847542434930801
evaluation-2957-tar-000,1,0.7885006070137024
evaluation-2957-non-000,0,0.15220710635185242
evaluation-29668-tar-000,1,0.7215660810470581
evaluation-29668-non-000,0,-0.030743282288312912
evaluation-29778-tar-000,1,0.7183211445808411
evaluation-29778-non-000,0,0.13340668380260468
evaluation-2984-tar-000,1,0.5923142433166504
evaluation-2984-non-000,0,0.0731622651219368
evaluation-2990-tar-000,1,0.690863311290741
evaluation-2990-non-000,0,0.04098690301179886
evaluation-29904-tar-000,1,0.5089441537857056
evaluation-29904-non-000,0,0.22183507680892944
evaluation-30085-tar-000,1,0.9353760480880737
evaluation-30085-non-000,0,-0.16343067586421967
evaluation-3015-tar-000,1,0.7111195921897888
evaluation-3015-non-000,0,0.03448043391108513
evaluation-3023-tar-000,1,0.80713951587677
evaluation-3023-non-000,0,-0.10838785022497177
evaluation-30261-tar-000,1,0.5344514846801758
evaluation-30261-non-000,0,0.12587951123714447
evaluation-30302-tar-000,1,0.8141216039657593
evaluation-30302-non-000,0,-0.07180193811655045
evaluation-30316-tar-000,1,0.6302619576454163
evaluation-30316-non-000,0,-0.14007484912872314
evaluation-30610-tar-000,1,0.624213695526123
evaluation-30610-non-000,0,0.02067793905735016
evaluation-3062-tar-000,1,-0.13236314058303833
evaluation-3062-non-000,0,0.11034040153026581
evaluation-30621-tar-000,1,0.6435949802398682
evaluation-30621-non-000,0,0.03894556313753128
evaluation-30659-tar-000,1,0.8816235065460205
evaluation-30659-non-000,0,0.004526576027274132
evaluation-30824-tar-000,1,0.3811623454093933
evaluation-30824-non-000,0,-0.03339356184005737
evaluation-30923-tar-000,1,0.627924919128418
evaluation-30923-non-000,0,-0.007779117673635483
evaluation-30967-tar-000,1,0.8444706201553345
evaluation-30967-non-000,0,0.09739270061254501
evaluation-31008-tar-000,1,0.949532687664032
evaluation-31008-non-000,0,0.13037192821502686
evaluation-3124-tar-000,1,0.7955852746963501
evaluation-3124-non-000,0,0.15407222509384155
evaluation-31280-tar-000,1,0.9012242555618286
evaluation-31280-non-000,0,0.1442270576953888
evaluation-31294-tar-000,1,0.8056004047393799
evaluation-31294-non-000,0,-0.0697413980960846
evaluation-31307-tar-000,1,0.8422150611877441
evaluation-31307-non-000,0,0.02433549426496029
evaluation-31346-tar-000,1,0.12693612277507782
evaluation-31346-non-000,0,0.16707363724708557
evaluation-31360-tar-000,1,0.7967864871025085
evaluation-31360-non-000,0,0.04243609309196472
evaluation-31384-tar-000,1,0.8545193672180176
evaluation-31384-non-000,0,-0.08004042506217957
evaluation-3139-tar-000,1,0.7927380204200745
evaluation-3139-non-000,0,-0.0054570771753787994
evaluation-31390-tar-000,1,0.8536709547042847
evaluation-31390-non-000,0,0.14598208665847778
evaluation-3145-tar-000,1,0.8480485081672668
evaluation-3145-non-000,0,-0.05174407735466957
evaluation-31464-tar-000,1,0.8263406157493591
evaluation-31464-non-000,0,-0.0384540781378746
evaluation-3161-tar-000,1,0.2801515460014343
evaluation-3161-non-000,0,-0.19020524621009827
evaluation-31665-tar-000,1,0.8014035224914551
evaluation-31665-non-000,0,-0.2141817808151245
evaluation-3167-tar-000,1,0.8451473712921143
evaluation-3167-non-000,0,-0.00018862169235944748
evaluation-31838-tar-000,1,0.87760329246521
evaluation-31838-non-000,0,0.05027005821466446
evaluation-31947-tar-000,1,0.922896683216095
evaluation-31947-non-000,0,-0.02074933797121048
evaluation-31950-tar-000,1,0.8187446594238281
evaluation-31950-non-000,0,0.03475064039230347
evaluation-31964-tar-000,1,0.752177894115448
evaluation-31964-non-000,0,0.046418264508247375
evaluation-31986-tar-000,1,0.48329854011535645
evaluation-31986-non-000,0,0.016062535345554352
evaluation-32005-tar-000,1,0.7849184274673462
evaluation-32005-non-000,0,0.19037845730781555
evaluation-32046-tar-000,1,0.6762913465499878
evaluation-32046-non-000,0,0.2004588395357132
evaluation-32057-tar-000,1,0.7760890126228333
evaluation-32057-non-000,0,0.07290268689393997
evaluation-3215-tar-000,1,0.7361534833908081
evaluation-3215-non-000,0,-0.10039670020341873
evaluation-32285-tar-000,1,0.8205783367156982
evaluation-32285-non-000,0,-0.04142197221517563
evaluation-32368-tar-000,1,0.8351037502288818
evaluation-32368-non-000,0,0.04955647513270378
evaluation-32521-tar-000,1,0.8342388272285461
evaluation-32521-non-000,0,0.07432674616575241
evaluation-32620-tar-000,1,0.579182505607605
evaluation-32620-non-000,0,-0.13813893496990204
evaluation-32730-tar-000,1,0.8033580780029297
evaluation-32730-non-000,0,-0.08277875185012817
evaluation-32785-tar-000,1,0.7999244928359985
evaluation-32785-non-000,0,-0.0474308617413044
evaluation-32810-tar-000,1,0.8556903600692749
evaluation-32810-non-000,0,-0.08262860774993896
evaluation-3292-tar-000,1,0.8779603242874146
evaluation-3292-non-000,0,-0.00974033959209919
evaluation-3301-tar-000,1,0.6263145208358765
evaluation-3301-non-000,0,-0.020127033814787865
evaluation-33060-tar-000,1,0.8277125358581543
evaluation-33060-non-000,0,0.4228760302066803
evaluation-33096-tar-000,1,-0.04378995671868324
evaluation-33096-non-000,0,0.24751609563827515
evaluation-33120-tar-000,1,0.837978720664978
evaluation-33120-non-000,0,-0.07682444155216217
evaluation-3314-tar-000,1,0.6372401714324951
evaluation-3314-non-000,0,-0.04196310043334961
evaluation-33255-tar-000,1,0.7113286256790161
evaluation-33255-non-000,0,0.03926987200975418
evaluation-33258-tar-000,1,0.8514813780784607
evaluation-33258-non-000,0,0.016580089926719666
evaluation-33274-tar-000,1,0.8988502025604248
evaluation-33274-non-000,0,-0.1789829581975937
evaluation-33598-tar-000,1,0.7355328798294067
evaluation-33598-non-000,0,0.05774867534637451
evaluation-3361-tar-000,1,0.5429357290267944
evaluation-3361-non-000,0,0.08385831117630005
evaluation-33623-tar-000,1,0.4111010432243347
evaluation-33623-non-000,0,0.23798306286334991
evaluation-3365-tar-000,1,0.9153901934623718
evaluation-3365-non-000,0,-0.11384515464305878
evaluation-3369-tar-000,1,0.8399494290351868
evaluation-3369-non-000,0,0.21475151181221008
evaluation-33711-tar-000,1,0.7943458557128906
evaluation-33711-non-000,0,-0.1257948875427246
evaluation-33790-tar-000,1,0.8374024629592896
evaluation-33790-non-000,0,-0.021650811657309532
evaluation-3395-tar-000,1,0.7860374450683594
evaluation-3395-non-000,0,-0.0025824904441833496
evaluation-3407-tar-000,1,0.16238051652908325
evaluation-3407-non-000,0,0.0165687445551157
evaluation-3409-tar-000,1,0.8507201075553894
evaluation-3409-non-000,0,0.029505982995033264
evaluation-34158-tar-000,1,0.8605015277862549
evaluation-34158-non-000,0,0.23870089650154114
evaluation-3417-tar-000,1,0.8427245616912842
evaluation-3417-non-000,0,0.11058992147445679
evaluation-3425-tar-000,1,0.8767129182815552
evaluation-3425-non-000,0,-0.006485907360911369
evaluation-34257-tar-000,1,0.8857871890068054
evaluation-34257-non-000,0,-0.07620181143283844
evaluation-3427-tar-000,1,0.5742430686950684
evaluation-3427-non-000,0,0.1001167744398117
evaluation-34458-tar-000,1,0.5152971744537354
evaluation-34458-non-000,0,0.1269814372062683
evaluation-34485-tar-000,1,0.36875778436660767
evaluation-34485-non-000,0,-0.20312561094760895
evaluation-34631-tar-000,1,0.8450257778167725
evaluation-34631-non-000,0,-0.1522108018398285
evaluation-34647-tar-000,1,0.8943569660186768
evaluation-34647-non-000,0,-0.03650148957967758
evaluation-3471-tar-000,1,0.7214149236679077
evaluation-3471-non-000,0,0.04907634109258652
evaluation-34719-tar-000,1,0.4032169580459595
evaluation-34719-non-000,0,0.00019988417625427246
evaluation-3473-tar-000,1,0.8432637453079224
evaluation-3473-non-000,0,-0.0909939557313919
evaluation-34738-tar-000,1,0.3986433744430542
evaluation-34738-non-000,0,0.11136887967586517
evaluation-34771-tar-000,1,0.8627313375473022
evaluation-34771-non-000,0,-0.0015259161591529846
evaluation-3479-tar-000,1,0.518117368221283
evaluation-3479-non-000,0,-0.11557158827781677
evaluation-34807-tar-000,1,0.14398279786109924
evaluation-34807-non-000,0,0.24302637577056885
evaluation-3482-tar-000,1,0.8603746891021729
evaluation-3482-non-000,0,-0.1058291494846344
evaluation-34859-tar-000,1,0.5862103700637817
evaluation-34859-non-000,0,-0.046076856553554535
evaluation-3497-tar-000,1,0.7926005125045776
evaluation-3497-non-000,0,0.22720201313495636
evaluation-34996-tar-000,1,0.8019532561302185
evaluation-34996-non-000,0,0.20303425192832947
evaluation-35043-tar-000,1,0.8987324237823486
evaluation-35043-non-000,0,-0.15961390733718872
evaluation-3507-tar-000,1,0.8390969038009644
evaluation-3507-non-000,0,0.15744608640670776
evaluation-35101-tar-000,1,0.846726655960083
evaluation-35101-non-000,0,-0.038685284554958344
evaluation-3518-tar-000,1,0.8704756498336792
evaluation-3518-non-000,0,-0.20895043015480042
evaluation-3522-tar-000,1,0.24690869450569153
evaluation-3522-non-000,0,0.20634551346302032
evaluation-35293-tar-000,1,0.8721981048583984
evaluation-35293-non-000,0,0.12488584965467453
evaluation-35359-tar-000,1,0.7767735719680786
evaluation-35359-non-000,0,0.0744679644703865
evaluation-3540-tar-000,1,0.6759072542190552
evaluation-3540-non-000,0,-0.0730242133140564
evaluation-35416-tar-000,1,0.8481498956680298
evaluation-35416-non-000,0,0.371423602104187
evaluation-35449-tar-000,1,0.9123977422714233
evaluation-35449-non-000,0,0.00978858768939972
evaluation-35510-tar-000,1,0.8813170194625854
evaluation-35510-non-000,0,0.03261063992977142
evaluation-35562-tar-000,1,0.890760600566864
evaluation-35562-non-000,0,0.06739789992570877
evaluation-35587-tar-000,1,0.864840567111969
evaluation-35587-non-000,0,-0.1813717931509018
evaluation-3564-tar-000,1,0.86939537525177
evaluation-3564-non-000,0,0.3334631025791168
evaluation-35683-tar-000,1,0.8922241926193237
evaluation-35683-non-000,0,-0.19618165493011475
evaluation-35699-tar-000,1,0.7270157337188721
evaluation-35699-non-000,0,0.004324961453676224
evaluation-3571-tar-000,1,0.39497628808021545
evaluation-3571-non-000,0,0.31785303354263306
evaluation-3572-tar-000,1,0.8144384622573853
evaluation-3572-non-000,0,0.15784069895744324
evaluation-35793-tar-000,1,0.7795180082321167
evaluation-35793-non-000,0,0.02709326148033142
evaluation-35823-tar-000,1,0.6948491334915161
evaluation-35823-non-000,0,0.2212008684873581
evaluation-35872-tar-000,1,0.8663771748542786
evaluation-35872-non-000,0,0.16490554809570312
evaluation-3597-tar-000,1,0.7452487945556641
evaluation-3597-non-000,0,-0.04345667362213135
evaluation-35996-tar-000,1,0.8149306774139404
evaluation-35996-non-000,0,-0.15548266470432281
evaluation-36004-tar-000,1,0.9579403400421143
evaluation-36004-non-000,0,0.13016270101070404
evaluation-36051-tar-000,1,0.5462213754653931
evaluation-36051-non-000,0,0.19661183655261993
evaluation-3619-tar-000,1,0.8555414080619812
evaluation-3619-non-000,0,0.37368714809417725
evaluation-36196-tar-000,1,0.5930596590042114
evaluation-36196-non-000,0,0.23448427021503448
evaluation-36298-tar-000,1,0.8144765496253967
evaluation-36298-non-000,0,0.0034566521644592285
evaluation-36323-tar-000,1,0.8794096112251282
evaluation-36323-non-000,0,-0.06480832397937775
evaluation-36386-tar-000,1,0.8145745396614075
evaluation-36386-non-000,0,-0.16764739155769348
evaluation-36395-tar-000,1,0.7931021451950073
evaluation-36395-non-000,0,-0.11740594357252121
evaluation-36460-tar-000,1,0.857017993927002
evaluation-36460-non-000,0,-0.006396621465682983
evaluation-36499-tar-000,1,0.9395478367805481
evaluation-36499-non-000,0,-0.139786034822464
evaluation-3656-tar-000,1,0.7405241131782532
evaluation-3656-non-000,0,0.029655376449227333
evaluation-36611-tar-000,1,0.9293115139007568
evaluation-36611-non-000,0,0.21872155368328094
evaluation-36619-tar-000,1,0.74620121717453
evaluation-36619-non-000,0,-0.19423095881938934
evaluation-36625-tar-000,1,0.4894261360168457
evaluation-36625-non-000,0,-0.06879010796546936
evaluation-36633-tar-000,1,0.8584524393081665
evaluation-36633-non-000,0,-0.10774940997362137
evaluation-36685-tar-000,1,0.813811182975769
evaluation-36685-non-000,0,0.1215192973613739
evaluation-3669-tar-000,1,0.636102020740509
evaluation-3669-non-000,0,0.1912488043308258
evaluation-36853-tar-000,1,0.8474371433258057
evaluation-36853-non-000,0,0.17271697521209717
evaluation-3693-tar-000,1,0.8641235828399658
evaluation-3693-non-000,0,0.024898996576666832
evaluation-3720-tar-000,1,0.8984898328781128
evaluation-3720-non-000,0,0.14792145788669586
evaluation-37259-tar-000,1,0.9169687628746033
evaluation-37259-non-000,0,0.1601606160402298
evaluation-37301-tar-000,1,0.4851554334163666
evaluation-37301-non-000,0,0.06100191920995712
evaluation-37328-tar-000,1,0.7289264798164368
evaluation-37328-non-000,0,0.07241232693195343
evaluation-37625-tar-000,1,0.7952678203582764
evaluation-37625-non-000,0,-0.060716353356838226
evaluation-37658-tar-000,1,0.5162538290023804
evaluation-37658-non-000,0,-0.09461376816034317
evaluation-3767-tar-000,1,0.56695955991745
evaluation-3767-non-000,0,-0.07249618321657181
evaluation-37696-tar-000,1,0.874953031539917
evaluation-37696-non-000,0,-0.015848521143198013
evaluation-3770-tar-000,1,0.9133132696151733
evaluation-3770-non-000,0,-0.013720009475946426
evaluation-37740-tar-000,1,0.5553072094917297
evaluation-37740-non-000,0,-0.09626087546348572
evaluation-3778-tar-000,1,0.7196381092071533
evaluation-3778-non-000,0,-0.011984117329120636
evaluation-37844-tar-000,1,0.8535704016685486
evaluation-37844-non-000,0,-0.17161113023757935
evaluation-37921-tar-000,1,0.7925018072128296
evaluation-37921-non-000,0,0.26777613162994385
evaluation-37932-tar-000,1,0.8951537013053894
evaluation-37932-non-000,0,-0.04079752042889595
evaluation-37946-tar-000,1,0.7980639934539795
evaluation-37946-non-000,0,-0.11716476082801819
evaluation-37965-tar-000,1,0.6467185020446777
evaluation-37965-non-000,0,-0.15481774508953094
evaluation-37971-tar-000,1,0.8761223554611206
evaluation-37971-non-000,0,0.060281917452812195
evaluation-3805-tar-000,1,0.8113090991973877
evaluation-3805-non-000,0,-0.17369063198566437
evaluation-38056-tar-000,1,0.8289368748664856
evaluation-38056-non-000,0,0.12432906776666641
evaluation-38083-tar-000,1,0.2435290813446045
evaluation-38083-non-000,0,-0.019703825935721397
evaluation-3813-tar-000,1,0.7936717867851257
evaluation-3813-non-000,0,-0.015613764524459839
evaluation-38157-tar-000,1,0.6393312811851501
evaluation-38157-non-000,0,0.12602899968624115
evaluation-38166-tar-000,1,0.8061785697937012
evaluation-38166-non-000,0,-0.07031412422657013
evaluation-38196-tar-000,1,0.5555142164230347
evaluation-38196-non-000,0,-0.11284001171588898
evaluation-3827-tar-000,1,0.3820156157016754
evaluation-3827-non-000,0,-0.1980687975883484
evaluation-38388-tar-000,1,0.861479640007019
evaluation-38388-non-000,0,-0.056166455149650574
evaluation-3839-tar-000,1,0.9112662076950073
evaluation-3839-non-000,0,0.219476580619812
evaluation-3840-tar-000,1,0.7972694635391235
evaluation-3840-non-000,0,0.1922234147787094
evaluation-38657-tar-000,1,0.6389416456222534
evaluation-38657-non-000,0,0.23410937190055847
evaluation-38792-tar-000,1,0.4365707039833069
evaluation-38792-non-000,0,-0.3135353922843933
evaluation-3888-tar-000,1,0.8004319667816162
evaluation-3888-non-000,0,0.21623015403747559
evaluation-3892-tar-000,1,0.739843487739563
evaluation-3892-non-000,0,0.2690223455429077
evaluation-3901-tar-000,1,0.8670976758003235
evaluation-3901-non-000,0,0.08090776950120926
evaluation-39025-tar-000,1,0.8527626991271973
evaluation-39025-non-000,0,0.15254271030426025
evaluation-39031-tar-000,1,0.7937172651290894
evaluation-39031-non-000,0,-0.05856778100132942
evaluation-3911-tar-000,1,0.6484005451202393
evaluation-3911-non-000,0,0.07291723787784576
evaluation-39163-tar-000,1,0.8740138411521912
evaluation-39163-non-000,0,0.2517850399017334
evaluation-39201-tar-000,1,0.8628301620483398
evaluation-39201-non-000,0,0.0012993281707167625
evaluation-3921-tar-000,1,0.8551276922225952
evaluation-3921-non-000,0,0.015728356316685677
evaluation-3926-tar-000,1,0.5222703814506531
evaluation-3926-non-000,0,0.41663894057273865
evaluation-3928-tar-000,1,0.838341236114502
evaluation-3928-non-000,0,0.026570318266749382
evaluation-3931-tar-000,1,0.3028690218925476
evaluation-3931-non-000,0,-0.07427792251110077
evaluation-3939-tar-000,1,0.8192168474197388
evaluation-3939-non-000,0,-0.1083516851067543
evaluation-39421-tar-000,1,0.8142123818397522
evaluation-39421-non-000,0,-0.009713765233755112
evaluation-3954-tar-000,1,0.6521697044372559
evaluation-3954-non-000,0,0.07934290915727615
evaluation-39720-tar-000,1,0.8557499647140503
evaluation-39720-non-000,0,0.20849043130874634
evaluation-39756-tar-000,1,0.8249056339263916
evaluation-39756-non-000,0,-0.10566810518503189
evaluation-39877-tar-000,1,0.8007493019104004
evaluation-39877-non-000,0,-0.03351464867591858
evaluation-3989-tar-000,1,0.899857759475708
evaluation-3989-non-000,0,-0.11333446949720383
evaluation-40025-tar-000,1,0.9091622829437256
evaluation-40025-non-000,0,-0.13207006454467773
evaluation-4004-tar-000,1,0.6820029020309448
evaluation-4004-non-000,0,-0.029852280393242836
evaluation-40064-tar-000,1,0.8834199905395508
evaluation-40064-non-000,0,0.1835194230079651
evaluation-40075-tar-000,1,0.9210398197174072
evaluation-40075-non-000,0,0.28572383522987366
evaluation-4013-tar-000,1,0.7832880020141602
evaluation-4013-non-000,0,0.11612902581691742
evaluation-40173-tar-000,1,0.9219051599502563
evaluation-40173-non-000,0,-0.2509840726852417
evaluation-40311-tar-000,1,0.7231640815734863
evaluation-40311-non-000,0,0.2983429431915283
evaluation-4044-tar-000,1,0.8235421180725098
evaluation-4044-non-000,0,0.05266117304563522
evaluation-40525-tar-000,1,0.9066171646118164
evaluation-40525-non-000,0,-0.07076460123062134
evaluation-40577-tar-000,1,0.33259326219558716
evaluation-40577-non-000,0,0.09810812771320343
evaluation-40588-tar-000,1,0.8768622875213623
evaluation-40588-non-000,0,0.06962137669324875
evaluation-40676-tar-000,1,0.6506085991859436
evaluation-40676-non-000,0,-0.1387416273355484
evaluation-4068-tar-000,1,0.7157610654830933
evaluation-4068-non-000,0,0.07110761106014252
evaluation-4077-tar-000,1,0.9315601587295532
evaluation-4077-non-000,0,-0.07998992502689362
evaluation-40772-tar-000,1,0.6969359517097473
evaluation-40772-non-000,0,0.04877295345067978
evaluation-40929-tar-000,1,0.7543957233428955
evaluation-40929-non-000,0,-0.11196181923151016
evaluation-41000-tar-000,1,0.9221639037132263
evaluation-41000-non-000,0,0.04729534313082695
evaluation-41025-tar-000,1,0.7292768359184265
evaluation-41025-non-000,0,-0.1400345265865326
evaluation-4123-tar-000,1,0.7917161583900452
evaluation-4123-non-000,0,0.0939481183886528
evaluation-41278-tar-000,1,0.8701938390731812
evaluation-41278-non-000,0,0.04924944415688515
evaluation-4134-tar-000,1,0.7671238780021667
evaluation-4134-non-000,0,-0.01273590698838234
evaluation-41357-tar-000,1,0.8413724303245544
evaluation-41357-non-000,0,0.043152324855327606
evaluation-41390-tar-000,1,0.363896906375885
evaluation-41390-non-000,0,-0.06486416608095169
evaluation-41404-tar-000,1,0.8592240214347839
evaluation-41404-non-000,0,-0.0057350825518369675
evaluation-41492-tar-000,1,0.8562174439430237
evaluation-41492-non-000,0,-0.09726978093385696
evaluation-41536-tar-000,1,0.7082197666168213
evaluation-41536-non-000,0,0.03387399762868881
evaluation-41706-tar-000,1,0.9365050196647644
evaluation-41706-non-000,0,-0.0674823448061943
evaluation-41750-tar-000,1,0.8950226902961731
evaluation-41750-non-000,0,-0.014765676110982895
evaluation-41755-tar-000,1,0.724724292755127
evaluation-41755-non-000,0,-0.074616439640522
evaluation-41854-tar-000,1,0.9332831501960754
evaluation-41854-non-000,0,0.03262040391564369
evaluation-41945-tar-000,1,0.763149082660675
evaluation-41945-non-000,0,0.0865800753235817
evaluation-41994-tar-000,1,0.726697564125061
evaluation-41994-non-000,0,0.21145722270011902
evaluation-4202-tar-000,1,0.7883334755897522
evaluation-4202-non-000,0,-0.16990679502487183
evaluation-42025-tar-000,1,0.8211632966995239
evaluation-42025-non-000,0,0.013104578480124474
evaluation-4204-tar-000,1,0.573638379573822
evaluation-4204-non-000,0,-0.30304479598999023
evaluation-42173-tar-000,1,0.8428969979286194
evaluation-42173-non-000,0,-0.08852217346429825
evaluation-42176-tar-000,1,0.9209191799163818
evaluation-42176-non-000,0,0.13528740406036377
evaluation-42209-tar-000,1,0.8273772597312927
evaluation-42209-non-000,0,0.012723337858915329
evaluation-42250-tar-000,1,0.8901858925819397
evaluation-42250-non-000,0,-0.1101546436548233
evaluation-4240-tar-000,1,0.4793627858161926
evaluation-4240-non-000,0,0.15147536993026733
evaluation-42401-tar-000,1,0.9100112318992615
evaluation-42401-non-000,0,0.16012808680534363
evaluation-4246-tar-000,1,0.646746814250946
evaluation-4246-non-000,0,0.07026684284210205
evaluation-42505-tar-000,1,0.4629044830799103
evaluation-42505-non-000,0,0.06126738339662552
evaluation-4251-tar-000,1,0.7423111200332642
evaluation-4251-non-000,0,-0.1038302630186081
evaluation-42546-tar-000,1,0.7709361910820007
evaluation-42546-non-000,0,0.14709752798080444
evaluation-42648-tar-000,1,0.8809361457824707
evaluation-42648-non-000,0,0.07201161235570908
evaluation-42681-tar-000,1,0.8542817831039429
evaluation-42681-non-000,0,-0.000678185373544693
evaluation-42717-tar-000,1,0.8714142441749573
evaluation-42717-non-000,0,0.18965640664100647
evaluation-42728-tar-000,1,0.8900044560432434
evaluation-42728-non-000,0,-0.16284683346748352
evaluation-42744-tar-000,1,0.681203305721283
evaluation-42744-non-000,0,0.18107539415359497
evaluation-42772-tar-000,1,0.6796854734420776
evaluation-42772-non-000,0,0.25686079263687134
evaluation-4288-tar-000,1,0.8966871500015259
evaluation-4288-non-000,0,0.13329213857650757
evaluation-42904-tar-000,1,0.8884456157684326
evaluation-42904-non-000,0,-0.18001788854599
evaluation-4295-tar-000,1,0.7708845734596252
evaluation-4295-non-000,0,0.06156005337834358
evaluation-43042-tar-000,1,0.8657141327857971
evaluation-43042-non-000,0,0.1554381251335144
evaluation-43063-tar-000,1,0.854496955871582
evaluation-43063-non-000,0,-0.023120466619729996
evaluation-4308-tar-000,1,0.7982287406921387
evaluation-4308-non-000,0,-0.11964283138513565
evaluation-4315-tar-000,1,0.6730440258979797
evaluation-4315-non-000,0,-0.08706925809383392
evaluation-43184-tar-000,1,0.5614911913871765
evaluation-43184-non-000,0,0.12606528401374817
evaluation-43225-tar-000,1,0.8451460599899292
evaluation-43225-non-000,0,-0.21504172682762146
evaluation-43269-tar-000,1,0.2665890157222748
evaluation-43269-non-000,0,-0.16607162356376648
evaluation-43288-tar-000,1,0.6740968823432922
evaluation-43288-non-000,0,-0.016734009608626366
evaluation-4341-tar-000,1,0.7694969177246094
evaluation-4341-non-000,0,0.014947883784770966
evaluation-43483-tar-000,1,0.8902028799057007
evaluation-43483-non-000,0,0.197477787733078
evaluation-43604-tar-000,1,0.8668442964553833
evaluation-43604-non-000,0,-0.11968158185482025
evaluation-43675-tar-000,1,0.818914532661438
evaluation-43675-non-000,0,-0.19598077237606049
evaluation-4368-tar-000,1,0.6713767647743225
evaluation-4368-non-000,0,-0.04428066685795784
evaluation-43744-tar-000,1,0.825710654258728
evaluation-43744-non-000,0,0.0729479044675827
evaluation-43818-tar-000,1,0.39517685770988464
evaluation-43818-non-000,0,-0.10869133472442627
evaluation-43865-tar-000,1,0.929544985294342
evaluation-43865-non-000,0,-0.04353081434965134
evaluation-43958-tar-000,1,0.6864969730377197
evaluation-43958-non-000,0,0.1026836410164833
evaluation-44085-tar-000,1,0.8889003992080688
evaluation-44085-non-000,0,-0.12763842940330505
evaluation-44175-tar-000,1,0.5384941101074219
evaluation-44175-non-000,0,-0.0790717750787735
evaluation-44285-tar-000,1,0.9617487788200378
evaluation-44285-non-000,0,0.21899038553237915
evaluation-44392-tar-000,1,0.8490589261054993
evaluation-44392-non-000,0,-0.0776374340057373
evaluation-4440-tar-000,1,0.44901368021965027
evaluation-4440-non-000,0,0.19576169550418854
evaluation-44406-tar-000,1,0.6189475059509277
evaluation-44406-non-000,0,-0.02174169383943081
evaluation-4442-tar-000,1,0.45471662282943726
evaluation-4442-non-000,0,-0.07568570971488953
evaluation-4468-tar-000,1,0.3984490931034088
evaluation-4468-non-000,0,-0.15594688057899475
evaluation-44683-tar-000,1,0.2462303787469864
evaluation-44683-non-000,0,0.014990201219916344
evaluation-44727-tar-000,1,0.8138629198074341
evaluation-44727-non-000,0,-0.03898264467716217
evaluation-4477-tar-000,1,0.6716864109039307
evaluation-4477-non-000,0,-0.21253594756126404
evaluation-44829-tar-000,1,0.6794559955596924
evaluation-44829-non-000,0,0.08472713828086853
evaluation-4506-tar-000,1,0.8419313430786133
evaluation-4506-non-000,0,0.028868813067674637
evaluation-45084-tar-000,1,0.7462629079818726
evaluation-45084-non-000,0,0.04396091774106026
evaluation-45213-tar-000,1,0.8585282564163208
evaluation-45213-non-000,0,0.06675455719232559
evaluation-45252-tar-000,1,0.6500877141952515
evaluation-45252-non-000,0,0.13477946817874908
evaluation-4529-tar-000,1,0.9098546504974365
evaluation-4529-non-000,0,-0.16892904043197632
evaluation-45538-tar-000,1,0.4086737036705017
evaluation-45538-non-000,0,0.060838088393211365
evaluation-45617-tar-000,1,0.7836291790008545
evaluation-45617-non-000,0,-0.055762022733688354
evaluation-45658-tar-000,1,0.826627254486084
evaluation-45658-non-000,0,-0.06818313896656036
evaluation-45744-tar-000,1,0.7022579908370972
evaluation-45744-non-000,0,0.14767014980316162
evaluation-45749-tar-000,1,0.7146543860435486
evaluation-45749-non-000,0,0.2734944820404053
evaluation-45793-tar-000,1,0.8154053688049316
evaluation-45793-non-000,0,-0.11535383015871048
evaluation-4581-tar-000,1,0.7406376004219055
evaluation-4581-non-000,0,-0.020863929763436317
evaluation-45834-tar-000,1,0.41513895988464355
evaluation-45834-non-000,0,0.05047610402107239
evaluation-45870-tar-000,1,0.14850439131259918
evaluation-45870-non-000,0,0.19793781638145447
evaluation-4591-tar-000,1,0.659633457660675
evaluation-4591-non-000,0,0.2706056237220764
evaluation-45985-tar-000,1,0.6290031671524048
evaluation-45985-non-000,0,0.12164672464132309
evaluation-46029-tar-000,1,0.8072811365127563
evaluation-46029-non-000,0,0.030408745631575584
evaluation-4603-tar-000,1,0.8177122473716736
evaluation-4603-non-000,0,0.23175588250160217
evaluation-4612-tar-000,1,0.8296184539794922
evaluation-4612-non-000,0,0.021313101053237915
evaluation-4619-tar-000,1,0.7712830901145935
evaluation-4619-non-000,0,-0.06552733480930328
evaluation-46202-tar-000,1,0.8272043466567993
evaluation-46202-non-000,0,0.03804656118154526
evaluation-46241-tar-000,1,0.5938479900360107
evaluation-46241-non-000,0,0.3323795199394226
evaluation-46298-tar-000,1,0.799690842628479
evaluation-46298-non-000,0,-0.07617597281932831
evaluation-46466-tar-000,1,0.8502742648124695
evaluation-46466-non-000,0,0.30078303813934326
evaluation-4649-tar-000,1,0.9137586355209351
evaluation-4649-non-000,0,0.08213961869478226
evaluation-4664-tar-000,1,0.3268476128578186
evaluation-4664-non-000,0,0.023100195452570915
evaluation-46955-tar-000,1,0.48516419529914856
evaluation-46955-non-000,0,-0.18795311450958252
evaluation-4709-tar-000,1,0.861844539642334
evaluation-4709-non-000,0,0.23575468361377716
evaluation-4710-tar-000,1,0.6975493431091309
evaluation-4710-non-000,0,-0.1810114085674286
evaluation-47139-tar-000,1,0.9155189990997314
evaluation-47139-non-000,0,-0.029515840113162994
evaluation-47142-tar-000,1,0.7246253490447998
evaluation-47142-non-000,0,-0.07820671051740646
evaluation-47169-tar-000,1,0.5345504283905029
evaluation-47169-non-000,0,0.09006869047880173
evaluation-47238-tar-000,1,0.6543532609939575
evaluation-47238-non-000,0,-0.05006348714232445
evaluation-4728-tar-000,1,0.884778618812561
evaluation-4728-non-000,0,0.0522984117269516
evaluation-47342-tar-000,1,0.8686227798461914
evaluation-47342-non-000,0,-0.12492682039737701
evaluation-47504-tar-000,1,0.6835834980010986
evaluation-47504-non-000,0,-0.15160821378231049
evaluation-4763-tar-000,1,0.82331383228302
evaluation-4763-non-000,0,-0.12315535545349121
evaluation-47650-tar-000,1,0.8790568709373474
evaluation-47650-non-000,0,-0.3046444058418274
evaluation-47658-tar-000,1,0.020429950207471848
evaluation-47658-non-000,0,-0.05551481246948242
evaluation-4773-tar-000,1,0.8833950161933899
evaluation-4773-non-000,0,0.1531839519739151
evaluation-4774-tar-000,1,0.9047757983207703
evaluation-4774-non-000,0,0.0979112833738327
evaluation-47913-tar-000,1,0.2179541289806366
evaluation-47913-non-000,0,-0.17711442708969116
evaluation-47998-tar-000,1,0.7840698957443237
evaluation-47998-non-000,0,-0.17551559209823608
evaluation-4800-tar-000,1,0.43822360038757324
evaluation-4800-non-000,0,-0.07678456604480743
evaluation-48095-tar-000,1,0.7603007555007935
evaluation-48095-non-000,0,-0.033146996051073074
evaluation-48193-tar-000,1,0.8961467742919922
evaluation-48193-non-000,0,-0.2376219630241394
evaluation-4821-tar-000,1,0.7761743664741516
evaluation-4821-non-000,0,0.19023077189922333
evaluation-48232-tar-000,1,0.7749248743057251
evaluation-48232-non-000,0,0.1315789669752121
evaluation-48262-tar-000,1,0.4251641631126404
evaluation-48262-non-000,0,-0.15005303919315338
evaluation-48388-tar-000,1,0.9113800525665283
evaluation-48388-non-000,0,0.0011432264000177383
evaluation-4841-tar-000,1,0.8641277551651001
evaluation-4841-non-000,0,-0.07772345840930939
evaluation-4842-tar-000,1,0.6103208065032959
evaluation-4842-non-000,0,0.14260289072990417
evaluation-48443-tar-000,1,0.8459444046020508
evaluation-48443-non-000,0,0.005566545762121677
evaluation-48454-tar-000,1,0.34232771396636963
evaluation-48454-non-000,0,0.16641058027744293
evaluation-48575-tar-000,1,0.7674710750579834
evaluation-48575-non-000,0,-0.10635972768068314
evaluation-48578-tar-000,1,0.35605740547180176
evaluation-48578-non-000,0,-0.04950134828686714
evaluation-4867-tar-000,1,0.8918392658233643
evaluation-4867-non-000,0,0.04473404213786125
evaluation-48726-tar-000,1,0.9489943981170654
evaluation-48726-non-000,0,-0.021030383184552193
evaluation-48759-tar-000,1,0.4503619074821472
evaluation-48759-non-000,0,-0.1412920206785202
evaluation-48787-tar-000,1,0.9269775152206421
evaluation-48787-non-000,0,-0.007406346499919891
evaluation-48833-tar-000,1,0.8429756164550781
evaluation-48833-non-000,0,-0.15679609775543213
evaluation-48905-tar-000,1,0.8533942103385925
evaluation-48905-non-000,0,0.03244078904390335
evaluation-4891-tar-000,1,0.8793894052505493
evaluation-4891-non-000,0,-0.09250075370073318
evaluation-4894-tar-000,1,0.3457299768924713
evaluation-4894-non-000,0,0.18047431111335754
evaluation-48952-tar-000,1,0.943737804889679
evaluation-48952-non-000,0,0.0187336727976799
evaluation-49004-tar-000,1,0.8932451009750366
evaluation-49004-non-000,0,0.0689844861626625
evaluation-49037-tar-000,1,0.8052994012832642
evaluation-49037-non-000,0,0.1866600513458252
evaluation-49045-tar-000,1,0.8922118544578552
evaluation-49045-non-000,0,0.38820338249206543
evaluation-49097-tar-000,1,0.7099007368087769
evaluation-49097-non-000,0,0.002193951979279518
evaluation-49116-tar-000,1,0.8924731016159058
evaluation-49116-non-000,0,0.018092630431056023
evaluation-49196-tar-000,1,0.5172896385192871
evaluation-49196-non-000,0,0.06614601612091064
evaluation-49207-tar-000,1,0.8186549544334412
evaluation-49207-non-000,0,0.015197673812508583
evaluation-4921-tar-000,1,0.8430758714675903
evaluation-4921-non-000,0,0.1320180892944336
evaluation-49215-tar-000,1,0.7346022129058838
evaluation-49215-non-000,0,0.05135563015937805
evaluation-4934-tar-000,1,0.6961698532104492
evaluation-4934-non-000,0,0.06351868808269501
evaluation-49446-tar-000,1,0.8790864944458008
evaluation-49446-non-000,0,-0.10086899995803833
evaluation-49476-tar-000,1,0.8683268427848816
evaluation-49476-non-000,0,0.02270503342151642
evaluation-49484-tar-000,1,0.9532244205474854
evaluation-49484-non-000,0,-0.22796952724456787
evaluation-49520-tar-000,1,0.9075590372085571
evaluation-49520-non-000,0,-0.1646353304386139
evaluation-49539-tar-000,1,0.7645982503890991
evaluation-49539-non-000,0,0.0852200984954834
evaluation-4958-tar-000,1,0.7744507789611816
evaluation-4958-non-000,0,-0.06100931763648987
evaluation-4961-tar-000,1,0.7549262642860413
evaluation-4961-non-000,0,0.024730270728468895
evaluation-49677-tar-000,1,0.5789315700531006
evaluation-49677-non-000,0,0.011057139374315739
evaluation-49792-tar-000,1,0.7862110137939453
evaluation-49792-non-000,0,0.011699365451931953
evaluation-49808-tar-000,1,0.8694592714309692
evaluation-49808-non-000,0,-0.18642129004001617
evaluation-49872-tar-000,1,0.34480077028274536
evaluation-49872-non-000,0,-0.10611909627914429
evaluation-50056-tar-000,1,0.7468367218971252
evaluation-50056-non-000,0,-0.13340094685554504
evaluation-5008-tar-000,1,0.9049890041351318
evaluation-5008-non-000,0,-0.04285082221031189
evaluation-5010-tar-000,1,0.7331205606460571
evaluation-5010-non-000,0,-0.15415114164352417
evaluation-50138-tar-000,1,0.8297281265258789
evaluation-50138-non-000,0,0.14360281825065613
evaluation-5018-tar-000,1,0.7995977401733398
evaluation-5018-non-000,0,0.027564041316509247
evaluation-5021-tar-000,1,0.7789736986160278
evaluation-5021-non-000,0,0.02731974422931671
evaluation-5024-tar-000,1,0.8640773296356201
evaluation-5024-non-000,0,-0.1697363704442978
evaluation-50374-tar-000,1,0.7156904935836792
evaluation-50374-non-000,0,0.020808111876249313
evaluation-5042-tar-000,1,0.8615260124206543
evaluation-5042-non-000,0,-0.12622517347335815
evaluation-50440-tar-000,1,0.863120973110199
evaluation-50440-non-000,0,0.14020562171936035
evaluation-50490-tar-000,1,0.69065922498703
evaluation-50490-non-000,0,0.2153259813785553
evaluation-50591-tar-000,1,0.8659085035324097
evaluation-50591-non-000,0,0.12691296637058258
evaluation-50608-tar-000,1,0.8888552188873291
evaluation-50608-non-000,0,0.09431657195091248
evaluation-50613-tar-000,1,0.8771395087242126
evaluation-50613-non-000,0,0.20478855073451996
evaluation-50643-tar-000,1,0.8321695327758789
evaluation-50643-non-000,0,-0.10254102945327759
evaluation-50652-tar-000,1,0.6534155607223511
evaluation-50652-non-000,0,0.0231320820748806
evaluation-50676-tar-000,1,0.9183330535888672
evaluation-50676-non-000,0,0.017506957054138184
evaluation-50679-tar-000,1,0.8430337309837341
evaluation-50679-non-000,0,0.10444342344999313
evaluation-50723-tar-000,1,0.8725506663322449
evaluation-50723-non-000,0,-0.17764368653297424
evaluation-50786-tar-000,1,0.4911033809185028
evaluation-50786-non-000,0,-0.15962177515029907
evaluation-51050-tar-000,1,0.8118935823440552
evaluation-51050-non-000,0,0.06447874009609222
evaluation-51080-tar-000,1,0.8134537935256958
evaluation-51080-non-000,0,-0.026388326659798622
evaluation-51099-tar-000,1,0.8177279829978943
evaluation-51099-non-000,0,0.09569297730922699
evaluation-5135-tar-000,1,0.33653128147125244
evaluation-5135-non-000,0,0.1089743971824646
evaluation-51399-tar-000,1,0.8223287463188171
evaluation-51399-non-000,0,-0.022465446963906288
evaluation-51459-tar-000,1,0.7923862934112549
evaluation-51459-non-000,0,-0.07338989526033401
evaluation-5148-tar-000,1,0.905857264995575
evaluation-5148-non-000,0,0.0753253698348999
evaluation-5149-tar-000,1,0.693782389163971
evaluation-5149-non-000,0,0.05581079050898552
evaluation-51506-tar-000,1,0.7837815284729004
evaluation-51506-non-000,0,-0.012001467868685722
evaluation-51525-tar-000,1,0.9158604145050049
evaluation-51525-non-000,0,-0.05664877966046333
evaluation-5153-tar-000,1,0.8100239038467407
evaluation-5153-non-000,0,-0.03310385346412659
evaluation-51531-tar-000,1,0.7611044645309448
evaluation-51531-non-000,0,0.31864917278289795
evaluation-51544-tar-000,1,0.9309825897216797
evaluation-51544-non-000,0,-0.024834323674440384
evaluation-51624-tar-000,1,0.8781969547271729
evaluation-51624-non-000,0,-0.07108090817928314
evaluation-51629-tar-000,1,0.8262224793434143
evaluation-51629-non-000,0,0.06738072633743286
evaluation-5167-tar-000,1,0.7589559555053711
evaluation-5167-non-000,0,-0.058004528284072876
evaluation-5171-tar-000,1,0.7246028184890747
evaluation-5171-non-000,0,-0.07059874385595322
evaluation-51899-tar-000,1,0.6244481801986694
evaluation-51899-non-000,0,0.12644904851913452
evaluation-51940-tar-000,1,0.9018197655677795
evaluation-51940-non-000,0,0.18998152017593384
evaluation-51962-tar-000,1,0.8332937359809875
evaluation-51962-non-000,0,-0.22193656861782074
evaluation-5203-tar-000,1,0.8456079363822937
evaluation-5203-non-000,0,0.2198791801929474
evaluation-5215-tar-000,1,0.9280142784118652
evaluation-5215-non-000,0,0.15159429609775543
evaluation-52213-tar-000,1,0.42463672161102295
evaluation-52213-non-000,0,0.09076668322086334
evaluation-5225-tar-000,1,0.8329763412475586
evaluation-5225-non-000,0,-0.10399916768074036
evaluation-52371-tar-000,1,0.8942286968231201
evaluation-52371-non-000,0,0.3076515197753906
evaluation-52374-tar-000,1,0.7373702526092529
evaluation-52374-non-000,0,0.1864931583404541
evaluation-5246-tar-000,1,0.5509281754493713
evaluation-5246-non-000,0,-0.25189775228500366
evaluation-52486-tar-000,1,0.7394819259643555
evaluation-52486-non-000,0,0.22493137419223785
evaluation-5253-tar-000,1,0.9076119661331177
evaluation-5253-non-000,0,0.20652520656585693
evaluation-52530-tar-000,1,0.9347089529037476
evaluation-52530-non-000,0,-0.06901851296424866
evaluation-5256-tar-000,1,0.8220747113227844
evaluation-5256-non-000,0,0.12120265513658524
evaluation-5261-tar-000,1,0.771953821182251
evaluation-5261-non-000,0,-0.14439457654953003
evaluation-52651-tar-000,1,0.7987024784088135
evaluation-52651-non-000,0,-0.08153510093688965
evaluation-52709-tar-000,1,0.8715922832489014
evaluation-52709-non-000,0,0.10357756167650223
evaluation-5289-tar-000,1,0.7657564282417297
evaluation-5289-non-000,0,0.018605094403028488
evaluation-52912-tar-000,1,0.7784850597381592
evaluation-52912-non-000,0,-0.15785947442054749
evaluation-52929-tar-000,1,-0.11318284273147583
evaluation-52929-non-000,0,-0.15583017468452454
evaluation-5309-tar-000,1,0.8763209581375122
evaluation-5309-non-000,0,0.03743644803762436
evaluation-53170-tar-000,1,0.8615325689315796
evaluation-53170-non-000,0,-0.027640480548143387
evaluation-5322-tar-000,1,0.752423107624054
evaluation-5322-non-000,0,-0.019204596057534218
evaluation-5325-tar-000,1,0.3872855305671692
evaluation-5325-non-000,0,0.010892897844314575
evaluation-53266-tar-000,1,0.9117769002914429
evaluation-53266-non-000,0,0.16567952930927277
evaluation-53269-tar-000,1,0.7057658433914185
evaluation-53269-non-000,0,0.2068009078502655
evaluation-53272-tar-000,1,0.8911585807800293
evaluation-53272-non-000,0,-0.07909014075994492
evaluation-5334-tar-000,1,0.9041447639465332
evaluation-5334-non-000,0,-0.0027786046266555786
evaluation-53354-tar-000,1,0.890061616897583
evaluation-53354-non-000,0,0.008082104846835136
evaluation-5336-tar-000,1,0.9399582147598267
evaluation-5336-non-000,0,-0.16903023421764374
evaluation-5339-tar-000,1,0.7981168627738953
evaluation-5339-non-000,0,0.11173027753829956
evaluation-53390-tar-000,1,0.8824692368507385
evaluation-53390-non-000,0,0.03954029455780983
evaluation-53434-tar-000,1,0.8849210739135742
evaluation-53434-non-000,0,-0.08592990040779114
evaluation-53544-tar-000,1,0.5164400339126587
evaluation-53544-non-000,0,-0.21922829747200012
evaluation-53588-tar-000,1,0.8200016021728516
evaluation-53588-non-000,0,0.060756199061870575
evaluation-53755-tar-000,1,0.6562468409538269
evaluation-53755-non-000,0,-0.018226107582449913
evaluation-53972-tar-000,1,0.8631528615951538
evaluation-53972-non-000,0,0.2202327996492386
evaluation-5399-tar-000,1,0.8658303022384644
evaluation-5399-non-000,0,-0.11576619744300842
evaluation-54035-tar-000,1,0.43552064895629883
evaluation-54035-non-000,0,0.04592560976743698
evaluation-54085-tar-000,1,0.6108498573303223
evaluation-54085-non-000,0,-0.12769541144371033
evaluation-5413-tar-000,1,0.8004458546638489
evaluation-5413-non-000,0,0.06459411233663559
evaluation-54197-tar-000,1,0.6560413837432861
evaluation-54197-non-000,0,-0.3237607479095459
evaluation-54250-tar-000,1,0.9149144887924194
evaluation-54250-non-000,0,0.04415494576096535
evaluation-54261-tar-000,1,0.6667777299880981
evaluation-54261-non-000,0,-0.15189921855926514
evaluation-5437-tar-000,1,0.6326577663421631
evaluation-5437-non-000,0,0.3186023533344269
evaluation-54376-tar-000,1,0.2484145611524582
evaluation-54376-non-000,0,0.05467689782381058
evaluation-5438-tar-000,1,0.7174866795539856
evaluation-5438-non-000,0,0.022129803895950317
evaluation-54568-tar-000,1,0.5154435634613037
evaluation-54568-non-000,0,-0.12767386436462402
evaluation-54596-tar-000,1,0.9178648591041565
evaluation-54596-non-000,0,0.2666965126991272
evaluation-54637-tar-000,1,0.903418242931366
evaluation-54637-non-000,0,-0.04656105116009712
evaluation-54725-tar-000,1,0.48748427629470825
evaluation-54725-non-000,0,-0.19152238965034485
evaluation-5490-tar-000,1,0.10936444997787476
evaluation-5490-non-000,0,-0.0562610886991024
evaluation-55027-tar-000,1,0.8351708650588989
evaluation-55027-non-000,0,-0.11108322441577911
evaluation-55052-tar-000,1,0.5018951892852783
evaluation-55052-non-000,0,0.045412518084049225
evaluation-55225-tar-000,1,0.8231782913208008
evaluation-55225-non-000,0,0.09709610044956207
evaluation-5532-tar-000,1,0.7779310941696167
evaluation-5532-non-000,0,0.07325056195259094
evaluation-55354-tar-000,1,0.8319373726844788
evaluation-55354-non-000,0,-0.23318904638290405
evaluation-55362-tar-000,1,0.7816406488418579
evaluation-55362-non-000,0,-0.03920764476060867
evaluation-5542-tar-000,1,0.7401729822158813
evaluation-5542-non-000,0,-0.05680512636899948
evaluation-55488-tar-000,1,0.7149742245674133
evaluation-55488-non-000,0,-0.09395740181207657
evaluation-55656-tar-000,1,0.8113260269165039
evaluation-55656-non-000,0,0.18249371647834778
evaluation-55681-tar-000,1,0.7859344482421875
evaluation-55681-non-000,0,0.08142255246639252
evaluation-55807-tar-000,1,0.6422151327133179
evaluation-55807-non-000,0,0.15314015746116638
evaluation-55810-tar-000,1,0.8069861531257629
evaluation-55810-non-000,0,-0.030417490750551224
evaluation-55870-tar-000,1,0.9023935794830322
evaluation-55870-non-000,0,0.0910424143075943
evaluation-55928-tar-000,1,0.8379065990447998
evaluation-55928-non-000,0,0.012499075382947922
evaluation-5594-tar-000,1,0.41416770219802856
evaluation-5594-non-000,0,0.1564369946718216
evaluation-55953-tar-000,1,0.7988085746765137
evaluation-55953-non-000,0,0.05161546170711517
evaluation-55966-tar-000,1,0.9089433550834656
evaluation-55966-non-000,0,0.25687307119369507
evaluation-5599-tar-000,1,0.24323487281799316
evaluation-5599-non-000,0,0.11028161644935608
evaluation-56043-tar-000,1,0.6530089378356934
evaluation-56043-non-000,0,-0.03602512180805206
evaluation-5605-tar-000,1,0.9043646454811096
evaluation-5605-non-000,0,0.2515297532081604
evaluation-56073-tar-000,1,0.8167677521705627
evaluation-56073-non-000,0,0.13854451477527618
evaluation-56098-tar-000,1,0.8274267315864563
evaluation-56098-non-000,0,0.07512958347797394
evaluation-56112-tar-000,1,0.921181321144104
evaluation-56112-non-000,0,-0.09757585823535919
evaluation-56170-tar-000,1,0.8645366430282593
evaluation-56170-non-000,0,0.24787011742591858
evaluation-56181-tar-000,1,0.8218427896499634
evaluation-56181-non-000,0,0.04822680354118347
evaluation-56293-tar-000,1,0.829168438911438
evaluation-56293-non-000,0,0.41131526231765747
evaluation-5631-tar-000,1,0.6744149327278137
evaluation-5631-non-000,0,-0.03916425257921219
evaluation-5645-tar-000,1,0.8178266882896423
evaluation-5645-non-000,0,0.3927247226238251
evaluation-5648-tar-000,1,0.7651064395904541
evaluation-5648-non-000,0,0.17632099986076355
evaluation-5653-tar-000,1,0.20193348824977875
evaluation-5653-non-000,0,0.044007640331983566
evaluation-56568-tar-000,1,0.3496363162994385
evaluation-56568-non-000,0,0.07094599306583405
evaluation-5671-tar-000,1,0.6698547601699829
evaluation-5671-non-000,0,-0.12419980019330978
evaluation-56722-tar-000,1,0.8374440670013428
evaluation-56722-non-000,0,-0.14916950464248657
evaluation-56771-tar-000,1,0.8291119933128357
evaluation-56771-non-000,0,-0.032959386706352234
evaluation-56829-tar-000,1,0.6902849674224854
evaluation-56829-non-000,0,-0.02182229794561863
evaluation-56853-tar-000,1,0.7491830587387085
evaluation-56853-non-000,0,0.0439395010471344
evaluation-56939-tar-000,1,0.34374842047691345
evaluation-56939-non-000,0,0.09729897975921631
evaluation-5706-tar-000,1,0.8320334553718567
evaluation-5706-non-000,0,-0.32061484456062317
evaluation-57103-tar-000,1,0.4853751063346863
evaluation-57103-non-000,0,-0.12125299870967865
evaluation-57208-tar-000,1,0.4802008271217346
evaluation-57208-non-000,0,-0.06988045573234558
evaluation-57246-tar-000,1,0.6195511817932129
evaluation-57246-non-000,0,0.023099517449736595
evaluation-57263-tar-000,1,0.5415390133857727
evaluation-57263-non-000,0,-0.05582746863365173
evaluation-5734-tar-000,1,0.572968065738678
evaluation-5734-non-000,0,0.07798308879137039
evaluation-57364-tar-000,1,0.802731990814209
evaluation-57364-non-000,0,-0.13915346562862396
evaluation-57384-tar-000,1,0.7598073482513428
evaluation-57384-non-000,0,-0.1501847505569458
evaluation-57413-tar-000,1,0.7885897159576416
evaluation-57413-non-000,0,0.01189359836280346
evaluation-5745-tar-000,1,0.8857150673866272
evaluation-5745-non-000,0,-0.07865855097770691
evaluation-57502-tar-000,1,0.8791894912719727
evaluation-57502-non-000,0,0.05170087888836861
evaluation-57587-tar-000,1,0.883012056350708
evaluation-57587-non-000,0,0.09420658648014069
evaluation-5763-tar-000,1,0.3579704761505127
evaluation-5763-non-000,0,-0.16141189634799957
evaluation-57661-tar-000,1,0.853745698928833
evaluation-57661-non-000,0,0.06068098545074463
evaluation-57710-tar-000,1,0.5728354454040527
evaluation-57710-non-000,0,-0.0031715799123048782
evaluation-57719-tar-000,1,0.9202032089233398
evaluation-57719-non-000,0,-0.24571260809898376
evaluation-5773-tar-000,1,0.8518726825714111
evaluation-5773-non-000,0,0.03044736757874489
evaluation-57944-tar-000,1,0.9451093673706055
evaluation-57944-non-000,0,0.22002598643302917
evaluation-57980-tar-000,1,0.7767472267150879
evaluation-57980-non-000,0,0.06749248504638672
evaluation-58059-tar-000,1,0.8002366423606873
evaluation-58059-non-000,0,-0.030959036201238632
evaluation-58067-tar-000,1,0.9059194922447205
evaluation-58067-non-000,0,0.08306439220905304
evaluation-58081-tar-000,1,0.7575922608375549
evaluation-58081-non-000,0,0.015267353504896164
evaluation-58087-tar-000,1,0.6868317127227783
evaluation-58087-non-000,0,0.26705402135849
evaluation-58098-tar-000,1,0.46723559498786926
evaluation-58098-non-000,0,-0.013935979455709457
evaluation-5814-tar-000,1,0.881432294845581
evaluation-5814-non-000,0,-0.24251337349414825
evaluation-58144-tar-000,1,0.8382183313369751
evaluation-58144-non-000,0,0.20515106618404388
evaluation-5832-tar-000,1,0.40712812542915344
evaluation-5832-non-000,0,0.052842095494270325
evaluation-5836-tar-000,1,0.773522138595581
evaluation-5836-non-000,0,-0.30870991945266724
evaluation-5841-tar-000,1,0.840512216091156
evaluation-5841-non-000,0,0.045093923807144165
evaluation-58430-tar-000,1,0.7807531356811523
evaluation-58430-non-000,0,-0.09989777952432632
evaluation-58587-tar-000,1,0.8970599174499512
evaluation-58587-non-000,0,0.22410398721694946
evaluation-5861-tar-000,1,0.855141282081604
evaluation-5861-non-000,0,-0.01428968459367752
evaluation-5868-tar-000,1,0.8696783185005188
evaluation-5868-non-000,0,0.16988609731197357
evaluation-58694-tar-000,1,0.7701420783996582
evaluation-58694-non-000,0,0.04115261137485504
evaluation-58724-tar-000,1,0.7797380685806274
evaluation-58724-non-000,0,-0.2313903272151947
evaluation-58771-tar-000,1,0.13696664571762085
evaluation-58771-non-000,0,-0.002563226968050003
evaluation-5884-tar-000,1,0.708709716796875
evaluation-5884-non-000,0,0.007019449025392532
evaluation-58968-tar-000,1,0.8636557459831238
evaluation-58968-non-000,0,0.16103748977184296
evaluation-5900-tar-000,1,0.7213963866233826
evaluation-5900-non-000,0,-0.007514450699090958
evaluation-59029-tar-000,1,0.8702613115310669
evaluation-59029-non-000,0,-0.023970946669578552
evaluation-59235-tar-000,1,0.9431995153427124
evaluation-59235-non-000,0,0.03423945605754852
evaluation-59284-tar-000,1,0.8411886096000671
evaluation-59284-non-000,0,0.047434139996767044
evaluation-59443-tar-000,1,0.407496839761734
evaluation-59443-non-000,0,0.18736472725868225
evaluation-5946-tar-000,1,0.8285564184188843
evaluation-5946-non-000,0,0.09625978767871857
evaluation-5949-tar-000,1,0.8374266028404236
evaluation-5949-non-000,0,0.11729693412780762
evaluation-59496-tar-000,1,0.8938429951667786
evaluation-59496-non-000,0,0.13043665885925293
evaluation-59564-tar-000,1,0.840215802192688
evaluation-59564-non-000,0,0.026550857350230217
evaluation-59663-tar-000,1,0.7627133131027222
evaluation-59663-non-000,0,-0.21372033655643463
evaluation-59779-tar-000,1,0.7420990467071533
evaluation-59779-non-000,0,-0.059610456228256226
evaluation-59820-tar-000,1,0.8879728317260742
evaluation-59820-non-000,0,0.05681378394365311
evaluation-59963-tar-000,1,0.6109341382980347
evaluation-59963-non-000,0,-0.02346971072256565
evaluation-59971-tar-000,1,0.7322173118591309
evaluation-59971-non-000,0,0.14683473110198975
evaluation-6006-tar-000,1,0.7731646299362183
evaluation-6006-non-000,0,-0.1873999387025833
evaluation-6010-tar-000,1,0.8694820404052734
evaluation-6010-non-000,0,-0.08332855254411697
evaluation-60240-tar-000,1,0.8167780637741089
evaluation-60240-non-000,0,-0.27792689204216003
evaluation-60627-tar-000,1,0.7680012583732605
evaluation-60627-non-000,0,-0.07138326019048691
evaluation-60646-tar-000,1,0.8155405521392822
evaluation-60646-non-000,0,0.08957579731941223
evaluation-60699-tar-000,1,0.8753418326377869
evaluation-60699-non-000,0,5.014333873987198e-05
evaluation-60748-tar-000,1,0.7719408273696899
evaluation-60748-non-000,0,0.05319797620177269
evaluation-60803-tar-000,1,0.8900043964385986
evaluation-60803-non-000,0,0.050273533910512924
evaluation-6081-tar-000,1,0.8437017202377319
evaluation-6081-non-000,0,0.18957678973674774
evaluation-6086-tar-000,1,0.7901158332824707
evaluation-6086-non-000,0,0.2881786823272705
evaluation-6089-tar-000,1,0.2284461110830307
evaluation-6089-non-000,0,-0.2559458315372467
evaluation-6097-tar-000,1,0.49874401092529297
evaluation-6097-non-000,0,-0.0792824923992157
evaluation-61015-tar-000,1,0.9055426120758057
evaluation-61015-non-000,0,-0.004250712692737579
evaluation-61078-tar-000,1,0.8323080539703369
evaluation-61078-non-000,0,0.06618538498878479
evaluation-6108-tar-000,1,0.9257407188415527
evaluation-6108-non-000,0,0.09206943213939667
evaluation-61119-tar-000,1,0.8283053636550903
evaluation-61119-non-000,0,0.09780491143465042
evaluation-61122-tar-000,1,0.8635094165802002
evaluation-61122-non-000,0,0.05606107786297798
evaluation-61133-tar-000,1,0.8155550360679626
evaluation-61133-non-000,0,0.27556848526000977
evaluation-61174-tar-000,1,0.776870608329773
evaluation-61174-non-000,0,0.061032406985759735
evaluation-61207-tar-000,1,0.8457223176956177
evaluation-61207-non-000,0,0.08104939758777618
evaluation-61292-tar-000,1,0.19963127374649048
evaluation-61292-non-000,0,-0.08583932369947433
evaluation-61410-tar-000,1,0.8968440294265747
evaluation-61410-non-000,0,0.17163005471229553
evaluation-61421-tar-000,1,0.85869300365448
evaluation-61421-non-000,0,0.29466694593429565
evaluation-6163-tar-000,1,0.5910871624946594
evaluation-6163-non-000,0,0.07296214997768402
evaluation-61663-tar-000,1,0.655925452709198
evaluation-61663-non-000,0,0.17962555587291718
evaluation-61712-tar-000,1,0.289020836353302
evaluation-61712-non-000,0,0.2184615284204483
evaluation-61775-tar-000,1,0.6969641447067261
evaluation-61775-non-000,0,-0.06399399042129517
evaluation-61800-tar-000,1,0.6981096267700195
evaluation-61800-non-000,0,0.11990877985954285
evaluation-6186-tar-000,1,0.5389833450317383
evaluation-6186-non-000,0,-0.02966514229774475
evaluation-6194-tar-000,1,0.32858702540397644
evaluation-6194-non-000,0,0.013635063543915749
evaluation-61979-tar-000,1,0.7709150910377502
evaluation-61979-non-000,0,-0.10334070026874542
evaluation-62012-tar-000,1,0.9512694478034973
evaluation-62012-non-000,0,0.17715661227703094
evaluation-6202-tar-000,1,0.6106075048446655
evaluation-6202-non-000,0,0.09494105726480484
evaluation-62066-tar-000,1,0.3790057599544525
evaluation-62066-non-000,0,-0.23384378850460052
evaluation-62086-tar-000,1,0.796758234500885
evaluation-62086-non-000,0,0.25800710916519165
evaluation-6209-tar-000,1,0.6211760640144348
evaluation-6209-non-000,0,-0.029450558125972748
evaluation-62138-tar-000,1,0.8719425201416016
evaluation-62138-non-000,0,-0.13706906139850616
evaluation-62179-tar-000,1,0.764349102973938
evaluation-62179-non-000,0,-0.07910121977329254
evaluation-62223-tar-000,1,0.9284668564796448
evaluation-62223-non-000,0,0.14876022934913635
evaluation-62292-tar-000,1,0.5000964403152466
evaluation-62292-non-000,0,-0.12512803077697754
evaluation-6231-tar-000,1,0.02099303901195526
evaluation-6231-non-000,0,-0.10635956376791
evaluation-62325-tar-000,1,0.49479812383651733
evaluation-62325-non-000,0,0.24213097989559174
evaluation-62404-tar-000,1,0.6742053031921387
evaluation-62404-non-000,0,-0.017090510576963425
evaluation-6246-tar-000,1,0.8080424070358276
evaluation-6246-non-000,0,-0.031564854085445404
evaluation-62544-tar-000,1,0.4037826657295227
evaluation-62544-non-000,0,-0.11692260205745697
evaluation-6257-tar-000,1,0.8292988538742065
evaluation-6257-non-000,0,-0.014681689441204071
evaluation-62572-tar-000,1,0.9208567142486572
evaluation-62572-non-000,0,0.06876517087221146
evaluation-62660-tar-000,1,0.7852189540863037
evaluation-62660-non-000,0,0.06637708842754364
evaluation-62748-tar-000,1,0.5699892044067383
evaluation-62748-non-000,0,-0.0680345818400383
evaluation-6287-tar-000,1,0.5520854592323303
evaluation-6287-non-000,0,-0.04753773659467697
evaluation-6292-tar-000,1,0.5928677320480347
evaluation-6292-non-000,0,-0.0264905896037817
evaluation-6296-tar-000,1,-0.12085805833339691
evaluation-6296-non-000,0,0.12102891504764557
evaluation-63077-tar-000,1,0.7910687923431396
evaluation-63077-non-000,0,0.033437393605709076
evaluation-6310-tar-000,1,0.7539825439453125
evaluation-6310-non-000,0,0.19077979028224945
evaluation-63132-tar-000,1,0.7744548916816711
evaluation-63132-non-000,0,-0.06521454453468323
evaluation-63138-tar-000,1,0.7362083196640015
evaluation-63138-non-000,0,-0.18664999306201935
evaluation-63415-tar-000,1,0.727867066860199
evaluation-63415-non-000,0,-0.24247343838214874
evaluation-63478-tar-000,1,0.6932291984558105
evaluation-63478-non-000,0,0.11628463119268417
evaluation-63536-tar-000,1,0.8497445583343506
evaluation-63536-non-000,0,0.18649818003177643
evaluation-6358-tar-000,1,0.8662676215171814
evaluation-6358-non-000,0,0.00033600442111492157
evaluation-6359-tar-000,1,0.9131187200546265
evaluation-6359-non-000,0,0.006220337003469467
evaluation-63627-tar-000,1,0.3377523124217987
evaluation-63627-non-000,0,0.6289972066879272
evaluation-63629-tar-000,1,0.7269147634506226
evaluation-63629-non-000,0,0.01404811441898346
evaluation-63714-tar-000,1,0.8937749862670898
evaluation-63714-non-000,0,-0.08676618337631226
evaluation-63739-tar-000,1,0.736191987991333
evaluation-63739-non-000,0,0.20509293675422668
evaluation-63805-tar-000,1,0.9141969084739685
evaluation-63805-non-000,0,0.0718153789639473
evaluation-63838-tar-000,1,0.8657569885253906
evaluation-63838-non-000,0,0.06815485656261444
evaluation-63852-tar-000,1,0.8453437089920044
evaluation-63852-non-000,0,-0.07901528477668762
evaluation-63984-tar-000,1,0.6677399277687073
evaluation-63984-non-000,0,-0.06178230419754982
evaluation-6401-tar-000,1,0.8916391134262085
evaluation-6401-non-000,0,0.19587525725364685
evaluation-64082-tar-000,1,0.8856123685836792
evaluation-64082-non-000,0,0.04032660275697708
evaluation-6410-tar-000,1,0.6721954345703125
evaluation-6410-non-000,0,-0.039614949375391006
evaluation-64291-tar-000,1,0.6233916282653809
evaluation-64291-non-000,0,-0.00934443436563015
evaluation-64354-tar-000,1,0.787832498550415
evaluation-64354-non-000,0,0.1234612911939621
evaluation-64431-tar-000,1,0.8893840909004211
evaluation-64431-non-000,0,0.02741221897304058
evaluation-64456-tar-000,1,0.7180913686752319
evaluation-64456-non-000,0,-0.08734376728534698
evaluation-64489-tar-000,1,0.7883052825927734
evaluation-64489-non-000,0,-0.0408153273165226
evaluation-64494-tar-000,1,0.8224458694458008
evaluation-64494-non-000,0,0.14073218405246735
evaluation-64541-tar-000,1,0.48630356788635254
evaluation-64541-non-000,0,0.06971856951713562
evaluation-64593-tar-000,1,0.4085162878036499
evaluation-64593-non-000,0,-0.13417565822601318
evaluation-64626-tar-000,1,0.8146127462387085
evaluation-64626-non-000,0,0.1511218547821045
evaluation-64747-tar-000,1,0.875441312789917
evaluation-64747-non-000,0,0.03405279666185379
evaluation-6478-tar-000,1,0.756973385810852
evaluation-6478-non-000,0,0.13889102637767792
evaluation-6494-tar-000,1,0.32335853576660156
evaluation-6494-non-000,0,-0.0180265624076128
evaluation-64961-tar-000,1,0.9145207405090332
evaluation-64961-non-000,0,-0.05457537993788719
evaluation-64967-tar-000,1,0.6968345046043396
evaluation-64967-non-000,0,-0.2724062204360962
evaluation-65079-tar-000,1,0.8699744343757629
evaluation-65079-non-000,0,0.07745290547609329
evaluation-65159-tar-000,1,0.8253748416900635
evaluation-65159-non-000,0,-0.271406888961792
evaluation-6527-tar-000,1,0.8471380472183228
evaluation-6527-non-000,0,-0.142661452293396
evaluation-65368-tar-000,1,0.8176248669624329
evaluation-65368-non-000,0,-0.011032585054636002
evaluation-65404-tar-000,1,0.7716344594955444
evaluation-65404-non-000,0,-0.21070969104766846
evaluation-65423-tar-000,1,0.9079070091247559
evaluation-65423-non-000,0,-0.08339996635913849
evaluation-65511-tar-000,1,0.8043065667152405
evaluation-65511-non-000,0,-0.03396164998412132
evaluation-65513-tar-000,1,0.6586117744445801
evaluation-65513-non-000,0,0.07857275009155273
evaluation-6552-tar-000,1,0.8975993990898132
evaluation-6552-non-000,0,-0.06512187421321869
evaluation-65538-tar-000,1,0.8029179573059082
evaluation-65538-non-000,0,0.23928628861904144
evaluation-65541-tar-000,1,0.9296966791152954
evaluation-65541-non-000,0,-0.08609627187252045
evaluation-65761-tar-000,1,0.758529782295227
evaluation-65761-non-000,0,-0.0814652070403099
evaluation-65807-tar-000,1,0.8452757596969604
evaluation-65807-non-000,0,-0.15492235124111176
evaluation-65868-tar-000,1,0.46069544553756714
evaluation-65868-non-000,0,-0.06611928343772888
evaluation-65945-tar-000,1,0.6966831684112549
evaluation-65945-non-000,0,0.19072672724723816
evaluation-6595-tar-000,1,0.8624470233917236
evaluation-6595-non-000,0,0.05707084387540817
evaluation-65986-tar-000,1,0.6926813125610352
evaluation-65986-non-000,0,0.2081294059753418
evaluation-66002-tar-000,1,0.8860163688659668
evaluation-66002-non-000,0,0.027280768379569054
evaluation-66030-tar-000,1,0.9195612668991089
evaluation-66030-non-000,0,0.04275619238615036
evaluation-66230-tar-000,1,0.6322837471961975
evaluation-66230-non-000,0,-0.16994863748550415
evaluation-6625-tar-000,1,0.41680529713630676
evaluation-6625-non-000,0,0.1483861804008484
evaluation-6634-tar-000,1,0.79637610912323
evaluation-6634-non-000,0,0.19706757366657257
evaluation-66436-tar-000,1,0.9173519611358643
evaluation-66436-non-000,0,-0.09086626768112183
evaluation-66466-tar-000,1,0.4747242331504822
evaluation-66466-non-000,0,-0.017280440777540207
evaluation-66508-tar-000,1,0.8866595029830933
evaluation-66508-non-000,0,-0.15278518199920654
evaluation-6661-tar-000,1,0.5878121852874756
evaluation-6661-non-000,0,0.0795443058013916
evaluation-66749-tar-000,1,0.7944741249084473
evaluation-66749-non-000,0,-0.03192951902747154
evaluation-66782-tar-000,1,0.779741108417511
evaluation-66782-non-000,0,0.05102156475186348
evaluation-6682-tar-000,1,0.8321223258972168
evaluation-6682-non-000,0,0.11847767233848572
evaluation-66944-tar-000,1,0.6371726989746094
evaluation-66944-non-000,0,0.11441804468631744
evaluation-67057-tar-000,1,0.9203248023986816
evaluation-67057-non-000,0,0.01207239180803299
evaluation-67087-tar-000,1,0.9121928215026855
evaluation-67087-non-000,0,-0.10709784924983978
evaluation-67137-tar-000,1,0.7841634750366211
evaluation-67137-non-000,0,-0.046774961054325104
evaluation-67288-tar-000,1,0.676649808883667
evaluation-67288-non-000,0,-0.15262214839458466
evaluation-6731-tar-000,1,0.8608841300010681
evaluation-6731-non-000,0,-0.062328897416591644
evaluation-67370-tar-000,1,0.7303571701049805
evaluation-67370-non-000,0,-0.09165263921022415
evaluation-67488-tar-000,1,0.8161457180976868
evaluation-67488-non-000,0,0.3452194333076477
evaluation-6749-tar-000,1,0.763548731803894
evaluation-6749-non-000,0,-0.2026800811290741
evaluation-67521-tar-000,1,0.518134355545044
evaluation-67521-non-000,0,0.20162993669509888
evaluation-67529-tar-000,1,0.46669065952301025
evaluation-67529-non-000,0,0.16221527755260468
evaluation-67538-tar-000,1,0.883387565612793
evaluation-67538-non-000,0,-0.022331923246383667
evaluation-67686-tar-000,1,0.8186894059181213
evaluation-67686-non-000,0,0.057507842779159546
evaluation-67697-tar-000,1,0.8961816430091858
evaluation-67697-non-000,0,0.11351943016052246
evaluation-67859-tar-000,1,0.8661264181137085
evaluation-67859-non-000,0,-0.002009876072406769
evaluation-6789-tar-000,1,0.8558465242385864
evaluation-6789-non-000,0,-0.06474125385284424
evaluation-67991-tar-000,1,0.403999924659729
evaluation-67991-non-000,0,-0.18779349327087402
evaluation-68068-tar-000,1,0.739001989364624
evaluation-68068-non-000,0,0.09616269916296005
evaluation-68131-tar-000,1,0.8620955944061279
evaluation-68131-non-000,0,0.09931236505508423
evaluation-6818-tar-000,1,0.6984120607376099
evaluation-6818-non-000,0,0.08806318789720535
evaluation-68227-tar-000,1,0.5739544630050659
evaluation-68227-non-000,0,-0.049719564616680145
evaluation-68268-tar-000,1,0.8199246525764465
evaluation-68268-non-000,0,0.14912568032741547
evaluation-68334-tar-000,1,0.7571532726287842
evaluation-68334-non-000,0,-0.04173295572400093
evaluation-68378-tar-000,1,0.8476009368896484
evaluation-68378-non-000,0,0.06228908896446228
evaluation-68430-tar-000,1,0.7927408218383789
evaluation-68430-non-000,0,0.14292453229427338
evaluation-68785-tar-000,1,0.4679129421710968
evaluation-68785-non-000,0,-0.04013686254620552
evaluation-68886-tar-000,1,0.7624073624610901
evaluation-68886-non-000,0,-0.18196403980255127
evaluation-68908-tar-000,1,0.2214103639125824
evaluation-68908-non-000,0,-0.02298993617296219
evaluation-6898-tar-000,1,0.8611413836479187
evaluation-6898-non-000,0,-0.13585171103477478
evaluation-69035-tar-000,1,0.8530477285385132
evaluation-69035-non-000,0,0.10335014760494232
evaluation-69087-tar-000,1,0.8926734924316406
evaluation-69087-non-000,0,-0.062118951231241226
evaluation-69155-tar-000,1,0.8366045355796814
evaluation-69155-non-000,0,0.3082154393196106
evaluation-69166-tar-000,1,0.8842563629150391
evaluation-69166-non-000,0,-0.03959345072507858
evaluation-69169-tar-000,1,0.5378150343894958
evaluation-69169-non-000,0,0.024656087160110474
evaluation-69235-tar-000,1,0.7774214148521423
evaluation-69235-non-000,0,-0.0924002006649971
evaluation-69279-tar-000,1,0.609512209892273
evaluation-69279-non-000,0,0.053971052169799805
evaluation-69315-tar-000,1,0.4424372613430023
evaluation-69315-non-000,0,-0.22444908320903778
evaluation-6932-tar-000,1,0.4017145037651062
evaluation-6932-non-000,0,-0.05842237174510956
evaluation-69361-tar-000,1,0.7868051528930664
evaluation-69361-non-000,0,0.017453491687774658
evaluation-69425-tar-000,1,0.6769113540649414
evaluation-69425-non-000,0,0.02794565074145794
evaluation-69526-tar-000,1,0.8401370048522949
evaluation-69526-non-000,0,0.05983084440231323
evaluation-69529-tar-000,1,0.7970216870307922
evaluation-69529-non-000,0,0.017081841826438904
evaluation-6957-tar-000,1,0.7548947930335999
evaluation-6957-non-000,0,-0.14170780777931213
evaluation-69573-tar-000,1,0.4686734080314636
evaluation-69573-non-000,0,-0.11862911283969879
evaluation-69617-tar-000,1,0.894883394241333
evaluation-69617-non-000,0,-0.0886513814330101
evaluation-69672-tar-000,1,0.5614075660705566
evaluation-69672-non-000,0,-0.2117668092250824
evaluation-69724-tar-000,1,0.5358508229255676
evaluation-69724-non-000,0,-0.17848342657089233
evaluation-69848-tar-000,1,0.8262052536010742
evaluation-69848-non-000,0,0.15887999534606934
evaluation-69927-tar-000,1,0.5330916047096252
evaluation-69927-non-000,0,0.0023570023477077484
evaluation-6993-tar-000,1,0.8583155870437622
evaluation-6993-non-000,0,0.09201227128505707
evaluation-6994-tar-000,1,0.6371837854385376
evaluation-6994-non-000,0,-0.24409182369709015
evaluation-7006-tar-000,1,0.6205788850784302
evaluation-7006-non-000,0,-0.09004254639148712
evaluation-70130-tar-000,1,0.7176017761230469
evaluation-70130-non-000,0,0.16165471076965332
evaluation-70169-tar-000,1,0.8080592155456543
evaluation-70169-non-000,0,-0.06673993915319443
evaluation-70191-tar-000,1,0.9171034693717957
evaluation-70191-non-000,0,-0.03609844669699669
evaluation-7029-tar-000,1,0.45850056409835815
evaluation-7029-non-000,0,0.058219827711582184
evaluation-70290-tar-000,1,0.921035647392273
evaluation-70290-non-000,0,0.017979618161916733
evaluation-70320-tar-000,1,0.744170606136322
evaluation-70320-non-000,0,-0.07897201180458069
evaluation-70347-tar-000,1,0.7356066703796387
evaluation-70347-non-000,0,0.2721167802810669
evaluation-7036-tar-000,1,0.6805515289306641
evaluation-7036-non-000,0,0.10952388495206833
evaluation-70501-tar-000,1,0.8011701107025146
evaluation-70501-non-000,0,-0.21216794848442078
evaluation-7055-tar-000,1,0.582970917224884
evaluation-7055-non-000,0,0.1492651104927063
evaluation-70592-tar-000,1,0.8762866854667664
evaluation-70592-non-000,0,0.03804904595017433
evaluation-70641-tar-000,1,0.6873191595077515
evaluation-70641-non-000,0,-0.1403077095746994
evaluation-70671-tar-000,1,0.580018937587738
evaluation-70671-non-000,0,0.12433283030986786
evaluation-7077-tar-000,1,0.776012659072876
evaluation-7077-non-000,0,0.22372211515903473
evaluation-7078-tar-000,1,0.7637172937393188
evaluation-7078-non-000,0,0.02065204828977585
evaluation-70781-tar-000,1,0.5119422674179077
evaluation-70781-non-000,0,0.4634948670864105
evaluation-70801-tar-000,1,0.9214738607406616
evaluation-70801-non-000,0,-0.1924339234828949
evaluation-7092-tar-000,1,0.7966234683990479
evaluation-7092-non-000,0,-0.03505345433950424
evaluation-70952-tar-000,1,0.7755571603775024
evaluation-70952-non-000,0,0.08937573432922363
evaluation-71001-tar-000,1,0.881507396697998
evaluation-71001-non-000,0,0.054143890738487244
evaluation-71015-tar-000,1,0.8351523876190186
evaluation-71015-non-000,0,0.18989795446395874
evaluation-71042-tar-000,1,0.5803292989730835
evaluation-71042-non-000,0,0.164647176861763
evaluation-7108-tar-000,1,0.43654006719589233
evaluation-7108-non-000,0,0.27390214800834656
evaluation-7123-tar-000,1,0.6571277379989624
evaluation-7123-non-000,0,0.0383145734667778
evaluation-71300-tar-000,1,0.700447142124176
evaluation-71300-non-000,0,0.02041778713464737
evaluation-7131-tar-000,1,0.5309962034225464
evaluation-7131-non-000,0,-0.1965600699186325
evaluation-7140-tar-000,1,0.7241723537445068
evaluation-7140-non-000,0,0.00237247534096241
evaluation-71402-tar-000,1,0.8601466417312622
evaluation-71402-non-000,0,0.16380909085273743
evaluation-71441-tar-000,1,0.8968374133110046
evaluation-71441-non-000,0,-0.09436406940221786
evaluation-71457-tar-000,1,0.7883609533309937
evaluation-71457-non-000,0,-0.01003785990178585
evaluation-7149-tar-000,1,0.8288215398788452
evaluation-7149-non-000,0,-0.14069460332393646
evaluation-71528-tar-000,1,0.5704150199890137
evaluation-71528-non-000,0,0.09660771489143372
evaluation-71594-tar-000,1,0.8374593257904053
evaluation-71594-non-000,0,0.08096863329410553
evaluation-7174-tar-000,1,0.924607515335083
evaluation-7174-non-000,0,-0.14980164170265198
evaluation-7177-tar-000,1,0.6783161163330078
evaluation-7177-non-000,0,-0.05913084000349045
evaluation-71798-tar-000,1,0.8992655873298645
evaluation-71798-non-000,0,0.3350987434387207
evaluation-71839-tar-000,1,0.6646509766578674
evaluation-71839-non-000,0,0.09037729352712631
evaluation-71924-tar-000,1,0.6848084926605225
evaluation-71924-non-000,0,-0.0760185644030571
evaluation-72009-tar-000,1,0.7964203357696533
evaluation-72009-non-000,0,0.02209315448999405
evaluation-72017-tar-000,1,0.8180258870124817
evaluation-72017-non-000,0,-0.048329830169677734
evaluation-72078-tar-000,1,0.9103071093559265
evaluation-72078-non-000,0,-0.10983988642692566
evaluation-7211-tar-000,1,0.697318434715271
evaluation-7211-non-000,0,-0.17673495411872864
evaluation-7214-tar-000,1,0.6340848207473755
evaluation-7214-non-000,0,-0.06683680415153503
evaluation-72182-tar-000,1,0.4622390568256378
evaluation-72182-non-000,0,-0.1519327610731125
evaluation-72221-tar-000,1,0.8883689641952515
evaluation-72221-non-000,0,0.14450256526470184
evaluation-7225-tar-000,1,0.5955560207366943
evaluation-7225-non-000,0,0.0905255377292633
evaluation-72267-tar-000,1,0.9294699430465698
evaluation-72267-non-000,0,-0.12702707946300507
evaluation-7228-tar-000,1,0.8257853984832764
evaluation-7228-non-000,0,0.018640629947185516
evaluation-72328-tar-000,1,0.8924479484558105
evaluation-72328-non-000,0,0.15072110295295715
evaluation-72355-tar-000,1,0.8438025712966919
evaluation-72355-non-000,0,0.12789973616600037
evaluation-72531-tar-000,1,0.7324975728988647
evaluation-72531-non-000,0,0.029638879001140594
evaluation-7259-tar-000,1,0.7760410904884338
evaluation-7259-non-000,0,-0.005924515426158905
evaluation-72646-tar-000,1,0.9440943598747253
evaluation-72646-non-000,0,-0.15952032804489136
evaluation-72685-tar-000,1,0.8199436068534851
evaluation-72685-non-000,0,-0.11996868252754211
evaluation-72718-tar-000,1,0.8318029642105103
evaluation-72718-non-000,0,-0.0571056604385376
evaluation-72731-tar-000,1,0.646729588508606
evaluation-72731-non-000,0,-0.03109779953956604
evaluation-72800-tar-000,1,0.7463321685791016
evaluation-72800-non-000,0,-0.04961299151182175
evaluation-7285-tar-000,1,0.8024107217788696
evaluation-7285-non-000,0,0.2173624038696289
evaluation-7290-tar-000,1,0.8533703088760376
evaluation-7290-non-000,0,-0.38236507773399353
evaluation-7302-tar-000,1,0.8280888199806213
evaluation-7302-non-000,0,0.04454714432358742
evaluation-73086-tar-000,1,0.8965135812759399
evaluation-73086-non-000,0,-0.09260542690753937
evaluation-7314-tar-000,1,0.6274522542953491
evaluation-7314-non-000,0,-0.10960961133241653
evaluation-73366-tar-000,1,0.8945952653884888
evaluation-73366-non-000,0,-0.017953338101506233
evaluation-73396-tar-000,1,0.8776485919952393
evaluation-73396-non-000,0,-0.15534546971321106
evaluation-7343-tar-000,1,0.8135946989059448
evaluation-7343-non-000,0,0.1459229439496994
evaluation-73465-tar-000,1,0.8840156197547913
evaluation-73465-non-000,0,0.23508962988853455
evaluation-7350-tar-000,1,0.8471899628639221
evaluation-7350-non-000,0,-0.3072453737258911
evaluation-7353-tar-000,1,0.8981701731681824
evaluation-7353-non-000,0,-0.1803002953529358
evaluation-7354-tar-000,1,0.8274074792861938
evaluation-7354-non-000,0,-0.005456800572574139
evaluation-73660-tar-000,1,0.9011865854263306
evaluation-73660-non-000,0,0.442412406206131
evaluation-73814-tar-000,1,0.8439189195632935
evaluation-73814-non-000,0,0.04487656429409981
evaluation-73858-tar-000,1,0.49329879879951477
evaluation-73858-non-000,0,0.10513044893741608
evaluation-73923-tar-000,1,0.6096809506416321
evaluation-73923-non-000,0,-0.07862330973148346
evaluation-73995-tar-000,1,0.8655197620391846
evaluation-73995-non-000,0,0.13052351772785187
evaluation-74014-tar-000,1,0.7419724464416504
evaluation-74014-non-000,0,-0.06625653058290482
evaluation-74028-tar-000,1,0.7702250480651855
evaluation-74028-non-000,0,0.10706672072410583
evaluation-74033-tar-000,1,0.8716905117034912
evaluation-74033-non-000,0,-0.1433173269033432
evaluation-7406-tar-000,1,0.7671430110931396
evaluation-7406-non-000,0,0.12258565425872803
evaluation-7408-tar-000,1,0.658103346824646
evaluation-7408-non-000,0,0.14833980798721313
evaluation-74110-tar-000,1,0.7546133995056152
evaluation-74110-non-000,0,-0.041279975324869156
evaluation-74179-tar-000,1,0.8774183988571167
evaluation-74179-non-000,0,0.30029481649398804
evaluation-74195-tar-000,1,0.7589932680130005
evaluation-74195-non-000,0,-0.26026156544685364
evaluation-74234-tar-000,1,0.7836753129959106
evaluation-74234-non-000,0,-0.15411171317100525
evaluation-74250-tar-000,1,0.7697715759277344
evaluation-74250-non-000,0,0.08233919739723206
evaluation-7428-tar-000,1,0.851184606552124
evaluation-7428-non-000,0,-0.03761883080005646
evaluation-74324-tar-000,1,0.6595698595046997
evaluation-74324-non-000,0,-0.04070106893777847
evaluation-74335-tar-000,1,0.38014084100723267
evaluation-74335-non-000,0,0.18705077469348907
evaluation-74357-tar-000,1,0.8890643119812012
evaluation-74357-non-000,0,0.00400159228593111
evaluation-7438-tar-000,1,0.9261783361434937
evaluation-7438-non-000,0,0.19443994760513306
evaluation-74388-tar-000,1,0.735718846321106
evaluation-74388-non-000,0,-0.15282119810581207
evaluation-74481-tar-000,1,0.5624098181724548
evaluation-74481-non-000,0,0.22882533073425293
evaluation-74599-tar-000,1,0.7806915044784546
evaluation-74599-non-000,0,0.13086119294166565
evaluation-74720-tar-000,1,0.9092682600021362
evaluation-74720-non-000,0,-0.11944027245044708
evaluation-74745-tar-000,1,0.8047654032707214
evaluation-74745-non-000,0,0.3000755310058594
evaluation-74783-tar-000,1,0.6598241329193115
evaluation-74783-non-000,0,0.028438450768589973
evaluation-74953-tar-000,1,0.8418954610824585
evaluation-74953-non-000,0,-0.01629534177482128
evaluation-7500-tar-000,1,0.34421369433403015
evaluation-7500-non-000,0,0.000569462776184082
evaluation-75011-tar-000,1,0.8424569368362427
evaluation-75011-non-000,0,0.08350051939487457
evaluation-7511-tar-000,1,0.3444966971874237
evaluation-7511-non-000,0,-0.12872490286827087
evaluation-75157-tar-000,1,0.8290349245071411
evaluation-75157-non-000,0,-0.06492505222558975
evaluation-7516-tar-000,1,0.7678619623184204
evaluation-7516-non-000,0,-0.008008694276213646
evaluation-75176-tar-000,1,0.7970305681228638
evaluation-75176-non-000,0,0.12749484181404114
evaluation-75192-tar-000,1,0.6255542039871216
evaluation-75192-non-000,0,0.11209727823734283
evaluation-7536-tar-000,1,0.8259336948394775
evaluation-7536-non-000,0,0.01604144647717476
evaluation-7544-tar-000,1,0.9305437803268433
evaluation-7544-non-000,0,-0.033194489777088165
evaluation-75442-tar-000,1,0.48071184754371643
evaluation-75442-non-000,0,-0.1258472353219986
evaluation-75448-tar-000,1,0.7404852509498596
evaluation-75448-non-000,0,0.006554167717695236
evaluation-75451-tar-000,1,0.9035038948059082
evaluation-75451-non-000,0,0.19805213809013367
evaluation-75555-tar-000,1,0.8133920431137085
evaluation-75555-non-000,0,0.09693460166454315
evaluation-75690-tar-000,1,0.6828087568283081
evaluation-75690-non-000,0,-0.16880203783512115
evaluation-75753-tar-000,1,0.7445019483566284
evaluation-75753-non-000,0,0.029278527945280075
evaluation-75802-tar-000,1,0.8286699056625366
evaluation-75802-non-000,0,0.1295531988143921
evaluation-75849-tar-000,1,0.5669801235198975
evaluation-75849-non-000,0,0.22953535616397858
evaluation-75860-tar-000,1,0.8855814933776855
evaluation-75860-non-000,0,-0.089854396879673
evaluation-75874-tar-000,1,0.8244032859802246
evaluation-75874-non-000,0,0.2299722135066986
evaluation-75945-tar-000,1,0.8744552731513977
evaluation-75945-non-000,0,-0.012185882776975632
evaluation-7604-tar-000,1,0.7869178652763367
evaluation-7604-non-000,0,-0.13819187879562378
evaluation-76085-tar-000,1,0.7073764801025391
evaluation-76085-non-000,0,-0.02139139175415039
evaluation-76101-tar-000,1,0.8459459543228149
evaluation-76101-non-000,0,-0.04817682504653931
evaluation-7617-tar-000,1,0.6589005589485168
evaluation-7617-non-000,0,0.014268584549427032
evaluation-76192-tar-000,1,0.9301050305366516
evaluation-76192-non-000,0,-0.020720001310110092
evaluation-76247-tar-000,1,0.5111809968948364
evaluation-76247-non-000,0,0.22242462635040283
evaluation-76299-tar-000,1,0.9435744285583496
evaluation-76299-non-000,0,0.33065494894981384
evaluation-76420-tar-000,1,0.7766208052635193
evaluation-76420-non-000,0,-0.03465072810649872
evaluation-7645-tar-000,1,0.8383956551551819
evaluation-7645-non-000,0,0.2696657180786133
evaluation-76453-tar-000,1,0.4629334807395935
evaluation-76453-non-000,0,0.00923587940633297
evaluation-7646-tar-000,1,0.8559194803237915
evaluation-7646-non-000,0,0.1830451786518097
evaluation-7654-tar-000,1,0.8575668931007385
evaluation-7654-non-000,0,0.08125631511211395
evaluation-7655-tar-000,1,0.8351573348045349
evaluation-7655-non-000,0,0.03839782625436783
evaluation-76585-tar-000,1,0.8748427033424377
evaluation-76585-non-000,0,-0.06620892882347107
evaluation-76695-tar-000,1,0.8473806381225586
evaluation-76695-non-000,0,0.08314044773578644
evaluation-76719-tar-000,1,0.9346555471420288
evaluation-76719-non-000,0,-0.10630165040493011
evaluation-76725-tar-000,1,0.7738711833953857
evaluation-76725-non-000,0,0.0981815755367279
evaluation-7679-tar-000,1,0.6674325466156006
evaluation-7679-non-000,0,0.147548645734787
evaluation-76862-tar-000,1,0.3302955627441406
evaluation-76862-non-000,0,-0.10317502170801163
evaluation-77101-tar-000,1,0.7672191858291626
evaluation-77101-non-000,0,-0.030630305409431458
evaluation-7712-tar-000,1,0.7927671670913696
evaluation-7712-non-000,0,0.5497875213623047
evaluation-77175-tar-000,1,0.8156973123550415
evaluation-77175-non-000,0,0.08972180634737015
evaluation-7721-tar-000,1,0.8618220090866089
evaluation-7721-non-000,0,0.057351596653461456
evaluation-7726-tar-000,1,0.7805215716362
evaluation-7726-non-000,0,0.05465145781636238
evaluation-7728-tar-000,1,0.8432583212852478
evaluation-7728-non-000,0,-0.03299856185913086
evaluation-7735-tar-000,1,0.8503376245498657
evaluation-7735-non-000,0,-0.015801647678017616
evaluation-77351-tar-000,1,0.6533292531967163
evaluation-77351-non-000,0,-0.03771912679076195
evaluation-77376-tar-000,1,0.9268069267272949
evaluation-77376-non-000,0,0.08249613642692566
evaluation-77486-tar-000,1,0.9230788946151733
evaluation-77486-non-000,0,-0.08577165007591248
evaluation-7750-tar-000,1,0.6408814191818237
evaluation-7750-non-000,0,-0.06878852844238281
evaluation-77571-tar-000,1,0.8166921138763428
evaluation-77571-non-000,0,-0.10255025327205658
evaluation-77656-tar-000,1,0.7085694074630737
evaluation-77656-non-000,0,0.2893095016479492
evaluation-77851-tar-000,1,0.9334301352500916
evaluation-77851-non-000,0,-0.05104812607169151
evaluation-77854-tar-000,1,0.8928107023239136
evaluation-77854-non-000,0,0.04497484117746353
evaluation-77879-tar-000,1,0.6675317287445068
evaluation-77879-non-000,0,-0.060781579464673996
evaluation-7789-tar-000,1,0.5894635915756226
evaluation-7789-non-000,0,-0.06752237677574158
evaluation-7790-tar-000,1,0.635905385017395
evaluation-7790-non-000,0,0.18890684843063354
evaluation-7810-tar-000,1,0.9152500033378601
evaluation-7810-non-000,0,-0.22069166600704193
evaluation-78247-tar-000,1,0.8190472722053528
evaluation-78247-non-000,0,-0.0289139524102211
evaluation-78249-tar-000,1,0.6583442687988281
evaluation-78249-non-000,0,0.28166094422340393
evaluation-7827-tar-000,1,0.8229496479034424
evaluation-7827-non-000,0,0.043499793857336044
evaluation-78370-tar-000,1,0.7172286510467529
evaluation-78370-non-000,0,0.07812491059303284
evaluation-78400-tar-000,1,0.40165430307388306
evaluation-78400-non-000,0,0.14364303648471832
evaluation-78436-tar-000,1,0.818096399307251
evaluation-78436-non-000,0,0.1411050260066986
evaluation-78444-tar-000,1,0.7733040452003479
evaluation-78444-non-000,0,0.23484832048416138
evaluation-7846-tar-000,1,0.7482933402061462
evaluation-7846-non-000,0,-0.10505369305610657
evaluation-7848-tar-000,1,0.8229720592498779
evaluation-7848-non-000,0,0.024214554578065872
evaluation-7849-tar-000,1,0.7682518362998962
evaluation-7849-non-000,0,-0.13149386644363403
evaluation-78540-tar-000,1,0.565032958984375
evaluation-78540-non-000,0,0.056872978806495667
evaluation-78571-tar-000,1,0.5646096467971802
evaluation-78571-non-000,0,-0.15988242626190186
evaluation-78576-tar-000,1,0.7322651743888855
evaluation-78576-non-000,0,0.17823629081249237
evaluation-78584-tar-000,1,0.8283060789108276
evaluation-78584-non-000,0,0.1376591920852661
evaluation-78615-tar-000,1,0.8514048457145691
evaluation-78615-non-000,0,-0.1286863088607788
evaluation-78675-tar-000,1,0.9220249652862549
evaluation-78675-non-000,0,-0.18598243594169617
evaluation-78752-tar-000,1,0.8996976613998413
evaluation-78752-non-000,0,-0.0548362173140049
evaluation-7878-tar-000,1,0.5791299939155579
evaluation-7878-non-000,0,0.11480478942394257
evaluation-78782-tar-000,1,0.7050004005432129
evaluation-78782-non-000,0,-0.08730758726596832
evaluation-78815-tar-000,1,0.843248724937439
evaluation-78815-non-000,0,0.016311798244714737
evaluation-78826-tar-000,1,0.5706144571304321
evaluation-78826-non-000,0,0.18936976790428162
evaluation-78887-tar-000,1,0.8048095703125
evaluation-78887-non-000,0,0.05814860761165619
evaluation-78963-tar-000,1,0.7463124394416809
evaluation-78963-non-000,0,-0.15468594431877136
evaluation-78972-tar-000,1,0.8370588421821594
evaluation-78972-non-000,0,0.17583975195884705
evaluation-79095-tar-000,1,0.8234289288520813
evaluation-79095-non-000,0,-0.0017262939363718033
evaluation-79255-tar-000,1,0.27578771114349365
evaluation-79255-non-000,0,-0.029472384601831436
evaluation-79474-tar-000,1,0.5787600874900818
evaluation-79474-non-000,0,0.015647482126951218
evaluation-79521-tar-000,1,0.6230172514915466
evaluation-79521-non-000,0,-0.10283869504928589
evaluation-79581-tar-000,1,0.619024395942688
evaluation-79581-non-000,0,-0.1367955505847931
evaluation-7964-tar-000,1,0.8889745473861694
evaluation-7964-non-000,0,0.26865896582603455
evaluation-7972-tar-000,1,0.5228718519210815
evaluation-7972-non-000,0,-0.31524091958999634
evaluation-79776-tar-000,1,0.9167724251747131
evaluation-79776-non-000,0,-0.2582970857620239
evaluation-79798-tar-000,1,0.8165151476860046
evaluation-79798-non-000,0,0.10228663682937622
evaluation-79807-tar-000,1,0.7609634399414062
evaluation-79807-non-000,0,0.007578834891319275
evaluation-7983-tar-000,1,0.8990281820297241
evaluation-7983-non-000,0,-0.11513969302177429
evaluation-79843-tar-000,1,0.8539789915084839
evaluation-79843-non-000,0,0.13747228682041168
evaluation-7989-tar-000,1,0.6830390691757202
evaluation-7989-non-000,0,0.13567648828029633
evaluation-79980-tar-000,1,0.3686201572418213
evaluation-79980-non-000,0,0.2105441689491272
evaluation-79991-tar-000,1,0.9051488041877747
evaluation-79991-non-000,0,-0.08096415549516678
evaluation-80153-tar-000,1,0.914502739906311
evaluation-80153-non-000,0,0.27860695123672485
evaluation-80180-tar-000,1,0.8830100297927856
evaluation-80180-non-000,0,-0.07785595208406448
evaluation-8019-tar-000,1,0.8779462575912476
evaluation-8019-non-000,0,-0.07700696587562561
evaluation-80210-tar-000,1,0.39340272545814514
evaluation-80210-non-000,0,0.058313287794589996
evaluation-80221-tar-000,1,0.6423749923706055
evaluation-80221-non-000,0,0.09117208421230316
evaluation-8023-tar-000,1,0.8696843385696411
evaluation-8023-non-000,0,-0.01367400586605072
evaluation-8027-tar-000,1,0.8421365022659302
evaluation-8027-non-000,0,0.14676636457443237
evaluation-8028-tar-000,1,0.790850818157196
evaluation-8028-non-000,0,0.07630817592144012
evaluation-80353-tar-000,1,0.8944739103317261
evaluation-80353-non-000,0,0.21198692917823792
evaluation-8041-tar-000,1,0.6577282547950745
evaluation-8041-non-000,0,-0.01692967861890793
evaluation-80449-tar-000,1,0.8517782688140869
evaluation-80449-non-000,0,-0.12012235820293427
evaluation-80504-tar-000,1,0.918523371219635
evaluation-80504-non-000,0,0.13527268171310425
evaluation-8068-tar-000,1,0.8568483591079712
evaluation-8068-non-000,0,-0.09850109368562698
evaluation-80710-tar-000,1,0.6647207140922546
evaluation-80710-non-000,0,-0.0570920892059803
evaluation-80773-tar-000,1,0.7406935691833496
evaluation-80773-non-000,0,-0.0009631440043449402
evaluation-80793-tar-000,1,0.8273190259933472
evaluation-80793-non-000,0,0.13545286655426025
evaluation-80798-tar-000,1,0.7645348310470581
evaluation-80798-non-000,0,0.07324109226465225
evaluation-80806-tar-000,1,0.6309964656829834
evaluation-80806-non-000,0,0.06308586895465851
evaluation-80900-tar-000,1,0.9081627130508423
evaluation-80900-non-000,0,-0.11246763914823532
evaluation-80935-tar-000,1,0.6621905565261841
evaluation-80935-non-000,0,0.09000171720981598
evaluation-80938-tar-000,1,0.6312040090560913
evaluation-80938-non-000,0,0.14688697457313538
evaluation-8097-tar-000,1,0.669703483581543
evaluation-8097-non-000,0,-0.011977311223745346
evaluation-81034-tar-000,1,0.34693169593811035
evaluation-81034-non-000,0,0.21434080600738525
evaluation-81103-tar-000,1,0.8463382720947266
evaluation-81103-non-000,0,-0.04718877747654915
evaluation-81106-tar-000,1,0.82129967212677
evaluation-81106-non-000,0,-0.043912626802921295
evaluation-81111-tar-000,1,0.8892722725868225
evaluation-81111-non-000,0,0.19677335023880005
evaluation-81119-tar-000,1,0.6394838094711304
evaluation-81119-non-000,0,0.023677736520767212
evaluation-81128-tar-000,1,0.8652918934822083
evaluation-81128-non-000,0,0.31505852937698364
evaluation-81174-tar-000,1,0.887496292591095
evaluation-81174-non-000,0,-0.03325366973876953
evaluation-81271-tar-000,1,0.8011303544044495
evaluation-81271-non-000,0,0.04743731766939163
evaluation-81276-tar-000,1,0.6118890643119812
evaluation-81276-non-000,0,-0.01700066775083542
evaluation-81309-tar-000,1,0.837670624256134
evaluation-81309-non-000,0,0.06820808351039886
evaluation-8143-tar-000,1,0.7973320484161377
evaluation-8143-non-000,0,-0.1080552190542221
evaluation-81441-tar-000,1,0.5954487323760986
evaluation-81441-non-000,0,-0.03527616709470749
evaluation-81455-tar-000,1,0.9445425271987915
evaluation-81455-non-000,0,-0.14133793115615845
evaluation-81823-tar-000,1,0.8702502846717834
evaluation-81823-non-000,0,0.060041673481464386
evaluation-8185-tar-000,1,0.5636069178581238
evaluation-8185-non-000,0,-0.0717119574546814
evaluation-81858-tar-000,1,0.831666886806488
evaluation-81858-non-000,0,0.09614694118499756
evaluation-8191-tar-000,1,0.654892086982727
evaluation-8191-non-000,0,-0.0022725053131580353
evaluation-81913-tar-000,1,0.921236515045166
evaluation-81913-non-000,0,0.07089199125766754
evaluation-81963-tar-000,1,0.6918655633926392
evaluation-81963-non-000,0,0.10733476281166077
evaluation-8203-tar-000,1,0.6311198472976685
evaluation-8203-non-000,0,-0.03195244073867798
evaluation-82040-tar-000,1,0.940528392791748
evaluation-82040-non-000,0,-0.12144981324672699
evaluation-8210-tar-000,1,0.8851970434188843
evaluation-8210-non-000,0,0.007394623011350632
evaluation-8215-tar-000,1,0.8110944032669067
evaluation-8215-non-000,0,0.030745361000299454
evaluation-8216-tar-000,1,0.8654229640960693
evaluation-8216-non-000,0,-0.16292694211006165
evaluation-8219-tar-000,1,0.8469959497451782
evaluation-8219-non-000,0,-0.009425399824976921
evaluation-82273-tar-000,1,0.734710693359375
evaluation-82273-non-000,0,0.0945524275302887
evaluation-82342-tar-000,1,0.8045332431793213
evaluation-82342-non-000,0,0.011570436879992485
evaluation-8236-tar-000,1,0.7333657145500183
evaluation-8236-non-000,0,-0.09118200093507767
evaluation-82421-tar-000,1,0.9018740653991699
evaluation-82421-non-000,0,0.004487795755267143
evaluation-82603-tar-000,1,0.8254691362380981
evaluation-82603-non-000,0,0.2787126898765564
evaluation-82641-tar-000,1,0.764940619468689
evaluation-82641-non-000,0,0.06323739886283875
evaluation-82842-tar-000,1,0.30942502617836
evaluation-82842-non-000,0,0.04037071019411087
evaluation-82847-tar-000,1,0.8723238706588745
evaluation-82847-non-000,0,-0.23845629394054413
evaluation-8299-tar-000,1,0.6262171268463135
evaluation-8299-non-000,0,-0.12682348489761353
evaluation-83006-tar-000,1,0.4389997124671936
evaluation-83006-non-000,0,0.10390564799308777
evaluation-83028-tar-000,1,0.6613460779190063
evaluation-83028-non-000,0,-0.018163535743951797
evaluation-83094-tar-000,1,0.8128625154495239
evaluation-83094-non-000,0,0.03824657201766968
evaluation-83204-tar-000,1,0.8513420224189758
evaluation-83204-non-000,0,-0.08098318427801132
evaluation-8328-tar-000,1,0.6778004169464111
evaluation-8328-non-000,0,0.12199142575263977
evaluation-8335-tar-000,1,0.6199480295181274
evaluation-8335-non-000,0,0.22858314216136932
evaluation-83355-tar-000,1,0.8013585209846497
evaluation-83355-non-000,0,-0.12066106498241425
evaluation-83674-tar-000,1,0.7640343904495239
evaluation-83674-non-000,0,0.02092599682509899
evaluation-83696-tar-000,1,0.9178073406219482
evaluation-83696-non-000,0,0.27731215953826904
evaluation-8383-tar-000,1,0.8144528269767761
evaluation-8383-non-000,0,-0.10262094438076019
evaluation-83839-tar-000,1,0.8433259725570679
evaluation-83839-non-000,0,-0.2440173178911209
evaluation-83905-tar-000,1,0.8225032687187195
evaluation-83905-non-000,0,-0.26930421590805054
evaluation-83918-tar-000,1,0.8655610084533691
evaluation-83918-non-000,0,-0.13710792362689972
evaluation-83927-tar-000,1,0.528877854347229
evaluation-83927-non-000,0,-0.08698708564043045
evaluation-83995-tar-000,1,0.8965311646461487
evaluation-83995-non-000,0,-0.15705975890159607
evaluation-8407-tar-000,1,0.5041865110397339
evaluation-8407-non-000,0,0.007587816566228867
evaluation-84075-tar-000,1,0.2230951189994812
evaluation-84075-non-000,0,-0.11601968109607697
evaluation-84160-tar-000,1,0.6131260395050049
evaluation-84160-non-000,0,-0.14302340149879456
evaluation-84187-tar-000,1,0.7818499207496643
evaluation-84187-non-000,0,-0.1544492244720459
evaluation-84300-tar-000,1,0.6330179572105408
evaluation-84300-non-000,0,-0.08248044550418854
evaluation-84457-tar-000,1,0.5972602367401123
evaluation-84457-non-000,0,0.24087950587272644
evaluation-84512-tar-000,1,0.34147369861602783
evaluation-84512-non-000,0,0.13489919900894165
evaluation-8452-tar-000,1,0.719796895980835
evaluation-8452-non-000,0,-0.08239810913801193
evaluation-8453-tar-000,1,0.7339729070663452
evaluation-8453-non-000,0,-0.05308733507990837
evaluation-84544-tar-000,1,0.793766975402832
evaluation-84544-non-000,0,0.2923336923122406
evaluation-84547-tar-000,1,0.8726310729980469
evaluation-84547-non-000,0,-0.08029092103242874
evaluation-84649-tar-000,1,0.771285891532898
evaluation-84649-non-000,0,0.008631477132439613
evaluation-84693-tar-000,1,0.9005948305130005
evaluation-84693-non-000,0,-0.07660268247127533
evaluation-84704-tar-000,1,0.8263802528381348
evaluation-84704-non-000,0,0.20965319871902466
evaluation-84753-tar-000,1,0.8119188547134399
evaluation-84753-non-000,0,0.034905485808849335
evaluation-84929-tar-000,1,0.817156195640564
evaluation-84929-non-000,0,0.3801977038383484
evaluation-8494-tar-000,1,0.8715685606002808
evaluation-8494-non-000,0,-0.06849133968353271
evaluation-8502-tar-000,1,0.8576952815055847
evaluation-8502-non-000,0,0.2121768295764923
evaluation-85201-tar-000,1,0.7799439430236816
evaluation-85201-non-000,0,0.33250415325164795
evaluation-8522-tar-000,1,0.8747387528419495
evaluation-8522-non-000,0,0.08687087893486023
evaluation-8527-tar-000,1,0.8146967887878418
evaluation-8527-non-000,0,0.0026197992265224457
evaluation-85286-tar-000,1,0.7934108972549438
evaluation-85286-non-000,0,0.15574395656585693
evaluation-85319-tar-000,1,0.886685311794281
evaluation-85319-non-000,0,0.05607282370328903
evaluation-85396-tar-000,1,0.6779389977455139
evaluation-85396-non-000,0,0.12558890879154205
evaluation-85421-tar-000,1,0.8805162310600281
evaluation-85421-non-000,0,0.08695170283317566
evaluation-8557-tar-000,1,0.4814763367176056
evaluation-8557-non-000,0,-0.10778173804283142
evaluation-85676-tar-000,1,0.5099653601646423
evaluation-85676-non-000,0,0.19086551666259766
evaluation-85750-tar-000,1,0.661963701248169
evaluation-85750-non-000,0,0.2993030548095703
evaluation-85778-tar-000,1,0.8160731196403503
evaluation-85778-non-000,0,0.15908756852149963
evaluation-85871-tar-000,1,0.8536393046379089
evaluation-85871-non-000,0,0.09582985937595367
evaluation-8602-tar-000,1,0.5414998531341553
evaluation-8602-non-000,0,0.07242094725370407
evaluation-86107-tar-000,1,0.7087506055831909
evaluation-86107-non-000,0,-0.10924840718507767
evaluation-8614-tar-000,1,0.8673100471496582
evaluation-8614-non-000,0,-0.042910944670438766
evaluation-86151-tar-000,1,0.665450930595398
evaluation-86151-non-000,0,-0.1760416030883789
evaluation-86198-tar-000,1,0.8451296091079712
evaluation-86198-non-000,0,0.07772041112184525
evaluation-86245-tar-000,1,0.8141175508499146
evaluation-86245-non-000,0,0.10931306332349777
evaluation-8628-tar-000,1,0.8281732797622681
evaluation-8628-non-000,0,0.16957613825798035
evaluation-8630-tar-000,1,0.8849199414253235
evaluation-8630-non-000,0,0.010068831965327263
evaluation-86376-tar-000,1,0.85013747215271
evaluation-86376-non-000,0,0.012122197076678276
evaluation-8639-tar-000,1,0.6016703844070435
evaluation-8639-non-000,0,0.12124128639698029
evaluation-8640-tar-000,1,0.8979300260543823
evaluation-8640-non-000,0,0.23732957243919373
evaluation-86470-tar-000,1,0.49248987436294556
evaluation-86470-non-000,0,-0.11846887320280075
evaluation-86478-tar-000,1,0.728960394859314
evaluation-86478-non-000,0,0.14249254763126373
evaluation-86519-tar-000,1,0.6662883758544922
evaluation-86519-non-000,0,0.027599487453699112
evaluation-86577-tar-000,1,0.26399335265159607
evaluation-86577-non-000,0,-0.01509568840265274
evaluation-86591-tar-000,1,0.636980414390564
evaluation-86591-non-000,0,-0.03167986869812012
evaluation-86799-tar-000,1,0.9024418592453003
evaluation-86799-non-000,0,-0.08671660721302032
evaluation-86926-tar-000,1,0.749117374420166
evaluation-86926-non-000,0,0.08907901495695114
evaluation-86945-tar-000,1,0.827826738357544
evaluation-86945-non-000,0,-0.04047840088605881
evaluation-8697-tar-000,1,0.6871263980865479
evaluation-8697-non-000,0,-0.032478827983140945
evaluation-87016-tar-000,1,0.7753714919090271
evaluation-87016-non-000,0,0.023334696888923645
evaluation-87176-tar-000,1,0.8243452906608582
evaluation-87176-non-000,0,0.16469937562942505
evaluation-8724-tar-000,1,0.8564176559448242
evaluation-8724-non-000,0,-0.004505926743149757
evaluation-87313-tar-000,1,0.6037071943283081
evaluation-87313-non-000,0,0.1898464560508728
evaluation-87338-tar-000,1,0.8428364992141724
evaluation-87338-non-000,0,0.009891824796795845
evaluation-87362-tar-000,1,0.9369845390319824
evaluation-87362-non-000,0,-0.05432114005088806
evaluation-87450-tar-000,1,0.8317546248435974
evaluation-87450-non-000,0,0.0009889360517263412
evaluation-8746-tar-000,1,0.8251864910125732
evaluation-8746-non-000,0,-0.056448858231306076
evaluation-8756-tar-000,1,0.8481290340423584
evaluation-8756-non-000,0,-0.008174227550625801
evaluation-87577-tar-000,1,0.6152025461196899
evaluation-87577-non-000,0,0.047590866684913635
evaluation-87601-tar-000,1,0.8442032933235168
evaluation-87601-non-000,0,0.02298012003302574
evaluation-8765-tar-000,1,0.84565269947052
evaluation-8765-non-000,0,0.046642668545246124
evaluation-87711-tar-000,1,0.8259729743003845
evaluation-87711-non-000,0,0.07426656782627106
evaluation-87720-tar-000,1,0.4939773678779602
evaluation-87720-non-000,0,0.252674400806427
evaluation-87722-tar-000,1,0.8543940782546997
evaluation-87722-non-000,0,-0.04095251485705376
evaluation-87876-tar-000,1,0.8846561908721924
evaluation-87876-non-000,0,0.19776970148086548
evaluation-87923-tar-000,1,0.8856699466705322
evaluation-87923-non-000,0,0.06505312025547028
evaluation-8796-tar-000,1,0.877588152885437
evaluation-8796-non-000,0,-0.11965364217758179
evaluation-8804-tar-000,1,0.6685479879379272
evaluation-8804-non-000,0,-0.13210229575634003
evaluation-88060-tar-000,1,0.8576903939247131
evaluation-88060-non-000,0,-0.09419354796409607
evaluation-8814-tar-000,1,0.7472556829452515
evaluation-8814-non-000,0,0.29765892028808594
evaluation-88156-tar-000,1,0.8445658087730408
evaluation-88156-non-000,0,0.11605717986822128
evaluation-88170-tar-000,1,0.8274207711219788
evaluation-88170-non-000,0,-0.11525407433509827
evaluation-88313-tar-000,1,0.7434241771697998
evaluation-88313-non-000,0,-0.1929645836353302
evaluation-8836-tar-000,1,0.8751162886619568
evaluation-8836-non-000,0,0.08940421044826508
evaluation-88458-tar-000,1,0.5654075145721436
evaluation-88458-non-000,0,0.22904685139656067
evaluation-88524-tar-000,1,0.8610397577285767
evaluation-88524-non-000,0,-0.056744612753391266
evaluation-88576-tar-000,1,0.7641571760177612
evaluation-88576-non-000,0,-0.05494675040245056
evaluation-88582-tar-000,1,0.5525738000869751
evaluation-88582-non-000,0,0.006619725376367569
evaluation-88689-tar-000,1,0.4510723352432251
evaluation-88689-non-000,0,-0.02654407173395157
evaluation-88747-tar-000,1,0.40426674485206604
evaluation-88747-non-000,0,0.16887600719928741
evaluation-88780-tar-000,1,0.7660857439041138
evaluation-88780-non-000,0,-0.0551283024251461
evaluation-88791-tar-000,1,0.8537688851356506
evaluation-88791-non-000,0,0.25134366750717163
evaluation-8896-tar-000,1,0.8922311067581177
evaluation-8896-non-000,0,-0.1275787502527237
evaluation-89005-tar-000,1,0.8080209493637085
evaluation-89005-non-000,0,-0.3871714472770691
evaluation-89027-tar-000,1,0.8063808679580688
evaluation-89027-non-000,0,-0.047273337841033936
evaluation-89054-tar-000,1,0.7992852926254272
evaluation-89054-non-000,0,-0.07982872426509857
evaluation-89120-tar-000,1,0.8668564558029175
evaluation-89120-non-000,0,-0.07831361889839172
evaluation-89255-tar-000,1,0.5466832518577576
evaluation-89255-non-000,0,-0.05651272088289261
evaluation-89335-tar-000,1,0.6237263083457947
evaluation-89335-non-000,0,0.12383817881345749
evaluation-89340-tar-000,1,0.8568459749221802
evaluation-89340-non-000,0,0.05225622281432152
evaluation-89346-tar-000,1,0.7995986938476562
evaluation-89346-non-000,0,-0.13980025053024292
evaluation-89381-tar-000,1,0.8022856712341309
evaluation-89381-non-000,0,-0.07155153155326843
evaluation-89557-tar-000,1,0.8260577917098999
evaluation-89557-non-000,0,0.23060716688632965
evaluation-89604-tar-000,1,0.7981812953948975
evaluation-89604-non-000,0,0.03802160918712616
evaluation-89615-tar-000,1,0.7857134342193604
evaluation-89615-non-000,0,-0.3094930350780487
evaluation-89631-tar-000,1,0.7622693181037903
evaluation-89631-non-000,0,0.06618363410234451
evaluation-89757-tar-000,1,0.8272254467010498
evaluation-89757-non-000,0,-0.09068936109542847
evaluation-89766-tar-000,1,0.849129319190979
evaluation-89766-non-000,0,0.03874170035123825
evaluation-89782-tar-000,1,0.9110247492790222
evaluation-89782-non-000,0,-0.1827414631843567
evaluation-89818-tar-000,1,0.6586890816688538
evaluation-89818-non-000,0,-0.026291977614164352
evaluation-89822-tar-000,1,0.7420027256011963
evaluation-89822-non-000,0,-0.11210092902183533
evaluation-8983-tar-000,1,0.9272581934928894
evaluation-8983-non-000,0,-0.01790739968419075
evaluation-90024-tar-000,1,0.912071704864502
evaluation-90024-non-000,0,-0.02573367767035961
evaluation-90032-tar-000,1,0.8740023374557495
evaluation-90032-non-000,0,0.17327426373958588
evaluation-90038-tar-000,1,0.8497021198272705
evaluation-90038-non-000,0,0.12014219164848328
evaluation-90117-tar-000,1,0.7660478949546814
evaluation-90117-non-000,0,0.030984658747911453
evaluation-90145-tar-000,1,0.018740974366664886
evaluation-90145-non-000,0,0.08585304766893387
evaluation-90148-tar-000,1,0.7647448778152466
evaluation-90148-non-000,0,-0.16073283553123474
evaluation-90169-tar-000,1,0.7742831110954285
evaluation-90169-non-000,0,-0.04344331473112106
evaluation-90257-tar-000,1,0.5502563118934631
evaluation-90257-non-000,0,-0.058088209480047226
evaluation-90301-tar-000,1,0.8961203694343567
evaluation-90301-non-000,0,-0.1770016998052597
evaluation-90304-tar-000,1,0.7840216755867004
evaluation-90304-non-000,0,-0.05465186387300491
evaluation-90381-tar-000,1,0.5914385914802551
evaluation-90381-non-000,0,0.12859639525413513
evaluation-90414-tar-000,1,0.774860143661499
evaluation-90414-non-000,0,-0.12256935238838196
evaluation-90469-tar-000,1,0.7348763942718506
evaluation-90469-non-000,0,-0.08057720214128494
evaluation-90562-tar-000,1,0.8800637722015381
evaluation-90562-non-000,0,0.14893759787082672
evaluation-90631-tar-000,1,0.9186078310012817
evaluation-90631-non-000,0,-0.11641927808523178
evaluation-90862-tar-000,1,0.7143757939338684
evaluation-90862-non-000,0,-0.24961183965206146
evaluation-90875-tar-000,1,0.46137672662734985
evaluation-90875-non-000,0,0.22262956202030182
evaluation-90939-tar-000,1,0.8750196695327759
evaluation-90939-non-000,0,0.08390801399946213
evaluation-9109-tar-000,1,0.6040019989013672
evaluation-9109-non-000,0,-0.17996247112751007
evaluation-91106-tar-000,1,0.841296911239624
evaluation-91106-non-000,0,0.16814634203910828
evaluation-91166-tar-000,1,0.5814423561096191
evaluation-91166-non-000,0,-0.13989222049713135
evaluation-91205-tar-000,1,0.7033836245536804
evaluation-91205-non-000,0,0.14160235226154327
evaluation-9125-tar-000,1,0.8580281734466553
evaluation-9125-non-000,0,-0.11919286847114563
evaluation-91433-tar-000,1,0.8789865374565125
evaluation-91433-non-000,0,-0.13924390077590942
evaluation-91441-tar-000,1,0.3929523527622223
evaluation-91441-non-000,0,0.03856160491704941
evaluation-91466-tar-000,1,0.6093140840530396
evaluation-91466-non-000,0,-0.18424181640148163
evaluation-9148-tar-000,1,0.7502462863922119
evaluation-9148-non-000,0,-0.03633126989006996
evaluation-91496-tar-000,1,0.8236401081085205
evaluation-91496-non-000,0,0.20635566115379333
evaluation-91543-tar-000,1,0.8220227956771851
evaluation-91543-non-000,0,-0.11935656517744064
evaluation-91642-tar-000,1,0.920831024646759
evaluation-91642-non-000,0,0.179000124335289
evaluation-9165-tar-000,1,0.6854007244110107
evaluation-9165-non-000,0,0.04108887538313866
evaluation-91719-tar-000,1,0.7282905578613281
evaluation-91719-non-000,0,-0.217130646109581
evaluation-9179-tar-000,1,0.805584192276001
evaluation-9179-non-000,0,-0.2542579174041748
evaluation-91798-tar-000,1,0.3818854093551636
evaluation-91798-non-000,0,-0.032051850110292435
evaluation-91823-tar-000,1,0.7600245475769043
evaluation-91823-non-000,0,0.2313346415758133
evaluation-91886-tar-000,1,0.7787947654724121
evaluation-91886-non-000,0,-0.15335671603679657
evaluation-9195-tar-000,1,0.8667793273925781
evaluation-9195-non-000,0,0.08563511818647385
evaluation-9197-tar-000,1,0.7527356743812561
evaluation-9197-non-000,0,-0.01858680509030819
evaluation-91974-tar-000,1,0.9024308919906616
evaluation-91974-non-000,0,-0.11722394824028015
evaluation-92007-tar-000,1,0.769393801689148
evaluation-92007-non-000,0,0.027763869613409042
evaluation-9210-tar-000,1,0.8314130306243896
evaluation-9210-non-000,0,0.14238399267196655
evaluation-92133-tar-000,1,0.7778958082199097
evaluation-92133-non-000,0,0.19237717986106873
evaluation-92260-tar-000,1,0.852141261100769
evaluation-92260-non-000,0,-0.16887448728084564
evaluation-9229-tar-000,1,0.7600274682044983
evaluation-9229-non-000,0,-0.016060510650277138
evaluation-9240-tar-000,1,0.6741012334823608
evaluation-9240-non-000,0,-0.2299003303050995
evaluation-9241-tar-000,1,0.43897873163223267
evaluation-9241-non-000,0,0.11875247955322266
evaluation-92438-tar-000,1,0.6768600940704346
evaluation-92438-non-000,0,-0.20650669932365417
evaluation-92488-tar-000,1,0.9537653923034668
evaluation-92488-non-000,0,0.051961272954940796
evaluation-92630-tar-000,1,0.7693706750869751
evaluation-92630-non-000,0,-0.1001850962638855
evaluation-92652-tar-000,1,0.9234260320663452
evaluation-92652-non-000,0,-0.22593986988067627
evaluation-92787-tar-000,1,0.7124266624450684
evaluation-92787-non-000,0,-0.04193016141653061
evaluation-92825-tar-000,1,0.8270145058631897
evaluation-92825-non-000,0,0.07848863303661346
evaluation-92845-tar-000,1,0.8675274848937988
evaluation-92845-non-000,0,0.04395049810409546
evaluation-92853-tar-000,1,0.8860793113708496
evaluation-92853-non-000,0,-0.12079723179340363
evaluation-9286-tar-000,1,0.8385038375854492
evaluation-9286-non-000,0,0.03486908599734306
evaluation-9291-tar-000,1,0.7855984568595886
evaluation-9291-non-000,0,0.07594670355319977
evaluation-9303-tar-000,1,0.5998138189315796
evaluation-9303-non-000,0,0.17951548099517822
evaluation-93034-tar-000,1,0.720176100730896
evaluation-93034-non-000,0,0.17370836436748505
evaluation-93042-tar-000,1,0.40248143672943115
evaluation-93042-non-000,0,0.20859026908874512
evaluation-93169-tar-000,1,0.5696186423301697
evaluation-93169-non-000,0,0.047219619154930115
evaluation-93210-tar-000,1,0.8502474427223206
evaluation-93210-non-000,0,0.017856234684586525
evaluation-93279-tar-000,1,0.7694737911224365
evaluation-93279-non-000,0,0.009068809449672699
evaluation-93375-tar-000,1,0.6109254956245422
evaluation-93375-non-000,0,0.020345408469438553
evaluation-93449-tar-000,1,0.7831945419311523
evaluation-93449-non-000,0,-0.09286467730998993
evaluation-9355-tar-000,1,0.9421582221984863
evaluation-9355-non-000,0,-0.1625928282737732
evaluation-93660-tar-000,1,0.8777183890342712
evaluation-93660-non-000,0,0.07627040147781372
evaluation-93718-tar-000,1,0.900720477104187
evaluation-93718-non-000,0,0.049493540078401566
evaluation-93735-tar-000,1,0.6720840334892273
evaluation-93735-non-000,0,0.010970383882522583
evaluation-93740-tar-000,1,0.2705586552619934
evaluation-93740-non-000,0,0.07176460325717926
evaluation-93811-tar-000,1,0.7135797739028931
evaluation-93811-non-000,0,0.03457917273044586
evaluation-93853-tar-000,1,0.6381344795227051
evaluation-93853-non-000,0,-0.10433760285377502
evaluation-93886-tar-000,1,0.8307961225509644
evaluation-93886-non-000,0,0.22480307519435883
evaluation-93930-tar-000,1,0.8481330871582031
evaluation-93930-non-000,0,0.14822421967983246
evaluation-9403-tar-000,1,0.6816725730895996
evaluation-9403-non-000,0,-0.12161468714475632
evaluation-9410-tar-000,1,0.6637227535247803
evaluation-9410-non-000,0,0.07333125174045563
evaluation-94105-tar-000,1,0.535683274269104
evaluation-94105-non-000,0,-0.028469268232584
evaluation-94125-tar-000,1,0.6341366767883301
evaluation-94125-non-000,0,-0.245834618806839
evaluation-94226-tar-000,1,0.8349965810775757
evaluation-94226-non-000,0,-0.08381307125091553
evaluation-94267-tar-000,1,0.46031391620635986
evaluation-94267-non-000,0,0.5323768854141235
evaluation-94270-tar-000,1,0.8602058291435242
evaluation-94270-non-000,0,0.14161552488803864
evaluation-94314-tar-000,1,0.8587120771408081
evaluation-94314-non-000,0,-0.025689736008644104
evaluation-94421-tar-000,1,0.6916466951370239
evaluation-94421-non-000,0,-0.00011079385876655579
evaluation-94528-tar-000,1,0.7421577572822571
evaluation-94528-non-000,0,-0.057952187955379486
evaluation-94550-tar-000,1,0.7546478509902954
evaluation-94550-non-000,0,0.02288958430290222
evaluation-94586-tar-000,1,0.9525229930877686
evaluation-94586-non-000,0,-0.12518122792243958
evaluation-94633-tar-000,1,0.8653666973114014
evaluation-94633-non-000,0,0.040307555347681046
evaluation-94663-tar-000,1,0.48482078313827515
evaluation-94663-non-000,0,0.24582448601722717
evaluation-94668-tar-000,1,0.9278017282485962
evaluation-94668-non-000,0,-0.09348122030496597
evaluation-9469-tar-000,1,0.17803478240966797
evaluation-9469-non-000,0,0.1228504627943039
evaluation-94740-tar-000,1,0.9126865863800049
evaluation-94740-non-000,0,0.0744566097855568
evaluation-94828-tar-000,1,0.8184448480606079
evaluation-94828-non-000,0,-0.06974026560783386
evaluation-9485-tar-000,1,0.06492821127176285
evaluation-9485-non-000,0,-0.03398337587714195
evaluation-94855-tar-000,1,0.6310145258903503
evaluation-94855-non-000,0,-0.09304872155189514
evaluation-94971-tar-000,1,0.8129779100418091
evaluation-94971-non-000,0,-0.06772637367248535
evaluation-95006-tar-000,1,0.6872008442878723
evaluation-95006-non-000,0,0.0007067732512950897
evaluation-95020-tar-000,1,0.6233280301094055
evaluation-95020-non-000,0,0.01790297031402588
evaluation-95031-tar-000,1,0.7629495859146118
evaluation-95031-non-000,0,0.05749763548374176
evaluation-95045-tar-000,1,0.8214624524116516
evaluation-95045-non-000,0,0.07242649048566818
evaluation-95072-tar-000,1,0.9159204959869385
evaluation-95072-non-000,0,0.03430145978927612
evaluation-9512-tar-000,1,0.1620216965675354
evaluation-9512-non-000,0,0.019511966034770012
evaluation-95166-tar-000,1,0.7835031747817993
evaluation-95166-non-000,0,0.14698442816734314
evaluation-95174-tar-000,1,0.8652074337005615
evaluation-95174-non-000,0,-0.09343749284744263
evaluation-95198-tar-000,1,0.7974433898925781
evaluation-95198-non-000,0,0.16610701382160187
evaluation-9522-tar-000,1,0.6300778388977051
evaluation-9522-non-000,0,-0.11727607250213623
evaluation-95229-tar-000,1,0.829174280166626
evaluation-95229-non-000,0,0.07834430038928986
evaluation-95295-tar-000,1,0.9314075708389282
evaluation-95295-non-000,0,0.15003791451454163
evaluation-95300-tar-000,1,0.8908736705780029
evaluation-95300-non-000,0,-0.006741238757967949
evaluation-95303-tar-000,1,0.5962057113647461
evaluation-95303-non-000,0,-0.2690935730934143
evaluation-95328-tar-000,1,0.777800977230072
evaluation-95328-non-000,0,-0.08436879515647888
evaluation-95388-tar-000,1,0.7751435041427612
evaluation-95388-non-000,0,0.16698597371578217
evaluation-9539-tar-000,1,0.8774158954620361
evaluation-9539-non-000,0,0.03822821378707886
evaluation-95424-tar-000,1,0.577950119972229
evaluation-95424-non-000,0,0.07620662450790405
evaluation-95459-tar-000,1,0.7103933691978455
evaluation-95459-non-000,0,0.015115883201360703
evaluation-9549-tar-000,1,0.4539148509502411
evaluation-9549-non-000,0,-0.12753131985664368
evaluation-95789-tar-000,1,0.7676287889480591
evaluation-95789-non-000,0,0.22515662014484406
evaluation-95962-tar-000,1,0.8270454406738281
evaluation-95962-non-000,0,-0.031198270618915558
evaluation-96017-tar-000,1,0.8798955082893372
evaluation-96017-non-000,0,0.1059848740696907
evaluation-96130-tar-000,1,0.8984311819076538
evaluation-96130-non-000,0,-0.028904614970088005
evaluation-9620-tar-000,1,0.8401561379432678
evaluation-9620-non-000,0,0.11069019138813019
evaluation-96371-tar-000,1,0.7193278074264526
evaluation-96371-non-000,0,-0.11863505095243454
evaluation-96418-tar-000,1,0.7267211675643921
evaluation-96418-non-000,0,-0.14210264384746552
evaluation-96443-tar-000,1,0.8702505826950073
evaluation-96443-non-000,0,-0.004752356559038162
evaluation-96577-tar-000,1,0.6855919361114502
evaluation-96577-non-000,0,0.023180939257144928
evaluation-96613-tar-000,1,0.8059823513031006
evaluation-96613-non-000,0,-0.05564793944358826
evaluation-96643-tar-000,1,0.8536105751991272
evaluation-96643-non-000,0,0.3711773753166199
evaluation-9666-tar-000,1,0.8246131539344788
evaluation-9666-non-000,0,0.13418540358543396
evaluation-96665-tar-000,1,0.846167266368866
evaluation-96665-non-000,0,-0.12534335255622864
evaluation-96676-tar-000,1,0.2636459469795227
evaluation-96676-non-000,0,-0.09367218613624573
evaluation-96701-tar-000,1,0.8463997840881348
evaluation-96701-non-000,0,0.07061848044395447
evaluation-96706-tar-000,1,0.8827827572822571
evaluation-96706-non-000,0,0.0174114927649498
evaluation-96712-tar-000,1,0.8421921730041504
evaluation-96712-non-000,0,0.17284756898880005
evaluation-96767-tar-000,1,0.7973556518554688
evaluation-96767-non-000,0,-0.12474607676267624
evaluation-96844-tar-000,1,0.8469278812408447
evaluation-96844-non-000,0,0.07950080931186676
evaluation-9696-tar-000,1,0.42094606161117554
evaluation-9696-non-000,0,0.1486690789461136
evaluation-96984-tar-000,1,0.9082983732223511
evaluation-96984-non-000,0,-0.1711035966873169
evaluation-9705-tar-000,1,0.3629240393638611
evaluation-9705-non-000,0,0.4315955638885498
evaluation-9706-tar-000,1,0.8933515548706055
evaluation-9706-non-000,0,0.017459845170378685
evaluation-97072-tar-000,1,0.705341100692749
evaluation-97072-non-000,0,0.3323320746421814
evaluation-9737-tar-000,1,0.653817892074585
evaluation-9737-non-000,0,0.16869530081748962
evaluation-97434-tar-000,1,0.6284187436103821
evaluation-97434-non-000,0,-0.04955407604575157
evaluation-9752-tar-000,1,0.7213426232337952
evaluation-9752-non-000,0,0.01781073771417141
evaluation-97550-tar-000,1,0.7352216243743896
evaluation-97550-non-000,0,-0.17332342267036438
evaluation-97588-tar-000,1,0.8819894790649414
evaluation-97588-non-000,0,0.09520027041435242
evaluation-97624-tar-000,1,0.6840201020240784
evaluation-97624-non-000,0,-0.1310742348432541
evaluation-9767-tar-000,1,0.8434799313545227
evaluation-9767-non-000,0,0.057168275117874146
evaluation-97695-tar-000,1,0.8549988865852356
evaluation-97695-non-000,0,0.06133265048265457
evaluation-97860-tar-000,1,0.8506932854652405
evaluation-97860-non-000,0,-0.09288029372692108
evaluation-97937-tar-000,1,0.8685959577560425
evaluation-97937-non-000,0,0.018495259806513786
evaluation-97953-tar-000,1,0.9532201290130615
evaluation-97953-non-000,0,0.24463412165641785
evaluation-9817-tar-000,1,0.9001348614692688
evaluation-9817-non-000,0,0.2312639206647873
evaluation-9830-tar-000,1,0.7071788311004639
evaluation-9830-non-000,0,-0.04785764962434769
evaluation-98327-tar-000,1,0.8423984050750732
evaluation-98327-non-000,0,0.2199825644493103
evaluation-9835-tar-000,1,0.7045401334762573
evaluation-9835-non-000,0,0.2839123010635376
evaluation-98459-tar-000,1,0.5983485579490662
evaluation-98459-non-000,0,-0.043817151337862015
evaluation-98514-tar-000,1,0.7923097610473633
evaluation-98514-non-000,0,0.0032970020547509193
evaluation-98588-tar-000,1,0.7929993867874146
evaluation-98588-non-000,0,0.10762695223093033
evaluation-9859-tar-000,1,0.5964917540550232
evaluation-9859-non-000,0,-0.2838608920574188
evaluation-9863-tar-000,1,0.6551029086112976
evaluation-9863-non-000,0,-0.1222786232829094
evaluation-9871-tar-000,1,0.7414447665214539
evaluation-9871-non-000,0,0.11067311465740204
evaluation-9872-tar-000,1,0.8805360794067383
evaluation-9872-non-000,0,0.10545853525400162
evaluation-98731-tar-000,1,0.802359938621521
evaluation-98731-non-000,0,-0.08598687499761581
evaluation-98744-tar-000,1,0.5174916386604309
evaluation-98744-non-000,0,0.10833490639925003
evaluation-98821-tar-000,1,0.7558717727661133
evaluation-98821-non-000,0,0.11499002575874329
evaluation-99038-tar-000,1,0.6623288989067078
evaluation-99038-non-000,0,-0.025354282930493355
evaluation-9904-tar-000,1,0.874420166015625
evaluation-9904-non-000,0,-0.10780974477529526
evaluation-99123-tar-000,1,0.7895193696022034
evaluation-99123-non-000,0,-0.1977224349975586
evaluation-99148-tar-000,1,0.779770016670227
evaluation-99148-non-000,0,0.05559467524290085
evaluation-9915-tar-000,1,0.5883837938308716
evaluation-9915-non-000,0,-0.164526104927063
evaluation-99195-tar-000,1,0.5341453552246094
evaluation-99195-non-000,0,0.1269972324371338
evaluation-99206-tar-000,1,0.4373491108417511
evaluation-99206-non-000,0,0.22789853811264038
evaluation-99230-tar-000,1,0.7851766347885132
evaluation-99230-non-000,0,0.12285304814577103
evaluation-99241-tar-000,1,0.7326536774635315
evaluation-99241-non-000,0,-0.16281180083751678
evaluation-9928-tar-000,1,0.7539700269699097
evaluation-9928-non-000,0,0.03165239095687866
evaluation-9932-tar-000,1,0.6204847097396851
evaluation-9932-non-000,0,0.0077782683074474335
evaluation-99321-tar-000,1,0.9370043277740479
evaluation-99321-non-000,0,0.07251229137182236
evaluation-99349-tar-000,1,0.890928328037262
evaluation-99349-non-000,0,0.1824321746826172
evaluation-9946-tar-000,1,0.7505062818527222
evaluation-9946-non-000,0,0.22002139687538147
evaluation-99461-tar-000,1,0.8346281051635742
evaluation-99461-non-000,0,-0.04671049863100052
evaluation-9948-tar-000,1,0.9001425504684448
evaluation-9948-non-000,0,0.2777693271636963
evaluation-9949-tar-000,1,0.8341278433799744
evaluation-9949-non-000,0,-0.04267298802733421
evaluation-99497-tar-000,1,0.8755562901496887
evaluation-99497-non-000,0,0.02504734881222248
evaluation-99640-tar-000,1,0.9062012434005737
evaluation-99640-non-000,0,0.04524143412709236
evaluation-99692-tar-000,1,0.8633975982666016
evaluation-99692-non-000,0,0.03290919214487076
evaluation-9971-tar-000,1,0.15576112270355225
evaluation-9971-non-000,0,0.18737438321113586
evaluation-9972-tar-000,1,0.8890732526779175
evaluation-9972-non-000,0,0.0733376294374466
evaluation-9979-tar-000,1,0.8077239990234375
evaluation-9979-non-000,0,0.2734772264957428
evaluation-9985-tar-000,1,0.23286853730678558
evaluation-9985-non-000,0,0.10796602815389633
evaluation-9993-tar-000,1,0.8668060302734375
evaluation-9993-non-000,0,0.12341756373643875
evaluation-9994-tar-000,1,0.8764482736587524
evaluation-9994-non-000,0,0.25387221574783325
evaluation-99945-tar-000,1,0.9522179365158081
evaluation-99945-non-000,0,-0.057560600340366364
evaluation-99967-tar-000,1,0.856694221496582
evaluation-99967-non-000,0,0.12861886620521545
evaluation-9997-tar-000,1,0.5817533731460571
evaluation-9997-non-000,0,0.021050792187452316
